ID,Target,fold,nb_role,role
PEDuA2X7UMMTNVaB,the day and yeare first above written :,1,train,train
iiQvY9dftYXjZwDz,date hereof to be accounted if the said John Cooke shall soe longer live,4,train,train
1C9RlZ46PTW6FeIA,Easements profitts priviledges and comodities thereon,2,train,train
OUq92PlJ8EF47pHm,and to hould with all and singuler other the premisses w^th their and,3,train,train
3sJrMg5dku8WylwZ,and to hould the s'd twelve acres of land with the appurtenances to him the,4,train,train
UUwipoTjKC1a1rKP,times as is before expressed and well and truely observe,3,train,train
wVsxHXvGovSA5903,somme of twelve thousand pounds of good Tobaccoe well made,0,oof,val
IHqrQwinzqL6qeg5,Shall well and truely pay or cause to be paid unto,1,train,train
rs063BLUtxNXz7qJ,Gent am become bound & engaged in one bond o^r specialtie betwix ye date,0,oof,val
YqJeK0o6qAyCOzBu,wnt and for ever defend by these prsents & lastly I ye sd Richard Wallis do hereby,3,train,inner_ckpt
hw0y0Mwyl1XZSahD,or assignes the full and just summe and quantity of one thousand two hundred,3,train,train
o94Az7TpRpEV11xA,my present Deed of gift doe giue grant and assigne unto,4,train,train
8nyC2jUQfe1uyCWU,shall Come I Lucie Mitchell of the parish of St. Phillipp,0,earlystop,val
8rgKAkpPXok5BbVP,heires executors and assignes for ever without any lett moles-,2,train,train
SGoNc4BiqzEjWHCM,bill beareing date to the prsents Have given granted bargained Sold,0,oof,val
D2d30FsScZO7oMjw,priviledges advantages comodities and immunites of nature and kind,3,train,train
LPgcPgsRXD3oKPQR,"lived, which formerly was the plantacon of L.^t Coll:",4,train,train
CduRh5IjwfP6hYb8,S:^t Michaells in the Island aforesaid and then and there,0,oof,val
VU5NsNdRsYsqDrlD,of the Parrish of S^t. Phillipp in the said Island gen,2,train,train
0mbbbshnl0XReeqC,of February in the year of our Lord God one thousand six hundred sixty,4,train,train
wv2LBCroooQQHtQK,judgements execusions debts tytles troubles charges and,2,train,train
hWddOaByuIsGs999,To all Xpian people to whome these presents shall come to-,4,train,inner_ckpt
eBdSEKQgF187Lgn6,at more at large recited in a schedule hereunto annexed being,1,train,train
8Sb22Q4tnHMGmVzs,whereon I now live with all the stocke being upon the same To have possesse and enjoye,0,earlystop,val
2kbJzvBREwWzzeHU,him them or any of them or against their or any of them goods or Estates In,3,train,train
hhyzgi6lchNUcCiU,Barbados- 16th December 1644 - Knowe all men by these prsents that I,0,earlystop,val
9bVFZcBcbFr8yg1r,man servant named Howlett one boy called,0,earlystop,val
6jccAhEqemAtq77Y,thousand pounds of the like condiconed Tobaccoe above,3,train,train
qlMHylk9AKNiayAz,County of Devon Merchants for that they nor any agent or factor,3,train,train
JHmacWLZLvriJG8D,& their heires for ever provided alway that if ye sd Edgar,0,oof,val
hBYdzQXYqQ2VqZLc,often good and valuable causes and considerations,0,oof,val
3NQ6EnkaYonf7ZNj,aliened sold enfeoffed and confirmed And by these presents doe fully and,1,train,train
RkBY1IMdbNG2B9Rd,Roger Burch This first day of July 1681 ffarrell Mackward,0,earlystop,val
nq4AeeHMFHFmCjHl,Dumesnell - to - our Soverigne Lord King Charles the Second of England,0,earlystop,val
WvicwIv0Pl1XRDSE,To all Xpian People to whome theis prsents shall come greeting in our Lord God Everlasting,4,train,train
n1l3vnF8UyUuDzMW,and agree to and w^th the said Robert Drye his heires Executors Adm^rs,4,train,train
j5pSJnzITPaBdYf3,tors and Assignes all that his plantation or plantations,4,train,train
IIFtuTS0GCfUQidO,Mortgages debts dues & demands whatsoever from ye,2,train,train
lxumDhqQ3FH9OuMy,or any other plantacon that the said Richard shall come to live on but not to cally am,4,train,inner_ckpt
tqRqYGyvDrmb5zj0,Appearer further averring that the said,2,train,train
7G2Eyw9CxUwwivGA,To all Christian people to whome these presents Shall,3,train,train
ovO0ctCAoK4kInXO,ponds privileges commodities & advantages unto ye Same any ways ariseing,1,train,train
x7SQuAEZraKYldhU,I John Ryder to Signe and Seale & Deliver their Deed of sale,3,train,train
NOvwLWkOlFRCy24q,Indian bridge at or upon the 30th day of July wch shall be in,0,oof,val
Fbs5fvY9uFI8OgpO,as Well for him Selfe and Company as allsoe in the behalfe,0,oof,val
kKylVAokTEnk9q8o,said Allexander ~Dantee~ Nicholls . To Have and to Hold,0,oof,val
og37lvHgiQX81J6D,Interchangeably the day and yeare first above written,4,train,train
1pjoYKQeTKUoQlvi,Indians witness my hand & seal this 21^st day of 7 ber,3,train,train
QlEWkrsPNxlcCyKL,William White and Grace his wife signe seale and,1,train,train
c1xObXYvpF7zBB9Y,1647 Willm Whitaker of the Island Barbados Gent + Neale Gillaspay of,2,train,train
o5bo2OIsyMgRlJgx,Sterling money of Barbados to mee in hand paid & secured to be,4,train,train
BIJxs2YuQvpX3ORz,the said Edmund Reynall his Executo^rs Admini,0,oof,val
gK3m6hYNjlUK8rfX,thereupon He the sd Robt Bridges his heires adm^rs. or ass To have &,0,oof,val
nINb9kfKVNrZFhgp,whereas I Michaell Darison have abill of sale under the hand and seale,2,train,train
ztMdG0ZsY4QFsKfO,"shall and may from hereforth forth for ever ,Lawfully peaceably and",3,train,train
qsTf9Bti8mTgywr5,moveing & more especially for a Satisfactory quantitye of goods,3,train,train
79hJ8wURdHId7IEu,"Joyntures dowers & bills of dowers, Leases, rent, charges, Rent",0,oof,val
n4bMPSssn88eRkfY,heires Executo:^rs or Administrato^rs In Wittnes wherof,2,train,inner_ckpt
Xhf29bJraRpNbVKl,where with he acknowledgeth himselfe fully satisfied,0,earlystop,val
sCHwoLcDGNvBCDBA,unto the said fran O'Mulquiny his heires exers admistrs and assignes forever,1,train,train
5JdiwoObGrmEUzNN,condiconed and merchantable tobaccoe well made upon Rowle and,3,train,train
2DvJXNMETQxTChgW,Seizin and possession of the within bargaind premises Given and delivered according,0,oof,val
QQbkSrpZ1WxaSMtC,possess & Injoye the former prmisses without ye molestacon,3,train,train
XXVo8pxx2HGwD29j,the receipt whereof I do hereby acknowledge and there,0,oof,val
t6ltJZD0pLAkyiwM,Samuell Lapthorne his heires executors or administrators,4,train,train
fLTAHKXSZVoSfpxa,truly deliver unto M^r Francis Smith or his assignes the just some of five,1,train,train
ni0Uilo2k6cJEYpH,Kent in the Kingdome of England; ) Seend greeting; Wherea,3,train,train
LINLqDbASgDS22Pb,ye Ld of Geo Englesby Northwd wth all pffitts & comodityes,0,oof,val
WKQjvXvHXpdamZ1w,to A Bill of Sayle under his hand beare,3,train,train
92J6T9Y27xbF66Sg,whatsoever or had I made comitted suffered or done,0,oof,val
N50J8aGUyuu2haHA,may be filed in the Sec^rys: office for the future Satt,0,earlystop,val
NQkBsbunTjO0CmP9,ruption or hindrance of me ye said Edw^. Cole or of,2,train,train
e13Lg8XT1rXdbZMN,"therein Concerned for all Costs, Injuryes, Charges",2,train,train
Ej4kqc5u7U7xZ05p,of the aforesaid Island have given Granted Bargained,0,earlystop,val
bYlkwgDyBB1INNlh,and being in the aforesaid Parrish and Adjoins ~,3,train,train
MaZREv0u3fv1rSvi,peacably to have hold & enjoy all & singular ye prmisses above,4,train,train
VHiy1LCzKr9hpRyy,By Estimation one Hundred and thirty acres of Land bee,0,oof,val
2BszUvG5I7KLJFlr,of Annie Everlen her Assignee or Assignes,3,train,train
3ZCkKrYCBp6JaIo9,amount to the sume of one hundred and four pounds four shillings,1,train,train
sawYdJwaQfTpRrEO,"promis, grant and agree to and w^th the said",3,train,train
xqVbwYewpUQOgXLV,and forfeiture of twenty thousand pounds of merchantable and well condiconed cleere cotton,0,oof,val
utGWhpJzyXyTEwt1,and sell unto Henry Hilton W^m Pacey and John Slotter their heires exers,3,train,inner_ckpt
y4cX8NR9p3eQRAcH,Signed sealed and delivered in the prsence of us,3,train,train
DmBEKU1M4df04aiP,"Thomas x^ Sign Vyntton, Richard Credge",2,train,train
jVMxaEAPES1eOAl9,assigns or from by or under mine our or any of our estate,2,train,train
T85PtmjHWp5dZ2ZZ,one plantacon conteyninge by estimacon tenne acres of land or thereabouts That is to,2,train,train
eJDgcNQzOHuBtivW,& lawful authority to demise lease and to forme let the afore,1,train,train
hLiEFJJUWvhNZcY1,thirteenth day of September in ye yeare of our Lord one thousand sixe,1,train,train
lU7fYkVs4saVSlLm,"Sign Tho Gamber, Rich: Jones, mrk: X Hen Collingwood",1,train,train
Ah7PQ8QJULt7Tn5E,pounds six shillings foure pence whereof wth all ye pfitts & increase,4,train,train
zo5XLU2siDGGfzxG,hand paid Have given granted bargained aliened and sould And by these presents doe,4,train,train
BqjxsMCIdyroEfN1,"Ever, Against themselves & theire heyres, & all",1,train,train
USsilUa8S8Kz2X9K,whereof I the said Leut Robert Terrell have to theise presents sett my hand and seale,3,train,train
LJcc3wTxFT9n031m,said Sucred Majesty his Heires and Successors on the,0,oof,val
bVoSB9e6pmkvteOO,or admistrs to sue implead and prosecute in any Court in ye Island in prison,3,train,train
TBkSCwCcU36wNBrO,twenty acres or thereabouts fallen and unfallen situate lyeing and being in Christ Church,4,train,train
2BpLwzgiVzW1y7XC,said Piggot not loading of the said Tunnage due in time and,0,earlystop,val
h9U6A6a4NRnzxNYw,have hereto sett my hand & seale ye 26th day of Octobr & in the year,3,train,train
hP4s5A01V0Yw3gGn,"title of Dower Judgements, or any maner of",4,train,train
65jDI4xojsOUl99y,plantacon And that I the said Henry Chubb my heirs excers adminstrs and,0,earlystop,val
D5XSEvJceRvI0r7B,administrators and assignes and doth by these presents fully,1,train,train
RWUXQR1iOg5OPctY,standing or growinge to them the aforesaid John Robert and Wm their heires exers admistrs and,3,train,train
cBwSeId75e7EcsAl,doe hereby binde myselfe my heires excrs and admistrs in the forfeiture of five thousand,0,earlystop,val
pC3ngYHSSpwL6tgk,made by the Said John Thurnbarne by his Deed beareing,4,train,train
F5QqfPIylx4yxlCc,Intr 21 ^o die I John Maslin within named for good Consideracons to me in hand pd by,1,train,train
KifBtcdzKVUWH70X,or else to stand remaine & be in full power force strength the &,2,train,train
JFMZ8R4DHGG3KCwR,the one halfe of one greate pott the one halfe of the dunghill fowle,3,train,train
0Uk8nMMGjepCrvvA,the sd Sugar worke and Planta : aforesaid and further that there now,3,train,train
XtSzA1aS8OyoGTY0,"heyres & Assignes, immediately at the Day of the",1,train,train
bN5LAkx2qmGrH56b,occupacon of Captn : Daniell Flecther called by the name of the Blacks,0,earlystop,val
MwFs6Wtw7Trb2BL8,and quietly have hold occupy possess and enjoy the said,3,train,train
yiB41hfs9jqnYAQi,Knowe all men by theis pnts that I the sd Alexander Lindsay doe by,1,train,train
4IKJm3QZcvEtQ0IJ,specialty of ye same date for ye paymt: of ye sume of two hundred,3,train,inner_ckpt
A9wZxXfRRUbivazB,Gent all that my parcell of land being twenty acres,2,train,train
t99rGQ75qVQBFVon,Bonner purchased of Henry Harvey & Ens Robert Ludall,4,train,train
gLu3GbSabYJtgzjR,Secretary haveing heard did protest as by these p^rsents,2,train,train
pAtIveCHkSCRxVFE,the saide Gregory Hallett hath hereunto Sett his ha,4,train,train
CRsjVZSijMs2yqOo,thereof without any maner of lett hinderance disturbance either of me ye,3,train,train
tXVhMBUinsQlhNjT,the East Indian Walke before Luinsett according to dues condicons,2,train,train
A9JDzttIQWBFztKC,owners of the said ship as also in the behalf of the freightes and,4,train,train
ejDLHm5h4lWWqiJR,lyeinge windward of Edward Browne and adjoyninge upon,0,oof,val
L7eton0ziLMKq4yO,Entred this lasting Know yea that I the sayd Henry Fee for divers,1,train,train
rat7Ymfb6NaDEgQJ,"Cor leg, at the suit of the item Honu^rble Collo.^ll Edwyn Stede, and Stephen Gascoigne Esq^r",4,train,train
3bkcIaQT7gK912kM,of them which said housing and land contain in all by estimation,1,train,train
HSFHB8bewdGTWOZo,the Said Ann Wright and Margrett: Wright for divers,0,earlystop,val
nDdGD05I2kgfAd1k,without ye lett trouble interrupcon molestacon eviccon or ejecon of,3,train,train
isacZcS4VRQjbIzQ,Notary publique in the said Island M^r. James Whitcome which,3,train,train
dhyxDNcxxlPJTeJT,alienated enfeoffed & confirmed & by theis prsents doe freely & absolutelygive,4,train,train
iZ6dtH3hYScKp69d,might or may have upon ye land aforesaid To have,2,train,train
Up8ac2bW8HgGzYFc,priviledges pfitts benefitts & comodities unto ye sd Plantacon belonging,3,train,train
1xP4FBMh9FgBkdXs,and there protest even as by these presents I do Solmney Protest,4,train,train
SrgUdoOFiGWedj6W,have here unto sett my hand and seale this twenty,3,train,train
yakxcIlR15AgfWkn,maner of thing +things whatsoever now thereon growinge + being or any,0,oof,val
TgXMCiOard173KR8,"said Guift, Grant, Bargaine and Sale of the said",3,train,train
VOBXTUIBGh34hetY,assigns yt he shall & may peaceably & quietly possesse,0,oof,val
vekk8v80VJ1sADYL,of the said Thomas Hyatt his heires or assignes or any other person Clayme,1,train,train
ejAgBoS0krTHTJ4R,heretofore had made or done and soe shall & will warrant & defend the,3,train,train
kH0SImE7WOwbv2yY,against what soever other pson or psons claymeing or pretending right,3,train,train
OgAZKYjCwNkFtA7d,"office of this Island, more fully and att large",3,train,train
xAcjpX3hdUBtXcCX,Michaells within the Island aforesaid ( Executors to the Last Will,0,oof,val
nWx0gk0IqY3Jny2M,"or any other claimes or incumbrances whatsoever,",2,train,train
2AqjwN98FQ7iav2v,fifty and foure Betweene William Baldwin Senior of ye,1,train,train
uWQSLzoBpDQUZjPA,soe I doe in the like manner give and bequeath the same abovenamed,2,train,train
nQmK2stLS9x3obaz,sterling-money of England to mee in hand paid by John Milles of the,4,train,train
OfLougfEQ57tw1wu,Know all men by theis pnts yt I George Bearnes of ye Island,0,oof,val
rKzVbgEcKjYgCBtv,one Cattle Mill wth rowlers Gridgeons Brasses or all other by appurtenances,2,train,train
RH0NzLgaGQ911xJP,between the said parties that the said George Adren and Edward Bailey shall and will,4,train,train
unP6NNH4FxWPKZhx,reasonably Devised advised and required by the Said John Haggard his heires &,3,train,train
wwtC3JfnU4CVAZCs,and unfallen now in the occupacon of the said John Walford or his assignes and,3,train,train
ySXS1iixqMj7coAY,sea betwixt those two portcht storehouses ye one where -,0,oof,val
uG4NCGRkTtiVx2Ax,"Lawfully claiming or pretending, any right title or",2,train,train
Rb4vL1OWJciQBakT,signe seale and deliver the above written deed of sale for and,2,train,train
NRsUkHKPQQUtAtkb,Stocke househould stuffe and other goods menconed and expressed in an,0,earlystop,val
LobYyQZqUy4hs8mG,forever to the onely proper use & behoofe of hi,4,train,inner_ckpt
4IDUX9g16EPOSFu0,will appear now for as much as that it doth appeard ye said Gaurde,4,train,train
0aJY5MmeUQLNjuQ0,Island planter all that moytie or one halfe of the plantacon whereon I now,1,train,train
Lhs2kAuja5h1k0Tb,otherwise to remaine in full power and vertue,0,oof,val
tlIG4kS1IsC4cvjc,To all Christian People to whome these presents shall,0,earlystop,val
9JxJwUvVlbeaR7hO,Doe make knowledge and Suffer or Cause to be done,2,train,train
ktvEjpdISrOIhb0c,have to hould occupie possesse & enjoyed peaceably & quietly the sd fiftye,2,train,train
qsATscp6vbC72AM7,James Caust. present and witnesses to ye sealing,4,train,train
ZNIAY93G9oOih7ld,and advantages to the said Lands building and other the appurtences by these,4,train,train
J5TaRgiDEei4CFSg,"hold , use , occupy possess and Enjoy the Said planta",1,train,train
rCYduDSOqXYknJX3,Singular other the premisses in and by these presents granted bargained,1,train,train
GBJ0CywolBMaKF2U,thereunto belonginge or in anie wyse apperteyneinge unto the said Nicholas Dyes,3,train,train
KZTVjVqEg9wEXuA5,did then and there produces a Certaine paper,3,train,train
yKZgZHtxrrg3RZLI,"owne use and uses benefitt , and aduantage And it is h",0,earlystop,val
F7Ff2FSbmcwAGC6d,covenant & grant to & with ye sd William Drax his heires,3,train,train
VLB5LzxoiGFfWd3h,Holdipp and their heirs at and upon the reasonable request,1,train,train
PAXZNJnQ1Pqtp3UB,Ramsbury together wth ye moyety or half pte of 4 Ass negoes,2,train,train
ne1WJnLn03ovXjY5,menconed in a schedule and hereunto annexed To have and to hould the said plantacon conteyne,0,earlystop,val
iU8taeqTJQtn7UNM,freely and absolutely give grante bargaine aliene sell enfeoffe assigne,3,train,train
WzfnjLtbzp8xElqD,John: Seddon; Barbados: . By His Excellency;,4,train,train
5QSbZqH67HzLRold,Tonn of Tunnage as afore said to the same to be received against,0,earlystop,val
9Gf8JfyQEf5FCQgh,I the said Christopher Cotherington his,0,oof,val
5OOq9SHy94KQYyY7,Signed sealed and delivered in the pnce of,1,train,train
Bwm4qZqlcdsjfRGB,and her heiers forever excepting what is before,1,train,inner_ckpt
bJEjzOhDWA5bPClV,said Robert Lea his heires exec^rs adm^rs & assignes in the Porch of,0,oof,val
s4ZRrORurv2KwRAY,above menconed have interchangeably sett their hands,0,oof,val
UCmTes0kh1EQvyir,"Severall goods and M^rchandizes bound for Virginia, and in",0,oof,val
odr6AICuazmvf4KZ,Henry Hartland signe seale and deliver the aforesaid writinge as his act and,4,train,train
r1aNILha3nLcLhkd,Whereas I Thomas Winter of this Island of Barbados Mariner have,3,train,train
NOTlft16xFsTsujd,Capt: James Drax south west upon John Downells north,3,train,train
j8DBSkipAIpfZlEv,pounds Sixteen Shilling five pence Sterling with all the profits,0,earlystop,val
U1KWodXFqAtVv1jc,As alsoe for & in consideracon of a comptent and Quantitie of mchantable,0,oof,val
TNj9e2WZsERqMUIr,sayd John Greene have hereunto sett my hand and seale,2,train,train
2dGWTiQjCCXvtCX1,bargained or menconed to bargained premisses and,4,train,inner_ckpt
1YHqj2lEn3zV1iDU,Richard Noke deputy Secretary of the said Island and sole Notary,1,train,inner_ckpt
MTpqQiES1gUIzz9V,of the Island of Barbados sendeth greetinge in O^r Lord,0,earlystop,val
17MomXxIoWG0tmR1,Tho : Hothersall & Captn: John Higinbotham to Impawell a,4,train,train
PukGWHlmh8njNNBF,"of God of England , Scottland , ffrance and Irela",4,train,train
X0qJrVwrVkk5xLvv,excepted interlined before ye delivery hereof,1,train,inner_ckpt
MWYWih3ZxecP8MJ1,of him the said Richard Seawell his Executors &,0,oof,val
ogDvw4kKCEzchqwG,edifices and buildings thereupon or thereunto in any,3,train,train
VoCYS8kgnGzYvZJN,other the bargained pmises as in the s^d schedule or Inventory hereunto annexed is,0,oof,val
HnZzJDtDEU2FqaDb,have lately brought & purchased of & from Francis,1,train,train
BSW4uJhCPNgQxUEJ,his writing as his act and deede Henry Harvey,0,earlystop,val
vPp8Ebgi7VUqkQsQ,of twenty seventy acres of land as aforesaid and all and singular the,4,train,train
74CasCnRhtU84V45,of Barbados mchant Send greeting in Our Lord God-,1,train,train
Zc8MSUoQ1IBUMTSq,1659 six hundred forty and eight George Morgan of ye Citty of London,1,train,train
z2EBoCk8bmPCosXq,whereon the Same ought to be paid as aforesaid that then & in Such cas,4,train,train
sp2zWKo0KOcJMrgn,halfe of what Estate Soeuer the Said Arthur had in England holland,4,train,train
avXiOqkVCJTBJahe,in any wise belonging appertaining or with the same,4,train,train
1hIfwyb2v2skEdDM,unto the sd Jon: Burch his heires & assignes one hundred,0,earlystop,val
TL99t1Mw8fyRUvNL,"for him his Heires the aforesaid pcell of Land , premises shall and will",3,train,train
8L7LqwrQ6ULrVMCj,himselfe and M^r. Richard Guy W^ch Appearer then,0,earlystop,val
aD3SzU147ibMh3Hr,concerning the sale or disposall of all such cargoes of goods as hath beene,4,train,train
ZmicBfRBm0Oj1Mqu,witness whereof I have hereunto sett my hand and seale this two and twentieth day of,2,train,train
ZgfgTMDHDU4YhIdM,2^o Die To all xpian people to whome this present writing shall come,1,train,train
3wK1giuCntNGLK58,conteyned I the sd Willm Harbroh: doe bind myself my heires ex^rs,1,train,train
Xejl0WsGNYcuyEcG,doe give grant bargaine and sell unto Edward Porte in the same Island,1,train,train
YIR8LOsatnLpXxhz,"and before the Sealeing, and delivery of these p:sents, the receip",0,oof,val
qYhMWpQKAayfbqD7,purporting a letter Attorney or procuration by him made,1,train,train
lHzpLKSzktZbQkoG,Sealy his heires and Assignes be not Compelled or,2,train,train
SW7TaOdDOjk649Cz,Land and all y^e: Proffits & Advantages thereunto belonging unto the aboves:^d Rich^d:,0,oof,val
tGw27fQsPjdjxM0p,frind Samuell Osburne of the Island of Barbados merchant my,3,train,train
8K3R5VHfGgPa9cZR,This done and protested the day and Year aforesaid,4,train,train
WIcw0CgN3RVJ3oVP,other pson or psons w^tsoever lawfully clayminge and right title or interest in the,1,train,train
2G5R0gi9WYA6dr3P,heires excers and admists and all and singuler his and their lands tents good chattels,1,train,train
6SCbaQ2B5kpRNq8u,other quarter pte & ye sd Captn: Thomas Middleton of,1,train,train
QQQbOZQOqg2757I8,assigned over as he doth make or dayne depute constitute & assignes,0,oof,val
7sajZ21mmHA6IBbG,arrest sue declare impleade imprison cause to be condemned and,0,earlystop,val
s8J7dnQVgBmzEHeD,assignes or some of the in shall and will at theire owne propper -,0,earlystop,val
0FDQ9zYT3uCi0uV9,& duties for the same the said land being pte of Twentie acres That I,3,train,inner_ckpt
2clomzf5A9wvGbAW,unto ye said Peter Hancock All which said summe,3,train,train
yjk5KweW1gOaGtHB,as allsoe the reversion and remainder of all that two acres of land,4,train,train
kQq367x1H50H34pB,the Said Island Cooper for and in his owne behalfe,1,train,train
dvKdrhhDQ1KO2REC,"and all others therein Concerned for all Costs, Damages",0,oof,val
qAfF4vjc4ipGMF9r,and buildinges with three servants for the tyme they have to save and,3,train,train
hYoADSs2yfBgB0au,"in hand sec:uid have given granted, bargain:^d",0,earlystop,val
AHMUYSRoLYC56DPc,and by these prsents doe give grant & sell unto Capt,1,train,train
lpR1anAayCFHEhM3,And I do farther agree with the said Thomas Barry that I will all one,1,train,train
DMkCJDyC8I0kpzaO,thousand six hundred sixty and eight and in,3,train,train
xAB86eNAZzUDRyYa,"and assignes by these presents, That hee the Said Thomas:",1,train,inner_ckpt
bKUPLyT0lhJ5mAyC,can hereafter make anie just clayme or demand in the said bill,4,train,train
TtTnSy5eeAIyhgty,upon ye land of ye said Coll. John Colleton together,3,train,train
tKR69yz8TmeLS1Op,moveables and immoveables To have and to hould all these demised premises unto him the said Edward,3,train,train
PI50DgflUg697zXB,order the said Bill was drawn as also the said Reid and Collitors on whome,1,train,train
EZAmggQBwBAD3UdR,heirs and Assigns doe free & acquitt the said Randolph,0,oof,val
qnW8puo8BDxRCREF,and other the Carribee Islands to Windward of Guardeloop To all,0,earlystop,val
EiydESkX1Xa8grIN,settled and confirmed unto Gedion Goldinge of the same Island,0,earlystop,val
KJEYpxTGFlD9kNM4,without any the lett hinderance or denyall of him the said John Leslye or a,4,train,train
PPgdzUvZ3gpmmICi,"abovenamed Lieut^: Humphrey, do binde my self my heirs",3,train,train
wVI1b4FQlb1dJOQb,have hereunto put my hand and seale this fifth day of,1,train,train
4fgZU3mJya7rE1Lr,deceased & unto ye heires of ye said George Read lawfully,2,train,train
pc7lfmzFeAdPppGt,That they the Saide Royall Affrican Comp^a at y.^e tyme,4,train,train
90PHXq5Yks2nSVSh,and equall moiety or halfe part of the said plantation lands and,1,train,train
t69EeRfGfn65iQaD,Day of FFebruary in the twenty sixth yeare of the,1,train,train
KU77yZ2bLhbiDB6Y,"written, quiet and peaceable possession State",3,train,train
JVJAVgXOKwRDSQB4,"William Hilliard Deft the deft to delivr to the pl^t,, one man servant w^th the",3,train,train
t3WPSkZ0a6Pul0Ti,"of the said Joseph Hannis deced, ffifteen Acres and ffive",3,train,train
8pVEIOR0y8ktnVd0,"writeing to bee his free and voluntary act and Deed, Given under my hand the",0,earlystop,val
Afo16hD8hP1jF7Ts,of our estate or estates act or acts or by or with our or either of our assent consent privity,1,train,train
Jq2WcfhGtx9IkB8Q,comeing after the date of theise psents for ever and the said Walton Fenton,4,train,train
NMIsYI3b8ki56c2v,that he see the subscriber William Clarke to signe seale and deliver,0,oof,val
BCKdGWE6U6bPhHEk,that wee Henry Darby and Henry Longehaw of the Island of Barbados,3,train,train
zqaHoco80CpzaBd9,To all Xpian people to whome theis prsents shall come Henry Weston an,0,earlystop,val
JbFpBA7V5XTOtK9F,Witness whereof the said Henry Sealy ha,0,earlystop,val
Td1i9ewd7Pgn4q12,or any pte or pcell thereof ^to be behinde & unpaid in pte or in all after any of the said,1,train,train
Edih44tQyeVyN1VW,the Same to bee recovered against him them or an,1,train,inner_ckpt
UqvpH9ZvPQBxpv9l,second of England Scotland France & Ireland Kinge defender,3,train,train
kjcw3052hnxzp27U,havesett the day and yeare first above written,1,train,train
IpxyMLLEWhlwjXc1,Willm: Cumplin a Constable by a Ishams warrant,4,train,train
xhn3NVSh4HOrfGbw,doth hereby acknowledge and thereof and thereffrom acquitt,0,oof,val
UUMGGElAnTqRKlfO,Sealed and delivered in the presence of,4,train,train
3yxEhv5zWT2to5H3,just sume of six thousand pounds of good muscovado suger,2,train,train
3hfE3NCj0WALNMNr,that he the sd Jon Darrell his heires Executors Adm^rs & assignes,0,earlystop,val
3HXJGaaSpaav7mDI,from henceforth absolutely for Ever. And I the Said -,3,train,train
2z3wHTMzmvLvOR1E,the possescon of M^r Thomas Hothersall. Likewise wee find that the,4,train,train
KqdOELkKdQsZVNbs,the Island Barbados planters sendeth greeting in our Lord God Everlasting Knowe,2,train,train
68XTQQxO8JgaswWF,Stephen Wood in the psence of Franncis Pratt~ Wyatt,0,earlystop,val
1wiG5k9iT8ZWyg1K,thirty Seven Perches and a halfe Perch of Land was Attached from Thoma,2,train,train
Sb3ZUbfukWVZOLff,Hunton Southward bounding of the plantacon of M^R Sutton eastward and,1,train,train
zQCYidSLC38V8wc0,in hand paid and Secured to be paid before the,2,train,train
PdY5Y9pFyhpFOMeH,thereof with their and either of their appurtenances unto the said W^m Pead his heires,1,train,inner_ckpt
s8iWji42Mj7wpIqe,Said Indenture of lease ^as aforesaid And the said,2,train,train
CGrFUgbWEpGZlm9l,Christian people that upon the ninth day,1,train,train
AtgrEYxopz2LSxks,ye said somme or quantity of Six thousand two hundred & Sixty,2,train,train
GZwQPAMCD4etmRnS,the sd pties that the sd Robert Compton is to worke wth,1,train,train
bfU4V6lm5iKV7OBe,with ye sd Tho : Wager his heires Exec^rs Adm^rs & assigne & evy,0,earlystop,val
sbDHoUUTXb9IodXz,Alsoe the Sold & other Goods are belonging to Mr Robert,3,train,train
cQKL6J1nK2FzODpH,ye third part of ye moyetie of a plantacon wch I lately,2,train,train
tXHgjWYslgfsbYJR,have hereunto sett my hand and seale this foure and twentieth day of,1,train,train
7d6Y22onHRFVI4HR,and Assignes all that my plantation whereon I now live,1,train,train
RkqQpvdPL1FKgT7o,and Lands doth Lye( Being all first Severally Sworen,4,train,train
0lb8z2CJVJpgDgZY,Entered the day and manifest unto all Christian people that upon the sixteenth day of,3,train,train
mR24Tr9zgLYXLtkY,role to be paid att or upon the last day of Aprill or the fifteenth of May,2,train,train
b5vRxXTxTw87Uy0j,thereof hereunto anexed und:^r the hand of Andrew: Nor,2,train,train
1RVuCVydhJZXHoar,"Slaues viz^t eight men negroes named old mingo, Young Mingo-",1,train,inner_ckpt
aqypCWr9vtLUKaqP,"my heires exers adminstrs or assignes or any other p""son or p""sons w^tsoever clayming or",0,oof,val
9Vg8WnOnqQfkplJe,Island planter the full and just quantity of one thousand two hundred and thirty pounds of the,2,train,train
6ErMq1Ryw1OnL1Gs,presents doe give grant bargaine and sell unto Thomas Macolley aforesaid his,0,earlystop,val
wXKNACbyMleNv0IC,land I the said John Dyer purchased of Capt Phillipp Wood house,2,train,train
C3A7RlNAwd2EZsR3,and date of these presents without any of ye lett -,4,train,train
sED1fQkLdOnxacA7,my heires Executors and Admrs: & evy of us to uphold maintaine ~,2,train,train
QczOg8vGerJ9I2VI,given in judgemente courte and without done in London this twentieth day,0,earlystop,val
VPBr1xiRUv4EDCwX,time myself inthe penall summe of three Thousand Pounds of Wellcleered cotton from,0,earlystop,val
FBafS13DwW9hTVI4,hereafter haue or make claime Challeng or demand any rig,2,train,train
BGlpNQVxVxqmSrqI,and the said Thomas Dowden for the consideration aforesd,0,earlystop,val
zQ2uFZs132mLAFEc,"wsoever , hade made comitted done or suffered by mee the said ffrancis",0,oof,val
KOeFDGxdF2KkxkqX,their heires & assignes & evy of them yt they the sd Stephen Tho James & Martin Noell,2,train,train
lZWmq53ACO6Ng3Ok,boare that is thereon the said plantacon being in the whole tenne acres and,4,train,train
kPUj3nUprvchvrhE,or Said Shipp the Same hadd been tendred,3,train,train
NkSnbEIhrhi7XXvD,of S.^t Phillipps in the Island aforesaid,2,train,train
LiFHJsXrFONcLJyZ,part whereof is now in the possession and occupation of,2,train,train
KvjcxyecdA9FK8Ka,measured by a sworne surveyor tenne acres of ground or thereaboutes,0,earlystop,val
5lZQwhSdHxFoHmJT,have agains repossesse & enjoye as in his form estate & any,2,train,train
cOEdAnpAM2NJDNwY,merchantable and neate cotton In witness whereof I have hereunto putt,2,train,train
82mvtOuzWerUo2hw,"Bargained & Sold, Assigned, and Sett over, and",0,earlystop,val
8tEAUvCYPSashjd4,and W^m Stede of th'other part this 12^th of February 1640 as followeth :-,0,earlystop,val
ebtj2FXVLEqNmwr1,parte whereof ye New house now stands with all,3,train,train
F48i2GDrmZhvkUDP,John Jewell lefte in the hands of the s^d Thomas Warr one bill of Capt Phillip Woodhouse,2,train,train
r1dHVHXv3h85PPBo,Sixth day of July In the yeare One thousand,3,train,train
xXcaTMlqrMTOlH8C,trees fallen ground standing wood ponds watters wast land -,1,train,train
76DvW4KJYICu2K3l,of this Island the sd land being found by we within the limitts,0,earlystop,val
8fqY9qoaO0haZyfr,Rebecca in behalfe of himself & Company and Captn,0,oof,val
HggUoIymmHQpKO8l,administrs or assignes for ever free and cleere and freely & cleerly accquitted &,2,train,train
4tKNY2m9l4mgl1XZ,bargained Sold assigned & sett ov: and by these prsents doe bargaine,4,train,train
yjuEwa1rkltz3qWd,date at Westminster the fower and twentieth day of ffeb^ry,0,earlystop,val
W7hYYAfRyLnR9AZl,to the only proper use and behoofe of the S,3,train,train
x7mCaoVbWrR6Twmf,the right members and appurtenances to the same plantacon or land belonginge,3,train,train
auSaTvnDKYu5oJey,To all Christian people to whome theise prsents shall come I William Liver,0,oof,val
2ozi1Own8zA4ADUC,I John More doe assign & sett ovr: all my whole right title & interest,0,oof,val
mRWOIsDzWyMf4MZw,gained premisses with their appurtenances unto him,2,train,train
XqBPSd9fZO3GcraY,owne names & rights as his or or their lawfull possession,0,earlystop,val
Np9cR4uy6Y8hyqIU,unto the said Thomas Wall his exers admistrs and assignes att his or their will and,0,earlystop,val
8cCh6gN3sFudQ8Xw,"boyes,twenty foure women, and twelve Girles, Whose",3,train,train
zAUguBuQqx9jR7Ee,hereunto annexed is expressed with all other profitts commodities privilidges and advantages,3,train,train
YVntXQMkEyAJdKOH,upon demd unto ye sd Owen Williams his heires Ex^rs Ad^rs,1,train,train
Wuo90X5U6WqtyUc4,other pte Witnesseth that the aforesd Major Fortesque for & in ~,3,train,train
BnqtRsnOMqzGXMyV,sd Henry Geery soe yt there remainers due from the sd John,4,train,train
KuNTsXOuYLiTehTJ,Whereof I have hereunto sett our hands and Seales this fifteenth,0,oof,val
hv7ntDpxZxQk8HZN,to stand in full force and vertue In wittness hereof we have set o^r hands &,0,earlystop,val
iFPHKbk2DBqxhmaR,"and all Manner of debts , dues , dutyes , and demands what",3,train,train
AudVzGHOUGxDTBXc,James Browne did then owe unto the Saide,3,train,train
uzxpvkZrPpEXDWU8,"y.^e prebargained premises, and also ^all Estate right Tytle Interest, Use",4,train,train
fWvXFg7Bc5rly880,Deeds Assurance and Assurances as by theire Councill Learned -,3,train,inner_ckpt
UDOQSw2eYIzn9B0n,the recovery receiveing acquitting or dischargeing of the premisses shall be requisite,4,train,train
J5GjDUWzL8Q72EQO,Land wch must be fifty poles in breadth Lying & bounded upon George,3,train,train
q3Oft3cwVOIdyOEb,pemissess without the lett hindrance molestation or eviction,2,train,train
XHtvcSDP11Jybspx,now dwellinge house of the sd Read and for the true & faithfull,1,train,train
7AjOpUt60TfQMKRy,peny to me oweinge as aforesd & evy or any pte thereof as to my sd,3,train,train
Py1yoqfBOpHWZ6NZ,in the parish of S^t James To have and to hould the said three acres of land with,2,train,train
3sxH9rFtmZzlhTmb,Anthoney Terrell all that my plantacon late purchased of one William,1,train,train
Na07mYk5z0FgrLsN,wch hereafter shall or may hereon come growe increase accrew or be or,2,train,train
v2PiLBtv4u7leFxd,sealed and delivered in the presence of,3,train,train
hJcomjtiVSzaxdGY,not be satisfyed and paid att or before the five and twenteth day of -,0,oof,val
EvpaaQf6h1KQFj8f,the profitts and comodities whatsoever standing ariseing or groweinge upon the same,2,train,train
dqZ9oGgZDCNM4VG7,To all xpian people to whome these presents,2,train,train
2LeOtpJJjp5kuPxS,william Reeves his executors or assignes I the said Thomas Bowen doe,2,train,train
oTlS8jzwjCHkwsyp,"in breadth, with the Store house, Shedd, Cooppershouse Kitchin",1,train,train
onqijI8wSzkX8XHo,firme unto ye said Peter Handcock all that ye plan-,0,oof,val
iu7NukzNV1tLvG1G,doe absolutely give grant bargaine and sell unto Robert Humphreys of the Island aforesaid,2,train,train
7iEAfPDM0tUJbRir,Barbados - This bill bindeth us Peter Wear and Edmond Dowdinge of,2,train,train
DCWI3Rk4cvG63OjM,is personally appeared in the secretarys office of the Island Barbados,0,oof,val
FMEaIydt5PpDWE6w,"and Assignes, To have hould and Continue the",3,train,train
QPaLbzTPwX096gN2,To Barbados by the Mary and Hannah Cap^tt: Thomas,4,train,train
gxsJERja2gjqQdi9,hundred pounds above menconed And it is hereby mutually,3,train,train
5qMbB4b2HPlFBhba,"the said Richard Price , for himself his heyr",0,earlystop,val
OJhRQ83sCjOmDnwA,Gent for a valuable consideracon to me in hand paid and,3,train,train
LlyOzwnUyTh9VNEP,demanded upon ye aforesaid land or ye vallue thereof in,2,train,train
ANK6BSVoIFYrsE4F,Barbados before me Richard Noke Deputy Sec:^ry,1,train,train
UdLEkHOUNX1yj0Rp,already before the ensealing and delivey of thiese prsents paid the receipt whereof I do,3,train,train
mWkFGDF4tFbf8zGD,to the land of Mr Carleton and his owne land with all profitts priviledges and comodities,3,train,train
WFM0BApCMYPuHfRS,To all Xpian people to whom this prsent writing,3,train,train
fq16XqCf5Avc2qqX,they will not doe for his and therefore they hold it need less,1,train,train
aI94QnYrXA1qRrZi,"and for Euer guift claime, and Confirme unto my Said Son",0,earlystop,val
9edWAijE0kWZ8pzY,assignes one sixteenth parte of the above said ship called the hopewell,1,train,train
EG5bhQ7Il9brYnp1,building Copps timber & timber trees waters & water courses rights benefitts,0,oof,val
XRaE6iPlMZaoqMZ8,unto him the said W^m Dallathy the summe of foure and twenty thousand pounds of good,4,train,train
WQDQfvJci37NaVKb,and ye sd Geo Soley his heires executors adm^rs & assignes that he the,1,train,train
dzgSkdn0qE1OgCVv,In witness whereof I ye sd John Lewis have hereunto putt my hand & seale ye Tenth,1,train,train
LtNd5vIXaEDG5EKU,give grant bargane and sell unto the said W^m Yeomans twenty acres of land with,3,train,train
JclfPGRJ7NobyoWw,for and in consideration of the sum of ten thousand pounds of,3,train,train
eVTSLru10zQstBqX,"HOrses, ass negroes, Cattle &r, Belonging to the within mentioned Estate",2,train,train
WpIvFoB9JbSegK5i,The condicon of this obligacon is such that if the above bound Xpofer,3,train,train
URzF35gxkcEDPgU8,abovesaid As wittness my hand this 25^th of June 1659,1,train,train
t9RgSV9n66pFA7GC,and the same to deteyne for my use and whatever:,2,train,train
OvbXV946cT5L2fSx,other the above mentioned promises with thappurtenances may be settled,4,train,train
kcOVsxdSTK9JaBV1,hereunto Sett my hand & Seale this 5^th of October: 1648,4,train,train
bAznl1dWezWkK79R,or to be done by me the aforesaid Harris Ingram my heires excrs,2,train,train
StN9q7WeNT3EhvSF,windward one the land of Peter Palmer and adjoyninge on,1,train,train
xOW4Wt1RBjSe15kE,apptenances unto them the said Thomas Whithead and Peeter Gill theire,1,train,train
w41jGxUP98J3NGzG,to him his heires executors administrators or assignes,2,train,train
rp4H5pJTa7wJSk7A,one Morgan Powell tenant in the sd lands together with all houses,3,train,train
IlPuVdIbd9tymw9I,the pish of Andrew overhills in the Island aforesaid att a place called,3,train,train
tcozMdant8nXiWqs,-firmed and by theis psents doth freely cleer;y and absolutely give grant bargaine and sell,1,train,train
ObzTNx6ou067rS8f,summe of twentye thousand pounds of cotton -dated the 4^th May 1640,0,oof,val
tNCBYalqLGBBmrlV,deniall of me ye aforesd W^m Forster my heires Ex^rs Ad^rs or,3,train,train
gXzGIuLlzzoEOUba,and reasoneable actt and Actts thing and things devis,3,train,train
xwp4hCvuZaqz1gBh,"Doth give, grant, bargaine, Sell, aliene, Enffeof",3,train,train
PpgsNe5muFCvNQtS,lawfully clayminge or ptending any right title or interest belonging to the aforsd,4,train,train
3nmWKVVt1SRn4L0t,The above named Katherine Darrell appeared before me this 15^th day of,4,train,inner_ckpt
vVL7mV8hKxi2u9yK,other things and all and every such debts and debts sume and sumes of money,0,oof,val
tgFBS1wtAgZqggPX,and Contented Have given granted bargained and Sold,2,train,train
ourn8QsAJvGVBpQK,appteyneinge To have have and to hould the sd plantacon & all,4,train,train
1HuW8bQ2bDjHGQL9,be done either in aresting inpleading dischargeing releasing or,4,train,train
zMKau0vJu9w6FYxL,Concerning or by reason of any action suit non suite pceeding,4,train,inner_ckpt
XnmyTHMXyda6GmrD,require that the estate aforesaid belong unto my sonne,2,train,train
7I5YYlA8ok8fHMrZ,"p^rsents , Release Confirmacon or otherwise , or",4,train,train
pLl5zyMnE21azoi0,hatchetts two howes two cotton baggs and a paire of bedsteads,4,train,train
nifBSWYhebXEWBcm,assignes or any of us or any other pson or psons w^tsoever clayinge by from or,3,train,train
TVSDgCBnV9uaA3YW,Set my hand & seale the three & twentie Day of July in ^the yeare,0,earlystop,val
RPZSqNEm9prJto8t,9 bris 1647 ye That I Nicholas Foster of this Island of Barbados Gent doe for a valuable,4,train,train
AVgRduqh3DYfucbY,"twenty Acres of Land, Lying & being in the s^d: parrish of",3,train,train
GjqXnDwNzHVzIRBl,"othere pson or psons whatsoever, by my meanes, act, title",3,train,train
E2PaFExaUJJ6X5tK,William sign James Leonard Harber W^m Harvey.,2,train,train
fdoxzxFrPJdJ6tmF,pish of St. Michaell within y^e Island aforesaid Abbutting,1,train,train
STTTEll5jgZuwpju,this and other the Carribee Islands to Windward of,0,oof,val
jRDeu8Vng8lXnq5v,"barrgained sold aliened enfeoffed & confirmed, and by theis pnts doe",2,train,train
JZznAupATPigGLqu,and this present bill to be voyd and of none effect anything in any,0,oof,val
maPDcMdzp57pydiF,This Indenture made the the twenty and nineth day of,0,earlystop,val
1iphKVG7hHQ1L8X7,pish of St George shall pay unto the pish of St Michaells fowerteene thousand,4,train,train
opBh4gU1p8Cf7gH4,God Evlastinge Know ye yt I the sd Luiet: Willm Pead as well for,1,train,train
gwDKldJlQpYByf1T,any such payment will and sufficiently appearing and,0,oof,val
1J2dBwmmO6mYevmQ,Subscribed in whose presence the within was sealed and delivered by the wi,0,oof,val
mpu5A2P6nyMTW15m,Acknowledged before me by the within named Ralph Wyatt to be,1,train,train
xkxwnQrS7RPeMOkI,"intended, to be granted, bargained and Sold, and every part &",4,train,train
JznYIhpa8mjVZAit,"and euery of theire rights whatsoeuer , Lawfully to",4,train,train
EZZYGdgGK3gwBREm,in the condicon menconed the said Thomas Rous hath given severall,3,train,train
ofCPDGBv57aYpKPr,thereupon belonging or in any way appertaining,1,train,train
irdmkTgewSo3vwau,leewardwest lyne of the same land withall and singular the wages,1,train,inner_ckpt
HcXwlH2nZMX4c23v,in the yeare of our Lord Christ One Thousand six hundred,1,train,train
jIz3HVEOkYUP2Ojd,use and behoofe of y^e Saide Richard fford his heyres,1,train,train
KbuUYQ8wcMwE6KjG,Monday to-- now is ouer England Scotland & ffrance & Ireland,2,train,train
cYe2z3PkTdVPzTpD,"Steart, and Majo:^r John: Steart, both of parrish of S.^tt",2,train,train
XN6E32VUdTiHnJuQ,1647 of Barbados Mchants Joyntly & servally wth our Joynt and Servall heires Exrs & adrs,2,train,train
c7ij8vKOZM6MK3zy,role In witness whereof I the said William Jarvis have hereunto sett my hand,2,train,inner_ckpt
nH8ObsARI7iEwACV,Placon belonging or any ways appteyning to have & to hold ye sd placon & the -,3,train,train
cwheEfBRUdo1MIWX,the full sume and quantity of one hundred pounds of the like cotton,0,oof,val
0NxSR9SRzZtfiiam,excepted nor reserved and of the receate to give due acqiuttane and discharge,0,earlystop,val
OB07He591st3fB5O,appeared p^rsonally before me & did acknowledge the above,2,train,train
45hJ7ilVlAA42E6K,Island Together wth all houses Emolumts: Isues pfitts benefitts,0,earlystop,val
PT3AenHi7AYJEcNX,for ever and we ye sd Tho Merricks & Adam Morgan doth by,1,train,inner_ckpt
wfnyGrcus1gTyQvk,Richard Clough or his Assignes five pound,3,train,train
ik2J2jh39lYRPIih,Signed Sealed and delivered in the presence of us,1,train,train
VcwPYC2DK3Hc8z0Z,and manifest unto all christian people that upon the four and twentieth,1,train,train
EnUTikV903RGpAaR,Islands afore said or at worst to have the advantage of a trade winds,3,train,train
4T3KjmXjntlgbIM8,to doe & pforme such other acts & things as shall be necessary tuchinge,0,earlystop,val
EuneR10nT6yJxMmg,country England returne to the sd Island and give,0,oof,val
z0pfDCZKCf2FCuhF,storehouse at the seaside store age free ; and for the true pformance hereof of all,2,train,train
SKkYSrPZ4uSb7ue3,Lawfully Claimeing or Shall or may heareafter,3,train,train
S3NkJ5R1Zo3n66O0,John Hapcott Nathaniell Silvester Ste: Wiseman),1,train,train
58xuUAeMiieXHJi4,& evry pte & pcell thereof unto the sd Tho: Hawley his,0,oof,val
xR8KCDXsXyGHA9k0,Humphrey Plummer hath sould unto Edward Humphreyes all his right title and interest in one,2,train,train
I7fDan256kRgfMka,as under his hand may and shall appeare To have and to hould all and,2,train,train
fcGhNtSIXqTiiB4l,day of May 1645 to be paid & soe on the sameday yearly,3,train,train
ykECBGNVBWj09YEb,sell assigne & sett over unto Bartholamew Walter of this Island planter his,2,train,train
4JEeD7eou8R4Mnw5,of ffebruary 1667 Menorandum before y^e sealing,3,train,train
3SUBokfmU5Zx05Ia,Be it knowne unto all men by these pnts that I Nicolas Butler now resident,1,train,train
DRrNfG3VubxS4I49,"wittingly or willingly suffered , or heareafter to bee",0,oof,val
Py5wM51mQnSGcsgT,"Island aforesaide, Conteyneinge by Estimacon foure thousand Six hundred",3,train,train
kZU5BU5Ai1LMfjnt,hereby give and great unto my said attorney my full powerand lawfull authority,4,train,train
ATZy7w7SYz8j2ire,wth all & singuler houses Edifices & other buildings wth all and,2,train,train
1XwDnB73vQsSRa3s,without the Lett molestacon or incombrance of me,3,train,train
OZ9JEEEyvqaiot8E,"or late belongeinge to S:^r Paule Paynter Knight, o",4,train,train
JdAQeZUNdjipeRhz,Johnstone his heires Executors Admrs & assigns forever. with,1,train,train
zl54SNMfCkgFs8kM,"p^rmisses for ever more w^th,, out the lett hindrance deniall",0,earlystop,val
k56cjHJ14A2A7hz6,subscribed our names and sett our seales this Seaventh day of,2,train,train
ZVy4yTSrn8cJybZs,Memorand:^m the Said Jacob Pretto Promisses to Pay the,4,train,train
ScMutGShr2TKEO1n,and Sustained or shall be suffered or sustained by the said Appearer owners,1,train,train
1Zs6KlbsKMnbT9As,and Imadiatly after her Decease then to the Only use,0,oof,val
THBj9wz9PD3Bggkx,Tobaccoe well made up in role or Two hundred pounds of,1,train,train
DD6YIXesvysCUs1p,Mashart doth bind himselfe together with two sadle mares one,0,oof,val
voqbaSelRCBVS64k,aforesd: Gent my heires Exec^rs & Adm^rs to pay & delivr: unto,1,train,train
FvmjiTF3RN7N21FS,"me to be Done , the Said m^r John Bridges did thereby promise",0,oof,val
QyExylDxWqvR0qao,published And from and Imediately after the Expira,4,train,train
7aMEa5aRlAJ5STFW,planter my heires or assignes to pay or cause to bee paid unto Thom: Hodgson,3,train,train
WivHrN13bDm2tjco,and to hould the aforesaid six acres of land together with all,0,earlystop,val
G2uCGWo7RFvAQZJe,man named Antonio w^ch is betwixt W^m Jones & the said,4,train,inner_ckpt
r7ir3YdPp0nIhaPw,pson or psons whatsoevr freed & freely discharged well & suffly saved kept,3,train,train
y4uO6CZklta5lQKO,bargaine and sell unto the said Thomas Applewhaites pasturage and feedinge,0,oof,val
4TYcHgCD04c4pHIz,To have and to hould the foremenconed prmissess and every part and pcell thereof,1,train,train
GEondblFO0ypTiZD,"being hereunto had more fully appeareth, Now",3,train,train
qtU33cLzD1yjt6jJ,parcell thereof with the appurtenances to him the,4,train,train
9CvovHkThbE7kJHR,person or persons whatsoever justlye clameinge or prtendinge any,3,train,train
9t5wgtLwgrL2SPwu,"called or Knowne by the name of Wadda, Nick,",2,train,train
51AjLmd7KZPyhw3d,and the Shipp Called the two Pillgrims the amount of such,3,train,train
3wDD4BlRA4iyp8zC,hereunto sett my hand and seale the 17^th day of June 1659,0,earlystop,val
nRXVpa3NBF7mMCNG,.& to her two children Robert & Ann to them & either of them,0,oof,val
8S0r6JGJK7KjgcDw,the Island aforesd merchants my heires exers admistrs and assignes in the sume of,1,train,train
blV7vY7AZQ3VZprk,& made oath upon the Holy Evangelists that they,3,train,train
yxCgB1YGLTBPifmj,"Chamberlaine surveyor, beareing date the twenty Seventh Day of June",2,train,train
3xWyyUNvRDKcbRhk,with an aquittance endorsed there on the said Thomas Rous his heires,2,train,train
MibJx6ArKT1dh3mj,I have sett my hand and seale the xx^th day of November 1640,3,train,train
XrinnJgazc6VZGNe,sone of his relich Elizabeth Murrow now my wife,1,train,inner_ckpt
e6UEWHDzajGFtMaE,hereof the saide Edwyn Stede hath hereunto put his hand,0,oof,val
iVqUZJW6l8R5vPfo,To have and to hould the said five and twentie acres of land with appurtenances unto,4,train,train
JL1oKf5gzR0VtxCP,Signed Sealed and dd in the prsence of,4,train,train
fLLq60ebem5PCZif,the afore resitted prmisses and every pte and pcell thereof to the said Edwd Breviter,2,train,train
KUO2FYpwiUx9Nw05,dues dutys goods wares and marchandizes whatsoever as or hereafter,0,oof,val
JesQeqgmULF8vwiQ,apptening unto him ye sd Benjamin Andrew his heires Exrs admrs or assignes for evr,1,train,train
UVGvkqDt3t0iamuM,charged of and from all manner of former bargaines (former,4,train,train
W84Lw7FYVOL8tFrx,age portion to and with the Said Elizabeth Vaughan Now in -,2,train,train
jHZaupCAWtixvZbE,whereof ye said Nicholas Rice ~~~~~ and Marcus Rice have,2,train,train
fWxwvfAvWeFzIdHA,thereof now knowe yee there fore that wee the said Thomas Griffith and,0,oof,val
YYARFiOtpqQjTBYy,To all Xpian people to whome theis presents ^writeinge shall come Michaell Cooke of the,4,train,train
b6oqCngDugcQlL7x,hands and Seales the Seventeenth day of August An,2,train,train
n3UK573fbXjPKkX7,thereunto espetially moveinge Have given granted bargained alienated,1,train,train
7zIAHPBrAV1tgsE4,Mary his wife and Willougnby & Chamberlaine dureing -,4,train,train
c4NtZ7rj6nGPAdlc,St Michaels bounded south ward in the land of Mr Thomas Panby,1,train,train
LMj3szBiuCBdf9mH,1680. and in the three and thirteeth yeare of his aforesaid-,0,oof,val
FUO0E7y7dkKS7MeX,absolutely give grant bargaine and sell unto the said Eliazar Cock -,4,train,train
9npg5bIGzkpd0BUX,Stephen Tho: Nowell: Peter Ams: Luke Jones .,2,train,train
vjCXuOzdakipcio5,lasting know yee that wee the said Patrick and Bridgett,3,train,train
48MQ0jL6VMY8UJpn,tunes of Sugar Barbados as tunnage and fifty bags of cotton two,1,train,inner_ckpt
GBtoxJZpbLFuomSy,having heard did protest even as by the,1,train,train
obFSTrgCKK9PAurA,with the said Capt and Thomas Bright their heires exers,1,train,inner_ckpt
uj7Pzt6jW4VrnCtj,Signe Seale and Deliver the within writeing as,2,train,train
7ZHsmcYMGHSoNkRc,Junii 21st 1644| To all Christian people to whome theise pnts shall come greetinge,1,train,train
wpLj5zcN4BF2r7V0,Thomas Bartlett Robert Lea Signed by - Samuell Richardson,4,train,train
R9gl1wyBnGoAhWuh,Beaden and John Pennicott for themelves theire heires exers admistrs and assgs,0,oof,val
tV9UoqZGTxEemnMX,to have or to clayme or challenge any right title or,4,train,train
VC4fyNsDO9j3kOZ7,To all Christian people to whome this psent writinge shall come know ye yt I John,3,train,train
BjpHAKRYlklfN3yN,and every part hereof be not paid at the day appointed that then it shall bee lawfull for the,2,train,train
fUVZgu51CqrTZNzQ,administrators in the some of fower thousand pounds of neatt ~~,4,train,train
gCijUesXvSuLpTEB,Edward Port on the north the lands of John Carson on the west and the,3,train,train
rPC4VZoIhgoYnCdQ,yeares and Six Months without and Lawfull Lett Suite trouble,3,train,train
J38BJHO9CIzbRlco,proffitts comodities and appurtenances to the said house,1,train,train
4DsnLbOz0q6IqEFm,putt yeoven the day & yeare ffirst above written Annog,2,train,train
PQdfn0i4L5WOZaWj,to me by Thomas Pearson of the Island aforesaid planter before the ensealing and,3,train,train
PnSZuAxgjBPLqq2I,Request of the said Appearer did protest som as by these presents I do publicly,1,train,train
MHvB4Riv5FwWmk86,prviledges comodities & advantages to the same belonging or in any wise appteyneing,1,train,train
eq8InFTV0w562oCT,that the said Jeffery Baker As well ( for and in consideration of the sum,3,train,train
LVSjwPTLdYBSZFDh,"from the true and Lawfull right and possion, of all and every the",4,train,train
WL4KziGK98paXPlJ,people that upon the eightienth day of Septem,3,train,train
HEbMU8OlL2vgARkJ,"upon the Land of the s^d: Nicholas Campion, East upon",2,train,train
jQHoAtrdJ8L4V6lO,comitted or done ~lyeing~ ^lying the sd Luiet: Willm: Pead my heires or assignes or any,0,oof,val
HoNnFFE5iVXCVhxq,and Pcell thereof w^thout and lett interuption -,1,train,train
5dloZHc9ze4D3sX2,to the said Richard Davis his heires and assynes forever freely and clearly acquytted,2,train,train
OSyR7XSivlOW4Su2,God Everlasting Know ye there fore John Spendlove of the Island of Barbados,2,train,train
5zRUeTPWyqhCbavm,singlr: ye debts Dues somes or quantities of Tobaccoe,3,train,train
lUhwVOKwIsPf6OFr,marchantable tobaccoe or residue of the said seaven thousand ~,1,train,train
JmpTPeFLn4ysPFbH,hand and seale this tenth day of June Ano: 1644,1,train,train
eECXxGLgCGo8NcUY,great and small fur turkey Items one Cocke and foure young turkeys and tenne dunghill fowles,0,oof,val
zHBNAMcc7fMk4nmf,thousand nine hundred thirty & one pounds of Muscovado,1,train,train
O4kWZMuLVIzCDESd,"with forty three Negroes Menn, women, & Children with all uten",3,train,train
b3x2DXQwUBnNJ468,the said ten acres of land and every parte and pcell thereof the same to,4,train,train
i1ibtfADI7Xl5hwR,Knowe all men by theise p'sence that I Myles Batersbye of the,0,oof,val
9OjtR469Y3UPx98a,sd John Dyer for good & valuable consideracons me hereunto moveing also for & in -,3,train,train
jsaIrEu3jHmwMLMt,and manifest unto all Christian people that upon the Seaventh,4,train,train
qUcGBXZxZslspUJl,or thing had made passed or don or suffered to be had made,3,train,train
EMMr9Uqpm1hFIkCo,Cotherington his heires and assignes and to the onely Esqr,1,train,train
NIVZ19ou1tg6UfOz,there with fully satisfied and contented and there of and of every part,1,train,train
O5EVdjDUuhaa49w5,and month above written doe acknowledge this to,0,oof,val
qRbdLkX6UWngKw77,"Wadden Have Given Granted, bargained sold and Confirm",3,train,train
J7FZ3a98BRG7UiEF,exers and assignes to and with the said Lawrence Beckendorp his exers admis,4,train,train
d6ZWfj6IpmfKvxG8,by the grace of God of England Scotland France & Ireland,1,train,train
iEnCexRHzLJHXz3q,pounds of neet cleare cotton woole to be payed at two severall payments as by,2,train,train
ju2U8QRISooEBXX5,according to the time and Contents there,1,train,train
BayKI3G7iytIBi9V,"Maurice Morgan , John Earle , John Seberry",4,train,inner_ckpt
ggux4tiyX0W3iPRj,agreed bargained and sould unto John Curtis twentye acres of land adjoining leeward to,0,earlystop,val
TtNZPHaQ0Jt7Qg84,Witnesseth that the Said Nicholas Blacke and Nicholas,2,train,train
EJdMU1iWEarxip2G,Jones and preduces which hath shall or may be suffered and sustained,2,train,train
6gVBMZZe0au2ocjg,"of the within written bill of Sale, that if the within mentioned",0,earlystop,val
705O7VrjXmgilbWN,for evr together with all manner of household stuffs stocks catle servts turkeys,0,earlystop,val
jL5kxXQ8QIQl34kH,mchantable tobaccoe to pforme the pmisses above Specified,2,train,train
ppPtLf6Se3thvkbI,twenty five acres or thereabouts and bounded with the land of Lieut Wm Pead &,1,train,train
0F9UPVFDkUYwkiUI,and foure hundred pounds of merchantable cotton and tobaccoe to be well and truely paid,3,train,train
dNOQ7N6EQFbaIJAa,or any other pson or psons wtsoever provided alwaies and neverthelesse it is the intent,4,train,train
umLHe043IINRc1CV,and having said these with his said ship since his annual full,2,train,train
vjdAtRf7N6UZgbAg,the said John Shirlock and William Sharp have hereunto set,0,oof,val
YlBIWy3Rfjav87TL,and manifest unto all christian people that upon the three and twentieth,4,train,train
B4oK8r9BHsxGnTgZ,and sold alienated released and Confirmed,4,train,train
YOB1qMVWwkwqKYlb,hundred thirty Eight tobaccoe due to Mr Mathew Willet & the same,0,earlystop,val
148GoWNoan9NWwpM,"of the Said partyes, shall have, receive and Enjoy the produce and",1,train,train
T5PNDHJGtw2GOTUF,Secretary haveing heard doe protest even as by,3,train,train
DD4bSMia6ChfZw1k,my heires Exectors Adm^rs or assigns or any pson or psons whatsovr,0,earlystop,val
xWrgiflBCJJGAgbf,pcurement and for the true pformance hereof I the afores'd Richard Habbott doe binde me,0,earlystop,val
6mUlAcXaOxTvZNxv,and assignes And for the true pformance of all and every the articles,4,train,train
taGghVXrqZfxClIh,of ye date hereof and further I ye said Edward Crane,1,train,train
FRfkhhJBd1PeIf5h,to his or there onely proper uses and behoofes any,2,train,train
KbQrml0koVcUlm0n,sold assigned sett over and confirme and by theise prsents doe demise,1,train,train
r02oKdpvZBVb3iHw,"M^:r Thomas Wright, one of the wittness to the w:^thin writteing p^rsonally",0,oof,val
2dhN4UovsvYTR5co,of neat cotton wooll unto them the said Stephen and Thomas and -,4,train,train
yDtDsyJMEeviTEmj,claymeinge or pretendinge to have any interest thereunto In witness whereof,2,train,train
WCiBqTYnMnm2a6tU,Phineos-Smith deputy Marshall unto me John Ham as,0,earlystop,val
srFK68qa6HaQmbYZ,"ing the said terme of Tenn yeare to fell, cutt downe,",3,train,train
e9D87KLAlm5wyNL6,them or any of them or against any of their goods or Estates in,1,train,train
0ZvGzksVcRwCqqvb,To all Christian People to whome these presents shall,2,train,train
gP7kGWfDFYMbZ8nO,To all Xpain people to whome this present printeing shall come Phillipp,4,train,train
VV5UwnA5P2GjkloN,any manner of right title or interest in or to ye sd pr bargained prmiss or any pt,1,train,train
fHfmC6iWjLVmHVat,negroes and premises and every part and parcell thereof,1,train,train
LhYSi5doVSI82hJE,Johnson of Amsterdame marior or to his assignes the sume of eighteene,2,train,train
DhMVyAAB8eaiuVz6,withall the houseing buildings and edefices that is or shal be,2,train,train
h2p7yJUvlIPmaRBf,and Morris Spirnger of the Island of the planter or to their assignes,2,train,train
CWGyJXyzMrnlakKn,2d die April To all christian people unto whom theis presents shall come ~,4,train,train
TK1QseQdnBFuH8ay,Easteward on the Streete and boundinge westward,3,train,train
oZSmA6hZ1peEN3Hv,Have and To Hould the said demised land & premises w^th the,2,train,train
YP6Oku21gFEsOIwB,of mee the said Thomas Reade my heyres or assignes,2,train,train
qiA3SF1GYZD399cT,This bill of sale is entered 3 leaves before.,2,train,train
UpkDyr7OSJoRu1XX,A Schedule of all the houseings premises and utensils what-,2,train,train
xoUzi8B28rEujQ2G,or any other benefitts thereunto belonginge without suite in Law,3,train,train
fqSf79prKmYh5WE6,Agents ought not to deny payment for the same she bring,1,train,train
zrpTs5oyM4E9bR7K,or quautily of eight hundred pounds and fiftye of the like Tobaccoe as,0,earlystop,val
fWKWQl9cjSv1NV1L,bargained sold and conveyed and every part and parcell there of,4,train,train
pVGFW0NPc1GUemR8,foure thousand and ffive hundred pounds of Lawfu,0,oof,val
VhMl6LVjQCxZlqYS,lawfull to and for the said Richard Bert his heires or assignes to reenter upon,1,train,train
xpxRRrf1zYbfKMfN,Nicho: Blades sign x Thom Morris sign x Hugh. Jones,0,oof,val
VjpvcFZ0OM1TONpE,Concluded & agreed by and between y^e Parties,0,oof,val
xD0EIkxQ5xUJIjuV,of February In the year of our Lord God one thousand six hundred sixty,4,train,train
Jtc8PJLiiOEbz35K,"grant, bargaine Sell & Convey all & Singular the before hereby",1,train,train
9aQEBvblq4ekRW2a,be by the ptie deceased by his will in Writinge or otherwise be Expressed,1,train,train
j7uMdX7ON1QtFYKJ,houses edifices buildings thereupon together with the moyetie or one halfe of three,3,train,inner_ckpt
VSeVo1Q76XFJXDyu,or defending against any pson or psons in the said Island of Barbados,2,train,train
eLf2p0U4w5bwTVoU,consideracons me hereunto moveing have absolutely given,0,oof,val
1o7U0DJcqMGF1Bib,Have granted bargained sold aliened enfeoffed remised released,4,train,train
p8C0lWrzQrXuZzas,of the Island aforesaid Merchant the receipt where,2,train,train
u9PpuDTEGJ2VUf6g,consideracon us especially moveing Have given granted alliened enfeoffed,4,train,train
vVaj1wCJFcRV0ZMc,them and every of them with theire and eve,3,train,train
MWTOykz0JnGqJGCA,the said appearer feares and supposses which may be under hold,1,train,train
MmKKPPIlXswuRGFX,sd pcell of land & all other pfitts comodities & apptenances whatsoevr: to the sd,1,train,train
cAiIWPKQlkmHqnx2,"my Meanes, Actt, Consent, or prcurement Dis",1,train,train
uUl0TMCWNKnTqM2A,March In any of the said yeares from the day,2,train,train
pzETr7KDIvjqMeqh,Thomas Austin and John Woodcocke doe binde us or'' heires and assignes,3,train,train
89P7zcSPms2WZGNF,"had made, Comitted or Done by us or either of",3,train,train
au6o6wuP8GHi2n6q,doe : fully and absolutely grante bargaine Sell Enffeofe and,4,train,train
R3i1amI9QDkg6ihX,Sealed and delivered in the prsence of,2,train,train
K2rVcYAxzwUGjpVs,time to time and at all times for ever hereafter peaceably,2,train,train
bGWsFbQTSAJecmLc,w^tsoever i doe hereby revoake all power and letter of attorney by mee,2,train,train
VwIqQFqxDa0wtTv5,& assignes for the true pformance hereof I bind mysef my heires & assigns,2,train,train
8kSuiV2Q5xjZ7d8D,whole Conteyninge by estimacon forty five acres more,1,train,train
ntPunwpG7SeeSvFw,Williamson doe from me my heires executors ad-,3,train,train
50LI0lgOmqH7AkKI,Haydon Browne aged twenty two yeares or thereabouts appred before me,4,train,train
4sOpnMYO1vl4PZFx,the date hereof sould unto M^r Daniell Wright and William Clutter buck,3,train,train
wBcF5JPplFsR5ZSJ,have hereunto sett my hand and seale the 9th ninth day of September,4,train,train
fNmdSy5qBOKhjyZF,Baldwin Junior and for want of such issue male,2,train,train
aMaN6h88wmG0O3Ab,pmisses . and appurtnances to him the said John Tobin* his heires,4,train,train
MWkIu3u02RZtrRSS,afors^d Allexander Nicolls for diverse good causes & consideracons me hereunto,3,train,train
sT9Md8X0lOFCam2Q,executors or assignes shall furnish the said Sev^t Terrill w^th s lustie sound and,2,train,train
IQUTEJsjQSEEvguo,Executo^rs administrat.^rs and assignes shall a,2,train,train
XUnCsc8YYR2xf55m,Island of Barbados gent by his bill of sale under his,1,train,train
bvBlAb3HuyqfhgIk,But freely & cleerely Exonated accquited released discharged of and from all,2,train,train
I1af7W2pkAFEn3z5,to the old Bounds to Contain Two Thousand Four hundred,4,train,train
gEiPmQy7GxcqUVYQ,Expressed To y^e use Intent and purpose first unto my,2,train,train
zD9aDrlh9v7peMpO,& comodities whatsovr unto ye sd Captn: Tho Stanhope his,4,train,train
GbgzzrI0akpBiId3,herein before contained to the Contrary thereof in any wise -,2,train,train
Y5uiZta8r58h7uOD,all and Singular other Titles troubles Charges demands,1,train,train
GWq728X2oFCfrZbm,Holdipp and Capt Rich Holdipp their heires executors,3,train,train
marjZ0np0oSHHOWp,"Swine, (for divers good causes and Consideracons mee there",4,train,train
bCnqDIE4YWoUwthr,"Exec:^rs Adm:^rs and assignes, That if the Said Richard",4,train,train
RoG6xCT4KjHkzZjV,Sand Four hundred pounds of musc:^o Sugar to mee paid an,4,train,train
qugjl5q3tqeXGLNE,"John Bradshawe David Jeffes sign x W^m Vittrey, Symon Harper",0,earlystop,val
KeBbN1eften1hL5W,& our earnest desire to have our goods delived to us at her aforesd,2,train,train
H4rKYUX1mFJpdBnN,Office of the Island Barbados before me Richard Noke Deputy Secretary,1,train,train
kY87HT8iCX75AFEY,to me in hand allready paid have bargained,3,train,train
dCixtrvUjEJAedMv,"Edifices and buildings thereon with all timber, timber",4,train,train
tVvovXkeGOhHGm5X,there pnts absolutely gus grant bargaine and sell unto the said Thomas Bassell his heires,2,train,train
XcdqvnvHwTLEnd8i,servantes and stocks dated the 24^th day of July 1640,4,train,train
4dnbGOIcHO5392eD,Court holding before me in the Chamber of y^e Guild hall of the,2,train,train
dqP2JBWSWeI3zRUC,occupie possesse & enjoye ye sd moyetie or halfe pte of ye said,1,train,train
cXcUcqwnL68TJbrS,Anndell for Divers good causes and valuable considerations mee,1,train,inner_ckpt
pbRmgyFSJEgLYk1A,ye Just some of one thousand two hundred & three pounds,4,train,train
z6iIdvvdC0C7rTdz,Gent: doth owe and an indebted unto M^r John Wadloe march of London,3,train,train
7jBbNmf3dyAHtSOo,moveable or unmoveable upon or unto the said plantacon belonging onely some,0,oof,val
dUX2tnyHkZEuzGqL,the appurtinances thereunto belonging according,0,oof,val
sMkYYO8N5kKJ2ofA,Everlastinge Knowe yee that I James Meaxwell of the Island of Barbados merchant,4,train,train
VgJNIQg859aBeFnO,The word September interlyned above the third Lyne next the,0,earlystop,val
sD9kN7kTIsll1TS5,and interest of this within specified bill of sale and all other thinges in it,4,train,train
5Ttj4wbDZ6toH2ic,This day psoneally appeared Before mee Henry :fford,4,train,train
tRD66zb6Fu2fZkfd,or persons whatsoever lawfully claymeing by from or under him or by from or,2,train,train
9Vlswu1Fe6gXylZS,Shall be fully vested Setled and executed in and upon,3,train,train
KWroX7LP6rrZgdYT,enfeoffe bargaine assigne sell and sett over -,1,train,train
FHG7GCU4ywBS6NN1,come I John Smith of the aforesd Island Carpenter sendeth,4,train,train
FT6Ce5fuMjeirNOL,South of Charles Easton Together with a man and two sowes withall the profitts benefitts and,2,train,train
qtpAdj0oWts2Y75i,assigne and settover unto him the said Isaac his lawfull attorney,1,train,train
ZyrsKODZ6sEaTdai,Sugar is to be recovered against him or any one with him concerned,3,train,train
ICzejSWKCAFyjh8O,by the said recited deed or writeing whereunto,3,train,train
Vi6GSbdZStQeDE5T,of one Hundred pounds currant money of this Island to be in hand payd by,2,train,train
gt9vOLbWeYhdCLFQ,dispose of all and evy ~all~ pcell of land which by deed or writing,2,train,inner_ckpt
mDcut1Oit1ufRONd,Skinner for the full time of four years from ye day of her,0,oof,val
2Y7Ud1xzaLPtrOz3,In consideration of the Just Sume of fower,3,train,inner_ckpt
vA5PxE8sNbkxcs7j,prmises from me the said Nicholas Butler my heires executors administra,2,train,train
oRldxGZyKKCk5r6x,William doe by these presents give grant infeoffe,3,train,train
yaIYUvtI18f8236J,hold occupy possess & enjoy ye above bgained primsses & every pt,2,train,train
BRVeiQGOK4HLNUoa,wife send greeting in our Lord God Everlasting where ~,4,train,train
BcbfnoGMbJmTPSIA,Enfeoffed and confirm & by to these presents give grant bargain,0,oof,val
u2GmKpt49cHoxrO0,on y^e. Lands of the said Reece which hee Lately. purchased from,1,train,train
xpPakfrXzwQzzLmH,w.^th the s^d Thomas Crosse & John Lastilas theire heires executors administrators,1,train,train
vwal3jKQzejVObfV,Whitehead and Richard Petty of the same Island planters thirteen acres of land all standing,1,train,train
clMu6Z9NoOKg7Fjv,and lyyles Lawrance his heires exers admistrs or assignes forever or ame of them with,0,oof,val
rdkMNdCUU9fBB3Lb,w^tsoever And wee the said Mathew Key and Henry Saint our heires and,4,train,train
EmgbnkOsfE2htYzE,former bargaines Sales guifts grants leases feoffmts : mortgages Judgmts : Execucons,0,oof,val
rxXp1JPedNETNtg9,meanes and pcuremt In wittness whereof I the said Capt John Burch,4,train,train
VAYhFhKkJZ9eE1aD,debts and any of them or any of them or any pte thereof but shall,4,train,train
cfzujCAf7oAQJetL,or more under him or them to revoake at his will and pleasure,1,train,train
3sGK90HG66bXoUgx,in the penall some of six thousand pounds of good cleare cotton woole,2,train,train
WoMRbyY6qYZKc9KU,bargained & sold my halfe pt of twenty acres of land wth,2,train,train
wzfJXuFNdztSDF2P,paid unto Adam Morgan of the same Island Gent his heires exers or assignes,3,train,train
lbkhCuIKl06JnKSb,and every of theire appurtennces without a,3,train,train
sbRLoaNNWNIBGMfM,debt & debts dues & demands whatsoever which,2,train,train
qJ710OOaI4SGTB4S,to bee theire free and voluntary Act and deed the said,1,train,train
ZIgj7KPYIHPy2PYW,Concerned for all wrongs injuries preducies losses Damages and,3,train,train
CxQFISa58rg84b8S,"Edward Munday W^m Boote, Willm Philp Junior",0,oof,val
tHwnSdDqHD8JeZmq,due and oweing to Crispin Hooper marchant now resid,2,train,train
gSXt2RMZhYKYcwIB,3^0 die 7 Bis Dorcas Homested in the Island of of Trinidado do make this my last will & Testament,1,train,train
kDa9U4UqGWlG6g3O,"and for ever Defend by these presents In Witness whereof,",2,train,train
3duQasRWuMWyO2gN,any other persone or persones whatsoeuer whereun,1,train,train
Jr3DGXRYD9fIe2Nm,Said Wharffe of goods wares and mechandizes,4,train,train
dkyayq7YYDsBS9UY,in the said Brick house as aforesaid Shall be & amount,4,train,train
Z3ZqVvHCPVyyNq0L,sale of all those lands and plantations lying and,1,train,train
R8xqGDtHEcvzyjob,affirme and prove by the oaths of the witness,3,train,train
9dj4ZPfPQFC4seDq,aforesaid Gent doe confess myself to owe and be justly indebted to,4,train,train
QckoVZX9xGNnDDXh,released quit clayme and for ever confirmed and by these by presents by-,4,train,train
LduUDhK7VfWP7HOK,up as aforesd & the sd three cases of ye said English Speritts,2,train,train
Q3W4miBvCja9XFMH,as theire volantary actts and Deeds; Given und:^r my hand,0,oof,val
yMH37QycMgL1YP9g,March in the year our Lord God one thousand six hundred sixty and eight,3,train,train
lmdl9GB3vPS8v6Sb,for divs good causes & for & in consideracon of Twoe thousand,2,train,train
42YP1QnJp3bRFDv3,suffered or done by us the said Robert Tothill and Ann or,3,train,train
DA0BjbsDhKyaLtcP,the Careeby Islands for mee and in my name and to my proper use to demand,4,train,train
W7WkmmiHjNYoaibi,with ye said John Thurbrane his heires executors administrators or,3,train,train
uF4YSfZPWrtz8Q9M,wth the appurtenances & evy pte & pcell thereof to them the,3,train,train
jep8MgoXBSMN8Fvq,or Intended to be granted bargained and Sold and,1,train,train
qINa3LHvMjCgqoRA,others nominated in the Saide Contract of the other p,4,train,train
H7hBCkmIzBvQAc7z,"Shall Erect upon the plantacon as aforesaid, Shall be appra",2,train,train
p6OtVV5wymSp2nXI,"above specified Exprest, Against their and every if their heires and",2,train,train
1xbuBYyuJJVmZnNG,and serve the aforesaid plantacon free from all former bargaines grantes,3,train,train
frwEdBu7SI5SBXGB,and take the wants issues and profitts thereof,4,train,train
gQKyaXjubNUTQjFb,all the right title interest property claime and demand of,0,earlystop,val
l0EQAaTZFsQRhtBq,assigne Set over and to farm Letten and by these presents doth,2,train,train
FWAXypQCUOknKU1w,To all Xpian people to whome theise pnts shall come Philip Lovell of the Island,0,oof,val
X3YabLNZL6GBB5R7,"for Ever, without y^e Lett hindirance, Molest",0,oof,val
lodqBAbdfiJpHjDf,aforesaid Mercht ye full & just quantity or sume of ten thousand,3,train,train
qIlP5XM90ZsmSxcd,"Acknowledgements , to bee thereupon reserved unto his Sai",3,train,train
T3gCkSt5bcuYdswx,thereunto belonginge or in any wyse appertayneinge To have and to hould all the forebargained,3,train,train
XJgJexw5nQLlxSGI,bargaine sell alienate enfeoffe and Confirmd ; unto the,3,train,train
o2LPHMHZm2cyxdWo,To all Xtian people to whome these prsents shall come I Robt Browne of,3,train,train
77uJzMj3zpuBbcyP,"assignes , of in or to the Same , or any parte thereof , together",1,train,train
uRaa9Eq5S1Pf4GKY,Sanders his heires executrs admistrs or assignes at some convenient,4,train,train
z0XzFCRbN3RxjeG6,"William Dymache, and South upon the Lands of George",0,earlystop,val
Eul9z9usVSOF9KYp,Willm: Cosser adjoyning and lyeing in ye parish of S^t Lucies bounding east upon Edward,3,train,train
Eu1lFwsPlTGT6Q3m,W^m Powrey of the sd Isl^d Esq^r. before the insealing & delivery hereof,0,oof,val
hVrPXG7vv5lqvZ3F,as aforesaid our full and whole power right and authority for us (never,4,train,train
9QrhAFJFZRTiuWWX,full and absolute maner condicon and estate as he is now assigned of before,0,oof,val
koeGPrnjlkxMT0hQ,this yeare ( except foure thousand pounds of cotton be paid to Charles Stobart out,1,train,train
fvj7AEm0PCheaCWa,Which Said Plantation or Parcell of Land Soe bounding,3,train,train
6Qx3gbs34PyoyGTg,fowles all other appurtenances to the said plantacon and house thereto belonginge,1,train,inner_ckpt
99oICXJ4dVXY58Tu,hand and seale this 28^th day of May Anno Domi 1640,2,train,train
l1FKZyakrkxCdpWn,lands of Wilson Clarke and leeward on the land of John Pattin,3,train,train
Z6EiolVSRmaaEaJA,p:^rsents doth for him and his heyes enfeoffe convey,3,train,train
DxCYNbmkma07JHId,"Geo Dowlinge Testte Estte, George Hosking",4,train,train
ujq1PJepvpFy4rkN,and dureing the full time and terme of ninety and nine yeares from,1,train,train
9YRu9JdaVqmN3X33,storehouse at the seaside Witness my hand this sixe and twentieth day of March 1640,1,train,train
BSIVwpVQ86048HRM,us the said Capt George Stanfast and Robert Jenning his attorney Genall and,2,train,train
kQKse0luKCNNV0Lc,Entr^d : the 26^th To all Xpian People To whome this present Writeing,0,oof,val
A0FOd3p5MonyC2RF,Date hereof repaire the Dwelling House of time,3,train,train
uquhXz3G0aQ3IDAd,merchantable and well cleared cotton by them the said George and Edward by severall bills made,0,oof,val
GJsLVh4T2uVbGKiP,made on ye said land in full and ample manner as,4,train,train
muPFoSF3ql6YgR5t,use and uses of him the Said Richard his heyres and assignes,1,train,train
rhTVeFdGjKjidLj0,of their goods or Estates in Time and place as of,2,train,train
eXelfSHf2yD3SMmZ,under written by vertue of an Act made and Con-,4,train,train
IV1mn6z8vNWCtF4c,p:sone or p:sones whatsoever; In Witt-,0,earlystop,val
oRKzLbru2nVXQL3l,"the plantac""on of Wm: Land all windward and to the Gulle",0,earlystop,val
toObHFUJa1SnCHl7,Appearer in Chooseing Arbitratrs to adjust the differences,4,train,train
DIgJOd9EDN96TZrN,released and for ever quit Claymed and by the,2,train,train
CoGoL6Rv6M21TQDi,heires and assignes sett over unto John Morgan his heires and assignes all my,0,earlystop,val
t1aVuqx1GBBhHjsW,Three musketts & two pr of bandaleers at,1,train,train
Yvzd34vuEnHTOW91,fifth of this instant ffeb: being fourteenth Months the,3,train,train
3qg0jJo2Yo49pD5j,or any pte or pcell thereof In witness whereof I the sd John Gibson ~,3,train,train
66CHrT6zq5aWhvCC,unto Thomas Clarke of the Island aforesaid Cooper all that,1,train,train
kNwKBAWbWsJVFpy6,Johnson the one three yeares the other six yeares to serve & if the said,3,train,train
zqNBDtgLNfzcuT5R,myself my heirs Executors & Administrators in the penall,0,oof,val
mhHgNx3WIGoDXOQn,bee in the yeare of our Lord God 1642 at a convenient storehouse by the seaside,3,train,train
TXxdUAseaneIteOP,March Anno Dom: one thousand six hundred and Seventy -,4,train,train
xI29vf1DWXsPmlJc,Evan Jones Thomas David and John Price their heires executrs admistrs and assis,0,earlystop,val
m5xky1qivKQPNnhC,to them and theire heyres to the use of the Said Casar: Dum,1,train,train
UC6BfBqworx6qEkk,Lord God Everlastinge Knowe yee that wee the said Thomas and Peter for,4,train,train
A8rvFQ7H8zuuWWw4,truee pfromance of the aforesaid prmisses the aforesaid Robert,1,train,train
Z2eMYy9p0cqvTOmc,said Island Captain Patson Antonio Secruto Condon Frances owner and,3,train,train
n9UFB4CBMVr0uNgM,1644 and in the 21st yeare of our Soveraigne Lord Kinge Charles his maties,4,train,train
zF6Y0Q8CW0z7x0EU,Sealed and delivered in the prsence of,3,train,train
wd0BGJlBKgFO2FBW,their & evy of their heires Ex^rs Adm^rs & assignes forevr: by theis,2,train,train
6kWodZ3gz78rUob6,Sell Enfeoffe confirm and by these presents doe fully and,1,train,train
niiVoLq5ygigkTJL,as aforesd either by himselfe or some other able pson or psons,4,train,train
1s8Yupy1sNKzgTdF,whatsoever will warrant and by these presents,3,train,train
scTZGPheD0mbRyKY,the ninth of July last part betweene the said,4,train,train
xSiD5pSpPOOgOH1Z,twenty third day of October In the 26:^th yeare of,0,earlystop,val
Zy4Eb89rUP5ucj2p,Crispe two thousand five hundred pounds of good and merchantable cotton,3,train,train
ntJ8UoHMouQQM6xP,penall sume of foure hundred pounds of good currant money of England,2,train,train
bVsOqm5fH2TmPtpB,of them doe hereby respectively acknowledge and thereof and,4,train,train
TC9hPEleDRnmCYTU,same Island Gent sixteene acres of land fallen and unfallen scituate,2,train,train
pNIBl6jeqdwen4fI,administrators and Assignes for ever without ye lett suite,1,train,train
JmWAisJCtGvzln0C,"and all maner of fformer and other giftth , grant ,barg",2,train,train
hHuNzJKSCrPbVNwk,Jane Browne & John VInsonn for our Selves & every & either,1,train,train
9WnZHqY88T78Cgvz,the some and somes of money herein after menconed & agreed,4,train,train
pUIuo5O3ovG3QsKM,one parcell of Land conteyneing two acres two,0,oof,val
RUT8sy3VsPkdgGgW,of the Wittnesses whose names are underwritten that upon,2,train,train
rWglsEilo32D6jcC,penalty ^or forfeiture action suit pces execu,0,oof,val
0gWmNaermdMD62tk,it known and manifest unto all Christian people that upon,2,train,train
h4sjsrlBXaEYWHeL,first day of April which was in the year of our Lord One thousand Six,1,train,train
UZcwP3NEABicHt0a,Acres or thereabouts Scituate lyeing and being in the pish,0,oof,val
Szcz44vSpdVE6r5x,"appertayne, all and singular each tyme a sumes of money debts good were merchandizes",4,train,train
0CCrVKAom8EK53jj,"Please to pay to Cap.^tt Thomas, Woodman or ord.^r One thousand",2,train,train
QY0TKRiTyHVpguHL,I the said John Kennicott purchaseth of Thomas Morris scituated lyeinge and,3,train,train
OW8LN9cCzfLhWOGh,profitts priviledges and appurtenances unto the same,1,train,train
ofAeh9EDA25ICi2M,Estwicke onely excepting what pte thereof hee the said Richard Estwicke,4,train,train
VfA8Rllc17Tz2PUR,two Sales bearing date and w^th these adults and all the mograge Land Chattles buildings,3,train,train
iUu28y9QRMj4tUFA,hath hereunto sett his hand and seale ye even in London,4,train,train
QEDO9rMQavcPN8Cu,Barbados Know all men by thiese puts that I Thomas Cro^wther Commander of the,0,oof,val
6o52HAS5xDVfLgGi,person or persons whatsoever layeing title or lawfull clayme thereunto this aforesaid,3,train,train
1S6xfB2gpBLzHfz3,cotton and upon the nonpayment of thee aforesaid Three thousand pounds of Tobacco or Cotton,2,train,train
7cL8lDtLpRK0cLHf,Charles the Second by the yeare of God of,1,train,train
9V044ZsNKfuoC0cp,To all Expian people to whome theis prsents shall come greetinge in o^r,0,oof,val
UpNwJuTRuJuklLQt,unto my said attorney my full and whole power and authority deale,0,earlystop,val
jmVKhLTfIqzv7x3d,"for Ever, without, lett, hindrance, Molestation o",4,train,train
ektv7klLjqZxyCRb,Whereas the Said Thomas Byfeild is dead and the said,1,train,train
nHG8uqzC6WToOtUF,menconed or Intended to be herein and hereby granted bargained and,2,train,train
cWz5e9hoNbarxPH6,Hereof To be by the S:^d William Rawlin his Exec:^rs,0,oof,val
v4NN5l9IwwWWp6xR,Robert Filkin doe have promise and grant for myself my heires excrs,2,train,train
dp8j5O7gsxdwD6y4,man servant foure breeding sowes with divs other meassaiges hereunder,0,earlystop,val
klGWOini4uRn1tGQ,thereunto belonging the which Land or Ground,0,oof,val
i5o3HO09xOK1vS30,mee or my heyres Execut^rs Administrat^rs &,0,earlystop,val
beAivJwhwcRiSSOa,thousand pounds sterl in witness whereof they have hereunto,0,oof,val
iAVVihsqum6EgvPc,"presents, I doe Solemnly protest against the",3,train,train
xOgQ4R9OWOuGIIzo,Capt Edmond Read in the pish of S^t James in the afore s^d Island of two,3,train,train
n6FAWJhxeWgGXXuA,and I the sd Tho Ware doe and will hereby rectify & comfirme the said eight,4,train,train
L6cEawVQRWBMxTea,Stulo Anglis and in the twenteeth of yeare of,0,oof,val
IXeRCMikOsgQNNYD,annity wherof is Masters under God for this present Voyage,0,earlystop,val
AMQB9QlyeAJq0wvk,heires executors administrators and assignes for ever without,0,earlystop,val
zOSiFidOvVnz7S2Y,hereafter In witness whereof I have hereunto sett my hand,1,train,train
uysChF10CJqcf97M,that the said Thomas Chapman for and in consideracon of nine,3,train,train
a2vobEfkl6Ac3d5J,dues duties claymes demands or Incumbrances whatsovr:,2,train,train
lyh70sdQ9qPILmpY,hereof as aforesaid I binde myselfe mye heires exers and adminstrs,3,train,train
5c2b19kEWoaaQ2GB,of good sound neett merchantable cotton woole In witness whereof the,3,train,train
x4YLIDiOr6UcJVNM,the sd mares together wth the boy of ye said James Mashart,2,train,train
EkRIZETw3zQFKJhQ,evlasting know ye yt wee the sd Captn Thos Stanhope,4,train,train
IlwUYQ7OzkW4tClJ,pounds of good & mchantable Tobaccoe unto the sd Jno Thomlinson,3,train,train
ZAySEi2vlgtwlTB4,admistrs and assignes all our parte of that twenty acres of land fallen,3,train,train
JNP2IGx6PkqK9RLe,said fforty acres of Land lying Eastward next and adjoyning on the,3,train,train
HhA9GETIUwfH0Rw7,assignes ye Just some of Tene thousand pounds of good -,0,oof,val
6nJTFmz4K1Omj8pI,Knightly and ye same received and ye said plantation,4,train,train
7WFFMBAd2uq6G15v,on the Holy Evangelists of almighty God that he did see,0,oof,val
KKcKYEcduf8tawWs,account of the said Sanford Griffith and Coupie on or about ye twenty nine,3,train,train
hTxIj3BIAIFzt5ag,said Francis Tobast have hereunto put my hand and seale the 28^th,4,train,train
r8fVtHvd5XkRSDQ6,To all Expion people shall come greetinge,1,train,train
DrXnvg6YsMiG0Ami,in the yeare of o^r Lord God one Thousand Six hundred,4,train,train
EO27lyMGATma5YfS,all Christian People to whome this visiting,2,train,inner_ckpt
KtSXbIWrlK5Va1AM,near the Towne of St Michaells in the Island of Barbados next,4,train,train
9CsOlh5i9maNWqaD,admistrs and assignes forever without the lett suite trouble molestacon or other,0,oof,val
4Znn0LMPwczzSzPF,"Administrators, or Assignes yielding and illegible",1,train,train
f5cMjlBHvMlRBj5Q,attorney & attorneys & assignes Joyntly & sevally for me & in my name & to,1,train,train
OqCVfww1OZVpr2C6,ingagements or any other incomberances whatsoever,2,train,train
vxkSpSkiQYJ7duG1,or passage of Seaven foote broade which lyeth betweene,0,oof,val
JHBUYcVNBRLiuX8o,therein Concerned for all wrongs priudices hindrance,0,oof,val
8w0SwLIwhyciggKQ,then this within specified mortgage to be redelivered unto Hector,1,train,train
OEK432MiDgO67vSz,his writeing or bill of sale bearing date ye eleaventh,1,train,train
IzB9V7t2TzLnBvy4,of & from all & all maner of former guifts former grants sales,3,train,train
jNsuAPuhgHQec18i,the twentieth year of his Majesties Reigne that now is personally appeared in the,1,train,inner_ckpt
xVD4mUiLPEEtfWdv,to the said John Springham and George Peers theire heires,3,train,train
YiHQMLogzaI2Duj0,one thousand six hundred sixty and seaven and in the twentieth year of this,2,train,train
48Ju6NoPeO0D6StP,Island gent or unto his heires exrs admrs or assignes all my right title & interest of forty,4,train,train
zUbnjmuGteIYalNu,send Greetinge Know ye yt I the sd Jon Bonner for & in,4,train,train
JCvY3E97yfFzxRFk,and Deliuery of these p^rsents haue full power,3,train,train
msrIuXCQhrjkrha9,the prmises to doe say pursue implead seaze requested attach arrest imprison and,4,train,train
JTuyMHsDGMBgYSh2,doe hereby convenant and agree to and with the said Philip and W^m their heires and assignes,4,train,train
Qf7kG5FR0LrYkMQB,Henry Hawley & Turberville Morgan Esqr for & in consideracon of the,1,train,train
XVZP5lXyctlov3RL,forty and three to him ye s^d Adrian his heires executors administ^rs.,2,train,train
l8CbSnyKQlrVRKXj,under their hands & seals bearing date ye 24^th day of mch last past .,0,oof,val
VR9YIJM42zELiqaR,admistrs ~and~ or by or with his leave assent consent privity or p'curement,2,train,train
eTLeR7GdZtoG5tSp,"Did Demise grant , Sett and to ffarme Lett into the Sa",1,train,train
VYwKACuCFMM2fgRm,in or to the premisses or any parte or percell thereof,4,train,train
HuvFXfZYDtMQcZxH,executors administrators and Assignes shall peaceably,2,train,train
C9K4ImPGDT7fQpvw,in the prsence of us Richard Holdipp,0,oof,val
Exy6jl792cJZ6TVP,Intr Ultimo Die unto Leonard Dowden at tene days sight of the sd bill of Exchange and,4,train,train
gYNNY28g0JcGgkOh,recovery and receipt of my debtes or any other matter or thing wt^soever Have,0,oof,val
ViUcPo6dyL1x8eBu,during the time of his naturall life and after his,0,oof,val
vhlwMTkRDlY9LezM,and unexpired of the said Terme of Ninety and nine,2,train,train
n38Ncug2Vch791eW,theire heyers and assignes for ever for the use,1,train,train
gLJpzK5eYuCnRDBX,Island Merchant for diverse good causes and more especially,3,train,train
51X1nEewj41TrmYh,or either of theire heyres or assignes for Ever Allw,0,earlystop,val
P6MbinkagywgMHJ7,part and parcell these of doth acquitt exonerate and for,4,train,train
IUzcfFXz4SPEQ3HC,accepted & received by the best and missing text,0,earlystop,val
cf143agQ48sKkAke,"hee will give Ord:^r to Satiffie it in England, as soone as",4,train,train
9Yyul1VsgVuFoeQG,Edw^d. Littleton Esq.^r Guardian of the Said John Burroughs,2,train,train
jivfEKVdJzqfzGBX,maner of person or persons w^tsoever lawfully clayming any right or title therein,1,train,train
75u6pKmwtm0vHRAr,molestacon or further suite in law In wittness whereof I have hereunto,3,train,train
7S3dq4Ychd8teqvS,To all Christian people to whome these presents writeinge shall come knowe,4,train,train
16e55iHtdnopLWLE,my heires and admistrs or any other pson or psons by from or under me ye,4,train,train
xfH9BNTuAZfoQtrd,for himselfe his Execut:^rs Executors & Administrat:^rs Administrators Doth -,4,train,inner_ckpt
z1uffJgR4uGnV9CY,use the sume of five shillings of lawfull money of England,0,oof,val
OgnbsKNw2dtp7GKR,"Peter Morch and Thomas Williams of the other parrish of St James,",4,train,train
djbsbqeT5aDZgKei,enffeoffed release and Confirmed unto the above named Peleg,0,oof,val
cuwMP4psiMzEQhQe,and administrators for ever by these presents Hath granted bargained sold,3,train,train
lhValpJXC0k72H91,"geably set, the day and yeare first above",1,train,train
G1cw9x5B7stZeLKV,"Edmund Cole, and Acknowledged the (within Instrument",4,train,train
67aCyQIfCPacBIe5,enfeoff and confirm for ever unto the said henry Sealy his,2,train,train
URtapn2aqxr6qe8b,doe acknowledge and confesse my selfe to owe and stand,2,train,train
vlohjckhLew1bXwF,in the said will and that he had heard of the Kings grant or Lease,1,train,train
ipLd6mFhuPx77Hza,the Saide Phillip Bell and ffrancis Bell Severally,0,earlystop,val
vuzXkBdzWcQ7Pj5K,confesses by these pnts to have had and received att severall tymes the summe,0,oof,val
XqfD3c0ys8Oykw8W,att or upon the day aforesaid and in some convenient storehouse neare,2,train,train
nPFz46PDjqipVJIq,Buckly which by the consent and request of each party being,2,train,train
DgI4YduYOemEhCfE,Knowe all men by these pnts that I John Parrot of the Island of Barbados,2,train,train
x2zrClKiKRo0gUrZ,in the said Island aforesaid w^ch he lately purchased of John Murcott merchant and,0,earlystop,val
HfOYQS2TRfhUooYE,"costs, execucons, and Incumbrances that may hear",3,train,train
0Ygydx9Jb8eKFQY3,the same to bee hold on in free and comon Soccage yeilding,4,train,train
Gl5sZCEmnT41Ke1i,"and assignes, to the only proper the benefitt and beheof of him the said Captaine William",4,train,inner_ckpt
tQunpDjTjcfdL4hj,ward scituate Lyinge & being pte in the pish of St James & pte in the,0,earlystop,val
BdpTOWKA3SebIrY8,whatsoever wch I now have or at any times here,1,train,train
4GtMFxyYwU7CISo1,"behoofe for Ever more, And that fraude Clearely and if",3,train,train
Ia2gBi4qUxWzxczd,mortgages or any other incumbrances w^tsoever and for the pformance that they shall quiet,1,train,inner_ckpt
FMYpONJZafXR4kk7,Act of this Island Giving power to Marshalls So to doe for & towards Satisfaction,3,train,train
k9icK383XZqcQd80,bargaine and sould and per these presents doe here,2,train,train
8s1oFRDjMsjVQ2Z0,of of well cured Muscavado sugar to be delivered him or his Assignes in the,0,oof,val
bAYgzUIjsKELOpNM,Twenty & two casses of speritts foure barrels one Bagg pepper,3,train,train
GYeOAWWpHPsKpWVA,of the whole Estate menconed in the afore ~said~ written ~,1,train,train
MJnAD5fqyEqKc8By,1647 shall come we Capt: James Holdipp of the Island of,2,train,train
CFw27iS4gpxTmc5X,Island of Barbados Mchants well & truly paid whereof I the sd John,0,oof,val
Vyq37KAnllxfF1tY,Suorum nie non de conficend verum et plenum inventarium omnium et,2,train,train
Yy1NKXy9jbHmOrFK,"hand seale the 24"" day of May Ano Dm 1643 in the psence of",3,train,train
9mkgAzx0X5zK4gcV,Have giuen granted bargained Sould aliened Enfeoffed and-,0,oof,val
9YeE14A7D64MKo7u,convenient storehouse neare the sea syde for the better and securer -,2,train,train
eEvPnphCdiQ2w5np,queitly permitt and suffer the said Henry __,0,oof,val
uGI8F9Er0c5XwdnX,By this publique Act and Instrument of protest,2,train,train
CUAk4AF4ywIyg1EY,hereafter be growing or accruing thereupon he the sd Robert Bridges his heires admrs,3,train,train
xMoMBukg200oIoua,seales this eight and seales this eighteenth day of December 1640,1,train,train
j6eS8tpWzt0nIOg8,fore this Appearer as well for him self Company and owners of the said,2,train,train
SRrsPVIZrAm2elis,pounds of cotton bee fully and compleately satisfied according to the true intent,2,train,train
FDefJQpT8CiE0r1k,Isld of Barbados Esquire Sendeth greeting in Or Ld God Everlasting now know,3,train,train
ToCVujlK1zVrHqOi,"Street upon the Lands hereto fore of Henry FFisher Dec^d upon Swan Street , And upon",3,train,train
EQUdngFutoHbXl4C,me my heires executors and administrators for divers good causes,4,train,train
vTZOfFoop6wHhoAG,By this publique A A and Instrum^t: of pt est be,1,train,train
eA99xKMTmSaRiVOV,unto the sd Thomas Pead his Exrs admes or assignes or some of them,3,train,train
M9PQGXznlhcyZgV7,fourteenth day February last past before the date of these ye presents,1,train,train
0Z68C7q1B4zB0jfw,& confirm & by these pnts do give grant bargain alien sell enfeoffe,3,train,inner_ckpt
vuSwMRQYSdXO6yS4,the sd George Conyners for divs good causes & valuable,1,train,train
8Q1kahXfPT6yzTL5,of Barbados planter sendeth greeting in our Lord God Everlastinge Knowe yee,1,train,train
E6pN7TkoUI3vPjci,from the Stones & all other filtte for the be paid upon demand,1,train,train
N4n0AEU28HgpZBC2,to the dwelling house of the said Samuel Horsham situate in the town,3,train,train
dTlQQMrb1oFxnwOS,Lyeing and being in y^e. Divission of New North Sound in y.^e Island of,1,train,train
lB45GZDqr2RP4RFd,Paul white his heires or assignes By Eliazar Cockram of the Island,1,train,train
1He1NsieDM2qkPXS,Jarvis Greham or to his assignes wch sd Jarvis Gresham is depted this,1,train,train
PvBgyjl1vyTTRrSF,the lett suite trouble molestation or deniall of me the said,0,earlystop,val
9yQmtSy5gOSwFf4O,unto Capt James Holdipp or his assignes one pound of merchantable cleere cotton,3,train,train
Sq9NjdoeEOwNequa,belonging to the plantation pf the Said Robert,3,train,train
R8XpdYjnNL7oqryb,Ball the lands late of Cap^t William Thomas Edward Aldin,3,train,train
eNsUTM0DLAOMvIyE,to say fower thousand pounds of the like condiconed cotton att or on the,3,train,inner_ckpt
HYZAZH2isRdweAyw,of land with five men servantes and one maid servantes for the,0,oof,val
XysIsriRDpLJouUW,the said John Hutton his heires Ex^rs. and adm^.rs and every of them by these,3,train,train
ExXxCyDlMNehTvsL,and upon the express condicon and it is the true intent and,2,train,train
IfQTg5dN4VAxNJtQ,of the said recited Indenture against the said Ralph Wyatt,1,train,train
yNyf3Tp0zc7DFj5F,day of Jan: 1710. .11 _ _ _ _ _ _ _ _ _ _ _ Tho: Beckles,2,train,train
GP88oBquqOJCxWNC,in the Island of Barbados Gent. of the one part,1,train,train
qCjSOq60vlxDnCJD,Enfeoffed Confirmed & sould and by theis prsents give,3,train,train
4fOk1KG0Pp8ZuHqs,William : Roseman South; Together withall messuages -,1,train,train
RMdJncAONlxdSTLW,the Raigne of our Lord Charles the second of England,1,train,train
b7A7jpiDUjoPEhCN,heires or assignes for ever with all profitts and comodities -,3,train,train
bXNXO8827HliedrZ,Wm Lea and Wm Cave both of the same Island planters their heires exes,2,train,train
68QwGt2k1Q4JlsgE,clayme to the said land by our or any of our meanes consent or pcurement forevermore,0,oof,val
ZOatEE55qiuQIx9N,To all Xpian People to whome theirs prsents shall come Henry Voadar and,0,oof,val
hPRgPskKL6MrGhsh,we the said John Salmon and Elie Amie for and,3,train,train
qLAsM04P89Hwzbhl,of the sume of six hundred pounds of Tobaccoe in hand received as also for,3,train,train
JPb5ggmdHu4ingwz,Attached at M^r Thomas Browne thirteene acres,0,earlystop,val
fc6OFtNhQyhYKskp,halfe or all the houses edifices buildings profitts benefitts,4,train,train
i3TzlY3xODTOa3Oe,10th of Jul: To all Christian People to whome this prnt wrighting shall come ~,4,train,train
CfMMap4JrNOJ00nd,in the penall summe of twenty and eight thousand pounds of neat and well cleered,4,train,train
np9xlohQDOusGCF8,grant & Agree to & w:^th the s:^d Rob:^t Dowers,4,train,train
cklXe5xX08t40pNc,done by the said Richard Seawell his Executors administrators or,4,train,train
GD1NmcK7jRxl2nMd,shall Come I Thomas: Reade of the Towne of S^t. Micha:^lls,2,train,train
EOJR7CbyO0EOBnvp,granted bargained & sold & do by theis pnts for we my heires,4,train,train
L9jxuiM12PdvbN7l,Burrowes eastward and the land of Thomas Greene and the,4,train,train
5RbF9LQzXtURcpOO,the Island aforesaid bound upon the lands of,2,train,train
ZSYq25WX8bpr0HOq,here of the said Peter Coffin sorts of Goods towards,1,train,train
ekNUUuwvfRTbb9x4,Henry Milles Gent and Tho Jones boath of this Island ~,2,train,train
7jhrUxHqSgr3QHZt,"said Luet Coll Richard Bayley and John Sampson, their heirs Executors",0,earlystop,val
kpbnrT68YiciIsDe,the Ten acres of land now in the possession of Christopher Gretham,1,train,train
W8r9lhWCvhGX1XID,summe contrary to the day and ye are above mencoed and expressed that,3,train,train
R6HfPQBGxbxtl8nv,Symon of the Island aforesaid planters their excers or assignes according to the tenor and,3,train,train
yatSlFGxSFYZgWdp,the intent that W:^ch the proffitts frome the same ar,2,train,train
SSRwj26r6fQ8BM0q,acquitt Exonorat: and for Euer discharge,1,train,train
Y3d8Lu1ROCbYLmqb,of his subject for paying the same that behalf being,2,train,train
UeukGvrDOVGRXeTS,fallen and unfallen land or thereaboutes together with the moyetie or one,4,train,train
eWB1JesEihS3rvHA,or for any matter or cause w^tsoever giveing and by thiese pnts granting unto my,4,train,train
p0qwcM0zGuNnGczk,nowe ridinge att ankore in the Barbados & by God's,2,train,train
js22NsYIMeGwkZUM,them and theire heyres according to the forme and effectt of this said,2,train,train
sC2ZI1VF9gxPvVom,purchased of him the said Daniell Dike Butting & bounding,4,train,train
CuCtPVsBSutTqIjh,of our soveraigne Lord and Lady William and Me,0,earlystop,val
WKyEa8wtWy2591AI,recovryes executors dues duties dmnds & all other incumbrance or incumbrances wtsoevr for any cause,4,train,train
iPWmH2tQy1KNdWRR,these pties in maner either the other w^ch together the,0,earlystop,val
ggKvBPPXVM6ztBb9,Intr 3^o 8 br Barbados second of October 1647.,2,train,train
so06UKuKMXR0upt4,In witness whereof I have hereunto sett my hand and seale this fifth day of October 1641,4,train,train
VmfbvwCFeQc7nRdQ,"all, or any othere title, charge, trouble or",1,train,inner_ckpt
b0h4Wr6FAqXjFG0Z,but more especially for the somme of vallue of foure hundred and,1,train,train
hSFPDAAww1IBHWvh,Stevens To have and to hould to the said Edward Harrison and Edward Broome,2,train,train
Mc4BVuMqbfo9R13K,their and every of their heires exers & that the plantation servantes and all and singular the,3,train,train
ArnWGhwBhsRRLFHQ,Record 25^th To all Xpian people to whome this prsent writeing shall come Francis Dickinson,0,earlystop,val
rXvkVgkwT397JBcB,of ffebruary last past for the consideration,2,train,train
2WuwF8h57zBZol9G,heires Executors & Adm^rs & assignes forevr all yt tene,3,train,train
vCaqnpSewqYgUady,or demding any right title or interest from by or under me or them In witnes whereof,2,train,train
tDuwGdmcNOag7zH7,bargaine and sell unto the said William Gibbs his heires and,3,train,train
WbWUD9VaX1QumiRz,sell alien enffeoffee and confirm to the said Thomas Ellacott his,0,earlystop,val
YYf3GK1Vh1g0LZZN,Administrators and Assignes against any other person or,4,train,train
cV7NRWoBFjWP8v5c,Delivery thereof was owner & Seized of the P^rmises in fee & had pers,4,train,train
0ZEKS9pLg7MtFroD,now resident in the Island aforesaid Merchant,2,train,train
3X8XLgUVSy8Pq3OO,& Edw: Hollinshead North road upon ye ld of Ja: Eastmond & southwd upon ye,1,train,train
vKzcNrxrQqYPZXMa,Daniell Leech Gabriell Broome and Martine Clarke another bill of sale for,4,train,train
5O1IEicLNIBPu1Qy,appointment the sum of two thousand one hundred pounds of sugar,4,train,train
h6K4p3CNd3kkPV5M,Likewise I doe freely and absolutely give unto my sonne,1,train,train
EWp9oeq7xryUVSfx,wch formly did belonge to Capt W^m Castell conteyneing twenty,2,train,train
agqoGVHJLSKoCxzD,& James & Martin Noell of the cittye of London gent all yt my pltacon sciatuate in the,0,oof,val
siYC73VEIyiB8ISQ,betweene Ian White off ye Island of Barbados merchant,2,train,train
zu7WyNEAqHCGsLBk,together wth all pfitts hereunto belonginge The sd John Hunt,0,earlystop,val
8SW0pxCNRQ3EGAQm,use to aske demand leavy recover and receive all and singuler such sume and,3,train,train
WoR1KxfyO5ycoUkQ,Excellent Majesty his heires and Successors In Witnes,1,train,train
X9iBG63d1hHjtkku,Ford his heires executors administrators & assignes to enter upon possess & enioye as his,2,train,train
gZau8VWOQ4CE5Qiw,this Grant and Confirmacon nor any thinge herein Conteyned Bee,2,train,train
Q6GobLKKErSVgYLl,I Thomas Radford of the pish of S^t James in the Island of Barbados planter,0,oof,val
BUe23HdIqp5HH4ey,and did Acknowledge this as theire Voluntary,2,train,train
KFflEKofOcIj4ykP,and void to all Intents and purposses in,4,train,train
cSTqrOdK0b3T7EMO,Lewis my heires exers or assignes or anie other pson or psons whatsoever,2,train,train
B8SjIneOUrOSPmTx,exonerated and discharged of and from all form.r bargaines & sales had made,1,train,inner_ckpt
2kNnsSVfQEilmkMF,all and w^tsoever theire attorney or any other by him to be substituted shall,1,train,train
8l8WnrYo0XH6JH9c,have put the said John Garraway to be my lawfull attorney f,4,train,train
L1LR1r9kArcFAbOJ,put my hand & seale this 21^th day of September 1645,3,train,train
mesbSOn5eKS1hzBA,n:grow legg and Joane and Little Robin guien Thomas,2,train,train
IoiXeRbPkMfAR40R,any of us sevally or respectively shall make date privdive or make,4,train,train
y87I77YXxaEedYw8,(except before excepted) to the said Christopher Bishopp his heires,4,train,train
ttjajkZqSJjqII1z,mentioned to be thereby granted bargained sould aliened,0,oof,val
X3NAdmnvJ4kQy7HB,mens plantacon & on the lewd side on ye plantacon of Wm Craven & Here:,0,earlystop,val
b7HjDFQcuzrzh7RV,& for ye accompt of Mr Roger Pill & then att ye arrivall of her,3,train,train
bfI2CRQ9fGzmFuMM,the lands of Francis Rainsbury northest and our John Morris and Arthur Warwick,4,train,train
rZvzuCiBEzxRrfXM,and confirmed and doe by these presents give grante,4,train,train
KbhzXTpKMrULcWWf,Articles made to Andrew Holdipp gent. from Thomas Evan of the,1,train,train
ZVVp7BnjglnrCAq3,exers admistrs and assignes to the onely sole proper use benefitt and behoofe,1,train,train
vSAFYSzDCA5eL3vi,Entr:^d y.^e 18.^th day yeare of our Lord god one thousand six hundred seven,2,train,train
SqmwXVUhg5diyNnK,"Know yee that wee the said adam payne, and my wife for divers good causes",0,oof,val
lUfluLO9bXkYanOx,the old bonds being upon record east west north and south but I find the,3,train,inner_ckpt
R6iYPb7MHFiHtXH6,This Indenture ^ made this twenty fifth day,0,earlystop,val
dgzOvMMwo7daS7RB,finish conclude execute and determine all and every atter thing and,4,train,train
fk4LdCXvWMzu63NM,Perce Arthur land Richard Robinson windward all which land I the,0,oof,val
4B4Tehj47iYmmIyS,services of two men all swine & ffowles one Iron pott and skellett one chest,3,train,train
OpEIfYoh4P1NexgG,To all Christians people to whom these prsents shall Come,3,train,train
3QRn6pjkjOSX0CoS,unto M^r Revell thirty tunne of baske thiese said goods was to the,0,oof,val
GVLnO1lH62DXnj7Y,be his Voluntary Act & Deed Given under my hand,1,train,train
L11gpEaHwJ4C9HnE,Singular the houses and buildings there on beinge as alsoe a,0,earlystop,val
s6xHicEjZgzl1rCS,Vaughan in case Shee happen to Survive and out live the said,3,train,train
RLhX5CDQL9Gi9FaH,Morris and Richard Steell or either of us or ours or either of our heires executors,1,train,train
18UjwtvDYnHEwEgC,pfitts commodities pvision & apptenances wtsoevr to the sd Twentye acres soe bounded _,1,train,train
USCuetcZThb2vPgR,18^o die 8 bris Be It Knowne unto all men by these prsents yt I Ben Read of the Island,4,train,train
c0r4BZeEu2vgGJCb,Bill and the Debt therein menconed of Two thousand fyve hundred,3,train,train
6JCca0D91NsPkad7,20^th Marty Theis prsents binde me Nicholas Lucas and W^m salt of the Island,3,train,train
zhUVL8RjnCjRrWua,aliened conveyed assured and confirmed and by these presents doe for my,0,oof,val
XKlA6epXFRg4vbsR,in my name and place all and every other act and acts requesett to be done in,0,oof,val
A43EdJbvVHVwJjrR,parcells of Land are now in the Possion of them the said,2,train,train
BOJEICPYOmlWesKM,of land beloning to John Turner was attached,1,train,train
VE514TqfK57aRAzM,the said Thomas Barre the Sume of one hundred pounds Sterling,4,train,train
BJFM3na03XmajYGv,thirteene acres of that land to satisfy that debt and charge,3,train,train
fqpdmfISmK05pp0b,Teste - Edward Overton - Intr utsupra -,0,oof,val
3T8vpteNv3WiYWGW,power and authority to give grant bargain sell enfeoffee assu,1,train,train
vIO1Vk2ZKi0Yn0Sz,of February in the Year of our Lord God one thousand six hundred sixty,3,train,train
1ZNkQXKXNddCzISB,ye sd Gregory Rowe my heires or any other pson or psons wtsoevr &,2,train,train
0veJ7lEuwn5Krl8V,To all Christian people to whome this pnt writeing shall come send greeting in our,4,train,train
WdinJ0Uv7WQ64dpF,George Susack Tunner of the said Vessell Richard Yarslow one of the mates,0,earlystop,val
Rhv4PHL3WW56dgyP,Plantacon take and possesse those servantes above named withall,1,train,train
343vUE2H88OizmII,hereby granted without the lett hindrance deniall Interruption of,2,train,train
UWZaMgyybh0aW1P7,ye sd Mr W^m Powell his heires Exrs Admirs & ass for evr more free & cleer,0,oof,val
vjSQ7VMxTFJC9Y97,may or might claime have or Demand in,1,train,train
VLSw3TNOBkNiYn0n,prmisses And to substitute one ~and~ or more attorney or attorneys under him with like,0,oof,val
CaYVhNs8WwmRNS6g,either of the sd sumes of wood be left behind unpaid at ye -,2,train,train
TcMpwgeGChGepnuK,same we have hereunto sett our hands and seales this 25^th of Aprill 1643,4,train,train
6I0TMTkE9dURrDlm,or more friends indifferently thosen between the aforesaid ~Richard ~ ^John Bayley,4,train,train
4djkWNdRfrCQBFMC,merchantable cotton wooll that the aforesaid thirty acres of land is not formerly mortgaged,0,oof,val
dhReAHIbNUkU7uxc,pretendinge to have anie right tytle or interest of and concerninge the,4,train,train
noLFawSfL4xG51kz,person or persons w^tsoever in the said island of the Barbados or else,3,train,train
lmbl1q6gb1RiyPY4,well cleared cotton wooll In wittness whereof. I have hereunto set my hand &,0,earlystop,val
Jw1pjbJLuWokZ90y,have hereunto put my hand and seale this twelveth day of December 1644,4,train,train
OK6oTLNp00pFKE4b,in our Lord God Everlastinge Knowe yee that I Paul White of the Island,4,train,train
1BJCFSYqRhJ5BPwl,Hollbrooke or our assignes and aboutinge towards the south upon the land,1,train,train
4Qz2qjTvIwzi6yg2,1642 Theis P^rnts bindeth me Thomas Sewell of the Island aforesaid Gent,0,oof,val
Zl9hBJ9QnnxY7QES,Imp sold the one halfe of sixteene acres of land,4,train,train
Nkxx6syAXvRMdYOP,manner of houses edifices buildings water & water couses ways & eas^mts backsides benefits,1,train,train
yTWmHPezrpjRejSz,dated the 18^th day of July 1640 - Intr 15 die mensis Septembris 1640,1,train,train
i4detMeZh3HOXKsg,beginning of ye world to the twentieth day of June in ye year of Or:,2,train,train
NvGXQiMqIApYZdMK,"Of Land & three quarters of an Acre, bee the Same",0,oof,val
2D6vMD3J62nousGG,and manifest unto all Christian people that on the first day,0,earlystop,val
xCSSbM0dGxKLTeZs,of partnershipp from the other Then the ptie soe determine to breake,0,earlystop,val
VqlG0AQAMdzlufuF,and Island aforesaid the receipt whereof I doe hereby acknowledg,4,train,train
xJ4ep9Hc9vColhoy,sell assigne and sett over unto y.^e saide James Thorpe his heyre,4,train,train
BGvdCrxgdPyU7Bms,title or Interest in any of the aforegoing prmisses to the true pformance,1,train,train
xMO15SbHjAITbaMd,To all Expian people to whom this prsent.,3,train,train
ZMTVZcaqGNytzQxi,the law being alwayes saved unto him when he shall improve the office of that,1,train,train
gg5hfS9d6SHxZS3e,To all christian people to whome these presents shall,4,train,train
v1v7RE6EZcPiEjOD,12 die Junie To all Christian people to whome this presence shall concearne Know,4,train,train
6Yqpt1KPtWQAvi6B,charge of Stocking building and repaires of his Said two-,2,train,train
uPeCDRHwi41XJOLl,examined the accompts on both sides and consider the same we therefore award ~~abovesaid.,0,oof,val
1IBeZ421t05ilM5o,ing any right title or Interest unto the same lawfully,2,train,train
37E5BATnl2FQLSTd,so ever In witnes whereof I ye said John Ramsey,3,train,train
80WGNlTG5Mh5tRn0,"prove the Said Will, and did take upon them the execon",2,train,train
p4fRXp9utROMSbhs,quantitye of tenne thousand pounds of cotton to me in hand paid,2,train,train
rHWImyiAL68AfASm,Articles of agreement made and agreed upon,1,train,train
n0Wl8s2tHpqnY3G6,"houses , Ediffices and buildings and all that peece or parcell of land or ground",1,train,train
BuakYrLhzYpacLYS,buiseness although I am desyrous that all things that I have hereby impowered the,0,oof,val
Y9GsTDYv2epVWqXc,To have and to hold all those three acres of Land more,4,train,train
3qzKr9H1X0sTU4gk,hereby granted erect build Sett up and bring upon the hereby,2,train,train
98xFqctb8XxkVQSF,"ner of persons whatsoever, lawfully claymei",1,train,train
U9msClRel9lVGhyc,pretending any right title or interest therein - Further it is granted by me Edward,4,train,train
FHXdHOGWUA6TTWBW,of lawfull money of England if the same be lawfully,0,oof,val
pm4ks2pz6kLBiaZI,know ye that I Leonard Plumer of this Island of Barbados Planter,1,train,train
6LAuYAacY7O6X67o,Said Island by the request of Captaine Richard Barrett and m^r Richard Morris of the,2,train,train
FWiyneKLYWwV5Py5,unto ye said Captn Jeremyah Hame his heires Executors Admirs-,2,train,train
yvdq90qlCeF7mNzl,Suffer no quietly to receive that moyety of the Customs due to the Lord Francis,2,train,train
bQr93mpSCZaPc3K1,of theire goods or Estates in time and place as right shall appertaine,3,train,train
OJtuqPDbTO1uaObw,"for Ever, one fourth part of ^all that plantacon Scit",1,train,train
49Y8hZ7t7sgwRlLH,Francis Hickman doe for us our heires and assignes covent and grant and,1,train,train
JySqF9qa4X4hM0jO,and negroes of and from the Severall Legatees the,0,earlystop,val
0mqbB5m2yIbe4NMc,Shall have and hath hereby free liberty to Sell or Exchange any timber or wood,1,train,train
Olicgej41Y1E0ZaU,"Samuell Coward and Cap:^t William Martyn, And West",1,train,train
Vzg5jk3j6IPpPTOb,Sett my hand & Seale this 20^th day of Aprill Ano Dom,3,train,inner_ckpt
kPAzLmp1weo98ri5,Esqr. in hand paid and satisfied of and from all which I doe by these ~,0,oof,val
gvtuikU8BYO9FPul,his heires exers and assignes forever In witness whereof I have hereunto sett my hand,2,train,train
BInQlEimJy17x1Aj,their heires exrs admrs & assignes for evr & I the sd Tho Clarke do for my self,0,oof,val
euxcjMUOZ4gyGUfv,"and assignes by these presents that he the said Isaac , his Executors ad",3,train,train
JugSMoVMoiDSkWFl,"This was affirmed and witnessed upon oath by Daniel Emott , Mate",3,train,train
7AmR54qrrnuZMyOP,day of October in the aforesaid yeare of our Lord (one thousand,1,train,train
u3b4JNo5bqpfE7Js,was given and delivered by the above named James,0,oof,val
bP7FUhvfg8zKS8Ry,Shal be made by the foresaid p'ties w^th helpe of the fores'd Langline,4,train,train
OPkstD33wAm3eZZg,John Parris his heires executors administrators and ~,0,oof,val
8N7HXIxOkShFJMuv,1 1 2 doz: Pewter dishes or platters 1 1 2 dozen of plates,0,earlystop,val
rh8o7bdCGOIBFPwH,the Island and adjoining upon the pltacon,3,train,train
UlKTlFB6s2bur1ER,Raynes and his heires for ever freed cleared acquitted and,4,train,train
gSRuO29rOsFt1Fpp,of them freely and clearly Exonerated Acquitted & discharged,3,train,train
PUdqLhSHFl5Cs2kc,abovenamed before her departure from the Island Barbados where now she,3,train,train
qWTcMzVv7Wi7RA0e,Memorand: that on the day of the Date of the above,4,train,train
iUo1aWbtDRUIBIy0,To have and to hould all and singular the before bargained premisses with th'appurtences,0,oof,val
CDtrEoWxOnwXjtC3,of money goods wares merchanizes as aforesaid and for me and myne,1,train,train
ybHdxwIi0RiAjWm7,"him there unto moveing, but more Especially, for and in-",2,train,train
tMAnF6JGefK15nH2,Carpenter M^r Arnold Gould M^r John Cole M^r William Bourne,4,train,train
Tbs70EM6qfiZ6Pp5,hands and seales this eleaventh day of December 1640,2,train,train
FTDi9TG3HhSnDEcV,menconed and exprssed in there several schedules or inventories unto ye sd -,0,oof,val
xvDyStDxA2P2X17z,thereof Doth hereby Acquitt and Discharge the said George,4,train,train
mwMsIlO63Yi6qxis,benefitt and behoofe of the Said John: Holder and his,4,train,train
BEqypcdb6M01LGrR,appear Now know ye that we the sd Anna Cornwell & Grace Degennes,3,train,train
d6XfPKoIVU27c66l,nyne as alsoe another bill of fifteene hundred pounds of cotton beareing date w^th theis,1,train,train
djN5Xq04IWatSBGH,ccon disturbance interupcon Claime or demand of,1,train,train
SXNZ5kUCcAxRUpCN,day of July Ano Domi 1640 - Intr XVI die mensis septembris Ano 1640 - And the bill of sale,1,train,train
X8eYlgiffdhHD9Gc,and grant and covenant to deliver unto the said Thomas Applewhaite,1,train,train
7SUEVOQOpMAx7kE7,and demand whatsoever of him the Said George Hannay of in or to,4,train,train
CiTAYq2kOZBejUh6,to have plantation provissions such as the plantation produceth for,2,train,inner_ckpt
pyseFPAu9SKib610,"called Peeter, Robin, Nick, Mary, Phillis, Priscill",1,train,train
540y3NCvDv2YxqzY,six hundred and seventy and fourty thousand pounds more,4,train,train
95JcLlqkGF7v4Dif,and incase the said negroes goods wares merchandizes effects and other things,3,train,train
xC7aIldZbqIcAEuE,Willm Stoye doe for me my heires Execrs: Adm^rs & assignes wait the,4,train,train
qrnDdzUyfIWC1P92,a valuable consideracon to me in hand paid wch I ye sd John doe,2,train,train
A1QQdem0WGjUrflC,the full and juste summe of Funteene hundred pounds of good well Cleered,1,train,train
EfkPD3PS7A8mVOJ7,Lett trouble hindrance molestacon deniall interrupcon eviccon,3,train,train
zFqR3L87KNdjd0oQ,Sonn of the aforesaid William Merchant on the other part witnesseth wherea,3,train,train
XEhKI7wvRtzdO9Pf,of tobacco in lew thereof and noe more It is ordered that Xtopher Nevison shall,0,earlystop,val
PBQMm03hngY2z53t,use and behoofe for Euermore In wittnes whereof the,4,train,train
ZiZWgpelxejKZpXf,any other pson or psons whatsovr claymeing or ptending any right title,4,train,train
4qNiElGdNamh3CJ3,wch either are or may growe due with in the sd :,1,train,train
d97kwy9Ydcshm5gA,& appurtenances or thereunto belonging to him the said Daniel,4,train,train
spu7CIVYP6r2uNbV,presents doth fully Clearely and absolutely grant bargain,1,train,train
wvyfJmj08BUj1fnI,"and Jane his wife, Send Greeting in our Lord God everlasting -",4,train,train
Y1oYwoioBBfGwcEz,doe belong and apperteyne unto them and for sundry other pposes in,4,train,train
kXXVzJAwWnA5MruX,pounds of machantable tobaccoe for ye better pformance of the above said,4,train,train
dw9ge8uTEMsjpH8F,such house hould stuffe tooles and stocke as are in sehedule exepreped,4,train,train
EZAP4ZkhiSUd82kg,freely and cleerely acquitted and discharged of and from all former bargaines sales,4,train,train
HWLoLuYn7bKAKZcA,and with the said Robert Gibbs his heirs Executors Administrators,1,train,train
d3IR5RXi6O5mfCWe,and others windward To Have and To Hould the said pcell of land,4,train,train
MLxbHPNerTkSoSoa,said Henry Fee or any person or persons whatsoever only ye,0,earlystop,val
RUoYv1AfhJGSWja9,"in Carlile Bey Sends greeting, Know yee that I the said David Robertson",3,train,train
IOxDWxCLb4oZUozO,Secretary did at the same time in the said Secretaryes,1,train,train
K8ffUF0eWIXiiQE8,Mortgages incumbrances dues & dutyes whatsoever and from,4,train,train
1qmhlQZK2d2W7JDP,all and evy other act and acts things wtsoever needfull necessary or convenient in,0,oof,val
qqH40JvsIEX8vpgh,bargained p^rmisses to the said Thomas Batson his heires,0,earlystop,val
sIT2zuknXcIasu1n,The Island of Barbados sendth greeting in our Lord,2,train,train
CWX4uIjzHiUPNxdI,King of England Scotland France and Ireland,4,train,train
Kz5iJqbDZBRPQLZv,and noe bills of Exchange sent ^ for England as aforesaid then and in such case the,4,train,train
KxwfelTXDqEqW4CP,To all to whome these pnts shall come John Machen of the Citty of Bristoll,3,train,train
RZzUk1D6iNIb6zLK,To all Christian people to whome these prsents shall come greeting in Our Lord God Everlasting Know,3,train,train
gzmjFOb9mPrKhqg3,for and as his voluntary act and Deed Hen: s,2,train,train
aO980ubOx3cZVuRC,of the said shipp the Johns adventure and her tacke furniture and apparrell,0,oof,val
P9tEpZZRztDeSdkC,to have and hould all and singular the premises with the apurtenances unto the above said,3,train,train
9kgdxnPmBV4xerAP,given granted bargained sould alienated enfeoffed and confirmed and by,0,oof,val
riOtNIfGPkL8LjkQ,and Stephens Gibbs a certaine pcell of land conteyninge twentye acres of standinge ground,0,oof,val
ysDMVtR1CoJAs2Bm,To have and to hould the said demised prmisses and every pte and pcell thereof,0,earlystop,val
WvRMZ0cyEWnKAntR,penall sume of Tenne Thousand pounds of very good tobaccoe well,0,oof,val
HTQfHh6gZ9MNrlJh,the pemisses granted bargained and sold in These,2,train,train
z2i2sdx5J9daTJ0w,W^m that he ye sd W^m Hargrave his heires Exrs admrs & ass shall & may lawfully,0,oof,val
LtK0F9624Q5liVd8,in the month of August next and further declair that they would,2,train,train
txyZ63mYz3ENGGRZ,yeare one thousand Six hundred & Ninety and Six one,4,train,train
aVTe6fJsU1J6Lww9,unto the said William Thomas his heires exers admistrs and assignes forever and to,1,train,train
6RfxfZH75ZWfDIGj,especially moveing have given granted bargained sold alienated,3,train,inner_ckpt
jyJM5oor5TGQ72BQ,did it he was Executor In wrong and actionable as a tresspasor,4,train,train
2cdfCaDJ98giRTNs,to the sd owers & company by breach of his covent &,4,train,train
QXsgKYaACO5YQ3eb,"houses Edifices, buildings Easem:^ts Profitts priviledges",1,train,train
A0iS8DqvzBMJoRNO,wherewith I acknowledge myself fully satisfied and,0,oof,val
GGwWCJCH6lY4H82a,God Euerlasting Know yee That the Said Edward :Yeamons,0,oof,val
Hqb4MdJdRxgka9Ha,and admistrs doth covenant promiss condescend and agree that it shall,0,earlystop,val
94t3dQgGikUWEkad,Ja: Ranton Eastwd Hew: Roberts Northwd & Southwd upon ye cliff & -,1,train,train
NCMmv3Htnq5kmgqK,(being privity examined) did acknowledge the,2,train,train
suaYMkQOGZz4au9k,said John Broadhead & Thomas Smith doe bind us our heires Exec^rs,4,train,train
WyB2fW66tMIjJUlq,Whitney of the Island of Barbados planter sendeth greetinge in our Lord God,1,train,train
dUkR6ecLp7AFUU7A,St Johns in the said Island butting and bounding Easterly with upper part,2,train,train
TYxkNBqpOuiigEmi,bee found This funerall right and charges together,3,train,train
QfmOcnbCXy2yeEay,five months and twelve days from hence next,2,train,train
EcguequVLKjbg3zB,To all Xpian people to whom these prsents shall come greeting,1,train,train
DMqXRRRRo0oWFN21,members & apptenances to ye same plantacon & land belonging,4,train,train
HjhxtxtsFbYjjYLA,or wch shall or may lawfully clayme any estate right title or interest in ye,2,train,train
VA3my5oeELFd4Bjn,too make seale and deliver and attorney or attorneyes one or more under them or,2,train,inner_ckpt
ecQoXsf2o3gyrDO1,And in default of such issue Male to be begotten as aforesaid,0,earlystop,val
kPNcKPRPz9Wv9YBg,To all Christian people to whom this psent writing shall come or any wise appteying of,3,train,train
lGFgeDZh9ZBx3n9O,"other whatsoever thereon Standing, Lyeing and",3,train,train
XJOANO9yBTa2NAnw,yield^ing and paying therefore yearely and every yeare dureing all the rest,3,train,train
hRbpxFMCl93ELJww,Stapey and Edward Drake to and for the onely intent and purpose that y^e said Edward,0,oof,val
azPlROYpxdSr4bQ5,houses ediffices buildings profitts benefitts commoditys easements ~,4,train,train
At9rSOKh69umYjUh,Aprill ye nineteenth 1654 then I gave posses-,1,train,inner_ckpt
c86xUC5kFxBjZ453,Merchants for divers good Causes and valua,2,train,train
UfYEYQNekGyW4PWG,die 9 bris Be it knowne unto all men by theise pr'sents that I Thomas Batson,2,train,train
Y4HzzVFg7wuqrA4b,To all Christian people to whome theis prsents shall come,4,train,train
JP5jNnH1qsV9chpt,the mayetie of a Plantacon late in the occupation of the sd Michaell,0,oof,val
f7JWK1HEvxFL3QI2,heires Executo:^rs and administrato^rs: forever ratify Establis,1,train,train
YmlajOc1YpkzuaKE,this 28^th December 1658 psonlly appeared before me Nathaniell Thornton,4,train,train
pfQo1Rk0NIJ35DfY,administrators and Assignes give grante bargaine sell,0,oof,val
zQSrZsP0fXhgQTNF,land unto Edward Lake Eldest sonne of the sd Mr Lake & there was,3,train,train
msoxltaTIircdJsS,binde our selves our heires execrs and admistrs together with that our plantacon w^ch wee lately,4,train,train
hFN8PwCSBbksUmEw,seale bearinge date the eight and twentieth day of November 1644. To mortgage,2,train,train
kKpK12yR5IvyWViY,other pson or psons clayninge any right title or interest to ye same or any pte thereof,4,train,inner_ckpt
gbIcQ6ecZn0bkl4g,Portsm on Piscataqua Juno 27^o 1668 for 5266,4,train,train
tgsptsz5klZGbVFq,"before the Ensealing & Delivery of these Presents,",4,train,train
eventWQyxdITQAuS,the said shipps hire the said Appearer further,1,train,train
JzAWIcVQ9v6JccdT,promise and grant to and with the said Robert,0,earlystop,val
J3ZY5fFgDuk7sker,Ented Know all men in by these psents that I Stephen Howe of Darham in the,0,earlystop,val
bO9QgncZi5axXAKI,the said Mary for herself her heirs Executors and administrators covenant,3,train,train
YRdcTS1AprPDtOXR,the date hereof In Wittness Whereof the said Benjamin,3,train,train
mzveuvMFnSVEhrDc,the same to be recovered against him then or any of their goods or Estates,2,train,train
SXsuy7Issi0yomn0,to virtuall and man his and are to pay freight on,0,earlystop,val
qSiKl0PLh9QpiTco,of January in the year of our Lord God One thousand six hundred sixty,4,train,train
EFxKnxYJBen1XtfF,gifts writing or Contract whatsoever any parte or,0,oof,val
GmLW0M416cgx4aXQ,witnesses whose names are on the other side written,2,train,train
myFAGP8XEN9BEQty,of theire Appurtenances to the Said Samaell,2,train,train
spdp09SWkxcVWkFq,Island to mee in hand by Samuell fford and James Cole of the Island,0,oof,val
68oegBchwy2vp44K,"And by these presents , Doe giue grant bargai",2,train,train
vYfu2mBX8SAnCC2J,and John George all the right tittell and interest w^ch I have or might have,0,oof,val
D7Mhgjsq5lfeF2x6,and sedule bearinege date with these prsents Witness whereunto I have sett,1,train,train
xmDTodTYrnD5AnhH,Edward & Anne Porte of the Island of Barbados For divers good caus,1,train,train
y5SvHcsBWrS8NIKY,ye aforesd demised seaventy acres of ld with all privileges pfitts advages & -,1,train,train
FDyW22kvuankOw1a,the sd Christopher Herinson ^or Nerinson doth demise grant bargain,0,oof,val
2poSTDlcMrJrfVmU,Island aforesaid Gent by the last day of August next ensueinge this date,4,train,train
tM5D6cpTucAFuDGN,Island M^r Joseph Cock Comander of the Kelch Susan and Mary of,2,train,train
lBYF2immMMaRZF2z,ministrators doe covenant promise grant and agree,3,train,train
l063vbDUyBBc7yKP,hold the saide Plantacon Lands tenem:^ts negre,2,train,train
SVluJ44eOV1581q1,& att all tymes hereafter forev peaceably & quietly have ~,0,oof,val
13pQPV2nSeeFdnaQ,houses outhouses edefices and buildings profitts and comodities there unto,4,train,train
gYA8FtpnJdbw4qwR,servants w^tsoever I shall send or be sent unto the Island of Barbados or in,2,train,train
YXihu6wNMB3Eiu7B,att the tymes pfixed in the severall bills that then it shall and,2,train,train
oXTjLStwRDHB866F,by these presents ; In wittness whereof the said Walter &,3,train,train
hocBeaMWj54igzJL,make use of any timber or timber trees or other,2,train,train
3vvacXumVuEY62OO,"ing the Said Terme of Tenn yeares, well and true",3,train,train
XRRpqOq44BAzgcwg,theire owne proper Cost andCharges plant or cause to bee planted upon some part of,2,train,train
0z7Z59DyN3LPlqkC,whereof I have hereunto sett my hand & seale this 15^th day of,3,train,train
dsgpzFDE9yFMxZLQ,as they are now in my possession by name Dick and Joane,1,train,train
OOkbONklvlhlXX0o,Singular the premises with the Appurtenances and,3,train,train
2FwCdxn0lcKTpyeo,Delivered by y^e within Menconed Edwyn Stede to,2,train,train
HXQ2351MEhrRHUOb,8 bris 1647 of Barbados Gent doe confuse myself to owe & to stand truly ~,3,train,train
w2SeLJdCa1XR5iDU,Councell of this Island of Barbados Now Know Yee that,1,train,train
GEFkleWBRtg73CvO,This bill bindeth me Richard Allestree of the Barbados planter to pay or,3,train,train
VuSbNCLXnqR4r3ie,assurances and conveyances for ye more sure makeinge holding,4,train,train
QirrDMYOugoobTuo,said Capt James Futter his heires and assignes for ever twentye acres of,0,oof,val
WWHAYoiZBA6A5D82,tyme of the said tearine above lymitted as she may bee conveniently Ended and,2,train,train
FqhTkuo9eQmEQNu2,and twentieth day of March in the nineteenth year of his Reigne,0,oof,val
xbqy3aEbQcfs2P6r,Appearer and his Company so destitute of provisions that they,0,oof,val
uqN7JeJrr9aM3pI8,the same to bee recovered against them or any,3,train,train
7Ei4U1aODW1oJ3T2,us hereunder witten as wittnes our hands this 19^th day of ~,0,earlystop,val
IZoWOOJLunpCyJqh,sd John Lear all wch sd prmisses wee the sd James Fuller,2,train,train
tbsyltEIBRUmYw1C,London the 26: March 1669. ffor 100 Sterl:,2,train,train
4kJHoznTvI8dQxWn,Their heires haveing or lawfully Claymeing to,2,train,train
Fwg9lqEBraadyHCv,hundred pounds of good and well condiconed tobaccoe made up in,4,train,train
hKEIOZXLyI4eiyzA,"Deed, the said Elizabeth acknowledging",0,oof,val
VO21eVMkK6yYPNjh,my name & to my owne & sprat: use & behoofe to aske -,2,train,train
fw7lp5IzCyEmIXQl,63 by these prsents demise grant Lett and to Farme sett all that our,0,oof,val
OHKJ13lyatfJ2aW8,now know all men that wee the s^d William Tranter and Robert Atkins,1,train,train
KN3EQ5qMZZRdWnOX,Banfeild hereunto Especially moveing Hath ~,0,oof,val
XvlEjHDVybUpjaG6,To All Christian people to whom thise present writing,2,train,train
IFTKtE0bxvRhALtY,in my behalfe Alsoe to sell Carter and dispose of my said goods Either for cotton tobacco,2,train,train
JY5Qoovx8wzpGxLJ,This Plott Represents the for ye of part of I Ground,4,train,inner_ckpt
HUV2Ush1Y2DhwLtS,James Fulcher aged twenty four yeares made oath before me that he,3,train,train
69p7rZuelMHjMPVq,before the moneth of November which shall bee in,3,train,train
qvCMjoizFerVQIvG,of sugar and one asneko to us in hand paid and delivered,0,oof,val
KlyPyxLP51eHqy6o,admistrs covenant and agree to and with the said Edward his heires excers admistrs,3,train,train
VSC9FEb3CLpmsK11,To all xpian people to whome these prsents shall come greetinge I Thomas Watt,3,train,train
1BlKycOk8YTM2B8P,Sidney at the suite of wee the s:^d John Harvey,1,train,train
ysyrUA18EyqDJ0wy,This Indenture made this 23day of June in the 16th yeare,4,train,train
rEiyj3K8cujNfG0X,lands of Patrick Fox westward on the lands of William Sandiford Esqr,1,train,train
sehA3rnrWSlt9QT1,or Assignes paying unto Margarett Cagan Daughter of John and,1,train,train
Rjcz7IiK8PL5UqvX,of the Sume of five pounds Sterl: money to him in,2,train,train
h2R9mjajbzfSnNZO,"bargaine , Sell & Convey all & Singular the bef",2,train,train
ZjCUgHoi2j7Rr5bk,To Mr John Reid This Collector In Barbados,3,train,train
MMstRgEevrOu3rqP,James Comerford to serve till the seaventeenth day of March 1642. Christopher Bailey,0,oof,val
6x6uZheB1nZMPCfs,"and seale ye seaventeenth day of December Ann, Dom: 1647",0,earlystop,val
jC3LYWViPYtzpjb5,To have and to hold the said parcell of land with the breath aforesaid,2,train,train
FDwWTjwT3PDjoe0y,ample maner as the said Elinor Northy doth now hould,4,train,train
t78qy0NnYKNTvpfZ,Ano Dom one thousand six hundred forty & seaven,0,oof,val
tFI91ZC9bcvdvYUc,and admistrs Together with ye storehouse where I now live to pay or cause to be,0,oof,val
y6DBNH5E1ec1hsNt,"dowers, fines, Issues, Rent charges, or arreara",4,train,train
HuVNG1r8qr4cJJQK,This Indenture witnesseth that I Edward Harrison,0,oof,val
BvTl2Xitz2NzHZv8,James doth hereby give and grant unto the Said Margre,4,train,train
BU7IrN4RM2C3UZC0,Sealed and delivered in the prsence of,4,train,train
7K3SIt6JQtg5zW7c,executors and administrators covenante promise and grante to and with,1,train,inner_ckpt
VFwAvCFLKZ2dyhG5,of Land together with the Said thirty men and,0,earlystop,val
x2ebSR0ZWMT3F96j,hoofe of him ye said Edward Shamon his heires,4,train,train
APmOaxyMvP9PWA6l,"and on the Lands of the Said John: Booke, together w:^th",3,train,inner_ckpt
Up5Js7uPpP8fLGWd,Issues and proffits whatsoever of all and singular the said Recited,2,train,train
85QhQi7IOUFfYSv3,Barbados Knowe all men by these presents that I Captaine Francis Steward of,3,train,train
XEhx6eusUFtBNhhD,mentioned in manner and form as followeth that is to say to Christopher Neverson,3,train,train
c6UBKLZPmMMqvec8,tree upon y^e same Standinge lyeinge groweinge or beinge,3,train,train
crGEocrxhLquvVGA,Stephen hath hereunto put his hand and seale,4,train,train
Lsheu7397XAncjLu,one hundred pounds and fiftye of Cotton neett for the use of the,2,train,train
JumTzaXOgEs7oSbq,any other incumbrance or Incumbrances whatsoever and wee the said,3,train,train
pTGrA7IKxccKETxh,heires and assignes in the penalty of eight thousand pounds wt of good merchant,0,earlystop,val
aoscld96F3oBeFtu,of the p^Rmises by livery and Seizen In,2,train,train
ztDVKMI39rzbWRuG,have hereunto put my hand and seale this 24th day of July 1641,3,train,train
HjJV9Fio5RO2jtOt,severally joynt and severall yeares excers admistrs and assignes covenant,4,train,train
JJQXnsecoqfrfmWe,Anno Sixteene hundred and fiftye lying in the Parish of,0,oof,val
w8ny1LcQUjyWPf9e,assignes that ye said W^m Daniell his heires exers admistrs and assignes,3,train,train
njIa6OVNsrJxGyk1,this day appeared before me William Johnes and Nicholas Hollie and did,1,train,train
ZlB14AiurFXG5dRc,in the aforesaid Towne of S^tt. Michealls. Extending from the present,2,train,train
gWRa8FIM2RcOEIBK,Hundred pounds of Sugar P Acre which amounts to the Sumee of,2,train,train
qbHWR1QSJkjodLvG,Come Consigned to us Jointly from any person or persons whatsoever,3,train,train
CwfudMPmLHoY7Xrm,former bargaines guiftes sales grantes leases feoffements mortgages judgements,3,train,train
cXQyS96TFprMLydg,Christo Codrington of this Island of Barbados Esqr for divs good causes,0,oof,val
71uVMT3MrDuQESBn,"Shall and will pay or cause to bee paid all the debts now owenig , and were",1,train,train
MCpYlDGPhZM1v366,nowe with child and to ye longest liver or livers of them thier heres or,1,train,train
EMV9gMy14NZQdM3e,Late Wife of the said Thomas Bartlett bounded North,2,train,train
MiWiGODWCQCj3Uuf,1647 ye Island Barbados sent for divs good & valuable causes + consirderacon,4,train,train
YLsuD6VqcvWhMQOK,who upon theire Oathes upon the holy Euangellist of Allmighty,2,train,train
dSgQLeE1M3kbjxjf,bargaines sales guiftes grantes leases feoffements mortgages condempuacons,2,train,train
pvc9AiedHsceu3E2,"before the Ensealeing and delivery of these p:sents, well and",4,train,train
UL4uKVDSEkTSgyJH,4 Steeres ~ Paid Carpenters -7500 Tobaccoe pd Lawyers 3200 Tobacco,2,train,train
GpybFUz8xWITgCoK,To all christian people to whom this prsent writing shall come I Charles,3,train,train
D1dAPJP1aj3B0LQm,said foureteene Acres & halfe of land together wth all pfitts,0,oof,val
taRKyhVCdKLG8Cne,"was present when he owned that he was fully Loaden, as in my",3,train,train
Gk4RVw5UbHuvLlvY,with all the said Negroes in the said list specified vnto the said Richard Barrett,3,train,train
ZEKHXEk64HFm0ZSe,their or every of their rights members priviledges and -,3,train,train
P3BeMsw0GJEc732E,part or parcel thereof the Invacon of the forraigne enimye excepted &,1,train,train
hxcWILug6sySoYP7,"there to apperteyneing And alsoe two stills, still heads &",3,train,train
Wa3GYoo8H4i1VywB,"and his Heires forever, eighteen Acres",0,earlystop,val
0uBeAe2LDmJqYq9X,and demands. whatsoever In wittness whereof. I the said,0,earlystop,val
32605K4Fi1rvjJrh,to the said parcell of land or ground belonging or in any wise,1,train,train
2InsqdtKzZoNV9fT,acts thing & things whatsoevr with in or aboute the pmisses shall be needfull,1,train,train
7gfQ3dsaJoGqpVD2,of their Mortality p^t and parte like and I do by these presence,1,train,train
5uF3MIflmG9DJ7Tb,thereof upon or before the twelveth day of May then likewyse next ensueing by the,3,train,train
AAUCVW2HAez5oYoW,this Indenture under this thirtieth Day of July in the,3,train,train
9EkaqCzEBy6yTcIi,Lyndsay & soe to run to the seaside from the land,2,train,train
fmGcACgpdDTovfd0,these presents doe give grant bargained and sell assure and confirme,1,train,train
7i97uwT7kmw69zgD,Condiconed tobacco well made upp in rowle to pay or cause to be paid,0,earlystop,val
ZBVJjAhegVsDy75k,"of an acre of land, with one full halfe part of all",4,train,train
LiRXmqiAJmttftK7,syde And in case default shal be made in payment of the said some att the,3,train,train
puiTYVFR8BZlYZwv,"~Add~ Anderson, To have and to hold the afores",4,train,train
nXZoDfDV67aIB01t,hand payed Have given granted bargained and sould and by theise,2,train,train
qfrrFrPnUi7V3HVh,the sd James Noell Martin Noell & W^m Seaman doe for them & evy of,1,train,train
jP8UlChLQ0kAbWi7,hould unto him the sd Richard Vines his heires,1,train,train
drcLwoThq5YfYLBh,unto the same belonging arrisinge accrewinge or appteyninge to have,1,train,train
Gk4aEhw7tJfJuhoo,"in considercon of the sume of one Hundred pounds sterl, currant money",3,train,train
qISmAlIf3V8mshoY,of me the Said John Redman my heires orassigne,4,train,train
PDj1S5WmTa5YGZgF,Island of Barbados before me Richard Noke Deputy Secretary of the said,2,train,train
u39hfeqkUqhksSZG,pounds Lik money at the begining of Every Six months from the,0,oof,val
7gSIGxAVzAKvtfpk,pnt give grant grante bargaine & sell aliene enfeoffe & confirme unto,2,train,train
ClcLRzhcZlWmDlBt,daughter Elizabeth Heyton wife unto Will^m Heyton,3,train,train
XwgzmvieqOWVfVla,& also take bond & accompt wth the said Ralph,2,train,train
PuQrT7KQ0b429iKt,have sett their hands and seales the day and yeare first above written,1,train,train
B3LF272aHYwAW2Cu,in ^hand already paid by Henry: Dorne of the Said Island of,0,earlystop,val
iuW7izXu5s0RU3BM,deliver and procurators or attorney one or more under them to substitute,0,oof,val
O1PfDkb8p9uELyw9,Have and doe by vertue of these presents freely and voluntary,4,train,train
kyElHcaE8jTFk0aU,& Estate belonginge unto ye children of Captn W^m Rayly,2,train,train
eGVxwMtaUCLNZ5jo,ye younger Attorney and factor unto Sr Nicholas Onisigs Kent,4,train,train
Rz92ZJxfYzaqIhDx,lawfully clayminge or pretendinge anie right title or interest therein And for the true pform,0,earlystop,val
CtyaslLp7D9gEUJ6,Know all men by these presents that wee Cap^t: George,4,train,train
sqmcbNfd8MQ51n8M,seale and deliver and all and every other act and acts thinge and things decree,2,train,train
uDMih4ThyivbzSZL,Comander of the ship St. Robert and company did plunder,4,train,train
zwIfjZMibPxKU7kj,difference or by cause of M^r John Quarless his from the begininge,0,oof,val
HuHf4M1n9k8O1rTj,Samuell Richardson his said heires and assignes pay and discharge to the,3,train,train
rMNmYemAFwO4Fk31,"and timber trees woods and und.^r woods, with all other the -",3,train,train
gZTYL1EmGfQU3ZRK,Said Plantacon as formerly and allso accomodation,0,oof,val
5QXHPGkXWezPug3e,whereof I the said Phillip Enos have hereunto put my,2,train,inner_ckpt
9cCJ5RJR4SAKGV13,in ye pishof S^t Michaells neare ye place,2,train,train
WpauETXxStmDS3da,ministrators that he ye sayd Robert Jarrard his,2,train,train
yFxcfTtBHpPhrzxa,By this publique Act and Instrumts of ptest be it knowne,1,train,inner_ckpt
ZyAi3AlpuSWKy7ax,execucons extents statutes staple and of the merchants and from,0,earlystop,val
cgHXQVtbKWtO5num,in my place putt my well beloved friend in Christ Robert Ared Gent of the Island,3,train,train
udnQeatTPLCMfqaE,Ffeb^ry in the yeare of our Lord one thousand Six Hundred Sixty,2,train,train
XjuCV0kFpO8tT04A,"of and from all and all manner of forever and other gifts grants, bargaines, sales",2,train,train
UmfAca6qWdl6EkJ7,assignes to formely by these pr^sents dated this 29^th day of August 168,1,train,train
Oy1Km9n4pWkLLJBw,forfeiture of seven thousand pounds of cotton Dated 13 July 1640,3,train,train
SdPy7BVppEc60xOT,Purchased of W^m Gibbs with the half of eight servantes with their severall,3,train,train
CZZoOwkZAoxMxfEZ,At the Request of Bridgett Usher I have Surveyed and Measured,2,train,train
3iWJWzFR5Gv6f9wR,of which said Acco^ts and Matters the said James Kendall Esq:^r is found,3,train,train
SQGRLf6d6wY0rI5X,Clorgey Thomas S:^r to John Couburn _ _ _ _ 196,3,train,train
UPDVV4FokZzsp8bK,Just sume of foure thousand pounds of machant able cotton or tobacco,4,train,inner_ckpt
zBqPlEpI7TBOM2z1,all duties and taxes to this day oweing or belonging,2,train,train
GoNsIWYStkjAPBmf,Suggar in hand Receaved of and from Nicholas,4,train,train
LacYGRQHLjuX6YI1,yeare of the Raigne of our souveraigne Lord Charles,0,earlystop,val
HicggXrQ3b0yZwkS,of this Island Carpenter for divs good causes & consideracon,1,train,train
mQVgQmjTqVvi2SC8,Easements proffitts comodityes Emoluements and advantages whatsoever to,1,train,train
JTsliLXyZ3W21Avg,"for that they nor either of them, nor any -",3,train,train
esXaLJlfkFclphJM,deced the twenty day of July (1676) and the charges amounting in the whole to the,0,oof,val
pw8jI2CHNFgxU5mw,A boutting & Bounding on the Lands of Coll Tymothy Thornhiill,3,train,train
nJRIommgPuYQ84Ug,and quietly have hold use occupy enjoy and reape the proffits,2,train,train
3LilQldxyiPbg9QV,up in Reath & Roule Due to be pd at or upon ye fyveteenth day,1,train,train
wuI2FdZL99rOSdrj,doe give grant bargain sell alien & confirm unto the sd,2,train,train
1OQyYV09ehJBG33b,the same And in witnes whereof I have hereunto,4,train,train
Tnz6pJuXsyDIPwtq,In consideracon whereof the said Peeter Halloway is to pay or cause to be paid unto the,3,train,train
bWa40fopd11ROkUh,Richard Pecocke my heires Executors and,0,earlystop,val
WB2IhXfKpNF1Ifr8,to the said appeares according to order of the owners of the said,1,train,train
N78M3v6GKmUzF7sk,Barbados July: 7:^th 1693 Exchange for 100^p Sterl,2,train,train
IUKKNzkyMDYaHoIB,Carlile was likewise for want of due informacon omitted in the said,1,train,train
BAd9u3XLGAYWCICr,Severall letters from George Cook Esq^r and Company and told him the,1,train,train
yb8YGk8SIMzFUVOf,With appurtenances unto the said Richard Hackford John Smith,0,oof,val
Tx3bgo4Kh6KmHDdC,and Thomas Power Merchant of the said ship,4,train,train
A2lpTywdszc8jA6P,unto him the said Edmond : Lewis his heyres EXer^ Adm:^rs and,4,train,train
zEiQLXkxt7n3XO3u,procurements and now I the said James Townes hath sould with the,2,train,train
yXqQdrf7jObOL3gh,Sealed and in the prsence of us - the word ninetenth enterlined before the,1,train,train
yEPSBtKigueT63YI,for and in consideracon of the some of the some of foure thousand pounds of,1,train,train
BfeqoxfMcUy7zNPH,Entered To all Christian people to whome theise persents shall come Know ye that I,0,oof,val
vpZXxoDuVhSpCU94,clayme to the prbargained prmisses contrary to the true meaninge of these,1,train,train
sji9Sx7KUopPT6in,and Hugh newland Shall and may peaceably & quietly,4,train,train
WJmMffgx1nlckzsd,assignes in the penalty of fower thousand pounds,4,train,train
K994HGIwPRbfcxxY,of Rich x sign Burch - Edward x sign Worthington,1,train,train
OhbVrpoiVgRV5IfL,"Moveable and Immoveable whatsoever thereon, therein, or thereunto",2,train,train
2fgffYVajIBF5f7Y,thereof by from or under me them or any of them & shall & will wait &,0,oof,val
mUep3DpDetxco8e1,of them ye said Christopher Lyne and Elizabeth his wife,0,earlystop,val
nSVUT4xQGwlpOIz7,either in his owne name or in the name of me the said John Johnstown,0,oof,val
uKAotL71WbWb7fLC,before Rehearsed and thereunto Belonging to,0,oof,val
LF0bXgoDhjrmB7wJ,In witness whereof I have hereunto putt my hand and seale the second,2,train,train
rTIOND7IIUfQOqgS,or by reason of the said Denham's not sh,0,earlystop,val
k15qV1Sfsbydk2KX,warrant and defend the same against all persons wtsoever lawfully Clayming any right,0,oof,val
MNmDgita8zv1NyZ3,This bill bindeth mee David Lane my heires excrs or assignes in the penall summe of two,0,earlystop,val
P2QVXduX4SWC2b9m,other person or persons whatsoever lawfully clayming,1,train,inner_ckpt
d0ZninoI7QZwZqpC,use and behoofe of the said Robert Porter,3,train,train
SuH6wMIGnSgQ0cpc,sell alien enfeoffe and confirme unto the said Christopher Novison all that,1,train,train
5TTXn3gECMavptc6,recovery discharged also or other wayes well and Sufficiently,3,train,inner_ckpt
2q4XL6UQj52PGfva,to the windward and with the lands of Marmaduke Crosley To have,0,oof,val
RG5s0f4GlIO78Aur,and Adm: Strato^rs: dureinge the terme aforsaide,1,train,train
Ecq99AlkzRH1gDZf,Island and the said Appeares say that the next day after the arrivall of,3,train,train
cLlvehrjWAkSxJkC,A shedule of all the goods moveable and immoveable w^ch Christo: Thompson is to,4,train,train
4CXPmLZONWDaqWAM,Should enjoye the same In witness whereof I have putt my hand this 24^th,2,train,train
kXCBCqNUYbythYj6,To all Xpian People to whome this presents shall,1,train,train
3XThBktVRQzNUIHU,any Maner of Estate right tytle and Interest in y^e,2,train,inner_ckpt
40BA73h3XoVP2M7a,Island aforesaid Esq^r for a full and valluable consideracon in hand already recd,4,train,train
CqDTg3xidpufOKfK,and percell thereof doe hereby freely and fully,4,train,train
7C2xfIU1mdryRMMc,28^th Martii To all Xpian people to whome theis prsents shall come greetinge Wee Morgan,4,train,train
0TKWS2TOSrKaupQT,10^o die July Known all men by theis presents ye I Richard Ast have,2,train,train
wJfMMYu3yasAyXfU,bargained and sould Audley this pnts doe give grant bargaine and sell unto John Holland,1,train,train
nD0ymFgvn0LWHG2u,John Smith of the Pish of S^t James in the Island of Barbados carpenter of,4,train,inner_ckpt
akPEDSz3Q9VMUFtN,wittness whereof I have hereunto sett my hand & seale this 13' day of October,1,train,train
vB6dpofLaoAVW4ZY,in Consideration of the full sum and quanity of Twenty and three thousand,4,train,train
bnoPNHifsCJR1888,pr bargained land wth ye prviledges thereunto belonging from,1,train,train
zbZycsJblY71lqaA,sett their hands and seales the first day of November 1641,2,train,train
yZEitA39BmLcpkZ3,xx x for not appearing & to pay charges,1,train,train
q2vcbApwuSoEmcLV,then the negros should be disposed of to their owners disadvantage,3,train,train
tx4t9ACne6R7nCe7,of the Respective moiety or halfe Part of and in the premises,0,oof,val
bQAC5dDF1NTRUUP0,the aforesaid parcell of Land of fourteen,2,train,train
MBfj9Lon0ieWmrKw,hill two have and to hold the said land to him the,1,train,train
3zCEGsG5e1Bwlrqq,of the said Island and sole Notary publique in the said Island Capt,2,train,train
tyandiRngieFHhCY,and assignes for Ever; all that p:cell of Land or Ground,1,train,train
g3MD4XDApGxG7zTZ,William : Brockhouse and Stephen : Clay or either,2,train,train
M9UWA0xXEQxtM5Oj,the Comand of the aforesaid Master as aforesaid,1,train,train
gxLPauNi31vAGDat,"fro: or under them or either of them, Doe & Will",1,train,train
3KPWRokCeZ2csbuq,know ye yt I ye sd Tho Warmull for divers good causes & other valuable consideracons,3,train,train
LdOlQ8KSXjoYotv2,take & keepe legall & free possesion & the same & evry pte & pcell,1,train,train
2tqVGDygRZva0TWs,granted bargained and sold and by these presents,3,train,train
ZNQNAyo5zvIc9Q4C,houses buildings pfitts pvisions & advantages thereunto belonginge or in any,1,train,inner_ckpt
lPtejBQACA5PGbYP,house and Stephen: Clay theire Exec:^rs adm:^rs and,2,train,train
NWyuJVscjSKpDAqu,in the Consideracon of the two thirds received of the,2,train,train
UYN9Yx3NPymueZXJ,benefitt use and Behoofe for Ever more and that,3,train,train
mWMqvmu5qzhPsCbC,under his hand and seale beareing date the Fifth day of October in the,2,train,inner_ckpt
CdOIRQzW6e3h0Ffn,heires and Successors on the Twenty Nineth day of Sixtene,3,train,train
ohbaT1zYspnRjlXW,the lands of John Syemore & Leward of the land of Thomas Hunte,0,earlystop,val
SPUs4Tds25E8DiqO,had been & Made party to the said Articles and his said -,1,train,train
280Jo59JRJO9lTf9,is scituate lyeing and being in the parish called S^t James in the,3,train,train
WaRyvzKsjCPAOmJa,the Island of Barbados aforesaid planter Deceas,4,train,train
lPqvHR04F5aflaVV,And the said Christopher Lyne for himselfe his heires Executors,3,train,train
dPqW0hdkDzEtEV8W,Everlastinge Know yee that I the said Bennett Allett for and in consideracon of,2,train,train
uJExju1UyJbOBPuz,M^r Joseph Belgrave on the windward and leeward downing on the leeward,3,train,train
jXQqoEzxtxB5lIZr,Robt: Browne All these fifteen acres of or thereabutes whereon wee the said,0,oof,val
R0NHAtbNqzzxZ0rK,Exonerated & Discharge the s:^d Sa:^m Henry his heyres,2,train,train
b2nLtjLaqxUGV3Hz,"deniall molesta""con or further suite in have In witness whereof I Edward",0,earlystop,val
vzKgnn4aobomqADC,of six thousand pounds of marchantable tobaccoe In witness whereof,2,train,train
9n5GW4HdhgeZncPw,unto the said Daniell Deusberry or Samuell Mainard,4,train,train
6SVyPySNfbd5W412,divers good causes and valluable consideracons me hereunto,4,train,train
ZOu2b2QOtKii1hSD,prtendinge any right title or intent to any pte or pcell of the,0,oof,val
x017XxFquIzhGVaS,Executors and Adm^rs and Assignes six Acres of land being all my,3,train,train
FfiGe2YrqiNrr2qa,meaninge hereof Wee the said Edmond and Hugh binde ourselves by theise presents,4,train,train
qpbdzpSeKg3c0B2K,Authority to grant bargaine and give the above given,0,oof,val
Opq31fbBxXD05iNU,of this aforesaid Appearer have protested even,4,train,train
bNAsFtiMOmizHpUt,"the S:^d Rich.^d Vinter his heyres & Assignes, in the",4,train,train
EfSiVMeHrlSOPxeU,"Comdemns, Execucons, and all other titles, troubles, Charges,",2,train,train
XjXPcxrzrDPZ6vt1,that Hugh Bankroft of this Island plant^r for a valluable consideracon,0,earlystop,val
GmJt9luZoy6Z6O2t,M^r W^m Phelpes have taken the oath before me that they have made a,1,train,train
XKA2mP9zjbTLeAa8,and John Bawdon ( Called Springhead) on The,3,train,train
DrK1dDNCFLBe9kbJ,molestacon or deniall of me the said John Mills my heirs or assignes or,1,train,train
n12ujfTp9wzGdRtq,Entred the 17^th To all Christian people to whome these presents shall come I Michell,1,train,train
jwPso64RyR4T05hF,pfitts and advantages whatsovr: thereunto belonging or any ways appteyneth,4,train,train
5J5pKHkRykirtrFj,afroesaid planters the third part of our plantacon wherein we now his being in quantity,3,train,inner_ckpt
EqcXS5pEGrSRiT49,by me the said George Hurley my heirs exers admistrs or assignes or,2,train,train
rTe2jJ4aqsCg43kc,Barbados planter for and in Consideracon of the Sume of,4,train,train
6o0C4w7bAdzGxpyf,or thereabouts to be delivered unto His and W^m and Thomas or their assignes with the said,4,train,train
l5TCfZR92uQwTeJI,or commytted by me the said Philip Lovell my excers or assignes or by any other person or,1,train,train
9hPjXosn6qrdT3DS,when hee shall arrive to the age of twenty one yeare;,1,train,train
P8HwYMKT1VzWqH7A,To all Xpian people to whome theis presents shall come me Jon Luchills,0,oof,val
otGSflslVXzBsErj,or assignes the just sum of five hundred pounds,4,train,train
FhDr4mbP9BZJ9JhY,sume of three thousand pounds of good merchantable cotton wool or,0,oof,val
dr2pGIv5Uj33HCe2,nistrato^:rs and assignes from the day of the date,0,oof,val
THZWM5WJ8LJFTJ52,them In testimony whereof ye said John Cooke,0,earlystop,val
259Ksw56mJJlnipt,Repaire to the Dwelling house of the said Louis,4,train,train
f12FNNKmltSlc4ks,other pson or psons wt soever clayming or to clayme any right ~,2,train,train
nq6RswMVrkfbTtkb,of Parham Cap^t Generall and Governour in Cheife,0,oof,val
0mMw0RdPTZdCGBCC,"in the Island aforesaid, Bounded East upon the Land",0,oof,val
n3U7l64w9ZPRRLqC,and assignes shall or may peaceably and quieltlye Have hold occupie,3,train,train
XMFgTIY72Kkq9gMu,well and truly paid whereof I ye sd Charles Ambler do hereby acknowledge ye,1,train,train
M05k6pw29zwqapbC,challenge or demand to have any manner of Estate,0,earlystop,val
MIJUdqbNnozUlCjr,more especially for and in Consideration of Twenty,1,train,train
Mytb5Udd0ULjuARG,"all maner of debts , dues , dutyes and demands what",1,train,train
x35d6f2uroRISVZv,Parrish aforesaid Merchant well and truely,0,earlystop,val
Xmv7RLL129SILBPl,This Indenture Triptite made the forth day of Octob^r in yeare of,1,train,train
zWnpQsPPRVkFkbm3,or factors and all others therin concerned for all wrongs preducies,4,train,train
Pg8vHX272R3vRh1g,"All the right title interest, Clayme and de",4,train,train
go0QNU5TCq765p0U,Robert Hackett his heirs Executors Administrators or assignes,0,earlystop,val
syVe0NKvUpKrA4YF,said plantacon as is sett in a schedule hereunto annexed for ye,2,train,train
KFljH24u6I1SjRxJ,day of ye date of these presents) unto M^r William ~,4,train,train
bTSw8KKjK8m1Z4FI,W^m Jarris and Capt Edmund Read or one of them their exers admistrs or assignes shall,4,train,inner_ckpt
wDSNp60517U0HKDc,their heirs Executors and administrators for ever And also that the said,3,train,train
G4eFqSu5iDoY6wOm,these pnts And more over from tyme to tyme hereafter there shall,4,train,train
l9DVLx7cfXtux5y0,debtes dues and demands wtsoever as are due owinge and belonging unto me by loud,3,train,train
DoDxvmRTqqMV7bih,Everlasting know ye yt I ye sd Xposer Thombleson for divers good causes,3,train,train
KPgjD4gVhpb5Dlrb,by Hugh Ackerly to mee Robt: Pethelridge & John Grate manner to have & to,2,train,train
e5uqF0vLwbhZm2WZ,"Come, know yee that I ffrancis Cockraine of the parish of",3,train,train
CqIayzgeS658l5AY,In truth of ye above menconed particulars the said,4,train,train
v9BJ57z06xkt8cyj,heires and assignes forever without anie lett molestation trouble,4,train,train
dGNYoOwfTS34omVW,meaning of these presents and the sayd parlys to the,4,train,train
vorNAwYueXwXPBt4,unto them ye sd Francis Raynes & Robert King their heires,2,train,train
uJif6kylAqn8MxzE,that I the said Thomas Duranes for divers good causes and,3,train,inner_ckpt
5SqgTBDyjgZIFVsp,"Signeing sealing & Delivery of these presents, seased",1,train,train
agEX0GmnjvRQ2VVG,said Thomas Grigg and James Chrichlow our heires exers or assignes or,1,train,train
SLtjPnq75cnVCarm,see soone as shee shall come to the age of fifteene,4,train,train
7sHtBcoTymHoL0zT,the bodye of the said Thomas Morley on the bodye of the said Mar,2,train,train
tT9TPrB5y2wDqnDt,lands or thereaboutes scituate ad being between the plantacon of hymon Baker Leeward,1,train,train
rFCo4ks86qMWg7oQ,these pnts more are large doth appeare untill the aforesaid summe of five,0,earlystop,val
nTLFf5GCZdDiGADK,Bee it knowne unto all men by these pnts that I Stephen Boston of the Island of Barbados,1,train,train
F3A5l57g0TlTmzZc,doe bargain & sell & confirm lett unto Mr William Hathcott,0,oof,val
qHW40pv36jAHdz3r,said will and of every pte and pcell thereof and pson other lawfull,4,train,train
JMBlXjRtNtO7DAqP,"from, doe clearly acquitt Release and for ever discharge",3,train,train
vRLYsG33GZlUeHHr,sd John Maycom my heires Exec^rs Adm^rs or assignes or any other,4,train,train
KuxK31gOkAHfocFH,"in habitance in feesimple, And hath in himself good -",1,train,train
qEjF0lUFsimO4f8H,Henry Stevenson their heires exers admistrs and assignes and to their and,2,train,train
BBAbVSVkTadaw7mV,his heires exec^rs Adm^rs or assignes forvevr: the Invacon of the,1,train,train
jupdOYr3i2G9L4Fn,To all xpain people to whome these psents shall come I Levet Richard Fawcett,2,train,train
GBuYg6OqB1AZdYYg,This day being the 3^d. of August. 167,2,train,train
tym5EyycSRrSyvxZ,Bettrice Odiarne all my right title & interest in our plantacon lyinge,4,train,train
JiWKnJ0vqSO6cOQt,"South, on the Lands of Cap:^t John Booke, And West,",3,train,train
tpGrZdOq4y40b8J8,to Peter Richmond or his assignes Witness my hand this 10th day of September 1641,0,earlystop,val
dVBC8xZ3r8KoNmt9,w^ch land is for to be layd out for the best convenience,1,train,train
8iVnzNdozl0VJM1e,assignes forever without the lett trouble molestacon or incombrances of me,0,earlystop,val
9kN8xcJzIF4Zrsfi,ffebruary; 1674 in the yeare of our Lord God One thousand Six hun,0,earlystop,val
LE9SfjUUH2WXrDHf,and for the heires exers admrs and assignes of Either of us give grant bargaine,2,train,train
Ev7vcuBkqs10IfIV,Deputy Secretary haveing heard did protest,3,train,train
atIr5I2cLtS3CUZn,Assignes the sd halfe plantacon halfe stocke & household,1,train,inner_ckpt
8NzDIKPDzcK9HEne,of June in the year of our Lord God one thousand six hundred sixty,0,earlystop,val
nvIX2ptLkT4ymJLX,to and with him the saide Abraham his Executo:^rs and,1,train,inner_ckpt
t58smyJCfQUO025y,To all Christian people to whome these ~,2,train,train
pT2TyeF4cac9rG0w,and consigned to Anthory Wallenger and Nicholas,2,train,train
yDOQHhRfQZ0bIZ87,warrant and for ever Defend by these pnts And the,3,train,train
oSVd73Xl2FUzt0Q6,of the Witnesses whose names are under written that upon the thirteenth day,2,train,train
nESgBfgxH7yBZHBh,wherewith I the said Francis Kell acknowledge my selfe fully,0,earlystop,val
h1oa0yGP99A3lqcY,Damages and preducies which hath shall or may accrew or arise,1,train,train
4sUTy9A18RPVxYEZ,sale assignmente and others as shall be need full and required to receive the,2,train,train
1utesWaIOvDN6728,themselves theire heyres Exec:^rs Adm:^rs anf Assignes doe Covenant,1,train,train
GwhdWP8hCtKVaDvp,hereunto sett our hands and seales this xvi^th day of November Anno Domi 1639,2,train,train
zOYUxc4wvhKgQ0VZ,hereby given granted bargained ~ and sould aliened,4,train,train
AljEeatSmmSgIDvg,halfe of all the Timber trees pfitts comodities & advantages whatsovr: ~,1,train,train
CrpQuvnD9Mvb6SiP,lands of Capt^n Thomas Ellis in the parish of S^t James To have and to hould,4,train,train
4TkFBitTyFWhKRFQ,admistrs and assignes terme acres of land or thereaboutes being part of fortie,4,train,train
aks7LkPFI7Yvk2ms,Thomas Phillips his heires Ex^rs adm^rs. & Assignes,0,earlystop,val
CblDL5T5m4DfquSP,estate without any lett suite molestacon or suite in lawe by us the said Hinkson,3,train,train
FBSkhm8rAWfzrRye,part thereof Cut from all Actions Eight Estate Title Interest and,3,train,train
QiKpnXS0gnizGKmE,and Euery yeare on y^e ffeast day of S:^t Michaells one Eare of,1,train,train
PM9Cego1hxZWSAZH,the p heard and made oath that the within,2,train,train
0G7ijRfOZFw7OzkP,sell alienate infeoffe and confirme unto him the said John,2,train,train
zXdnixdP0oVRSXLt,wee ye said Thomas Merrick and Adam Morgan,1,train,train
1v5WO5CWYR9Ysgf6,consituted and appointed my trusty and well belov,4,train,train
j79CYx6adancRwUy,due upon accompt of both pishes the said deebts to be paid by the,1,train,train
1JIyRk0e5EwTaPId,Sugar to pay the seamen and that as soon as he is discharged of his,3,train,train
pVsqjvhfGcMuqvue,and John Sparke or of either of them their or,0,oof,val
XnivpIhPEV8WL39S,To all Xpian People to whom this present writing shall come I John Lewis of ye,0,earlystop,val
RMmejeBpD6PzgUHi,in ye penall some of Eight thousand Pounds of good sound & well condiconed,2,train,train
dHlov1obK7FBBM8Z,At thirty days after sight of this my first bill of Exchange my,4,train,train
yaTnnrWTZYeKgZ3I,Capt Phillip Bell his heires exers admistrs and assignes and to and with every of them,1,train,train
LRhUM45y2hkZEzzi,said James Holdipp as Executor above said and beareing date the,2,train,train
Od5TSJCaiEjI9l5c,that wee have in our selves just right full power and lawfull authority to be ),0,oof,val
YCP9HgrBKwpLup0X,Luceys and Island abovesaid Send Greeteing : Know yee -,4,train,train
kjguwKWzp6RCsnKR,my heires executors and administrators for ever and,0,oof,val
crAhhCkMuLypKbsb,good and valluable consideracons me hereunto especially moveing Have given,2,train,train
TXyLhv8XEnTqMq4m,heyres and assignes Signe Seale and Deliver Such,1,train,inner_ckpt
HnyADvkxtUuX8KMf,of the Island aforesaid planter sendeth greeting in or Lord God Everlastinge Knowe yee that,0,oof,val
lX9s1LYu4gomLBB0,Charles the second by the grace of God of England,2,train,train
2AopDNk5l6orgapQ,to pforme the covents above menconed That is to say if W^m Bacon shall,4,train,train
YB3a4Ms8eDvak9YU,"Tho Price Henry Collingwood, Jno : Taylor",2,train,train
VO4KBHOOIt6wEIoZ,leases feoffments mortgages judgements condempnacons execucons tytles entryes and,4,train,train
McI7v5XugcFOStUb,Thomas Steeve and leeward of the land of John Fynear To have and to,0,earlystop,val
PAGFQarUDULAzQP2,currant money of England to him in hand by the said George,3,train,train
sX9K8N4FRDKfTEJO,England Scotland ffrance and Ireland King Defender of the faith.,1,train,train
6btTkYqcWUjvvvs6,ratification and confirmation by deed and writeing or,1,train,inner_ckpt
uSKMA3arSnWJYFIF,assignes shall ~yearl~ peaceably & quietly enjoye them with out any Lett,0,oof,val
BUwcz5Ky6OhRUXv6,Judgements Execucons & incumbrances whatsoeuer had,4,train,train
TBl3UE2gqnWxNmqh,To all Christian People to whome these present shall,3,train,train
1NUV8e9YtVPQo2c3,the said Ketch is not to the great losse and damage of the said,3,train,train
ZANKTAgUUXmhv1kT,the above bargained premisses unto the abovesiad Richd,2,train,train
qXaumRPVuACdVEGM,he take them at eighteen pounds sterling one with an other which,2,train,train
kBogTZiGhOKYz1WO,all and w^tsoever my said attorneys or any other by them to be substituted,2,train,train
ZSPjdaElcis1xRR6,day of November 1639 as appeareth by the hill of Sale given me by the,2,train,train
OTnJ8Jg8ekaW6KNB,Length and Tenn foot in Breadth as aforesaid with all advantages build,1,train,train
QFCtC8AXmLCQUe9b,whatsoeuer And the Said George Reid and,0,earlystop,val
DPsYv0RW59CVFE6s,"warranty, or by any other wayes, or meanes w",0,oof,val
HqF4fpMhXZuv1LVy,anie or either of our heires exers admistrs or assignes And wee the said John,1,train,train
7nneMYN2EgZhR2xo,sell alienate enfeoffe & confirme unto him the sd,0,earlystop,val
WwlTCykxjP3c4kfo,y^e: w^th:in Instrum^t: of writeing as his Vollantary act & Deed Ri: Brewster,0,oof,val
ffuyWOTIut9bkyV1,Cheife Governor of this and other the Carribee,1,train,train
bhgU4jvOaePGz1Oc,penall sume of eight thousand pounds of the like condiconed,3,train,train
qrPO3YNO1TAzSpQM,and Deliver the above Deed as their voluntary Act and Deed . _,0,oof,val
VhbM48YoB1aLPeLr,and Executors Adm^rs & assignes forever and we,3,train,train
ZCIugzN076LrXNEc,Robert Downman of the parish of St Luceys in the Island of Barbados,2,train,train
x9Sv9SXsQUxM4lcu,and M^r John Egron and confirmed to them by the grante,0,oof,val
I8LB7Medjt2hKG10,of Land and premisses doth warrant unto the said,3,train,train
td8YAjp8lg1xhS91,the Said Bryant and my heires and all and Ove,1,train,train
BfxO9sCQpfPv3y0y,of lease granted without any lawfull lett or suite Trouble denial,2,train,train
R65XbBlJVWGfuUSU,& bounds as about y^e Same Exprest w^:ch is Certified,4,train,train
Gh9CnJ3UB9Ig6ywl,Lett on the S.^d PremiSses to be in the Place,1,train,train
ZaZibqkBkQaeN3PF,a certain bill of exchange charged by Mr Bent DaCosta upon Jahacob,1,train,train
OfuQgiRM8vrxWZJM,hearafter att and upon every reasonable reques,2,train,train
Z5tVCCfLH7WIGpCr,mchantable Tobaccoe allready received in hand have,3,train,train
b0LWNTNL1OnV08EH,"thereabouts , w^ch land w^th all the Wood and Tymber",4,train,train
fZm2cAMACleXiIgu,for her selfe her heyres Exec:^rs adm:^rs and assignes doth he,4,train,inner_ckpt
P0tGZtBQIumAzqNG,18^0 die To all Xpian people to whome theis prsent shall come I Robert Dawson,1,train,train
Ah36eonLvAmliq6x,Thomas Townes and Elizabeth Harding have by meanes aforesaid to the same,3,train,train
Jb8UD8TnCZs1Se02,To all Xpian people to whome these pnts shall come greeting in our Lord God Everlasting,4,train,train
c2Lj59DkdNrGcUYm,unto sett my hand seale this third day of Aug:,4,train,train
EHBoK6f9thISpuLc,and clearly exonerated acquitted and discharged of and,4,train,train
tJTuSsoZPjZKHDAL,alsoe all houses that shall be erected and built upon the same . To,2,train,train
lZoOTKZwgbI3P92U,effectually As if I my selfe or my heyeres was,4,train,inner_ckpt
cvRG47ZPbT7j6O8H,hereunto sett my hand and seale this 20th day of July 1640,3,train,inner_ckpt
x6JKQw64SWnIhuE1,his and theire owne proper Estate and Estates,2,train,train
GZz5q3NK5n2mQLCr,that the said Land Scituate in the Parrish aforesaid,0,earlystop,val
hihszYmLXtYXCzlu,the parrish of S^t Thomas abulting east upon John Tanke south,0,earlystop,val
A7BZNIbYOlXDBR4t,"and Singular the houses, Ediffices, buildings, And all othe",4,train,train
nSdanAaCiipucjVP,wth ye house in as good order as it is at the prsent ~,0,earlystop,val
ruh1NzFI3CFJGZcX,to the Said Appearer or his Owners for or by,3,train,train
aNZKsgtFwmNINTe5,whatsoevr had made or comited by me the said John Tunpkins,3,train,train
2K5sgBY468TW4yCq,parties ye 3^rd of May 1654 Thomas Gibbes,0,oof,val
pDlThTpkOMWceyia,Barbados - This bill bindeth us Peter Warr and Edmund Dowdinge both of,4,train,train
0Wg9ew4uHl2l8eJh,and from all maner of dues dutyes and paxacons wh,4,train,train
M2tYuBGVbtrDmgqP,other attorneys with like or limited power promisinge to hould for firme,1,train,train
lXywuFBESAMYOviZ,and sell assure and confirme cleerely and absolutely unto Robert Hales and,0,oof,val
10QrhU8DPSyyasuA,and another servant w^ch is betwixt them,0,earlystop,val
Kbh2SJ6piaxgfWke,to all intents construccons and purposes as the aforesaid act of this Island &,1,train,train
Lo17KAICfGBYQFeE,by my meanes Act consent and procurement And I the,3,train,train
iAhuhbCaVwQxFax9,day of ffebruary Parnell of the Island of Barbados Gents: for and,2,train,train
4Py29m6mVVaSI0mm,Robert Browne southward Edward Evans and Bartholomew Walters north,2,train,train
Bc9G3ZuYIFsKvOeV,in inhabitinge within ye pish of St George in the Island aforesd in the,0,earlystop,val
kxIlIqHXJM5fLQ40,of Barbados Cooper and Charity his wife the sole daughter and Hairres of,3,train,train
OuptI0Bsc2gd8tQ9,voluntary oath y^t uupon y^e five and twentieth day of June last part,1,train,inner_ckpt
2Am6SzvKFlFzDBHF,premisses before granted expecting what is before,2,train,train
v4V0jo5CDCiKBzRu,Terrell doe binde myselfe my heires exers admistrs and assignes in,4,train,train
uxnp0dINUWimSpmP,to and with the said Philipp Chooke his Executors Adm:^rs and Assignes in,1,train,train
cy7sbdrCs8HzDMt4,# 8 Coppers with 1930^lles 10 ladles basons and scumers,4,train,train
YErAYWX2JPimutA3,Shall come Send greeting In our Lord God ever lasting Knowe ye that,4,train,train
92Yvo835PZ6a3XKx,day of ffebruary in the yeare of our Lord one thousand six -,2,train,train
hzLcYyMQWyJw2Dqz,deputy and attorney formee and in my name and to and for my owne,1,train,train
FBY4HvubFGNy1CMn,binde myselfe execrs admistrs and assignes defende and keepe harmlesse,2,train,train
13h6IcSjyRyOLZh6,kept harmeless and indempnified by the said Christopher,3,train,train
uvZBztPjmNra8jOy,William Steele Edward Fairehurst Jon: Edwards,3,train,train
eTzOlLZJQ8FcZkvj,And Interest of in and to all and Singullar the Lands,1,train,train
ZhAsYXrTBA0GrZEg,Assines To and for the recovering obtaining,2,train,train
X6rKyqYLpctBsZdd,W^m Chapman in the Island of Barbados Gent,1,train,train
XujX3g08HRinUcDy,of the Island of Barbados Gent send greetinge in our Lord God Everlastinge Knowe,3,train,train
hkpHTX1PWi2MRAY8,and delivery hereof Have given granted bargained sould infeoffe and confirmed,1,train,train
AzdQ1Y6mb7KIdw8f,Day of September yearely to the Gover: in Cheife (for,1,train,train
6vKa40bVYNQ6391U,Deputy Secretary at the instance and request of the said appearer,4,train,train
seIKp2H7NGtzNdIS,Island Merchant should at or before the expiration of one and twenty days,2,train,inner_ckpt
SROatAQgQHrNMSiA,and assignes untill the full end and terme of fourescore and nyneteene yeares to be,4,train,train
15qhODBLk4TS3YFW,said Peter Blater or the parte owners of the said ship for or by Reason,4,train,train
gOSvNjpr6SBzuje2,"and Island above Said Send greeting, and Know yee that I the",4,train,train
gvPSeD5TFWpWqvsS,necessaryes and househould stuffe as is nominated in a schedule hereunto,2,train,train
Yid6ZCdtNOBegRdJ,the premisses by vertue of these presents In witness whereof I have hereunto,4,train,train
JtHEKW0GOMAVmfKB,and soe god send the good shipp to her desired port in safety Amen Dated,3,train,train
s2iXzUdT53CJ09j2,and persons to whome the said Messuage and Land and other the,1,train,train
HhqEOtmx4d3QnhpO,1658 Edward Birdall merchant to bee my true and lawfull attorney or deputy for me,4,train,train
kstboOXSpcrVh0Yy,of sale as aforesaid & yt ye sd Daniell Mghee shall quiettly & peaceably,4,train,train
KXUojTUXXUH5Lrce,more fine or fines Sue cognuSance de droit come,4,train,train
KUMdqR0AcbHlSV0p,estate rt title or interest by from or under me or by,0,earlystop,val
NBeJqqyP5kzDf8qR,premisses to him the said Thomas Warr his heires executors administrators &,0,oof,val
hyCu2yCDcclJQ3Xt,doe give grant bargaine and sell unto the Capt James Fulter all that plantacon,2,train,inner_ckpt
5M5oR52kZsAEePTP,allso that Corner of his Plantacon lying on the,1,train,inner_ckpt
X3OwvQCMDOZbUDMY,"and Freely and cleerly acquitted ,exonorated , and",3,train,train
kA6SRqHGeavSbpLf,therein Conteyned bee any way prejudiciall to the right,4,train,train
mdWyeq36zbfFQqXf,"used, as alsoe Seuenty negroes Slaues beinge twenty",1,train,train
T166DhJU0j1gO2Ik,by from or under his their or any of their meanes,4,train,train
BdQlRbOM6mfoE6JI,and either of their and their heires the said platation or parcell of Lan,4,train,train
nDoeQ0rPNxce4nAt,in or about the prmisses shall be needfull necessary & convienent as full &,1,train,train
76MzbQm7n7slM61X,from his most Sacred Maj^ty Charls the Second,4,train,train
8iO3WFg3aKsEECvl,To all Xpian people to whome these prsents shall come James Tedder and W^m Catlyn of the Island,3,train,train
pFlZH3cvf9jM70j1,Knowe yee that I the said Peeter Parker for and in consideracon of the summe of,3,train,train
C3zJah0kAMBkv9c2,acceteyne bargaine and sale thereof for one whole yeare to him made,3,train,train
ikA6SEyeFtPCLarZ,"pounds of goods Mchantable, Muscovado Sugar,",0,oof,val
9MzXubOrYCFowJ8y,men servants whose names are Tobias matthew Sam Lennings John Patefield timely to serve,1,train,train
3Q3jk3jlXTdAttUX,wch is due to us or either of us from Thomas Wall Willm Bradshaw and Wm Wilcocks,4,train,train
nywm3Q28QpFF8rBd,absolute estate of inheritance of all and singular the before granted,4,train,train
V1BsWESiUlUXL607,aforesaid articles above specified Then that these p'sents to be voyd and,2,train,train
XDODdFdx2bCbNx8P,"accquitted ,exonerated and discharged of and from all and",4,train,train
JkquVmebUGfiqzt5,part or pcell thereof by fro from : or und^:r under them the S:^d Said,3,train,train
aEtfO1mvKORAAvpp,Paying therefore yearly and Every yeare Dureing the Last,2,train,train
COF7FrxK3lxs4Thi,Nosse with ye full bredth of my land betweene ye,2,train,train
A4PZcbhOWnBx4Shd,belonginge beinge of the sixtie ackers of land that Jno Grenehill,2,train,train
ysa9Bsfjm7S8YVPe,three pounds fifteen shillings & Nine pence,2,train,train
xbxZLBlxD2eKD5yb,"execuson dues, duetyes demands and all other incumbrances whatsoevr",2,train,train
Pu2f8rpvIUc1r1Ef,belonging to Mr Robert Greene Deceased and Collonell Thomas,1,train,train
CAx2gZonvl1KsMxE,selfe and as Attorney to Dame Elizabeth Rawden,4,train,inner_ckpt
Juja4QeoXylzQdGY,thereon now being or that shall be thereon built dureing the sayde,2,train,train
yBmKwx5O0eCk4c9G,for me my heires exers admistrs and assignes doe by these prsents covenant,0,earlystop,val
olYXw9BVl7tRJIV2,Sendeth Greeting Know yee that the Said Henry Sealy,2,train,train
6TGbOgWMsqjwJQ2V,unto Peter Leare of the aforesaid Island of Barbados also merchant,3,train,train
mM0ygbeDwNRbQ2cW,therefore unto Left: Coll: George Standfast ye quantity ~,2,train,train
woAgiCzLGCzlX3kY,Legard her heires Executors Administrators or Assignes to w^ch,1,train,train
BSeyiWakHVhkmC3h,west to the Edge of a greate Rock Leward of a mighty River concluding in,4,train,train
wfibP5q8ITxaFVBB,Enimy Excepted : And for the true pformance of the same I Robert,0,earlystop,val
e1hq4Eu4sQz8Bjr6,of and the Said Plantacon and Every part and parcell thereof,3,train,train
LFoLBQrgX0TFJM1K,freighter there on and all other persons there in Concerned hath hereby,0,earlystop,val
uaHqGukJsA7FCdoY,doe hereby acknowledge and doe acquitt Exonerate and discharge the John Bayley,1,train,train
zdvagO2TBA2FVLMU,for himselfe his heires excers admistrs and assignes give grant bargaine sell,1,train,train
QpO9iM9FDTrsPXso,and the said Thomas ^Maxwell for himselfe is Ex^rs adm^rs,2,train,train
UxaESJBF8KzKKMKn,of the Raigne of our Soveraigne Lord Charles,1,train,train
3zMguIvuDs29L7by,and to condempne and out of prison to deliver and to compound,0,earlystop,val
NI3oKisI2sGeobat,M^r John Forde which were lately in the possession of M^r Thomas,0,oof,val
G7WoVUJi8mFdQVIr,"Sold, aliened, infeoffed and, Confirmed,",1,train,train
pjsm46TWyF7Ljtgv,Know ye yt wee Edward Porte and Ann Porte the relict of Tho :,4,train,train
iGw8dBFykxhv6Rp1,To all Christian people to whome these prsents shall come I John Richardson,4,train,train
AtCiuSrSoSKV3lsv,by these p^rsents acknowledge himselfe to be,1,train,train
27HMZThz0UJ3pgEg,Foure yeares until notice shall be given him by the said Tho:,1,train,train
VYFQGk6lea1kOf4F,Attorney shall seeme meete and necessary is as full and ample man^er,2,train,train
F04TJpsiXPaAqmmQ,their owne proper Casts and Charges the Said,0,earlystop,val
Lc67u18NryL7TMHW,these presents doe give grante bargained for and sell,1,train,train
Izfwo4nQvvxsn8WN,over all our right tytles and interest and claymes of the said Bill of Sale from us,0,oof,val
3FePH8BcvyUTzIGa,Be it known unto all men by theis prsents that I Hugh,0,earlystop,val
LOPjEfKgGLKZoJ12,of Barbados Conteineing thirty three acres one,2,train,train
aSv0h3BSiEeoyfUZ,Knowe all men by these pnts that I Shymon Broughton of this Island of Barbados planter,0,earlystop,val
H19wBvWYnpXETEEY,attorney or more in my prmisses under him to constitute,0,oof,val
3cAEKtKC5vYyE1U1,to any of the within pmisses as witnes or hands & seales this 17^th day of -,2,train,train
58mzM9UOi1mYuorI,Everlasting know ye yt I Tho: M^c Caulley for & in consideration,1,train,train
cFTCJsISFmKlIwuU,of Barbados or of any or either of them or of any other p'son or p'sons wt^soever,0,oof,val
zgadFFFmPkeFwdoA,full and just sum of fifty thousand pounds of good merchantable,2,train,train
0wm1HqLu4ThzUoZj,w^ch are for securaty of the payment of twelve thousand eight hundred,1,train,train
kqDffZCJGERWXwaU,abovesaide with the appurtenances to the use and behoofe,3,train,train
jq6tz2NHrwKINUbM,Samuells Boatswaime and him this deponent,4,train,train
Ni8dhjp9FzmeEDtL,Cicell west of Thomas Blaxer north and south of Richard Robinson,0,oof,val
FU6KMOCDjjkjSBt3,and fifty pounds Sterling Currant and Lawfull,3,train,train
kZLBPQwB8giZdY18,To all Christian people to whome these presents shall Co,1,train,train
PfRV9WDohymoisPo,forever To have and to hold unto him the Said ~,3,train,train
fsfyhrevbLpEFRWg,pay assigne and sett over unto the said Worthy as many bills due to be paid,1,train,train
ydadQfY9Y0hQXVdf,of fifteene hundred pounds of sound well condiconed and,4,train,train
RK0I7kFhJjASu94X,Annoq Dom: 1641------ Whereas the above bound en John Greenhill,4,train,train
SqEFJ5IqaCaZSSMr,land accendinge to this bill of sale & twoe more yt I,4,train,train
XRqbvEn65zI52ULg,Barbados : . To all Christian People To whome these p:^rsent shall,0,oof,val
0rk1s1XuWmTjbBur,Medyford and Charles: Medyford for themselfes and,3,train,train
n7v7VU27ikHT1Eau,Bristoll mchant doe acknowledg myselfe truely Indebted & to pay or cause,3,train,train
6BG8YK5KoncxnSFr,Seale and dated the tenth day of April: Anno.,2,train,train
kk0JN8rBzvlCWvU3,the s^d Thomas Hothersall all for consideracon of the sume of twoe,1,train,train
9QqpCXY8tJQW63PU,Eithers a marriage intended and by Gods Permissions in Shorline,0,oof,val
JEC02trNKktyHCQf,To ye Marshall of ye Count or his lawful deputy,0,oof,val
6uyPGvm01Ma1LgRC,"upon the Lands of John: Pearse Esq.^r , upon the Ca",1,train,train
zpB1axciUH4PfPOB,"land conteyning by estimac""on sixteene acres and a halfe to bee",4,train,inner_ckpt
OwAlLzxDwXsj0RW4,and Mosses Perrera of Amsterdam aforesaid when in amongst other things,2,train,train
OZIW7t7vNxIW98CB,King of England Scotland Ffrance and Ireland Defender,0,earlystop,val
9wdssHO7eGmXOlWg,estate of the deceased Earle of Carlyle whereof all that tyme there was fare ~,2,train,train
XA7nBLSQ2Gv5YeyD,"ffollowing Have granted,bargained & Sold, aliened",3,train,train
VudjpcG3KPL1Ryrz,wth a nip or cutt on ye forreare & the twoe bigest,4,train,train
WFsBqumW7og8BW3r,acquitt and discharge him the said John Berringer his heires,3,train,train
XbEoDnd9Z4rfwaU4,of two severall writeings under ye hand and seale,0,oof,val
HPvWOlCY08BG2lbK,To all xpian People to whome this p^rsent wr,2,train,inner_ckpt
I61wKPcFqjMrftjQ,of land or plantation conteyning fower acres and a,0,earlystop,val
isjAKVuE4uo1SIve,Vertu^e of ffull power and Authority unto me granted from his most Sacred,1,train,train
uipEGmSNbqN96FwE,"inconveniencyes, troubles, and incombrances, w^ch",1,train,train
Fe9mdOj8niflLJ1Y,without the lett troble or molestacon of him the sd Willm Foster his heires,2,train,train
qSZKCxpE8YVOsbSZ,18^o die Know all men by theis prsents yt on the Second day,4,train,train
s9Tfw7CPqVEnm0Ir,S^t James in the Island of Barbados bounded on the east by Philip Gibbs and on the south,4,train,train
WWAUg2dUnMjF1GHG,in cent it quinquagint melle libr bone et ouchanlabit ~,0,oof,val
gxa2gi146XRXUo6v,Woolfe his heyres and Assignes from the six a,1,train,train
2m8vSp7Wvl9eweFm,same to be recovered against him them on any,4,train,train
cta9imAKmAZ04jBJ,absolutely give grt: bgaine & sell unto ye sd John & Rich^d Two acres,1,train,train
nE3Re77EFxHJwyjT,to ye same halfe moyety of one hundred fifty acres,4,train,train
9T8MhQPkE7dyvMor,Island have not complyed with an agreement or charter party,1,train,train
Zk12mycgaFhjzgwP,"of all and every the house adiffices ~ buildings, woods underwoods",1,train,inner_ckpt
od0SyFJbeRKryFcf,being thereunto had may also more plainely and at Large,3,train,train
amRVEa1WVL1bCcZp,of our Lord on thousand six hundred sixty and foure,0,oof,val
iyP13zd4RJ63A8LB,peceably and quietly have hold possesse and enjoy th,3,train,train
llVd1G8jl4dtsHsQ,M^.r Richard Cartwright and M^.r Mathew Haviland,0,earlystop,val
LSSS7AiWO4XKJ4vV,pmission bound to depte this Island shall decease before this,4,train,train
JwhvDK1SfK7Dfh6f,any other person or persons whatsoever lawfully haveing or claymeinge by,0,earlystop,val
rebdTSFSL1TrgKnk,upon the plantacon of Robert Cooper and the plantacon sometyme in,4,train,train
HNaxXJWmBAJmsJjy,The thirteenth of Aug 1667 personally appeared before me the within,2,train,train
j69inCHPIPEdvQI2,good causes me hereunto moveing Have given granted bargained &,2,train,train
nUeUuYElF05SSK06,accordinge to the tenor of two bills obligatory bearinge date together with these,4,train,train
NYZyrSk7iLDhiu3j,the date hereof forever without the lett trouble hinderance or incumbrance,2,train,train
2e51ZE8RxlaRFRgz,myself my heires exes and adminstrs in the penaltye and forfeiture of the some,2,train,train
TkXLDVTuKfT2r61t,Deliver this Indenture as his act and Deed Sworne before me,4,train,train
HR2juRvjapl87R3U,"Edward Littleton, and William Robinson (in our Capacitys",0,oof,val
8Mqn9A6okDcxAgq9,true intent and meaneing thereof that ye before,3,train,train
PFgjIXBnNPg6CTqg,said Allexander Mullins his heirs Executors administrators or assignes for ever,1,train,train
lbTdtygujA5uqy80,unto the same belonginge or appertaininge unto them the said William Townes-,4,train,train
h6OV8RYb477Elahf,Thomas Cooper of ye Citty of London March^t: ^ sendeth greeting in our,0,oof,val
6SWprz9vsCZiiAMS,to have any right title or (interest) pperty unto me or any pte or pcell thereof In,0,oof,val
xHncAJqR6Gn3BX7W,neate Cattle horses negroes and all Singular other the prom,2,train,train
BEmuQt3NatCL0WI8,hold and possess the said prebargained premises and every of them -,4,train,train
AUTGNr3KuqkF0AV4,his heires and Assignes and Every of them by these,0,oof,val
XHjtzIvq24L5kUFQ,load of the said ship in money sugar or other goods the said,0,oof,val
eQYfd8CWpwhiJMAl,sue implead seize sequester attach imprison and condemne,2,train,train
Y1yJ4jTNbVxTixzv,These are in his Majesties Name to will and command you to,1,train,train
5hPYf7Fz46fDbygn,"all the houses, Edifices, w^th all other profitts, priviledgs",0,oof,val
iG2METPxl2yFEikm,Tobias Kidd Henry (Barrett) and Edward (Finch) thier heires exers administrs and,4,train,train
kdmH1TvLprYcf1xn,or some of them were to load or cause to be laden at the said Island,3,train,train
ci0TV5q5lYJBeE1S,his ass & to become frustrate voyd & of none effect 5 Item,0,earlystop,val
7h9d18xLf696wVD5,"for Ever, And the Said Ann: Wright and Margrett: -",4,train,train
DnNQujp3jIx9xwJb,place bordwinder hime his heires executors administrators,2,train,train
jseNQND294DUffHa,"by reason of the Premises, the same to be recovered a",4,train,train
ymqcM0eJYwGawwIV,Anne Carsbrick her heirs Executors administrators whatsoever or,0,oof,val
9e3BFMnceq6Ifgza,Severally to grant bargaine sell aliene enfeoffe and confirme,4,train,train
YnsU9IZCwkxAbs5J,Thousand Six Hundred Seaventy and Seaven one Charles Grimlin,3,train,train
q8AUesKCruMFPLng,unto Owen Williams of ye aforsaid Island gent his heires Ex^rs,2,train,train
NzoRleD5sn4YYUxC,said testator Thomas Kid departed this life before his full age his,0,oof,val
ntB4yKk71xqJfiWf,Thomas Guy for himselfe his exers admistrs and assignes covenanteth pmisetta,4,train,train
8mnOUvSE5RObkS5q,"old Boss, Hippoa, Surianas, Jackuas, Mobea, Jillean, Joan, Arur, young woemen",3,train,train
6ZzbooUinUbLGkhx,~ted~ prmise and grant to and with the said Jon Dobly his heires exers and assignes,0,oof,val
JonvoMhcg9ygkwYX,put their hands and seales dated ye day and yeare first above,1,train,inner_ckpt
iSq0yjrv2AeHxeFt,in the said articles mencond the said Richard Hill and John Horne did,0,oof,val
IPHTeLyRAtZxkmh0,betweene the said Hilliard and Edward Colle Attorney,1,train,train
Pf0K2YKuhDew13k9,heires executrs admistrs and assignes for and in respect of any dues,2,train,train
bxiK3it8VaFZQ1wv,doe covenant prmiss and grant to and with Adam Morgan of the same Island for,3,train,train
cMKCJsslNGkLKpey,"wayes, Easem:^ts, rights, Members, Profitts, priviledges,",1,train,train
a2bNd2a8r7atCyUK,dos in the parish of St. Michaells of the other partie Witnesseth that,3,train,train
CV4viruPYWcHYAP0,of Eighty & eight yeares from the day of the date hereof To have & to hould,2,train,train
WYhUkxAQvj6pYEnq,of the aforesaid some of money the said good to be conveyned to the said,3,train,train
8gevk4ykUeJ85fvM,and from there forth this present writing to be void & of use force or effect but if,0,earlystop,val
o4tac263SYOVgGeT,then on the said fourth of this instant may and being ever ready at,1,train,train
TWcUdm9Ie0q3ymqi,By this public act and Instrument of protest be it Known &,4,train,train
oF7ZFBBxMN4wNMck,"Dowers titles of Dower, Judgments, Execucons,",0,oof,val
Pl11tq5T0vtV08Eu,and assigns warrant and forever defend by,4,train,train
7s4catKMg7vsDPIH,to make seale deliver and (if need bee) for the premisses or any part thereof to appeare,1,train,inner_ckpt
FqnUnttigcAxe3cZ,side as his act and deed given under my hand,3,train,train
n1oDC215ogiNEm48,"Richard Fawcett, Thomas Clarke, W^m Bluant",0,oof,val
PuDCCRnGEY59YVkQ,Judgements wherein he is bound to Robert Harrison by the first day of May next dated y^e 15^th Aprill 1642,2,train,train
bGXbA2Pne8UpLvNP,his Honored ffather the said William James one third pa,3,train,train
saMeASwEoEAis4kz,whatsoever together also all ye servants Cattell wtneses,1,train,train
DM6NmIPMu7Ktx45J,mee Thomas: Reade within named and acknow,1,train,train
Snya2vORqM6s5B46,Sealed and delivered in the prsence of sign x Jasper Alder,3,train,train
Kmf58CxA8bZFoal8,"By this publique Act and Instrument of Publick protest, Bee",3,train,train
Yq1dCVQMbtOtIRf8,Robert Davers his heires and assignes by these p^rsent that the said Benjamine,4,train,inner_ckpt
u6FvtEn5IGXaIslF,"Stepping StoNes, fronteinge Eastward on the Streete, and -",3,train,train
t8xXJs3PpH5ruSIG,Situate lying and being in the parish of St James in the Island aforesaid,3,train,train
HqOtrddjUF0qXGMq,did attach from Robert: More Dec^d: Lyeing and be,4,train,train
ONac7yn5Sh7sa5pQ,merchantable cotton or tobaccoe to assure to the said Arthur Bronce his,3,train,train
AEIelHGQpCNOoMPI,of y^e naturall Loue and Affeccon which Shee beareth to,3,train,train
Ju8y4IxbU9BWyr9G,do Save harmless and indemnify the Said Richard Downe,1,train,train
q3uPcTOiqbXxpCFk,of are now resident on ye plantation and two more,0,earlystop,val
Fdt7T4Se6Efa2PnS,have given granted alliened enfeoffed confirmed Bar-,0,oof,val
PsbTrCQPwccc31tv,them shall & will from tyme to tyme & at all tymes hereafter,2,train,train
3xcJOXyKiQ1iD283,"presents is thereof Lawfully, Surely, and Solely and",4,train,train
ndloBtg2ljsWE7qb,Bee ~ it knowne unto all men by theis prnts yt I Thomas,0,earlystop,val
yovfBGvjPjrDzVEx,to the true intent and meaneing of these presents ~,3,train,train
iq3B7MtOEAT8kLmz,C.P. Sinckler and Vallentine Willdegos,0,oof,val
9buXSXJAKvaEmlgU,I Capt Thomas Stanhope of the Island of Barbados Esqr doe acknowledge,0,oof,val
efq7cSV2UsiHIA8V,wtsoevr o for the true pformance of all & every the prmiss abovesd &,2,train,train
66kgnjGo1mY5JNS1,Townsend have hereunto sett my hand and seale the first day of March Ano 1643.,1,train,train
3FQcedBxmzcwsYU0,Inmates and other Charges And also payin,3,train,train
itLBG9PWwtL4IXjj,appearer or the owners of the said ship the same to be recovered against him,2,train,train
LMNgUceV6w8C6AOC,charged of and from all and all maner of former guiftes grantes mortgages,0,oof,val
5sFX4xspPfGIzYtx,the said James Butler his heires Executo:^rs Administrato:^rs,0,oof,val
9LOWWZHYaqkxw9t5,Ediffices and building and of all and singuler other the,2,train,train
Go5yxAEaDOgLOSaw,sume of two hundred pounds of like money as aforesaid & soe successive,3,train,train
Qkew66HYhHK6FUaR,hold stuffe & all other the aforesd prmisses wth the appurtenances,0,oof,val
K5PARWBu0ummdZFF,trouble molestacon or interupcon of from or by any pson or psons w^tsoever,1,train,train
1LsMAGOsnBq0wVpH,To all Xpian people to whome theise prsents shall come greetinge Knowe,0,earlystop,val
DT8hpS05OChwmqkD,and Assignes and their Severall & Respective Go,3,train,train
3J3dQymuGwobU1fb,pounds of tobaccoe to be paid to me by John Maycome of the,1,train,train
r7VJrwvUvTQPEy81,Charges Att the Suite of Moior Thomas Rous w:^ch Said Exe,4,train,train
gN8qJ5Nzi68K80XI,the said Solomon Deleon the drawer of the said Bill of Exchange,1,train,train
nNMe9jKOFgZajX3t,attorney for me and in my name and to my use to aske sue for leavy recover,2,train,train
E1ZA3zeU4p6II2Bv,"To l missing text stian people to whom these presents shall come, We",4,train,train
WJDW1zDD3QB2dayr,of Fortye foote square lyinge in the pish of St Michaell,0,oof,val
Zd27TtDPkKiCSEs5,having heard did protest even as by these presents I do publicly & Solemnly,1,train,train
MPaJUrR1VHNzu4oP,granted bargained allienated enfeoffed and sold ~,3,train,train
iZDQHJMu8W5CN0U5,trees lyeing groweing or fallen together with all profits and benefitts thereunto belonging or in any,3,train,train
WIrVADRlBqtRde3M,therein and thereby he left and bequeathed unto his Si,2,train,train
t69q7vZgYrY7nBFW,or may accur or arise to the said appearer or any of them therein,4,train,train
7YTsBM2uqHKNw7iN,for recoverye and receipt of the content of the aforesaid Bill and vallue of the,1,train,train
kXuSBTYEizYlbVGr,upon the last day of May wch shall be in Anno Domi 1641 And more,4,train,train
6kksOgFvzeyGc5Mv,sd W^m Greenaway be it one thousand pounds of,3,train,train
NB4HmJSixjx3sncN,Be it Remembred that upon y:^e 21 May 1694 -,0,oof,val
bCE0UdsZz10UXcxz,Wee underwritten doe certifye and testifie to bee true unto all to whome,4,train,train
z0QbEkIoiVzYZ2Is,prmisses wth the apptnes unto ye sd Nath : Ling his heires Exrs Admrs & ass freely,1,train,train
TGpukDGd2OG546C6,"Captaine John Leslie of the Parrish of S^t Johns in the Island of Barbados, of the one",0,oof,val
XB8v1iKQMbvT5oyZ,made among themselves as aforesaid and that none of them doe,1,train,train
upH1gx2fIkFj3RmW,good and merchantable muscavado suger have given,4,train,train
NEgQ2WPxx6RCNmkX,and release ye said Margarett Harrison her heires,3,train,train
OG85kutgFZAIK9jS,"or Comission, and Severall powere and Authorityes",3,train,train
BLvb21REZlvMlwcg,Gentl: of the other part: Wittnesseth That the Saide Thomas,1,train,train
PC5P9rdb2TxNFxXH,any act of mine or any other persone or persones,4,train,train
OTYAxvEZLi2Xicpa,Charles the second by the grace of God of England Et King defender,2,train,train
TPdI4dn8HUGKOWUV,Proved before me by M^r Rich: Andrewes this 26^th March 1659,2,train,train
h27paD3ripxXTLhr,standing in the fence and wyneinge to the falne ground if the said,4,train,train
uKzDWM9cJLIXRrpB,and means w^tsoever of and from Thomas Cooper of the island of B'dos,1,train,train
sJaRUTJxYwD3Gcak,Aprill Middeton Thomas Bright by the said Capt giveinge the said,3,train,train
ZXobaKLkQV4I5ru3,wooden trayes one bedstedd one hamachoe one one wooden caske one,0,oof,val
Xf53GrwovECETF4H,M.^ties Raigne made between the Said Thomas Rous of the,1,train,train
XpRMATDlCwZDGsr8,w^ch said Island was formerly in the possession of the said Radford and the,2,train,train
aW5IagELHzETFJim,and concerning thereof the same i for myself and company doe hereby,2,train,train
6bPvYAA2TKY8oFvt,as well of ye said Saigt Major Wm Hilliard as himselfe And,2,train,train
Vs0ckUinRP7TW9sQ,them into the round house of the said with armed guards our,3,train,train
4VrWvM9NAIjirnf6,Executo^rs Administrators and assignes (o,1,train,train
2iDMJd7wTVLRxPb6,the date hereof Now knowe all men by these presents that I the said,1,train,train
JY58PuTT5jK3ryWL,Memorad That I Peter Emersone doe assigne and turne over unto John,3,train,train
VcJyHWO9dmsCz4tX,had made or comytted by mee the said Robert Barker my heires or assignes forever,0,earlystop,val
IsoozHEv1bLiWAmk,Jone Williams Fran: Lawrence & Margt: Lawrence equally to be divided,4,train,train
k8Jx68hM2AhhxKsc,withstanding and we do hereby in case of such failer and non pformance makee,3,train,train
QKMcE1qzz4TAMWF1,and Singular the before granted premises with theire ~appurten~,0,oof,val
XVYxdHAl2IA6Iuys,and for ever confirmed and by these p^rsents by vertue of my said -,2,train,train
I1vWDPlR6gyLPAAA,shall appointe or else store free and for the true pformance of the same,4,train,train
w4Aq5A2DiR4yWozJ,deniall eviccon expulcon hindrance or contradiccion of me ye sd,1,train,train
54aEm8ZLLlX1G1Nf,I John Warr of Barbados planter doe assigne and settover all my,2,train,train
sZQ7QjtkQ4xnAMbL,Island Planter his heires executors and administrators the just,0,oof,val
gXd9E6aDhBprJx3Y,especially for ye valluable consideration of three thousand,2,train,train
DdPdFWMBX77PVnnS,five and Twentyeth Day of March Yearly as in and,3,train,train
xndf85l6oVLJXq0F,This Indenture made the twelft day of August 1644. Witnesseth that,0,earlystop,val
laBNyxyNmlxQ6MAZ,to the same belonging heareafter all which are in these p^rsents,4,train,train
243Efrgr29lBU5si,omitt Suffered or done ^by the said John Bawdon,4,train,train
Io8bxxFnDgmI22HE,charges and passage for Tanger aforesaid after there all of,3,train,train
dPod4u6iqggrWkcU,sume of or quantity of fforty six Thousand six,2,train,train
0DFBEVC6x3enGEDQ,Bee it knowne unto all men by these presents,3,train,train
dyV6PZfMsMKXLhm6,doe Assigne and sett over unto Francis Wood of the,3,train,train
n7KPL9l917bulljK,condiconed concluded and agreed upon betweene me the said seift John,1,train,train
nwOsTMsUaglG6SNE,& Hercules Pescod one Plantacon or pcell of land conteyn by Estim: Fiftie,0,oof,val
misDdQCoNichU6Un,Ware have hereunto put our hands and seales this xxvii of March 1644.,0,oof,val
Kcfai33Zzonq7N1i,Therefrom Exonerate acquitt and discharge . Haue demised,3,train,train
wYYpLublqdiVAHhV,to hould as the aforesaid plantacon and Every part and pcell thereof together with all other,1,train,train
dK1N20oj1OVqDbCK,not Sworne before this 16^th of June 1659-,0,oof,val
ywlRQxdJRhxKvMbt,all the Estate Right Title interest use Possession Benefitt,3,train,train
umDbhVoPETzSVb98,possession of the Land thereby granted and,3,train,train
V7pi6arZR8rfpXIs,Morgan W^m Bayley & Lewis Koller. or to either of them or either of their,3,train,train
KyqXi66L7vGOyhBC,maner aforesaide And that when the full demised,1,train,train
Y8q5eGRNcW8Qiss8,"Wormlaton and Easter wife, the above bargained and Sold",3,train,train
SgPLOWVf8Dy3v194,Parcell of Land qauntity Fourteen Acre one Rood and Thirty Peaches and one halfe,0,oof,val
18fCCrK19SfhXEBC,To all Christian people to whome these p^rsent shall,1,train,train
jVzFYObHIdSw2cev,Acres of Land with the appurtenances and all and every the,2,train,train
XwfESp9Qk3ILwfrw,and acknowledged the within Instrument of writing to be his vol,1,train,train
hTfSt1GltO42f1Vt,shall or may hereafter and from thence come,2,train,inner_ckpt
h8AgBbJSGhXNE1ji,immoreables thereunto belonginge or anye wyse appertaininge unto,0,earlystop,val
7D0RFhoTnm830Yrs,"rentes as is or shall hereafter come due to the church, and the Right Hon^ble",1,train,train
B5KC2V5tJ1WS4yLF,on the like dayes in Every yeare dureing all the terme of the naturall,0,oof,val
igHczTSQYaTpWApk,Aunna: Ogeo: Abba: Antomia: Ulubunta :Betty---,4,train,train
LlRfPmuptTDUdwa0,grounde and in the house one grind~ing~ stone,2,train,train
NN3iWefN1lrCq9nP,"formed aforesayd, Whereupon I the said Richard Noke",1,train,train
9wh2Tp11XvIV5Di2,and either heires exectors administ^rs or ass^s for ever from the,3,train,train
Pxm5ccCmaKwbQ7xP,wtsoever unto them the said Thomas Griffith and Anthony Sandiford and,4,train,train
IoI36CjYREOjvG37,w^tsoever made by me the said Cooke my exers or assignes or either,0,oof,val
wCJDmEY8Ifv4Ah14,or heare after to be had made Comitted emitted done,0,earlystop,val
Aoii3sHP85gvuq83,any other pson or pson wtoever w^ch shall or may lawfully clayme any,1,train,train
m0Nv002bd8eyHdNP,To all xpian people to whome theis presents shall come Henry Ricroft,2,train,inner_ckpt
jnFs8dFEKrpo1lWu,that my pte being the one half of twenty acres of land more or less,1,train,train
H2hsfWkrC5Gj1Bf8,be paid unto Samuell Farrer of the same island planter to his heires exers and assgnes the,1,train,train
EC06U91KV2mZpop1,paym.^t being two hundred pounds Sterl: to be paid and,1,train,train
Z3HJAl4nmxDcsrrx,whatsoever thereunto belonging To have and to hold the said granted Enfeoffed,0,oof,val
2JudIfOqm6l1lTKG,assignes from ye day of ye date hereof for ever,3,train,train
S40LubLi0Kf10HsG,may be suffered or sustayned for or by reason of,4,train,train
qhNgBuPc3mSsrbYK,servantes stocke and cropp or what is or hereafter shal be upon the,3,train,train
DsvZ7m0DhsCp91jc,and boulster and all thereunto belonging except,0,earlystop,val
RObestZArY9gN9Ek,Inventory of the Negroes and other goods belong,0,earlystop,val
gi3c1BbSkeiG3H6y,ptending my right or interest from by or under them their heires or assgs,1,train,train
wT4VIBQqeDPI7ju8,Fran Smith John Edward Ellis Steele.,4,train,inner_ckpt
PY2Ka6Dsi19zc5I6,shall and will war^t and forever defend by these psents And lastly for the,3,train,train
s6HN2J1KWvNzw7sA,Sealed and delivered in the presence of John Gregory Thomas clarke,3,train,train
ueT7zFzXUCazmAOo,I Robert Lea doe hereby accknowledge this day to have delivd,2,train,train
yWbHef45aDgsMVl6,my meanes or Procurement. In Wittness whereof I the Said,2,train,train
yXPPcN2dGvCvoXVD,Sell Aliene release and Confirme unto the Said John,0,earlystop,val
nM9nz3Q6iEygDA60,Sealed signed and delivered in presence of,2,train,train
VcLTK0mvUToRIOYE,valuable consideracon already by me Edward Vaughan recd doe give freely my moyetye,4,train,train
4Y7jxETx0tbP95Mc,had made or commytted or by any person or persons whatsoever lawfully clayme-,4,train,train
vHHSSNgBQUpEwQRP,Shipley of the said Island planter all my right tytle and interest of my share of a,0,earlystop,val
KV7WbJTGDxYrGaj3,interest of one by name given to serve for the full time,3,train,train
fotfkvVpPZH1S75X,being received of the said m^r Abraham Chapman,2,train,train
TLcJtwqHYjyiCE5n,or before Ffifteenth day of Aprill in the yeare of,4,train,train
WuDkRr2vbcWaXbXQ,yeares and not by the death of either of the said ptyes that then and,0,earlystop,val
s3QiiaePbjU4FQBi,pformance hereof I ye sd Joh: Bonner bind my self my heires Exrs admrs & assign,1,train,train
07XIMeVcLOC43CNC,And I the s^d Edward Williams for me mine heires executors and,3,train,inner_ckpt
GkGgCLrFEKwa26Zc,said Francis now liveth conteyning by estimacon one,3,train,train
7varDbZka3xNRyXG,Lord Gov^r or otherwayes and for the p'formance hereof we the said,0,oof,val
GhoijlwDxbqeikAz,and Ann my wife sendeth greeing in our Lord,1,train,train
IcNepOR6soVfBgWO,and find all to contayne seaventy and three acres according to the statute measure of England,2,train,train
pYoI3weuDBsVAFcP,Wittnesse whereof the sd parties to these p^rsents have hereunto put,3,train,inner_ckpt
Zm0oK05VdxM8yBRB,ranting and Confirmeing the p:^rmises above granted to the,0,oof,val
V216R7BJFcBLauD9,shall come Doctor John Pake and Thomas Lilly of,3,train,train
wCFGH1hETIR0I5sC,Clarke of the Sd Island gent Send greeting in Our Lord God Evlasting for divrs,3,train,train
A7VpyqAOavK4xuhS,Mason and Robert Chapham and on the Lands Late in the possesion of Symon,4,train,train
84fnxRVetPHuvVYb,appertaineing Together with Six Negroe Slaves commonly called or known by,0,earlystop,val
YBaHhzYrXg8S4JXa,for a quantity of goods all ready received in hand,3,train,train
rNLIce5nUCBJo5AF,exceutors Admrs: & assignes or any his or their meanes or ~~~,3,train,train
KH5g92Q3DA5Bo6xi,and forever unto the Said Rachel Mendez her Exe^rs Ad,0,oof,val
4UvcO2ggprq7MyI6,the marriners then aboard) the aforesaid Protest,2,train,train
AOYNDeh15FMIbOGK,plantacon and halfe of three men (onely one sow to be excepted and Repentance her turkeyes,1,train,inner_ckpt
ORKkWTLEdtXunH9B,signe seale and as his act and deed deliver th,1,train,train
JDM5gqB6wLwgfPjb,Seale & as her Act & Deed Deliv^r the Deed hereunto annexed,4,train,train
hMZZ6CGxXETv2Ixh,protest can as by the present i do publicly and solemnly protest against,3,train,train
ZZdAR6plUpBut5ag,same Island Blacksmith doe for divs good causes & valuable,2,train,train
YsJV2oQ87wPJ8BOk,Evan Lloyd my heires Executors or adm^rs or by or. from any,0,oof,val
WzsPgzrwcHyj4UT7,unto the said Laughlan Consadine his heires and assignes for ever,0,earlystop,val
XwlpP5otmI1pUXZY,Samuell Adams w^th the one halfe of all moveables belonginge to the ptacon,1,train,train
qNyOLpOwEHQ9l4t1,peaceably and quietlye enjoye the said land and houseing without the lett,2,train,train
JnzsFi3ktxuXG6Vg,divers other good & valluable Consideracons Hath given granted,2,train,train
Kq6naek2cqUEYeoD,of y^m for ever & to ye heires Exr^s adm^rs & ass of every of ym: all,0,earlystop,val
BJNdu54JXecIRb8h,Now Know ye that wee Roger Davis & Roger Proser both,0,earlystop,val
Q7pgXKzl396CvzSt,at rhe End of euery Six moneths from and after the ^said ffirst,1,train,train
5uVLnbmlOcDO4xBa,This bill bindeth me Benjamen Read of the Island,3,train,train
6U6ZefyJzJu2rHD6,given granted bargained and sould and by these pnts doe give grant bargaine and sell,0,oof,val
rWL8NcKADIeMtx0Y,"Assignes for Ever, ag:^t us, the saide Sam^ll Thorneby Allexand:^r",0,earlystop,val
WL4295AOCQhHHpKE,assignes shall quietlye possesse occupie and enjoye the said twentie acres,2,train,inner_ckpt
vvvTOryw6qlVzGpy,sett over and by these presents doe for me my heires,3,train,train
Hm3L8CPAOjdUxoOr,cotton shal be behind and unpaid att theis severall dayes of payment,2,train,inner_ckpt
t6eMEwn0Ed8Rd2Bp,the said two parcells land with all the profitts,0,oof,val
KcVzW7uqdk4wNUN0,the great damage and Loss of the said appearer and the owners of,0,oof,val
fCtxAqjtaaH0W2iw,in a schedule hereunto annexed To have and to hould the said twelve acres of land,1,train,train
PozUoS1fWwKlV8jX,due to the seamen that have navigated the said ship dureing,3,train,train
0pAcgRa77LVPNKpY,Scituate in the towne of St Michaells at this Island,4,train,train
7lDBxlJMkIBys2QS,plantacon & now called Arcadia & each of them to bear theire equall shares,0,earlystop,val
SEZ3udqaYKnEbf6V,"Buildings , the Cattle Mares and premises aforesaid and that",0,oof,val
My0ALCzdVlimyrtK,"Acknowledge, Have given, granted, bargained, Sold",2,train,train
vr8RbWnLaMGq9RyH,Greetinge in Our Lord god everlasting know ye that Lieft,1,train,train
LKRUyhnHdCeJR48y,and Competent Timber and other wood for the repaireing -,2,train,train
BPfTganEeiLoHRCa,thence stand bound unto the said Edward Sharrah his heires exers admistrs and assignes,2,train,train
wsi7QIOqPYTlwOeg,"heyres may might , Could , Should or ought to have had ^& enjoyed the",1,train,train
0od9CY9Q4CKZMFue,safty amen Dated in barbados the 30:^th July 1692,3,train,train
xe9HIGYGJby3EcOy,serve as by their Indentures will more plainly appeare To have and to hould the said forty,3,train,train
7BshOS7Qx9FJcMWD,"by the said Ralph Wyatt, or by any other act means possession",1,train,train
5EYrJvKYvSm5i9uY,where on I now live beinge fortie acres of land more or lesse together,4,train,train
FDsTfQViFsyMlYeg,said Alec Hur dis in the some of two thousand pounds ster : for the,3,train,train
1oHGkWjXggtZVvCF,Benjamin Wright his heires Ex^rs Adm^rs or assignes or assignes or any of,3,train,train
0pTrAB9K1tq6FYnS,my hand and seale the 27^th November Ano: Domi 1641,4,train,train
khog99sweNvhx776,himselfe his heires Exec^rs Adm^rs & assignes unto the sd David made & his,2,train,train
mnXyL0hflG6LUHhk,right title or interest unto the aforesd forty acres of land or any pte,2,train,train
qxxJJ7ZqwbAhw3R9,Wood and purchasee from all manner of clayme title and interest wch I now have or,2,train,train
2NVzNO5gbW69W48I,Said two acres of Land from the begining of the world to,2,train,train
CKB6GJz8mOQfk59Y,his Executo^rs: administrato^rs: or assignes from the day of the date of these,2,train,train
NOr4ncE2T6kZg5RG,Witnesseth that the said John ffrith as well for & in Consideracon,4,train,train
2YTTFF2An3JY8oX8,his Wife ( Administratrix of d Singular the Goods and,3,train,train
GDAdNAC8oCkxcdKp,"bargained Sold, aliened enfeoffed & Confirmed, And",4,train,train
BHew23WKtXD5SqXD,take unto his use and possession the aforesaid plantacon and,2,train,train
R37EK4pEtfz52TcG,Thomas Rouse of the same Island Barbados gent of th' other party Witnesseth that the,3,train,train
9VDKtidUEWjRRiRo,Acknowledged by Henry Andrewes this 17^th of,3,train,train
iKSyoundSxLDUalx,Known and manifest unto all Christian people that upon the six and,0,oof,val
7RTwDwBDA9ADb6Jb,the said demised primisses and that the other thirtie acres w^ch formerly,3,train,train
8DWxKDSMxo2hKP0l,surveyed bounded and laid out by Richard Man Surveyor Scituated,3,train,train
W98g7gKXgYs3I4w4,Abbott leeward Together with all the profitts and commodities thereupon or thereunto,4,train,train
BBCgqIvo7oQmXhFW,Entred the 2:^d shall come I Joseph: Warren Marshall of the Courte,0,earlystop,val
RBJFdw8PQyYHuSAA,unto Robert Bridges quit: living in ye Island & pish as aforesd his heires Admrs or ass,3,train,train
qCDqo1rKdjWSQgfQ,Intr 25 die To all Christian people to whome this prsents writing shall come I Willm,1,train,train
simfQ8IiScWS2y7H,Richardson which is now or was late in ye tennor,3,train,train
TD9rf9ReTOsHyR47,mchantable Tobaccoe well made upp in wreath & Role Witnes,4,train,train
jge53Fb3Yj0uq2tY,"all maner of Former and other Gifth, grants",4,train,train
oCLrZ3aWZkSBvrjn,"Priveledges Commodities, rights, members, jurisdictions heredi-",0,earlystop,val
HAeGBRWQSOHV9mWa,"chilldren by name Arra , Jacbatong , Bango",2,train,train
twBcwQMYx0zntp7W,M^r Richard Gay To have & to hould the sd pcell of land,4,train,train
gAIy40YDaZHIuubz,belonging to ye said plantation which Mrs Anne,1,train,train
Pcxkzmwedc12Zqyl,we ratifie & confirme by theis pnts In witness whereof I the sd Henry,2,train,train
NrkJehwID4U6zvcK,limitation of any use or uses estate or estates,4,train,train
ppLPLXWGkskyzQjg,Phillips in the said Island and conteyning by estimation two,1,train,train
Df05Zk1Auy9wy26S,Sale to be his act and deed William Sharpe,4,train,train
TBVUAtdu7OM4KEOR,and John Johnson his Agents or ffacto:^r and all other the,2,train,train
V4HcQv4XNiMyjkl1,menconed without the consent and lysence of the said John Spendlove And if it shall happen,3,train,train
DhHiFWxTsJUcfuFh,in one bill of M^r William Martins of this Island Gent for six thousand pounds,1,train,train
Whswh4mCrQ4aXiIP,"and released, free and cleare & freely and clearely",4,train,train
061vly0ox61zcjjM,or howses w^tsoever and to make a bill of sale in his name as an attor-,3,train,train
z8z0LWPaEPGW8j3z,tyme to tyme and ast all tymes hereafter quietly and peaceably hould occupie,4,train,train
OVXBQ6bnKlbO8vgs,Thirty seaven degrees or there abouts then arose on the same day of his,1,train,train
kl035GcZevBhNohJ,"and assignes doth by theise absolutely warrant secure and defend all tha""fore",1,train,train
3ATzohB15YBNy1JE,Sd Hugh Perry & Abraham Symons or: heires Ex^rs Adm^rs,3,train,train
W8wdFrxaW9VMnV3p,was in y^e possession of my late Dec^d: ffather &now in the possession me y^e. s^d. Robert San,0,oof,val
ltihQJSWoGu4qxZW,"A Schedule or list of the Negroes, horses, mares, and Cattle, which",3,train,train
yhc6bG1OMQ3J6ZRE,so ever and how so ever and did also pay or cause to be paid to the,4,train,train
XRSdH1cm8ft5LV5K,To have and to hould ye one halfe or moyetye of ye said land ground and,2,train,train
oLRXuIDPQmX0K7w5,all timber trees lyinge growinge or being on the sd plantacon wth all ~,2,train,train
unX43skIMa8FTHeO,ffifty Acres more or Less Sittuate in the said Parrish of,4,train,train
3kHzHgflUnObnHGv,aboard her with all things to the said ship belonging having time,1,train,train
9ogyciTiCO7tppdn,come know yee that wee W^m Catford administrator unto,2,train,train
dAzOx3yB1d21xbwN,land and all and singular other the premisses,4,train,train
aptc88H5YsQICiKF,Merch : tobaccoe well made up in wreath & Role to us paid by Ralph Harrison,3,train,train
qelRraRW1qmKBHsG,within written Deed In the p^r:Sence of us : .,0,oof,val
JxHf6h08dgsycimX,"Claiming any right, title, or interest for,",2,train,train
Wh4XLWfNqZPtxq7x,ye said Capt: Henry Colleton his heires executors adminis -,2,train,train
9eddjquHX2THRWBr,Articles of agreement indented made and agreed,1,train,train
6Py4cvLdqDownu1j,sendeth greeting in our Lord God Everlasting,3,train,inner_ckpt
maSaoMIFGOWcAY9s,hundred and Eighteene pounds two Shillings and,0,earlystop,val
YkA0wZ0PXB9vlKo6,sett theire hands and seales the day and yeare firs,0,oof,val
4MDlMv01Cuw4hjBn,Hooper shall bee at Liberty and may if hee please,0,earlystop,val
S3UKNP7OPY10G2Z0,Merchant for good consideracon me moveinge,0,oof,val
DXUacbe6LQd947cC,cleere from all manner of incumbrances whatsoever and the Said abraha,0,oof,val
jiqx4LpoqZtfKzK6,heires exers admistrs and assignes the afores'd house or tenement w^th all pfitts,3,train,train
A6kS9NSmmP9Drhw7,for as much as I am none arrived and attained to the,4,train,train
JUgQhXGbQJZlKPVo,"if I the saide Mary: Sanders my heyes, Exec:^rs Adm:^rs or -",1,train,train
paOW9IJ6AGqpaj45,pfitts & comodities thereupon or thereunto belonginge or any wayes,0,earlystop,val
nIn82gLotIW9KfJ5,By this publique act and Instrument of protest be it known,1,train,train
tJXT2CnNAgaRiL3R,every of them by these presents in manner and forme following (that is,3,train,train
EoHQ7byDN8KyDQoy,bearing date ye first day of June in ye yeare one,3,train,train
bZwxYanfxUHGDJuc,Pemmell for himselfe and his heyres ~ and all other~,0,oof,val
G0JY1qL5SUuMe2ly,them their or either of their or either of theire severall heires,2,train,train
7flfT8faBYRondTf,and freely and cleerly belonginge to the said John Burrowes his heires,4,train,train
dPbGExFXvDvg8Snh,intended and Soe shall Continue and Rema,1,train,train
Oz9tea1ybokBWZCw,M^r. Thomas Weit Capt: Robt: Rumballs and partners M^r.,0,earlystop,val
NJuFVII4CYk5J7jd,well made up in weath and role & to be paid into some,0,oof,val
xb5vu5PpSOyiKTOf,day of June wch will be in the year of Our Lord 1648,2,train,train
asclvS0ZVIPNVGJe,"without y^e Lett, trouble , deniall, Molestacon or disturbance",1,train,train
1BjRNfVdUGFo0Njk,other molestacon whatsoever of us the said James and Debora,1,train,train
Can6yHzdv70dzpcz,In witness whereof I the said William Dighton have hereunto set,3,train,train
5NUBDy6QlSKgzS8c,all commodities and necessaries whatsoever either belonging or appertaininge,2,train,train
BZDBBS8zWdSNfLhM,"on Estate, in ffoe Simple to him and his heyres or for Ever",2,train,train
11iuHKmFVcYPIuRH,Tobias Foote of the Island of Barbados Planter for full satisfaction,1,train,train
h14ckzi9DczzsJM5,wth the apptenances thereunto belonging or any wise aptening unto,3,train,train
AzGee4nn9NEm7BCb,Lord God Everlasting Know ye that I John Smith aforesd for,1,train,train
p7eThK8uN965960O,ffebruary Theire Bill of Sale under theire hands and Seales,3,train,train
NU5Mv17Kc03bfc8P,the cropp of corn thereon now groweing onely excepted unto the sole and proper use of the,1,train,train
RrIYgsc0KIZSqfUd,May the first 1663 personally appeared before mee M^r William,2,train,train
3ZxOeKcOr5wUYyk0,x x x bound benige first x x x x x x x,3,train,train
ImvmRvqtV0XR2rmT,and pte in the pish of Andrews Overhills in the Island afores'd abutting and,2,train,train
I3PH4MroJmchtJQx,"the persones above mentioned, ever have had, or Enjoyed",2,train,train
lD86mhBbp1wdjSt5,yeare of the Reigne of our Sovereigne Lo,3,train,train
8xe3LmE4HqLvne1l,clearly acquitted & Discharged from all other former gifts grants,2,train,train
4fetzTUEHAXA0Kei,Entd 3^rd June and to my use to aske for leave recover and receive all such debtes as are,0,oof,val
NQJ8xfzwjlQHF4nu,Advantages and Appertunances whatsoever to,2,train,train
xqsfLVcWYqmFD3ck,Michaells In the Island aforesayd the full and Ins,2,train,train
ccb6jE2RlUietluD,without the lett suite trouble hinderance or disturbance of me the,3,train,train
EQHCwqh7JfwBnjzG,of ye same Island Gent his heires Execrs or assignes for everall my right,3,train,train
V4lGCqOjZxAuz956,"aforesaid To Have , Hold , Receive , perceive",4,train,train
3lSgDEOX5mvP8W7f,& sale shall not or be not pformed unto the sd Richard as-,3,train,train
CF89W3oPEuK6tMmZ,every parte and parcell there of unto ye aforesaid John,3,train,train
0hoCQGQAX4lAGq4N,them soe under theire Respective ages togeather full power,0,earlystop,val
N4IuDZuixyOnFq86,"thousand six hundred Seaventy and six, and in the Eight and",4,train,train
Gg5opb7EorvpO51R,executors adm^rs or assignes or any claymeing any right,0,earlystop,val
gbEBZbLZO7v1qpgE,goods and chattells out of prison againe to deliver or cause to be delivered,4,train,train
Pxv0ih2mCAXXap1Z,have hereunto sett our hands and seales interchangeably this twentieth day of,3,train,train
AoMMqNv6MsamJKwu,South on ye land of Rich Yates together with all ye,4,train,train
RnBNbzS6guTYSwcQ,further binde himselfe his heyres Adm:^es and Assignes in the sum,2,train,train
WDbUz3HEvBWEdEfO,Signed Sealed and delivered in the presence of us,3,train,inner_ckpt
tvgRo3Z7BozWwUMa,prsence of - George Millard - Anthony Greene,4,train,train
DX6jCOyJkMCWug7r,admistrs or assignes the summe of fourteene hundred pounds of the like,1,train,train
XYRMCyIhVR5yX6a1,pounds of like money upon the three and twentieth day,1,train,train
xcbmmslo4qUlv2Jp,the day of the date thereof and I the said Bennett allett the said landw.^th,2,train,train
pFjgTUP3GyddmkdS,Wee require & except by theis prsents due & full satisfacon from,3,train,train
JBC2x4zE8x2nXYu8,upon the Broad path That leads Throught Spights Town,3,train,train
2JIoSPp3gIpIbhzL,Discharged of & from all & all manner of former & other Gifts grants bargains,3,train,train
spfNiCspZflABAwz,said John Burrows and my heires ye said granted,1,train,train
qM5q4bWpR7YWPR6N,severall Judgement & Execution thereon in y^e name of y^e s^d S^r Jn^o Maynard of,2,train,train
1ZMOluz98C1N7ESX,Right title Sufferance or procurement in any Manner of,2,train,train
0x7CLKlC5bF8QKw4,& layd out for the manadging of the sd land now or wch hereafter shall,4,train,train
eiYnMIfIKoNDPOZk,well and sufficiently warranted and defended,0,oof,val
GNRUSgrv2q7IfZeJ,the Said parrish of S:^t Georges Butting and bounding,3,train,train
AV1UUCv6WF5q3vhX,of their true & lawfull attorney Giveing & by theis pnts,0,oof,val
8MP11YZ0hPpCfAYu,writing or Bill of sale as their act & Deed to the use of,4,train,train
Dr31M63JkeHjCs0q,Entd the Know all men by these presnets whereas William Phillips of the Island of,3,train,train
ZVLKT58OQI2Mowts,trees marked with a X Together withall houses edifices pfitts priviledges and,2,train,train
Q3ak7HJZPfsfhi1I,upon the one & twentieth day of March 1650 scytuate lying and,2,train,train
964P0mmTC7ge8INv,sould to Edward Verman and soe to the seasyde Together withall profitts and,2,train,train
Df4U8pt1RP853mVW,the said John Kempson Thomas Bond and Thomas Jones by severall daies and,3,train,train
1LkKJ4P9ajTHr8Pq,Notary publique in this Island Captaine Joh,2,train,train
hfyzCoYiN7as5Rv9,aforesd I do hereby grant as aforesd & absolutely confirm unto the,0,oof,val
KnlH3G7dTKJ7nkjh,ship from Boston in New England on thursday the Three and twentieth,1,train,train
cLOVrvJExKwdGSlw,To all Christian People to whom these presents Shall,4,train,train
jdRUzCWMKGfoBsYz,ye said Capt Richard Peers and Wm: Morgan their heires exers admistrs or assignes,0,oof,val
KkjuePEr3FulMrNC,of these p^rsents are Lawfully Surely Sol,1,train,train
T7RKTt7RYlSyNgw2,Road also being desired by Patron Anthonio,0,oof,val
ju1xBfrrg7jQ9TWS,"Thomas Mary and Ann, Groues, and theire Heires and",3,train,train
ZiITMkcEXPsROvLw,"Josias Hart, Joseph Grafton John Coppenger",0,oof,val
6jAabGcizwJKTnQq,made answer that he hath no effects the drawer in his frauds,3,train,train
QrldR5wwRPwUvWoR,of profitts & comodities upon the same by me,2,train,train
8uwnh2ScFmF5elja,Costs and Damages that may be Comemed and arrea ag,2,train,train
1vRG2yH4TcqSmMqj,Nicholas Rice North togeather with all the houses,2,train,train
K0I5shzXqoC7CcOP,By this public act and Instrument of protest Be,2,train,train
MCag8sQOPuxFa23o,did demise grant and to forme let unto the said Richard,3,train,train
fT6kfNSJdqfH7qCj,Attorney and the Authoritye thereby given is to be force (and vertue?),0,oof,val
NJGgnIwJurj8TZsK,Gunning their heires and assignes forever all that plantacon where they now live,4,train,train
ng2CmSayzl1LnQ9P,of one Acre of wood Land in a place known or called the Valley,0,oof,val
yUYGN8kyJycXk6vK,with the plantacon of Capt Houldipp comonly called Locust Hall with the halfe of,0,oof,val
gMPtcUZKyfXd6Xvw,-inge I knowne yee that I the said John Hill for divers good causes and consider-,1,train,train
daVpziQl8f73e7TX,Meddow for divers good causes me thereunto moveing any especially,1,train,train
TnwF5fMlgsKzEKf0,Seaven and twentieth day of November in the Year of our Lord,3,train,train
UpD34LSJrrbSKEeU,the Isues and profit there from time to time there upon growing to the,3,train,train
Y3oobQmzvr3e9Xrw,doe Covenant promise and grant to and with the,2,train,train
9uQhwSzTiX4E1Z3F,for divers good causes and consideracons in thereabout moveing Have given,3,train,train
Z8vLvdiAnTvBaFFF,Oaker & Mason theire heirs & assignes forevr: To have,4,train,train
I8qUb66NZYXfekjv,person againe to release and acquittances or other discharges for mee,3,train,train
k1X72nCGxSWCDgR4,without the Lett suite trouble eviction molest,3,train,train
hYRAqHUaC812iOCO,alien infeoffe & confirme unto Howell Williams & Richard Meere of Barbados,1,train,train
j5P0RRt8vztefLNk,heires Exec Admr^s & assignes of & from all & all maner,0,earlystop,val
rezrHFNiQ3Sed34r,hereunto sett my hand and seale this 22th of March 1653.,0,oof,val
E2wmO30KzCnDNqIC,to me also to receive any goods that shall if any shipp or shippes come,4,train,train
XjbjE7dBhxNkEoJF,lyeinge and being in the pish of St. Lucie in the Island of Barbados,4,train,train
QYjkphcuKiCqxlnJ,other Pson or Psons whatsoever lawfully haveing or claymeinge from by or under,4,train,train
0sh6VmDlDEQ5yHxE,& valuable consideracons me hereunto moveing as also for and in,4,train,train
25QaQd6DRUoZxXOB,By this public act and Instrument of protest be it knowne,3,train,train
ThfnPfGddjfVrMHd,and England the 9^th Day of November 1693,1,train,train
EGV4gzx5BaHH9d4R,"without any Lett, Suite, trouble, denyall molestacon or",3,train,train
PMR5TI9MaDsLLpZu,Nathaniell his heires Executor & Adm^rs yt that he the sd -,3,train,train
VcHSghViBX2b8c8m,be in the yeare of Our Lord God one Thousand Six hundred forty Eight,4,train,train
GpdWKDxZtlUXt36F,convenant and agree to & with the sd William Walton,2,train,train
Z5MPAtF8kAHQt2VF,right or title thereunto by from or und^.r him them or any o,4,train,train
Sr3AHbfZSXmh035r,To all Xpian people To whom thise p^rsent writing,0,oof,val
H9erbIk6Il8sW1zt,Executo.^rs & Administrato.^rs in The Sume of foure hundr,3,train,train
xG4FDgZUEW1u6nxu,Radford and Aurthur Hackett and foure thousand pounds of cotton to be paid by the first,0,oof,val
mfPIBCibEwLgrr1V,"said Peter: Swaine for my selfe, my Executors and Adm:^rs",1,train,train
Xm4tfcIvyUUV4iHI,or psons w^tsoevere that is under their command and the said Capt Edmund Read,1,train,train
iAmP4ZHpOZIYbyYT,binde mee my heires exers or admistrs in the penall summe and forfeiture of thirteene,2,train,train
q7i5BfOXzAQArEeb,yeare of the Reigne of our Souereigne Lord Charles the,4,train,train
UL8ikhp4e6Ec55fN,The bill of Sale on the other side was this acknowledged,0,oof,val
PyFjlhbZ0qu37TXr,to his owne pper use and behoofe all and every the servants wares,0,oof,val
zLT5UZrUX856Ov8m,the pish of St Andrews in ye Island aforesd Joyninge & abutinge on,4,train,train
EjBHn3N8xcXDVSbw,"A Lyst or Shedule of names of all the men, women and Childr,",1,train,train
9XuqchsLQ2RpJR82,"Covenant, grant, and agree, to and with the Said Thomas: Lake",3,train,train
amRikgUPCDvNNdiw,Buildings Easments wood water Courses benefitts a,3,train,train
U6l8avRSbQ01uEI9,hereunto put my hand and Seale Dated this,0,oof,val
HCtCrb3CmNEjKOAg,Moneths next after the Date of Those presents,2,train,train
FSdjngDqO59ciHVe,any matter of Chaleng Claime or Demand of me the said,2,train,train
0SwQKfck5tvgcLfc,in the Island aforesd . bounding on the lands of Mr Price Gent Leward,4,train,train
K5cQe9X4rTsUEmZr,said Millner and all others there in Concerned for all wrongs pruduces,2,train,train
QaYo1SNJahmoZODO,degrees or thereabouts mett with Contrary winds,2,train,train
nSBwPZRYsnvS9GJ1,exers admrs and ~assignes~ every of them that it shall and may belawfull,2,train,inner_ckpt
rg41PsSpNebVnl8p,"or assignes or any of us, or of or by any other person or per",1,train,train
bYRLk0bwp2yubsOw,"thirteene Sixteenths thereof , being the groper Estate",0,oof,val
QBptvWq3587sVotT,estate and right without the lawfull let contradiction suit humble,2,train,train
4BnNG9Zu4R8vOqWT,of good and merchantable cotton wooll well cleered from the seedes to paymts,3,train,train
BPYvK2g5H6con53S,prnts that I the said Richard Gregory doe for mee my heires exers and admnstrs bargaine,2,train,train
0rQmhnOTWuSRRFta,with theire and Every of theire apportenances,1,train,train
lfjerzft3TC3AHnQ,Where As I the said Ralph Wyatt upon the day of the date of these presents,2,train,train
nP0aFeBFwmYRSkhy,"w^ch,, was Robert Wilkinson to Have and to Hould to the s^d",4,train,train
WYqtPcC9BzmRtMXm,intendeth to goe in consideracon whereof the sd Leonard Dowden for,1,train,train
xLZXpQJXY7LBCzRp,whatsoever that now can or hereafter claime or that shall,4,train,train
cdPxsnBqvNZ4WDcg,agents or assignes any thinge for the same with the shipps cables and provision,1,train,train
xwYwMSZX7nx3vGGe,furniture apparell whatsoever unto ye said shipp,4,train,train
aHIcnv3tANsyBa5t,be paid by my beloved Kingman ye Wor^tt Sir John -,1,train,train
shKRIy5z0w9XZjsc,Water field of the aforesaid Island planter unto the said Morgan Powell according to the,1,train,train
MZC9yfhWyyiXUIzB,hereof as wittness my hand and seale this seaventh,1,train,train
GAg3RfvBZ4R1YXWk,These presents the receipt whereof the said Jane: Henry,3,train,train
mgMCJ0LNM69dffZr,Knowe all men by theis presents that I Capt James Holdipp of the,0,oof,val
Hrp7PnLhs5fLTJhW,Past the river of old Calabar fire severall,0,oof,val
L17n22GA39IkEJYq,of God of England Scotland and France and Ireland,1,train,train
onoiFNXJVZ8UJ8iZ,Seventy acres or there about was Atached An,1,train,train
QcbHemnW2Vt0VLbj,Exonorate and for ever discharge the said Willm Shipton his,3,train,train
8RFbyc9FW5fEqIff,"where of we do acquitt and discharge the said Peter Hancock, his heirs",1,train,train
Mi2WTVI6qaXts0wY,together withall edificies buildings thereupon now beinge withall emolements,2,train,train
Ih7yfJs1ON43xKmT,"Island, Witnesseth that whereas the said Henry Sealy hath upon",0,oof,val
AiMUEU7nKQ0IPX4H,make any other forme and good Conveyance to the land and premisses,0,earlystop,val
eQfb4hUuGtxzC1o9,dead shee the Said Richard Hawksworth or his Executo^rs Sha,4,train,train
IVK2rYz13o38mI95,of these presents have given granted bargained and sold and by these,1,train,train
J14FwODdOoPbXjLm,In 17^o die This bill bindeth me John Wiseman of the Island,4,train,train
FUQEsJR1UFDadEJJ,inst rents & dues as shal be come due from the said,0,earlystop,val
5z0BGufzQgliEu7p,6^th June 1645 Island aforesaid sendeth greetinge in our Lord God Everlastinge Knowe yee,2,train,train
H6MlB7cGEGI4lZ6J,To all Christian People to whome this present writeing shall come,0,oof,val
7BZjlemlbtSecskN,other pson or psons wtsoever yt shall instly lay any claime right,2,train,train
NedVWfKopxWmINli,or his assignes hee or they paying freight me penny a pound wth,1,train,train
q6zjgF4yqQm7sM3m,given by the said Francis Hickman to M^r.,3,train,train
6sChDStSz8rGIFCf,3100 lb of good and merchantable cotton wooll unto the said Edward Carew Skipwith his excrs or,3,train,train
CSjP6sAfQduefc71,grant bargaine sell assure and confirme the same unto,3,train,train
uXYxL1xIkFDVdSAL,Lands of the Said Moore Deceased : Together with,4,train,train
XjFjREzxmZe8s0x8,and a way the said Susack together with the said,4,train,train
SiBSBJihCh5N5xwm,Richard Noke Deputy Secretary of the said Island and sole notary publique,2,train,train
HHNyyLNTFjF92S7o,grace of God of England Scotland France and Ireland King defender of,4,train,train
tFJglPMf1r20i5Im,Thomas Bennett before theise alinge of theise prsents Have given granted bargained,1,train,train
G3iB7r2iLw39gGvl,to be had made committed or done by ye said John,1,train,train
joPD57E6xAFEN7r7,full force and vertue . In wittnes whereof,2,train,train
30PyrOPCxahhfhFP,Capt Daniell Fletcher his heires executors administr^s or assignes the full,2,train,train
vUAimd7mMDtq2bG6,the said Richard Fisher his heires executors & administrators &,1,train,train
Yw2t4EqC9ZzSM9vc,yee that I James Drax of Island of Barbados Esq for divers,2,train,train
Clt9zeMgR0MX0yuF,heires exers and assignes forever and for the pformance he binds himselfe in the,2,train,train
gNSav5n4F15yMnkU,Browne theire heyres Exec^rs: Adm^rs: or assignes forever,3,train,train
UTTiFe7eijgHk8Tp,effect for the purposes aforesaid And we doe humbly also certifye that,1,train,inner_ckpt
ZmJD8hjNwfsvl5TZ,witness or hands the days and years above menconed the s'd,4,train,train
GN5yRY49nn0EA5Vf,The condicon of the above written obligacon is such that if the ~,4,train,train
cUWIqCRu02vxCRFp,to the times of this protest being the da,1,train,train
43ANVj77p3kZZl4A,and four hundred pounds of good And lawful money,3,train,train
IpUJuaGVnpkEgbtu,"Scituate , Lyeing and being in the Said parrish",1,train,train
fGd6OPCnL7jbUciw,possion: of Mr Frans Estwick North upon a pcell of land,2,train,train
ModMWfT9r71Od6gR,or assignes by me or their assent consent or procurement,0,earlystop,val
0HagWfv50QnVAbNy,unto the Said twoe parcells of land belonging or in,2,train,train
PzKYZmjAuDp3ViW7,confirmed by theis prsents doe give grt: bgaine & sell unto ye sd Owen,2,train,train
UDTjHvuSOrhCLnS1,"hatchetts, & one Cleaver ffive paires of Iron",3,train,train
0SDEuPPz0ykdZxPB,certaine atturney for and dureing such tyme or terme the said John William,0,oof,val
STzzzgoU04SrFnkY,of the Island of Barbados clear sendeth Greeting in Or Ld God everlasting,2,train,train
mg6tupUAvgmn6H9B,"und^r her and his heyres onely , In Wittnes where",0,earlystop,val
Pzi0V4r3feeGUTWU,of our Estate Interest act or pcuremt and ye freed and cleared of & from,2,train,train
UvBCw8Q6znxxXGs4,and manifest unto all Christian people that upon the four and,3,train,train
bJHypYsVTzDpLhNa,Plantacon with all & every the appurtenances hereto appteyneinge,0,oof,val
7S9DADWQidhMXVRf,whereof I have hereunto sett my hand and seale this fifteenth day of,0,earlystop,val
ds2yzgNWAo3MYQNa,grante bargaine confirme and sell unto phillip Jones of this Isle his heires,4,train,train
3evlRU96UPHFm1nK,two tonn of Bristoll hogshead in fifty days time after the arrival of the,0,earlystop,val
quoguynXdMpa5XZE,twoe hundred pounds of mchantable Tobaccoe already had & ~,3,train,train
REsL1mjwfhqSYLDH,of land conteyneing Thirty & six Acres of Land or thereabouts,1,train,train
IMJvEoKbI5o17RTv,Entred ye of forty thousand pounds of Muscovado suger unto mee my,1,train,train
wZqvr4MS4rJaH8mf,I Morish Ronan doe hereby certify to have delivered possession of tenne acres of land unto Thoma,2,train,train
Msau6OaqEiWAbNE3,upon the said Judgment in that behalfe provided In Wittness,4,train,inner_ckpt
gHqA1DLdJDEZSoEn,date the Sixteenth day of June which was in the,4,train,train
ZrwZjN15lBC381BN,one white storehouse and a percell of land and ground,1,train,train
nzB2pspNZkvkMuLy,long after as they shall think fitting & convenient in manner & forme,1,train,train
WgOCLhfd6cyu42Se,and eight acres of land lyeing and being in ye pish of St Andrews over hills,1,train,train
bGUXJjt8dm0UxR2p,to be void otherwise to stand in full force & virtue,4,train,train
qlri5n1JPoLCkHpp,of the goods and Merchandise aboard the said ship belonging to Capt,3,train,train
xHKVc0qg7H2OkX3G,This Indenture made the twenty and sixth day of January,0,earlystop,val
woV3tAY4vxqLsD2h,of the Island aforesaid gentleman sendeth greeting in Our Lord God Everlasting Knowe,3,train,train
lstgZJk54jkAhI6N,condempne & out of prison to deliv: & genally to doe all things wch he,2,train,train
VO8WpcESrIkQWSUa,thousand pounds of sound & marchantable tobaccoe in Roule unto Edward,1,train,train
sdxjeGwduy3dJ7mV,designed desire that the said protest may bee,4,train,train
vcHTnF8sxTXzchDb,his heires and Assignes for ever as aforesaid and further,2,train,train
EoC5ibXpPFyo8JGP,the appurtanances proffits and Benefitts there unto belonging unto me,1,train,train
7hlHU4tL0ZFgHwSK,under his and seale dated second day of January in ye yeare of our Lord God,2,train,train
5BwizSJpTshv505v,quietly have hold use occupie possesse and enjoye the said plantacon with,3,train,train
Wnh8FVMwVuAmnfZG,ye that I Robert Lea: of the Island of Barbados Carpenter for divs good,1,train,train
ccPugT9HO1r1VqLI,first of Juno next with the corne house above the cliffe with all other houseing,4,train,train
lgsriTCUaofjaFnv,of cotton or thereaboutes unto Leiveten^t Maycock had made or commytted by us the,1,train,train
QsoYWbDpit1yQBXH,ove~ name Judith Powrey appeared before mee,2,train,train
B6XjP7K6kueJI8Uh,1647 Imps to a debt Captn: Geo Richardson past for to Mr Jackson Stiller 42 0000,1,train,train
DoCgLHZTPOxW7RRh,and foure Betweene Thomas Sandiford and Tho: Martin,2,train,train
3HolfvkK7cd19Fse,and about the only dayes arrived at Eowiffe and,3,train,train
XqV5OM8HpKeb9nla,of the aforesaid Island Merchant Have given grant,2,train,train
0XlNQGqkURv7DMLe,and all other the estate w^tsoever which were parcell of and belonging to the said,4,train,train
P0Q6Yx0ZDGyJRad4,come Greeteing Know that I Thomas Hinderson for,2,train,train
uoCwWlwCUtZtRZ80,"adm^rs and either of us, and eother of our heyres Xrs; to and wit",4,train,train
A2cUe9f6WNWGFW9u,hundred acres of land fallen & unfalllen be it more or lesse & alsoe,4,train,train
gxUU4frRO9Uo8w23,Said Jones Askew and Ann his wife have here unto Sett,0,oof,val
nm6tJae12v3oCVpx,hands and seales the Twentieth day of July Ano: Dom. 1643,0,oof,val
R8rOSVbQCIIajzuk,of Samuell Brand & Paule Painter the other or Cratcht house now,0,oof,val
AvDjGKYDjkyRKnsG,very desirous that the sd hundred pounds may be truely &,4,train,train
oMFzVNYfwB8787EQ,with note of the cargo formerly sent out also signed as aforesaid to be and,3,train,train
mTqwzHR4GSr68Hzv,ffor the sume of six Hundred thirty Eight pounds thirteen Shilling,2,train,train
JDlXxmDfFicRhuop,New Stone house for the seruants Lodgeing or,1,train,train
mTy0VKTmfc442vCf,these present Indenture Interchangeably have,1,train,train
maYQjXjJX3TlM7oZ,Memoradm^d that upon the Day & yeare last w^thin written Livery,4,train,train
Y0s6iwlrTSEFFEqs,"Hen: Warton, Rich: Bickford, Tho Millington",1,train,train
ALAqbhdftzbf4NRm,granted bargained sold aliened released enffeofed and confirm,0,oof,val
AnQSwh6VT76gbMAF,title thereunto; dated the xx day of May 1640,2,train,train
2KW2WCEcogSZEaxB,was borne Same time in the moneth of January In the,2,train,inner_ckpt
WIRPtCHUrGmZaoqH,In obedience to yo^r Comission of the 29 May Wee,0,oof,val
o4sQFFYOzMwIEsgo,These presents bindeth me James Sillester of the aforesaid Island planter,1,train,train
s0e1tG2uTDQlydkK,by the lands of William Batson of the south side by the lands of,4,train,train
xAaKVrYdZ5yDgsQ0,considerations him thereunto moveing hath given granted,1,train,train
O1MRN1WeBLwo8w7W,"his Horse at his Comand and his Negro, his Horse",0,earlystop,val
CRvdkgQZHH4wlfg7,Schedule hereunto annexed And the said Richard Barrett for his a,2,train,train
beFmgX7qgjEl9wLl,"Liven and Alice his wife Have given , granted , ba",1,train,train
cQBkqiyhdTppjrJS,unsevered and undevided from the whole Comple,0,earlystop,val
UreeKX6RvvBrbK7Q,personally appeared in the Secretarys office of this Island before,3,train,train
ESSDMSv2LK9vNtAv,which shalbe due for the afores^d Pcell of land And I the said Capt Holldipp,1,train,inner_ckpt
xZThV64P8tnr3s7j,and the said Joseph Gay for himselfe his heires Ex^rs and Adm^rs doth further,0,oof,val
G4hbQz79mWiYA3CW,Ketch at Barbados aforesaid to the great Damage and,4,train,train
p43kr4OIsQ6eSUU5,at and before the ensealing & delivery hereof by the said William Sisten the,2,train,train
OSD7Ybmxq6DBy70Z,Two baggs spanish money in his trunke at the time,0,oof,val
XBS5QXXuqkXerXdy,"the Boston which the said Robert Crocker refuseth to performe, according to the",1,train,train
kWkdfO4v2jN97SFN,"Island, And Sole Notary publique in his sayd",1,train,train
iG8KbQvyBw6fJmCI,due to Thomas Owines do apraise as followeth Imprs,0,earlystop,val
5snfYRc7DDkkjJDq,That by Virtue of full power and Authority unto,0,oof,val
YxLyO8KpjvKgsbXG,all other convenience thereunto belong or in any wayes appertening .,0,earlystop,val
BlnVS9GQLMsLK6hN,hundred three score and Tenne acres of Land & is furnished wth such,3,train,train
xZZqBxx577puIwe9,to and with the said Richard Fisher his heires executors administrators,4,train,train
glE5NMc4YIGWhfEQ,Ye 18^th 1663 Abigail my wife both of the Island abovesd: for divers good causes,3,train,train
JNm74xWqztzn0LIS,By this public act and Instrment of protest be it known,4,train,train
i5MI0a58XRPBHAx3,French ship call the St. Robert of Rochell in France (where name the said appearer,2,train,train
mRU6i096dnfQaBzz,the day abovesaid repaire abord the said shipp,3,train,inner_ckpt
zWgUa9oCUAnWkLsa,"and Deed, Given and or my hand the 14th of October 1684",2,train,train
j53xhZ2P6MESmZAA,Sr Jonathan Atkins K.t Captn. Genrell. and cheife Governor of this,2,train,train
m5UbUbjPg2toyAuW,shipp the Ascention of Genova w^ch Appearer Did,4,train,train
yhoWBp0GQuiDFIKw,of plantacon with all th'appurtenances without vexacon molestacon or,0,oof,val
6Q9xqqBd0In0I4xS,for or by reason of the said Whiston not loading of the said twelve,2,train,train
s5t2kTT7SOlYxGoh,infeoffe and sell unto the said Morgan Powell that my plantacon conteyneinge twenty acres,3,train,train
FRIAx9BfMq4iv7wP,personally appeared in the Secretary office of this Island of Barbados,1,train,train
yuOHmE0mTFMTlEsU,said Morgan Powell my heires exers administrators or anie other person,3,train,train
sWVYCoIpt9ZYE51m,comodites w^tsoever belonging To have and to hold unto the said Mathews his exers admistrs,0,earlystop,val
Pr1jVL1Oky1SswWz,to serve six sowes and one boare and six tene ghoatts thirtie,2,train,train
jUcte2XP5euTtIGc,some foure yeares according to their Indentures,3,train,train
4yLtUAW47U3fgOKX,assignes thirty acres of land with th'appurtenances bounding upon the lands,0,oof,val
o3SovHMYRxgo38Gg,Entred 22^th Marchant send greeting in our Lord God Everlasting Know,2,train,train
WKFGgvxqjy28OcWQ,North upon the lands of the said Mr William Kirton and East upon,2,train,train
6TYkTUhfhTCOxfHT,Michaell Davison and either of them their and either of them heires excers admis,1,train,train
UU7WPdZZtEcX37xS,of August in the yeare of our Lord. 1676 :,2,train,train
O0YfVSIrZ6xGe3yo,or the premisses thereby assigned In Wittness -,0,oof,val
yEHt0ntRcF19SndC,Turn over twoe leaves and there is more accons entered,0,oof,val
eFnyuqi5zlsgDIql,granted bargained Sold assigned Confirmed & sett over and by these,0,oof,val
K1fvJx6TQtPk0ool,one musketts & bandeleers together with now upon the plantacon,4,train,train
NWc2ehWnqItnoKgm,therein ye foreign Enemy Excepted and yt freed & cleered from,4,train,train
buiofUS8irrEm9fw,unto him the aforesaid Thomas Bacon his heires exers admistrs and assignes,1,train,train
IMAXPyAav6pslHfy,St michaells in the Island aforesaid containing in measure thirty,4,train,train
eqF93vAKYa4aOeHr,By this public act and Instrument of protest be it known,2,train,train
ZdMEQHHCurm1Ks6p,assurance and authoritie by deed or deeds letter or letters of Attorney -,0,earlystop,val
3YaxWayIjfQ1kloO,alsoe to compound acquittance release or any other lawfull discharge,4,train,train
yLAsxW8PGM5WlqRt,well and truely paid the receipt whereof I the said William,0,earlystop,val
VobrWstyKDIOLsjY,Administrators and Assignes All that planta,4,train,train
0w5KNUgXh5FmKcYz,written being first interlined ; . allso,3,train,train
Qors7XZio5ZJg1Bl,Anno Dm 1667 psonally appeared before me Will,3,train,train
FrkKWbzQPMwjlko2,right title or interest from them In witness whereof the sd,0,oof,val
icFv4Q6icqzY5L6d,"his heyres and assignes, That I the said Thomas: Reade",3,train,train
vsVAVmvhDuFnuWe0,specified in a list or scheduled thereunto annexed To Have and to Hold the aforesaid,2,train,train
Nqv4bpCZ0wrJ38cX,To all Christian People to whome these presents -,0,oof,val
fsGQONvf08WpRtoZ,executors or assynes the sume of Eight thousand pounds of the like tobaccoe in manner and forme followinge,2,train,train
vDIxSlm9ujMGdbYN,nathaniell Haggatt & Walter Stevens theire heyres &,0,oof,val
ga3ULsRukuu4pSKy,For Divers good causes and Valuable Considerati,2,train,train
lzBOQnk84MVuAorl,Memorandum:- That I John Gale of the Island of Barbados Blacksmith,0,oof,val
1edBIb3eCD44Wb6n,in the habit he was there in the church being neare the sea side,1,train,train
IVzplfIgiUjOFB5r,Season and peaceable and grant possession was given and delivered by the,1,train,train
tufJDaxmsKYtVNpD,Pollard of and for seven thousand pounds of cotton In witness whereof I have hereunto,0,oof,val
QrEjY256VfDhW7ks,"manner and form aforesaid, and that free and cleare, and freely",0,earlystop,val
qomJvZp4iU99s8D9,exonat acquite & discharge John Jackson Citizen & draper of London,1,train,train
ibAnWfHUz0shEyeO,Island aforesd Mchant in behalfe of himselfe & Company,2,train,train
IydfuYEg2S4fYFhn,and continue to the said Peter Leare his heires executors and,3,train,train
qGewAMU0JVuDSbWd,From 3 bills obligatory debts and demands whatsoever due from the said Josias,2,train,train
bVVhhKpYLfap92Ii,or assigns at the day time and plan before recited by limittation,2,train,train
YRXwkzhuHD86HNT6,These are to Lye Certifie all whome it may concerne that upon,0,oof,val
97oKGKOJUAIUh24H,for and towards ye payment of fifteen hundred pounds of cotton to him due,0,oof,val
EFmywgHIrXMhNI0A,bounding upon the Land of Richard: Howell and,0,earlystop,val
PjXTk9GHUMPH7XvC,Intestinonium premissorum ego vots prenominatus pris Intrumentum signo meo,1,train,train
m7zsK1AE8qSxgSVt,belonging : and wee ~the~ doe further release and discharge unto the,1,train,train
YwshaF7RjDRjH9sN,To all Christian people to whome thiers prsents shall come I Thomas Addis,3,train,inner_ckpt
pRM6LJW1hjE2rUnM,or otherwise by the said James Browne my heirs execurs and,3,train,train
penyQ9dAPi47i1Lb,Shipped by the grace of God in good order & well condicon,1,train,inner_ckpt
FsT9ydZvj0Tn2U7Z,to bring him to an anchor in Speights Bay who imediatly acquainted the said,3,train,train
3j3qquw8Bvlnligt,afores:^d for the fourth part of the house as,1,train,train
lVZvveUUn17Y9rXs,my right title & enterest of that pte of my plantacon whereon,0,earlystop,val
YtjD7nVrqLTFK0VM,"fifteene Acres, or thereaboutes Scituate, Lyeing, and being in the",2,train,train
6re06p0OzvPmiLGu,my hand this 29^th day of September 1641,1,train,train
UqjctOv1FHWhpgsx,notwithStanding And allSo: the Said John Rous doth,1,train,train
fcyUXAVcVQYdl3y5,"is Limitted , Expressed , and declared and to none other use intent",4,train,train
Zf2tTj1d1jJzgi0j,"Said Land and premises, free from all Incumbrances -",2,train,train
PqQ3smZXin4z9lk0,The goods and ngroes under written being part of the proceede of,2,train,train
rlnNnuSqn6Wo0O4D,Sealed and delivered in the wth possession,1,train,train
G60ly3eQ50XebPmu,forever & the sd William Drax for him his heires Executors,0,oof,val
vxS3klyteViqy95x,premises with their and euery of their up,4,train,train
66nula27BklZydRK,ffor the true p:formance of all and Singular the Articles and,4,train,train
rfsOMe2VudDAXl3O,the condicon of this obligacon is such that if the above named Henry,3,train,train
to9WMYqr51WiJbSu,all the houses Ediffices and buildings thereon and all,4,train,train
D6VOiydlgneQGSbB,be borne of the Bodies of the said negroes dureing the sai,1,train,train
lI7LJVeZlTjPYXoQ,"of land containing two acres, two chaine and an halfe",2,train,train
IuScGN56J64MF0Fq,for and in consideration of the sume of one hundred pounds,3,train,train
qAEKZsb6Wo0XBU2B,also for a valluable consideracon by us receipt whereof we doe,0,oof,val
GsOTGXABSzfOIINj,God Everlasting know ye that I Francis Coop of the Island of Barbados Mcht for divers,2,train,train
0GpYQYyZqpV8fBFV,5^0 die July Barbados this 2 day of January 1643,0,oof,val
fnkzgge74EJdbXzH,and sell unto the said George Milles twenty acres of land or there aboutes fallen,0,earlystop,val
9acI3ilidwpiVkcI,Side of these presents before Signeing -,3,train,train
bKBlwI3HRwCBTBMq,for the compleetion abovesaid doe covenant promise agree acknowledge,4,train,train
epPndgbEvmx8WRcl,Leave and deliver up in Stocke Laid out for the benefitt,4,train,train
ZfpxRSWNKGMG4XLC,Morrice my heires exec^rs or assignes or any pson or psons whatsovr,1,train,inner_ckpt
tanz0KqG2QfQhlPA,on or abouts the foure and twentyeth day of July one thousand,1,train,train
1bga6jWiiUhkSzJ1,interest or Estate in or neare the BridgeTowne,3,train,train
Rla5fQilC5uYY5Kw,being the 13th of June Anno Domi one thousand six hundred and forty,4,train,train
qErfwW1f1BVojNuB,the day and yeare first above written : . the mar,4,train,train
DwtPoCmS3r1E9yrk,Edifices Buildings wayes Easements waters profits benefits comodityes,0,oof,val
gT7S2CnDnp1MEZOQ,One .^th Appearer then and there did .... a contain bill of,2,train,train
H9jmm42cKDbfMZLI,the Island aforesaid on the one part & George Henthorne of,1,train,train
KmShSWeml2uWokzO,aforesaid Thomas Jordan or his assignes Witness my hand and seale this,4,train,train
nWVWouw5rGRBrdex,Ex^rs & Adm^rs to pay or cause to be well & truly paid unto Willm Phelp senior,4,train,train
kjsHRnZN8TxHMqED,to the said Tene acres of land accordinge as the same were held betweene,2,train,train
sKl7bTCqLZkzWMTK,shall refuse to pay according to the rate place & tyme as aforesd ye,2,train,train
vCJ6TAC76h8jyuZE,hereunto moveing but more Especially for the sume of thirty pounds,2,train,train
9Sx5ZRhI3p2Cya69,David or his assignes to take possession of the said stocke and cropp and all,1,train,train
qprE9NvxlFBnASWx,quietlye possesse and Enjoye the same and every part thereof without anie maner of,0,earlystop,val
BRCNrKXYym4RIpa2,Sealed Signed and delivered in the prsence of Jon: Reade als,3,train,train
qMBQQmXN4YiZXSsm,convenient storehouse neare the seaside and for the better securitie I,1,train,train
ncdjV2fbQjVZ8D8n,before and acknowledged this bill of sale to be his,2,train,train
sbFk0Z9or8ZAgxUc,the said parties that the said Raymond should wth,1,train,train
xEqGh8DbayZAz92g,planter for a valuable consideracon already received Have given granted,1,train,train
FvcrsYHZbzPpOlqr,"Thomas Colleton & Jn,^o Reid and tentred according",1,train,train
C2rgepkuUE8ULE88,& priviledges belonging unto the same or any pte thereof & the sd Jon :,3,train,train
9nePCK8XoeYQnPt0,"thereon or thereunto belonging, Lyinge, and beinge in the",2,train,train
qopdPRJbdP1SoEcc,in law all and wtsoever my said attorney his substitute or substitutes,3,train,train
Z2mR1OD41ELWIjS3,This done and protested the day and year aforesaid,1,train,train
H66Ktb4aKQtyv2W3,ay ever and above the Annuall Rent before mentioned all the,1,train,train
cntBfvyPlBjstyR0,till the day of this protest being the day and year aforesaid and always,3,train,train
yyctFtC3pnJL1fqD,Raised and made by the vestries and Church wardens of this,0,oof,val
oyyigbmH36GRA0jM,these presence confirmeing all and w^tsoever my said attorney in my name and place,2,train,train
8RljdKCx8vRbzgDX,the date hereof To the only use & behoofe of them the,2,train,train
UMRld2RXExpS7y4S,Sett my hand and seale this five and twentieth ^day of January 1641,1,train,train
E8AKQyIb5POysx2T,other parte Wittnesseth that ye said Tho: Sandiford,0,oof,val
R6Fry5gVhVpU1KMW,tions us hereunto moveing have given granted bargained,1,train,train
IcV9e4NMcpsjh92X,the said Bonam Carter his heires executors administrators and,4,train,train
g6gHjpmNHq0wrYzf,Imprimis it is concluded and agreed by and betweene the parties abovesaid that the said,0,earlystop,val
ZbeyngGWxlbaOjpL,in this Island and made oath on the Holy Evangelists of Almighty God that hee did,2,train,train
Mu3q1uOG2qUt6AwD,for Wind ward of Guardalope and ordinary of the,3,train,train
l2jg81lYexVsGQ64,that then this present obligacon to be void or else to be in force,0,oof,val
ifxzSmq4Svl3Anzk,of land being part of the Plantation mee the said Thomas Rennolls conteyneing,0,earlystop,val
mWwqCOfSw3q3np7O,"&r Casin and by the Letters Patents or Comission,",4,train,train
gkYlJzGvQkIMC7w5,& Jo^n Grannte Deft Capt Woodhouse was in peaceable possession of his plantacon,0,earlystop,val
yYC8hQJevpxjp90F,of sale for the land therein contained unto M^r Christopher Nevinson of,0,earlystop,val
rFe6WX3tlqRPokfg,Belonging or in any Waies appertaining or the,1,train,train
ODIlyY41BgiHCSuG,all the before bargained prmisdes from all former motgages giftes grannts,4,train,train
pKSYxuDQ6f8sZlfY,of October (1680) conteyneing three acres and one eighth part of an acre which said land,3,train,train
Rfjicl9WevPgiPRG,"recognizances, Judgments, Condempnation ~",4,train,train
cC6ZKPmuMEGj9dCg,& Charles Wilson to have and to hold to ye abovesd Jo Gunning his heires Exrs Admrs or ass,4,train,train
9ae8JUPDyXS3Mk1C,willingly Suffered to bee done by the Said Christop,1,train,train
0PPIgSLnC18UBGtX,"All ye dunghill fowles, three hens and one cocke excepted",2,train,train
vLcpd7GhKBUU21Nv,said parish Marchant my wife and that in case it,0,earlystop,val
aBHuNbYWZUjppdNY,"Ability in the ffaithfull discharge, of the plane and",1,train,train
JlP2c9UFYbd35fuM,adm^rs & assignes of & wth Thirty foote ~square~ of land Scituate in the pish,3,train,train
cp7HtvFzVkbwRwwO,of the said good Tobacco on the first day of Aprill wch shal be in Anno Domi 1643,2,train,train
kIvmIzm3gauOcuZl,premisses unto ye sd Tho wave his heirs Executors & Admrs forever,1,train,train
Pn4INYNPCSw4ZYPz,of London merchant and Henery Williamson .citttizen and Draper of London send,2,train,train
kepw0KAhGQnd0QDU,Godfrey Stansell for me my heires executors adminis -,0,earlystop,val
DdeGnixORSYzyV3e,Sale before recited under the hand and Seale of,4,train,train
udO0a0woU9rlqbIQ,Pead for me my heires Executors & Admrs for & in consideracon of ye paymt:,1,train,train
PU01tMPGFSrMTmSl,"made oath upon the holy evanglist, that he Sam",4,train,train
JvQhAw3Q8WB36Ud9,the houses edifice & buildings with half of all ye servants stock of hoggs cattells chatles,2,train,train
zWyNM0OW9CG4qkc7,Especially for and in Consideracon that Thomas Williams of the Said parrish,2,train,train
AbaV1IM6jgVLYzm1,July 1647 from Willm Powrey Esqr ye some of Three thousand foure hundred,2,train,train
D3I7rJCi8SIlLMDO,demised aliened and sould and doe by these presents give grant alienate sell unto,3,train,train
kgTfIMAQHs5skPsy,at this Island of Barbados on the sixth day of December last past,2,train,train
nUoxp6a47WdtNSZL,This bill of sale was this 21^th of Sept: 1654 acknow -,0,earlystop,val
SFZCsbViLZU3iIzs,"pt of y^t planta""con whereon ye said William Spight now liveth",4,train,train
0NOtZTooF9xcrF5T,yeere of our Lord God One thousand sixe hundred fourty and this present deed,0,oof,val
lU0igyQMM4uG4yAM,"lett or sett ~over~ the said plantac""on or the stocke or appurtenance bought untill",2,train,train
JoCtrXreXFkorwBX,thereof doe for myself my heires exe^rs Ad^rs & ass bgaine sold,0,earlystop,val
ULr8XgotFvdKH5HL,given granted bargained aliened enfeoffed assigned and sold and sett over,2,train,train
NSQD5TpJutr32lZr,Timothy Thornhill Esq^r came and p:sonally appeared,3,train,train
Kif0Z6SDgDtRPTXD,Know all men by these pnts that I Enrgue Richard Ednye of the Island of Barbados,2,train,train
vQVynWmEcBM6vPg2,By this publique Act and Instruments of protest be it,4,train,train
UaG2IBt0aAVFxWA2,determination of a certayne Demise and grant of a terme of years,0,earlystop,val
ju3TlXfFvOluOdaC,content satisfie and pay or cause to be well and truly contented satisfyed and payed,4,train,train
whOi8uoG5Pd3PYAm,hereof the Receipt where of hee the said John Toppin doth,4,train,train
f0hic7FbgHSQbSvO,This 25:^th day of November 1674 made oath,0,earlystop,val
tUQgU2X9ViRmQqG7,now is or of late was In the tennure and Occupation,3,train,train
UpwQWMO0k03nTAgo,before had from Walter Powell of the said Island planter doe hereby,4,train,train
sBYwHvRVCJxz0txf,"payments, tenders, and Receipts of moneyes",0,earlystop,val
yfR9Q3IiP3whlIzH,land and plantacon of Capt Thomas Gibbs five acres of the foresaid land being over the,1,train,train
PP4XJU3nBC4oAv0D,bargaine and sell and confirme unto Philip Jones of the same Island planter his heires exers,2,train,train
JScl7G7twDhRJAK9,newland three acres of Land more or less Scituate,3,train,train
kON2zsrtDX1F36lu,the pish of Christ Church south of the lands of Francis north,2,train,train
VtAbbsulTf3i7HMM,the stock proffitts benefitts utensills necessaries and appurtenances,0,earlystop,val
y9CQ9E4eD6TDulMA,before me Richard Noke Deputy Secretary of,0,oof,val
q5OgYhVQd5W3xwVA,thing thererin Conteyned Except onely as to brach of,4,train,train
R41U5iE6Fh4ACceq,particular agreemt clause or articles and have interchangeably sett to or hands and,2,train,train
qREY4lfqBfDlFvId,made personall appearance this day before me and upon,0,earlystop,val
1FnhRcitkyZsuMUZ,necessary dureing his said natureall life,0,earlystop,val
5L3bEhqeyOYoRSoZ,also three sowes one bore with other necessaryes To have and to hold unto the said,2,train,train
hiIXe5C6FvZgioLx,heires covenant and promise that the said Collonel John Colleton,4,train,train
kcSwAD4Du7Y28zD3,causes and consideracons me thereunto moveinge and more especially for,3,train,train
7BLno0YxfO1QuVGI,against the said John Parish the drawer of the said Bill as alsoe,4,train,train
1J0VX8ck59Y7022i,Bartholomew: Rees my Said Sonne his heyres and assignes for Ever,0,earlystop,val
Kc1DJCluvcTxthv4,incumbrances whatsoever heretofore had made done,3,train,train
9XAfWiN6tYpLGxiN,10^th Aprill Nettmaker of the one ptie and Capt Christopher Middleton and,2,train,train
WSMdtuELSi1Egr1C,day of June last past to be greate damage and loss of the said ship,1,train,train
AUbjIBx6U1nJn1KP,containing by Estimacon one hundred twenty and nine,4,train,inner_ckpt
0ItHi2DTkmP4b0MM,appeared Before mee John Strede Merc:^tt and,0,earlystop,val
e00ghFMZNoeZmBvZ,attorney in the full some of eleaven thousand of good and merchantable Tobaccoe,4,train,train
0osXjXBzKJ98dANS,know all men by theis pnts that I Ens: Roger Bradley in consideracon,2,train,train
ujp0Labqe9xkt3j4,being in the parrish of S:^t Phillips w:^thin this Island and is bounded,1,train,train
xrsbWjDCydhQ3iog,of Robert Hobert Seite of the Island of Barbsdos,3,train,train
e4upqQSFsmM7iFaH,to Time and at all Times Dureing The Tearme hereby -,0,earlystop,val
ESinjOrHCAp8lNSc,on the lands of Capt Thomas Seales windward and of Edward Port leeward w^ch was,3,train,train
EgRt7NnKRjukmXzY,thereunto belonginge To have and to hould the said twentie acres of land,1,train,train
sTyVL2nCeZrDPJFw,written Deede of sale to the use therein expressed,2,train,train
rWty69pfjUHRrYiR,shall come Michaell Hall of the parish of,1,train,train
L0rGKAmrdBOFMgEB,"broade howes and two , Item - one game and allye boardes in and abouts",2,train,train
TOrixRp7KSS0UZ2z,of and from all and all manner of former and,4,train,train
eWCKNzFbJaJYMDtR,said Read or his Lawfull Attorney doe pay & deliver unto the said,4,train,train
IDAdn1Ay5XL8Sb24,and Francis Pearson with all profitts and commodities thereunto belonging or any wyse appertayneinge,4,train,train
vzzk3kMYRxjhFNFd,Everlastinge Knowe yee that I the said Thomas Hughes for and in,4,train,train
xqfxQ5PkdzOtUSWo,like cotton wool Ano 1642. And three thousand first day of June after And lastly three,3,train,train
rmAMD7qwDT9Hnue7,Sealed and delivered in the presence of,2,train,train
3LoqBuSdlWFuG8Bd,"that ffree and Cleare and ffreely and Clearely acquitted, Exonerated",2,train,train
Pbsmeb3Zo18HPvAL,his heires exers and assignes for ever and to his and that owne proper use and,3,train,train
euYlcqNMGcZLtP1M,Hoble: Tho Ea of Carlile Govr: & church all ways excepted and it is,2,train,train
fIuNZkbAnb2qhywi,maner of wise apperteyneing to her the said Allice Smith,4,train,train
YVsAxBXQPxmeEdGF,unto put my seale and subscribed my name this tenth,0,oof,val
0OtMTL8BLzyUdITY,Said John Bawdon his heires and assignes forever in ~n~,0,oof,val
ayQaqwTUhRNNdGf1,our privityes or consent In wittness whereof,4,train,train
WSlmnVErULWHMsg1,Sealed and delivered in the pesence of - with these words vizt: - parcell of land lyenig att the,4,train,train
ShpU8GFf3WyjIopw,thereunto belonginge or in any wise apperteyneing To,1,train,train
jujrl9mvjv0Vy1ca,is to say five acres of land lying and being in ye,2,train,train
mAl2HLzOK45yVqTY,and Rebecca his wife sendeth greetings in or Lord God everlastinge Know,4,train,train
pc45xQeZU8vgnoQi,of November 1692 Authorizeing and requireing us or any,3,train,train
QeV7TK1FhLMDuJg0,Knowe all men by these presents that I John Simpson of the Island of Barbados in,2,train,train
prlZ86ciY21iiRSo,doth and may appeare Now knowe yee that I the said Henry Chubb,2,train,train
H7nLSXKRFVK1ITr1,Enemy expected In witness whereof I have hereunto sett my hand,1,train,train
KIWQqJH0sSbiXXe3,to ye sd Tho: Jones & Owen Williams Together wth all Houses buildings -,0,earlystop,val
oWo8j93iGuuyWOQz,constituants as they shall thinke meete moreover upon sale assignement,2,train,train
szL6TXahFyngWMfK,"made, of in , or to the premises , or any parte these of , by his saide",1,train,train
WaK6yyeR7xNkN4mk,Ben:^a Wadden in his life time and from,1,train,train
siuiSUEPG6ymaXMd,grants Mortgages leases evicons damages troubles and in cum-,3,train,train
29IotFQ5CVcwfaP0,p^rmisses wth thappurtences wthout any ma,2,train,train
Hpbi7Ib2eb5tgNs6,executed in and upon the said William Hagthorpe and his heirs,2,train,train
wwU90P0jpgjqmlMj,To all Christian people to whome theis pnts shall come greeting in our Lord God Everlasting,1,train,train
3JyPMRah7BH53ejW,Sealed and Delivered in p^rsence of Tho: Reed,0,oof,val
xOyPD5ploJUPZmyG,the S:^d Seaven Acres Land w:^th the Appurtenances,0,oof,val
KQP0GMkA0juYByb9,shall best think fitt in the said two hundred & fforty acres to and for him,1,train,train
exmvmM2zho1BUFrW,-ing by from or under mee them or any of them In witness whereof I have here -,0,earlystop,val
fPQsGsRu9rt73mba,"and Sell the Same, unto my Loveing Brother Nic",3,train,train
2eWEY4EM27Q0UU8s,of M^r Bickham and now in the possession of me,3,train,train
pRIf9rapdPFuu82M,and aldormen of y^e City of London have caused the Seale of y^e office of Majorasty of y^e same City,1,train,train
Nm5HMMlasx2ESS15,done as fully and effectually to all intents and purposes wtsoever,2,train,train
ec6qdyV7RjLgfICk,thousand one hundred four pounds of muscavado for the value,3,train,train
qNxW3f6K7nxd0P43,I have sett my hand and seale this 13^th day of January 1640,1,train,train
90V8Dr7OIZN2X6B7,Copia Intr 3^o To all people to whom this prsent writinge shall come I Jarvis,3,train,train
Eh21dBzhzMdoB23D,Compute the tunnage of the said cotton with other Tunnage,1,train,train
6wrKvNOVPPNiKfWR,Thousand Six hundred Sixty and one made between the,3,train,train
GziX2H4Kblm41m1d,"The good above menc""oned I doe acknowledge to have received w^ch I prmiss to deliver",4,train,train
cJdOKPGNYChD5oPo,that is y^e said Robert Hollings shall be minded to Learne off,3,train,train
6GcIhrbmnsT1bvcJ,Oath upon the holy Evangelists of almighty God that he did see ma,2,train,train
pRlbKgqSaeBNmoWZ,Executors Adm^rs & assignes doth further pmise covent conclude,3,train,train
5DCjjVWyA8b3iYuy,molestation trouble or hinderance of me the said Richard Isham or anie,2,train,train
CjuUcIPtu0UVlt7b,ninety ffive one hundred Pounds and in the yeare one,2,train,train
yAaXBC9ZwPhrhqHo,Two Large hanno^es: vats in one pound five Shillings,4,train,train
SJoB7R0aR9KOtnHA,St. Lucies in the Island of Barbados planter Send Greeting Know yee that the said -,1,train,train
QH8gKPh45OKsJ06R,Cowes Esqr Together with all houses Edifices,0,oof,val
mMd6IDI7nQQsWFzD,"to and with the Said John Bayley, and Richard ^Morgan their Executors Adm^rs and as",2,train,train
NOfaAxCp4Zu2fEtv,unto the sd Alexander Lindsay full possession of ye same,3,train,train
D2Otui6F7SeX7MnB,Smith on or towards ye said eight ackres of land and likewise,2,train,train
zFbyRBlwn6lrrC4j,taw howes one axe one bill with manny other withall pfitts and comodities thereunto,1,train,train
HIj2uiUAP18MK9dT,Coman pleas within the Said beareing date the Nine and twentieth day,1,train,train
giUQfjte8mKpWTB5,with his said ship since the fore said limitted time of Sixty days,4,train,train
Xqbz7HRIqemmmDof,over unto Christian Broeckhaven his heires exers and assignes all my,4,train,train
ageXSAHAPsUBklxl,whereof wee the aforesaid Thomas watson and Humphry Symons doe binde us and,0,oof,val
p5UEZL8qTXZej4G3,imediatly after repairing to the said Thomas Colliton who,0,earlystop,val
bGnOHxbCzvZNDwNu,sevally & Joyntly binde ourselves our sevall & Joynt heires Executors,4,train,train
WgVRi0DQ8lzCaGz2,war^t the sd Robert Renolds his Adm^rs & assignes from all maner,4,train,train
0G3BpDRPb1HxQwoZ,"oliver smith or Elizabeth , his wife the said Richard Steeton or ffranc",2,train,train
NwEJ0QMb2ouSSua6,"By this publique Act and Instrument of protest, be it knowne",0,oof,val
yeUdyvADpoCWrxC5,appurtences for ever without the lett hindrance suite trouble,0,oof,val
Mqjf9xk8KhaTHBX6,any two neighbours shall appause them indifferently betweene both parties and,3,train,train
oTWJalmBS9kgPYMU,Instruments is a Notri publick dwelling in London by the authority,0,earlystop,val
xCVjCMXcQ7GXmXnU,with free ingresse and egresse to goe to the said storerome to carry or,1,train,inner_ckpt
kBCuWh1VPhYNNFBq,me them or any of them as alsoe freely & cleerely exnated,2,train,train
CMmUgt3PtqPMrZYZ,or half parte of such debts & sumes of money all Accons &,4,train,train
e75E38DWZci4jQnJ,Barbados. To all Christian People to Whome These presents Shall Come I Daniel,3,train,train
HvLmggaMTeLY1m5K,for them before delivery which the said agents on behalf of the said company,0,oof,val
6r1Tft4kbgpr1N0Q,Thomas Richardson Gunners Mate of the said,0,oof,val
LAEuvXCLhZib1Mtv,of the date of the Deed within written of and from the,1,train,train
eQQ3IQx58TBpuia3,right title & interest wch within this bill of Sale wch,2,train,train
5KaPaEpFLsNLN2Y8,witness whereof I have hereunto sett my hand and seale,2,train,train
UYYE0ehKB9Urjfui,and all other the bargained prmisses and every part and pcell thereof with,0,oof,val
rlkjM8EvGLeCdZT4,Richard Smith leward To have and to hould the above demised pmisses,0,oof,val
RnfSxbpkgMGxWL0R,and confirmed and by Vertue of these presents doe ~,1,train,train
C3NGmXzmerBkRt83,ye sd Jo Collier his Heires Exec^rs admrs & ass shall & may at all tyme &,4,train,train
H4klGVFJaF6mNdc6,"hereby granted , bargained and sold, or meante,",2,train,train
9l5hSlqsDQ7eOD7r,and in my name and stead of all or any such persons or person within the Island,3,train,train
J4x1A16zD9W45cyo,seaside & bounded wth the late plan . of John Robson windward & of,2,train,train
8H2ITJSWZhAD6eh0,6 die Augtu1644 Bee it knowne unto all men by these pnts that I Edmund Key far,0,oof,val
y3xaKqzl3aEI4PuB,Knowe ye that the sd W^m Pead as well for & in,4,train,train
OjZ3YibcJTPhbYbg,"enfeoffed and confirmed, and by these presents doe fully clearly",2,train,inner_ckpt
j3m24ehi8mj7TCsX,for the use or uses benefitt or behoofe formerly expressed acording,3,train,train
gGXi0ZbP0Fa6zyTW,men whom he doubly armed and comanded them to board and lake h,1,train,train
4hlCUmUgFT3sRU3Q,one halfe of my household stuff except one,3,train,train
MeR3pzh84KpLMcNf,Divers good Causes and Considerations them there unto,3,train,train
F3tXMXZsBStvOrPd,publique in the said Island Gerard Mashart w^ch,1,train,train
yMWM7gusTJl08Ead,"charged and Exenorated, from all Maner of former gifts grants,",1,train,train
CxcwMgF8Vp9SXKpb,"drye flattes, one table, two formes, one Jarre-",2,train,train
35qNjZwqOmtTv0cj,"of eighty pounds stert, and place it to the accompts",1,train,train
jJ2QpgzFini2ty1V,Richard Hawksworth his Executors and adm:^rs from this,2,train,train
mjt21n9iMJnLwriU,whereon I lived and together with all liberties easmt^s pfitts + comodities,1,train,train
hFmP9k3P70RbSHAY,therein Witness my hand this eighth day of Aprill one thousand six,4,train,train
CfUGhlXL85SIizAu,heires and assignes for xxx and discharged of and from all former bargaines sale,0,oof,val
RiqyocZf3UMIV9yT,"said Office as the Law of this Island require, and having requested",2,train,train
spkBD9q4ItBrOoeX,and freely and clearely aquitt exconerate,2,train,train
2HF3nLE1DraUBV3p,Capt Page for securatie ^doe for himselfe his heires exers and assignes assigne,0,oof,val
YpjAEkCppj4AiCC6,His Master under God for this present voyage John Philpott and,1,train,train
zfmS5d1CVZpZNG9C,her Voluntary Actt and Deed; Given under my,1,train,train
gOw35akAEvvP5gl6,part of the said shippe ye Johns Adventure and of her tacke apparell and,1,train,train
bNx65z9FK6XOCxB5,thousand pounds of cleere cotton wooll upon the last day of May next,4,train,train
GmFC4yErKMBfWBZx,effect there of and of all actions preceedings extmts and executions that sha,2,train,train
cfbIMzPvsAYgkuoz,30^th of May 1654 personally appeared before me and did,3,train,inner_ckpt
JLmKe90iL983w3zw,thereunto belonging or any wayes appteyneing to her ye said,2,train,train
qTlaVvYsKRWmlN2O,or to the prmisses or any pte or pcell thereof and for the true pformance hereof I binde,0,oof,val
KdoYyoQH98xErmoM,not recoreed advice from the charger could not accot,0,oof,val
7oPYu2dmzIChuOWz,lands scituate in the pish of S^t Andrews Overhill bounding ~~,1,train,train
8Qe2wC27oQOAHvaP,Acertaine pcell of land or ground scituate Lyeing & being,3,train,train
EnSU1hjHkeOgYelz,and Impositions whatsoever. And the Said Henry: Hutchin,1,train,train
gOlKOJwyCSiqdxxv,"mee thereunto moueinge , but more Especially , for",3,train,train
KVb7Fh5if65kxFNZ,and possession of the within premisses delivered,3,train,train
HsbgVBOEDYzLjSS3,and above the yearly charges of supplying and manageing,3,train,train
3KGV1V4fxvvfJtLw,whatsoever whereby to change or allter the Esta,1,train,train
SmPrS72Ia4Wc4jjQ,"that he might have a sight of it but ye dept ,, all _",2,train,train
5y4unaLjqV9Asnb6,Executors Administrators and assignes all that,3,train,train
7RjZGxVckf448wuU,said Thomas Clarke and John Weale theire heires Executors,4,train,train
eJyM8jG6LE5lZGrv,bgained alienated enfeoff confirmed & sould & doe by theis prsents,2,train,train
mdN0m6aKAEfnRLFf,Know all men by these presents that I Capt Richard Peers Esq for the,2,train,train
fkgRJlc0SMFblme6,Knowe all men by this pnts that we Robert Hollaway W^m Danes and Robert Fitt,0,earlystop,val
0F76zYMHFOoPemDL,acquited released & discharged of & from all & all manner of former,3,train,train
sZDZiwrlBws4eBVZ,parish of all saints and now adjoyneing to ye,4,train,train
FOtNoBz2R7ouETXU,did then and there produce contain paper which he answerd,4,train,inner_ckpt
ckVIKetfzSh1iUJr,of Barbados planter sendeth greetinge in our Lord God Everlastinge Knowe yee,1,train,train
GTjQijyKVrd6UOxT,grant agree to and w^th them the said Thomas and William their exers admers,1,train,train
BCZc0CEybtXiN6Um,sole benefit and use of Will^m Coningham sone,3,train,train
ptuXstzPGsZ5p9Wl,Appearer or any one with him concerned for,0,oof,val
kGAO73ocDQVbDHfV,"being and all wayes pathes, Water Watercoures Lights",2,train,train
CHi1Ds6hTT62hC4B,sealed and delivered unto the above named Capt Francis Futter one bond or,3,train,train
ihad1Xoim0zxRO8P,^word seaven in the second line interlined was interlined before the Levry and Seizin,0,earlystop,val
AuEDDX3dBfj5NGGM,diet till ye last day of August & to have house roome,2,train,train
z73Vmy2diXxp3yGF,"hereby acknowledge and himselfe therewith fully Satisfyed,",4,train,train
uxKzFbF0hBWN1qqJ,appeared before mee and made oath on the Holy Evangelists that hee,2,train,train
IuQEgdM6nmIWxnca,without y^e : Lett Trouble hinderance or deniall of the S^d :Jn:^o Johnson his heires,3,train,train
OOT3KVdDZMTYK9Bx,By this public act and instrumt of protest be it Known,4,train,train
EHkQzt3GEhocddlv,writting as be his discharge according to ye within -,1,train,train
LYB29huEpJvuVW63,acknowledge my selfe fully contented and paid and thereof and of,4,train,train
qQb7kITN4Sr5tnJ7,And for and to the onely Proper use Benefitt advantage,2,train,train
R2pIu3TFBVlWy31t,he or they should happen to be in minoritye or nowage) yet,1,train,train
lR7Lj8nHox79kjnD,haveing heard did protest even as by these p^rsent,1,train,train
sKmByvnIaQlDP4QZ,with the appertenances and every pte and pcill thereof unto the said,1,train,train
X45z2YGR6He46kFL,"Act, and Deed Given under my hand the 31^th. 8 .^ber 1693.",2,train,train
KIOp1Y9WPWuNARA6,Comander of the ship called etu William which Appear did,4,train,train
U0Atr2bqDPJmXRWk,the sd Kinge but that he hath from tyme to tyme,1,train,train
gzpmWl4xo2Y84pTB,"as aforesaid peaceably and quietly, without an",4,train,train
yIpUq7NBbrCGtjeC,1635 And in the Eleventh yeare of his Maties: raigne yt now is made,2,train,train
H7apSyvEOSFqUs0M,their & every of yr: heires Ex^rs & Adm^rs & ye & every of yr: lands,4,train,train
JsWJIlzNSemffTM6,and his pteners contayninge one hundred acres or thereabouts beinge one,0,earlystop,val
2A1FnBz1tHupjb3Q,in ye penall commes of two & thirty thousand pounds of good,0,oof,val
6LbgMnZuGTXVGYLT,by ye authority of ye Kinge Ma^ty 'or Soveraigne Lord admitted and sworne,3,train,train
S6yTsKDfNACRbAR4,John Woodmansey of New England Merchant signe and deliver the,3,train,train
oaiVyeVItbixF0J6,or thereaboute And bounded one the land of Walter Fenton one ye,4,train,train
8rdcR8BqtPxsPDvV,of March 1653 did personally appeare before mee and did acknowledge,1,train,train
5FDJ2S72SQUSas6w,of Barbados Indies maker deceased of & for all such servants,3,train,train
rh29cCzL51kVBiyO,lease being ye over plus not expressed in ye fore men-,3,train,train
jwGxmr58AXuI0fwn,assure convay and confirme unto ye said Constant Silvester,2,train,train
Y9vUpnwyAGZkiXWH,the same to be Recoured against him them or any,2,train,inner_ckpt
MkcRThMSNfI1U0SO,five thousand six hundred pounds of sound merchantable tobaccoe,3,train,train
HuV1H1NtMy4eClgx,unto ye said John Higinbotham his heires executors,1,train,train
huKYbaDS0hn3iQSa,Sealed and delivered in the prsence of,1,train,train
5SBSKp2ISc5ugqwp,Sealed and Delivered after the Interlineing -,3,train,train
lHvpiPOdj7utAf2A,Samuell Bateman is intended shortly by the Grace of God to,2,train,train
vrRJGtOChW8lFau5,Barbados :- This bill bindeth us George Upcher and Thomas Goodwin of the,0,oof,val
gL0DWPJAcXVg4OWy,shalbe upon the said plantacon Witness our hands and seales this,0,oof,val
0JyWVVHSH9E8N9kr,That the sugar menconed on the Credit side of his acco.^tt should be Charged as it,3,train,train
bTAWmN4PRvOeTpAJ,Moggs his heyres & Assignes shall & may shall may fro,3,train,train
VAD5q7U25gBBimRK,and every of their appurtenances unto ye said Wm,2,train,train
wDZbfK5Fs3n9WQQu,Every parte and p:cell of them and Every of them with,3,train,train
LJ1X9U8YCkrZOuJf,in maner and fforme as heareafter particularly on each of thei,1,train,train
5YpfvklP6KS3gOZb,Knights & Body Island Mr John Knights and Mr Edward Body Appeares did,1,train,train
N8OAXNKZy3XQs1JP,Survior: & the heires Exe^rs & adm^rs of ye deceased or betweene the,4,train,train
XaDB8eucsjduMJQy,of this above menconed plantacon being yt pte wch lyeth,3,train,train
Xb7GCeGlDrSKyZ7I,Administrators and assignes for ever free and cleere against any perso,4,train,train
V4fBfllhZvcWpUK0,Sealed & delivered in the pnce of us Joseph Taylor,0,oof,val
9pnLwddsFM41PREs,this Island planter Have for divers good and valuable consideracons already received Have,4,train,train
OSYQZaQGaaTqO8wG,yeare of Our Lord God one thousand Six Hundred and sixty & & fiv,4,train,train
cTdWXv6pEIWZSM2n,ye sealing & delivered of these pnts have good power and authority,4,train,train
0DTMbt1OZQMK9fv5,said terme of eight yeares to fall cutt downe and,2,train,train
Cnq5UY0iyZ1XvI2E,Barbados To all Christian People to whome this present writeing,4,train,train
WVTqEoaOJblHk8gn,utensills and Implements More perticullerly,4,train,train
wrWfGnmXFJHgtPFW,conditioned to be paid the ffifteenth day of Aprill,3,train,train
RRNWVqQPkdsfzshw,Streete comonly called Canary Streets fi foote and an,1,train,train
lnlfVMq3RgBIbazh,often thousand pounds or neale & well cleared cotton wool to be paid unto the,0,earlystop,val
uBxQjLV72cV5ZyOd,be requeste or expedieut to be done as fully and effectually as brought,2,train,train
2KulvEqEEErpCOkf,"sustamed, for or by Reason of the said Stormed, Gusts, and Seas",1,train,train
G8d6QxzjT2Bxyxas,Purdey to pay all his dues and duties dureing the send terme of tyme to church,4,train,inner_ckpt
RFqJwRN2Kszre9Gm,years full to be compleat & ended To have & to hold unto the said,3,train,train
Lg2HfQPu6HKKSIHz,a quarter w^th all houses and all what is growinge or standing upon the,3,train,train
IWAv1KhIW9h31KY2,and three. Entitled an Art for Laying an Impost on the -,4,train,train
Wx97WLWmyZa7hLXs,"by Certaine Articles of agreement Indented had made and agreed upon, -",3,train,train
O6lNrKRW2Bu4knYN,Tho: Leon and John Hill not only I shew to them or Such Pson as they shall,2,train,train
FKOPnbAgZILi4d5a,keepeing theire accopts ever would make upp theire accopts o,2,train,train
soHgfUM9M3xp32QF,aboard the said ship on the Gould Coast by the said by the said Company,3,train,train
WC9VbFYSLIUOBzR7,the premisses as throughly wholley and surely as I myselfe could doe,3,train,train
pEA7klA2UvMrhTui,before mee William Boughan and Mary Barnsie,1,train,train
o5CqFzDTDx4nDiA9,of ye planatation of ward Duffe & abuteing on ye mile & quarter house,2,train,train
kinToK3L1ZH5106k,"Sealed Signed and d""d in the prsentes of",2,train,train
otCiJpLw4f9VAEnO,will & doe hereby warrant the same free and disingaged of,3,train,train
jlsaq14SPRnlAggI,and To Hold the said twentie acres of land to them the said James,1,train,train
clfk04xtmQVrfZUl,unto Henry Beare & to his Wife Francis Beaver five acres of land,0,earlystop,val
xjTeM1SRykYznnuw,sould into him the said James Edey the said fourth pte of ye aforesaid,2,train,train
0heCwhFpQnxJmAj5,the grdes of God of England Scotland france and,2,train,train
NgU23cGHw1osJ6Ip,hundred thousand pounds of Merchantable,2,train,train
z3LF3YVTTikmkslc,Within named Bennett Reece and acknowledged the with,3,train,train
4kGBhajHwOvW1gqp,Heires and Assignes that they the said ffrancis & John -,2,train,train
OgKEf6IPNVRaheld,"given granted , bargained , and ,Sold and doe by these",3,train,train
PGzR1Iv8bh4qlL9q,Sixty and Eight and in the Twentieth year of,2,train,train
vU7El68vyk9Kkz8L,Marmaduke Rawden knight deceased and of Elizabeth Forster of Hodsdon,3,train,train
JlzbYfPICETEYNWw,had (More fully may Appeare) By w:^ch Letters Patents or Comis,4,train,train
teBDKuOQkPclDMX6,then att the Expiracon of the Said notifyed yeare the,2,train,train
fmUhGrx6AbvN91No,ye Church land west upon ye plantation of Phillipp,2,train,train
P4chgRiCnIo2fQ8H,to and in the said three Acres of Land with the prebargained-,1,train,train
LGSCjdl1LGfenaWa,after fourteene days right hereof pay thr,0,oof,val
W2KNy3XndBz3Dbaw,itaments holden in Join ~tenancy Betweene the said,1,train,train
bGQWFIHtTEC2KIG6,soever now in the peceable possession of the said Richard,4,train,train
UW4zAGqT0M94a6Rv,wages proffitts benefitts Comodityes privelidges and advantag,4,train,train
q8h3Sxwe1aKQwr7i,butting and bounding east upon the Land of Collo.^ll Tymothy -,0,oof,val
ATePrG4XYYSk9SqP,date the Sixth day of July One thousand Six hundred,0,oof,val
CzrQs1cv7GouuT5a,Hundred thirty three pounds money to mee in hand paid by Edward Parsons of the,4,train,inner_ckpt
Ij8EjOnuKcMXyd7Z,and manifest unto all Christian people that upon the third day of March in,0,earlystop,val
qOOGssDas0hSStxc,two thousand two hundred sixty and five pounds sterl:,3,train,train
ftCq5R12ClNKdTwx,In the yeare of our Lord and thousand six hundred,2,train,train
NQAD74cvanuAX01k,Lawfull Attorney his heyres or Execut^rs Adm^rs or,3,train,train
h5xekNhh6ArWFPNl,with the appurtenances without the lett Suite trouble Interruption Molestacon,4,train,train
ZfIICfPh1tHBcd3P,the lett trouble hinderance or molestacon of by or from any,3,train,train
bvNtQfVwBFheDCun,Eviccon or hinderance whatsoever of him the said Richard Willi,1,train,train
k2lhljsl9WZCB94E,of money goods wares merchandizes effects debts dues and demands as,3,train,train
G0mct83aOEEU5VUx,under me or by my assent consent or procurement,4,train,train
dgUSIE9pftnLfuf8,pformance hereof we the said Robert Watts & Edward Pater als:,1,train,train
iOGqwAEUNClpiZcd,Nov. 1668 of November in the year of our Lord One thousand six hundred Sixty,0,earlystop,val
J2qLXsmQ2V0qV2uD,within mentioned Deed as witness my hand this 17.^th day of July 1684.,2,train,train
KsteLTWhqDZKUd9x,& shewd us by the Marshall doe appraise them according to,4,train,train
xdYDV87WtLphzyaH,Seizin and quiett possession of the within menconed p:^rmisses,0,earlystop,val
3n99KD4mXt1xgmRQ,Same Island Merchant The receipt where of he,3,train,train
cNVpvVWGlEVRh64F,bee recovered against them or any of their,2,train,train
t9DPbpsrZAOnolTs,"by these presents , that at the time of the Executeing of these presents hee the said",2,train,train
NsgJafSyRKOw6NNh,aforesaid according to the purporte & true meaning of these,3,train,train
2BJ8SFYoT2VdsxfM,he hath been at all Seasonable times ready to receive the said turnage,4,train,inner_ckpt
gkdDIcW0TbnFIf2a,and also all right Title Interest and Demand which I,4,train,train
RUhF8H0w6kj7hfxU,of me William Sweete and Edward Applegate conteyeinge by estimacon,1,train,train
fUpjRJ2XxaEkwgEJ,wares merchandizes effects and other things to a considerable vallue wch,4,train,train
tNUzHGfrrLNcGdn9,and especially for the valluable sume of two thousand,2,train,train
4f0oEdScUSTeQSDr,I the Said Richard Noke Dep:^ty: Secre:^ry did protest Even,2,train,train
1S9BAdOg3Xr1UUr5,personally appeared in the Secretarys office of this Island of Barbados,0,oof,val
8lGd2LO84KMYDbiq,"Richard Barrett in this said Capacity, or the said Richard Aley his Ex.^rs. adm.rs or assig",0,oof,val
HGUACxe3JvWF5gfB,any title or interest in or to the sd Ten acres of Land,1,train,train
TviLw2mCVDYq403b,and grant to and with the said John Barwicke his Executors,3,train,train
SMpib8fiB4SWwD29,Padmore west and a parcell of land in the possession of M^r Andrews,4,train,train
AxPtnzjEgIPCt519,& secured to be pd whereof & wherewth I doe acknowledge myself fully -,1,train,train
kZ0lJWotL3hqna8O,merchantable well cured musc^o Sugar to mee in hand at and,4,train,train
PJbM7Q1SrblrSWt6,"father ye sd Jon Johnstonn in the behalf of the sd John Johnstonee Henry Ferris, W^m Harvey",4,train,train
urBljT2akekmVUFR,from all former guifts Mortgages or duties or other Incombrances,2,train,train
RI0lmXgWontGtuXH,of the enemie onely excepted In witness where of I have hereunto sett my,4,train,train
sNNyCkSCTzmnKAGb,"as then were, or at any time afterwards should bee",3,train,train
Gn503tm7wISRQxNL,at Large appeare ) And it is hereby Likewise furt,2,train,train
y0qX93InnWnB2CRK,and for divers other good causes me especially moveinge Have,4,train,train
7QaVlv0iRRxZZOQT,"for ever Lawfully, peaceably and quietly have, hold,",0,oof,val
m2vJ0ZU473onTHCG,ly and Clearely acquitted and Exonorated or otherwis,4,train,train
ZSUU75O17YylVFGP,in the yeare of our Lord 1673: Duly proved & recorded in the,3,train,train
9uFuM4Im0ZPm97MM,of the said thousand pounds of cotton both to be servant unto the said,3,train,train
8Xdu6OYd52h5NI78,"every the negroes, horses Cattle and other Stocke whatso",3,train,train
NU4wDSLEfgs3MfD6,one with him concerned for or by reason of the,0,earlystop,val
0EGwwN5J2iZeCBOy,there fore this appearer hath as will for him self and company and owners,2,train,train
3dH4nxyz4Mf03Wby,& assignes from the day of the date hereof forever without any cause,2,train,train
mWB9qX6WUwGTFOSx,acres of land bounded on the south to the lands lately in the possession of,0,oof,val
iFSqEaAMW62x9pZe,and grant to and with the Said Girles Duboies and,4,train,train
TcQuwjxCIkIth6bz,To all Christian people to whome theise prsents shall come Wee Edmund Bullocke,0,earlystop,val
YdT9WKs00ed4fblO,Sugar Witness my hand & Seale May the 15^th 1667.,0,oof,val
2U9XCV3ZnyZHoIxQ,Sustaind for or by reason of the Just tempest or sea,0,earlystop,val
TQTPEL8sAVCPCHQY,Rodney of Bristoll Merchant his Agents or facto^rs and all other,0,oof,val
8uO5nvI30O6tA1qc,heirs Executors Administrators and assignes for ever will warrant,2,train,train
Mf9OjERUWYa1AubC,& nowe in the possession of the sd Colonell Woodhouse,2,train,train
WiGfAv4dAqzmaR0d,followinge wth all prviledges Comodities & Stocke wch now appteyne,3,train,train
6O6a1V20YYH5oVmx,Directly and peaceably to enjoye the same without the lett suite trouble,3,train,train
UiZgW7cVcDXiRQa7,hand and seale the 8^th day of June Ano 1640,0,oof,val
xIhJiUhFUFqGC8sF,his wife the two Children are nott yett named.,1,train,train
oXHyC6Ct3LBtKNdN,under or them or any of them ( except before excepted )the said mortgage to the abovesaid John,1,train,train
pSwSJAZ6VNdQ655e,more att large appeareth sould unto James Parkins And I doe hereby,0,oof,val
TLbq3fOGULGvBz9S,with the houses boards timber water goods & watter course,4,train,train
BIEQFgv3AZKl8jUa,to the said Articles ) by them the said Tickle and Martin,4,train,train
L165bOibyaFgpVzP,To all xpain People to whome this present ~,4,train,train
N4zbOHsgUSwRJXv4,order and direct of y^e same either by herselfe or any other whom-,0,earlystop,val
qYeY5tNhzK7MLpWM,"over unto Richard Budding of the Said Island, Planter his heirs Ex",3,train,train
z5ls99egkrhSjFj3,Exrs & assignes forever from the day & date of their prsents withoout the lett,4,train,train
O2qGFq562dfOB1rc,This Day personall appeared before me Rob^t. Richard,3,train,train
JalL0RUsqS0y41i5,"Second by the grace of God of England, Scotland,",1,train,train
MRBwBI4V3OJ1WOFY,in or to all that plantacon or percell of land Containin,3,train,train
bomhHnAf3YeSmp0P,administrators or assignes shall well and truely pay or caused to,0,oof,val
7GXQHqiSuL9LwLN1,then for me and in my name undsteede to sell put of and dispose of all my,1,train,train
c4scbsTAq2wqNDyH,Williams Patrick Long Thomas Dawden and the sd Jacob English,4,train,train
Cqslcuqd79Ox5f56,Sixty and eight and in the twentieth yeare of his Re,4,train,train
xUJyTNWrkDA1Es7H,in coinsideration of a sume goods allready receved from Thomas,1,train,train
KjT0QRO3llU9wzdy,Leare his heires executors and administrators or assignes by these,3,train,train
pNQq47BRKT35Otn8,all dues duties and taxacons and for the true pformance of this bill of,2,train,train
aC6fjed0jT2rjmsR,shall come Greeting Know yee that I John Spence of ye Island,4,train,inner_ckpt
YcEaOlP7sFsG0u5P,"Adm:^rs and assignes from the day of the date hereof, for and",3,train,train
ObmAo8tHCqvgiZVy,theire voluntary oathes one the Holly Evengelist to the,0,earlystop,val
PcMWlGkaz1BR84DJ,at or upon the six and twentieth day of March w^ch shal be in the yeare of,3,train,train
zv90WTRrFyoZeBMf,"Said John Batt & Charles Collins, have hereunto",2,train,train
pROMG7Hq8r8jDJKw,made that such recovery shall be made good,3,train,train
vnzULIZIgysXLIbq,neare the Indian Bridge & comonly the signe of the shippe To have,3,train,train
eHrCUjyzGdz8nV4M,the timber growing on the s:^d plantat:^n but w:^t shall bee,0,oof,val
oBGBpAO21tQtUt5L,otherwise called little Bristoll and did then and ~,3,train,train
AHUUMoprxadqgNxf,This Indenture made the Thirteenth day July,1,train,train
mAaCshFdYBaklxkv,the Reigne of the Kings Ma:^tie that now is over England,4,train,train
PbN7AgFVWN7IgOCG,our heires execr^s administrato^rs ye afore s^d land butting leward of M^r,1,train,train
63QHtDP9bdE2zBRg,Jones his heires exers and assynes forever And also I the said John Ledall for mee my heires,2,train,train
oV6iEN8YG4AP3WOk,pte & parcell thereof w^th the appurtenances unto the said M^r Samuell,2,train,train
C5akFGsEmttD1KYm,All And all manner of any other fformer gifts,1,train,train
7swjLY3My7twTDtr,forever together wth all & singuler the houseinge,1,train,train
CkVloXN4ZVhEWyeN,And Interest of in or to the premisses or any,4,train,train
QRfP8SEpVyMaDVGL,for divers good causes and valluable considerations us here,4,train,train
z9yfA30TQ8l4K116,any persone Claimeing by from or und:^r them or any of,3,train,inner_ckpt
mQVKRRMKleLiVeiq,or molestacon due by mee the said Daffe my heires exers or admnstrs and thee,1,train,train
B5GGvBIUtR81BF6A,heires Ex^rs Adm^rs or assigns or any other pson or psons,2,train,train
VYrfGXnqnDqc7hHQ,in a schedule thereof made and hereunto annexed mencord and expressed To,3,train,train
QtaVFLNiZRVfy4rw,of them I farther for my Selfe or any other parson or persons whatsoever,4,train,train
MtCzWngHTnPqlTKb,in the Island of Barbados Planter and Elizabeth his,2,train,train
8CcsjqeAUKQGhsj3,the three and thirty yeare of the reigne of our Sovereigne,3,train,train
SL9zBwTQiNt0Hm2c,Sattisfaction to be rendred for the Same In Witness where of the,3,train,train
raBSw7wWCJSkbVgO,the Island of Barbados send greeting in or Lord God Everlastinge Know,4,train,train
NIFyIj2NK6BGFT2j,for the said Christopher Lyne one parcell of ground lyeing and being,1,train,train
uf4PQjnhe0vqgOeh,and his wife and ould Mary (three Christian,1,train,train
oTdHbBKuJer5PA4E,by Capt John Swan and West by Capt Henry Guy Together with all houses edifice,1,train,train
QuRVyODa5n6kCg8I,and other Lawfull and reasonable Actt and Actts thin,3,train,train
TKYZwRg2spCQaVrm,"& or any wise appertayning, to the said Margrett:",1,train,train
oPj6r0jedkYtMV0K,aforesaid have hereunto sett o^r hands & seales. This sixteenth day of Novembres Anno Dom 1642,3,train,train
vYmG0yKqCKWakw3s,I Richard Dent of ye Island abovesd plantr: sendeth greeting in,2,train,train
Rscke5x07F8infT8,Gent: Deceased for divers good causes me thereunto,2,train,train
PABzZFZd1Hd6GxbK,of the Pish of maker in the Countie of Cornwall now master of the shipp,4,train,train
2OGnY9jxIkYpI8B9,all and singuler the forebargained primises with every pte and pcell thereof,1,train,train
Tdug2Ir2mPNVbv1R,all the right tytle and interest w^ch I have in the twenty acres of land,3,train,train
y9ZeBn5riflvsxbI,Heathcott shall give way he having notice thereof Wittness my hand,2,train,train
Mz0jYpJoG9ssdW67,"Execucons, or other charges or Incumbrances had made Comitted or do",3,train,train
btXc5htjqD774Z6n,parsell thereof to ye onely use and behalfe of the sayde George Greene,3,train,train
10gOcS95oX0kSphL,appertaineing Warranting that hee y^e said Bartholomew Rees,0,earlystop,val
kKdTvlVZtLlkf0L3,This Indenture made the first day of December,3,train,train
J3JjhcaKMzIJ8ftn,unto we & I do likewise assigns all my right title & interest unto ye sd land & wy,4,train,train
75rzCAeDbMKxhfWc,sixty and one made between the said Thomas,1,train,train
KCqrk0do3UzdEI6X,the sayd land with all easements profitts and comodities,1,train,train
OPirApb1YBhVAi22,Knowe all all men by theis prsents that I James Percell,1,train,train
tRXSGpSDjz9JTDWT,hereunto Sett my hand & Seale y^e day & yeare above written,3,train,train
kHaLisghwau0bPN9,Lord God Everlasting Know yee that I the said John Ham,4,train,inner_ckpt
u66mQQfmqVfCAllI,"or anyway Concerne , That Stephen toller of the Citty of",2,train,train
eZG1CxzYLlB5S5Li,Intr Ut Supra -Signed by- Gyles Jenkins -,2,train,train
JmDPCOtpw6rVd9S2,either of them or theire order the full and just summe,4,train,inner_ckpt
BzslBC3Y4o34xeZj,Eustace Hatch his heires & assignes for evy: the above named,1,train,train
NqkzLskbnTSLIR9Q,Barbados planter for and in consideracon of a valluable some to,3,train,train
T5uJz9A7n8LXKQiI,Hould all and singular the said bargained premisses with,1,train,train
NLRY0aR98J4GWWH7,"w:^ch accrued to mee as aforesaid, Either as the saide -",4,train,train
o0p4rYL7CkNB1NDb,lat master & comander under God of the Good Shipp,2,train,train
MH9Wr7FEWvMBvxR4,shall be as effectually to all intents and purposes as of wee the said John,3,train,train
NtrVjAYSfIr20vun,or by reason of the said Tempest and Storme,4,train,train
9Wvgfygw2wMqZcUD,recovery And discharged or otherwise well & Sufficiently Saved,2,train,train
x6eyEUxWZTJySszT,hereunto set their hands & seales even this twentieth day of May,0,oof,val
g1CakP8AQ3EhMKye,"presents hath assignes, granted, bargained,",4,train,train
Zt4a1Tcn2VkEnbnW,five hundred and thirty pounds sterl served by Judgem.t^ to bee paid to,3,train,train
LmnlA1Dlq6ryKo2h,intended to proceed on his Voyage Barbados for that the defedant,2,train,train
WYOvdBMQEI5kdKLV,that the said ship w.^th hath beene above two years,0,oof,val
8AwC3HmCSePRxg9Y,"Sandiford and Edmund Sandiford appeared be fore me, and",0,earlystop,val
VVIZM5oForBFbyvQ,& that freed and cleered from all former sales mortgages dues avearages of dues & other incubrances,4,train,train
dB64zH7GewwVDhSu,this either publique Employm:^t he had in this Island then the others of,1,train,train
T74IZPeQ36gvNsJ7,soe much goods as soe many negroes as the sd Farmer should put,3,train,train
3d7lglLZeIkmAm2E,This 16.^th Day of December 1676 M:^r Benjamine,3,train,train
r6MgBlq8FxvthgQa,Franknell and Henery Williamson for thesaid Thomas Sadler from the begining,4,train,train
0UjSzyxS90zIyWkN,Land of the said Stephen Noell to the windward To have & to hould,1,train,train
dixFsmjynPcp7UM8,Yate shall transporte in the sd shipp for ye sd Leonard Dowder soe many men,0,oof,val
QUi3QTPXo3RN2M7o,edifices and buildings upon ye said land erected -,4,train,train
8WRAnp0vSrlaT5vb,"Three Coppers, Two , two ladles, one head& worms",3,train,train
mrggexMX2vbpskIg,have hereunto set my hand and seale this 16^th day of June in the yeare of,1,train,train
SEYEZ7fwp3MbYkkB,By this public act and Instrument of protest be it known,0,earlystop,val
OkjmIPbenQC9clb2,and Effectt of the Said Deed in the presence of us whose,3,train,train
8vVrwu3hnNXh5K9A,for and in divers good causes and considerations him,4,train,train
ZUQupPMhjID9GGQq,and manifest unto all Christian people that upon the eighteenth day,1,train,train
Zer3bZ5I7YFGoqS6,By this public Act and Instrument of protest be it,3,train,train
XcwLLZrZsSDO4XzL,and made Oath on the holy Evangelists of Allmighty God tha,2,train,train
U7aZFNSmheajM4hH,To all Xpian people to whome theise presents shall come greeting Know yee,0,oof,val
JOeej3h27a9peXXY,To all Xpian people to whom these prsents shall comeThomas Bennett of,1,train,train
dBKofM1BpbY2p7NM,and Jon Robinson windward and butting upon the land wch was,0,earlystop,val
Ypp3CcdYrULfU3QF,in pish of Michaell buying and adjoyning,4,train,train
slSDkKUM6bSsnGJO,of the Court of Comon Pleas hold for the precincts of S^t. Peters,4,train,train
Z8LokcFZ1YWTcK94,Have given granted bargained and sould and by these,1,train,inner_ckpt
KYgjhPQJFbz60k84,of his Excellency William Lord Willenghley of Parham Magest Present,3,train,train
Ru61iksVggsYjbzA,Ass: for ever free & cleer of & from all maner of Incubrances,3,train,train
4UGS9c9zz7tUEb7Z,Surveyor Together with all houses Edifices & buildings thereon,1,train,train
VvrB5JPIFV9pTQdW,true intent and meaneing from and Elfect of these presents. In witnes,4,train,train
uTHBjqhuciF31rVx,sugers cottons indigoe servants negroes horses debts goods chattels dues owed,4,train,train
lTlN2e9SksIMvwID,Grace of God of England Scotland Francis and Ireland,1,train,train
z007TdpNyPWCai6W,and to Hould the said sixty acres of land with all the profitts,3,train,train
JjQrbFo1Sop4oCPZ,Radford for diverse good causes and valluable consideracons me hereunto,1,train,train
XIFI1G3tlZYbWVYQ,find it to Containe Tenn Acres or thereabouts Scituate lying and,0,earlystop,val
46E1O3apKBZ5M39B,to be paid unto Peerce Power of the same Island his heires,4,train,train
vIrJvJdvkZzplQhh,Island Gent and William Harvey of the Island aforesaid marchant,0,oof,val
guOhV0tt0GEBkg77,Edwyn Stede his Mges:tes cheife Judge of Pleas of the ToCrowne and cheife,2,train,train
yy6d68ZN7v17qERd,w^th in named premisses was given by ye within,2,train,train
gpprydgItkjagpIQ,or Assignes granted or to be ~~~~~~~ performed hath demised,0,earlystop,val
bkGk7t4M9S8Hm8KW,twenty second day of July last past stands indebted unto us for goods by,3,train,train
AkJJOESrS25phQ8j,Witness thereto required Michael Martin Joshua Notstock Richard Clay -,3,train,train
YoSOfHjNCeBUOIfV,and five with theire increasd In witness whereof I have hereunto sett,1,train,train
k1Iz3TosZk6xvAnJ,23^o die July To all Christian people to whome these presents shall come,2,train,train
68CNOhib0Ck65VUc,negroes and Cattle to Come and Pass in by & through the said,4,train,train
PLCIN5unDEde9krK,"William Leacock and John Ashman, mariners",4,train,train
d75t4snl0VFahJwe,any other pson or psons wtsoevr lawfully having or clayming by from or under,4,train,train
k1bMglshIVzkeQWa,yt ye sd Jer: Norris his heires or ass shall & may peaceably & quietly have,2,train,train
4v8ljMY0nliKDQRl,"in y.^e List or Scheduale hereunto annexed, by name, Abba, in",0,oof,val
6qyKnXSTwhb4kVft,by theis prsents as alsoe for divs other good causes and,2,train,train
mh9qL38iGOLALgHR,Johns was gonn to Spights Bay to see if,2,train,train
5qQyslLM4GClqCUn,County of Devon in the Kingdome of England gents all and all mann^r of Accons,3,train,train
6CgWci4yEyEkXbLS,thereunto belonging unto the sd James Noell Stephen Noell Martin Noell,4,train,train
BuM3VCVtq1WkwjyQ,Land Scituate in the parish of Snt Michaells Cont: in,0,oof,val
NlKMdDkiTAENrcBQ,acres of land parcell ofthe aforesaid plantacon or parcell,3,train,train
F11cuBXGia2Kji23,Marriner his heires exectors and admr^s & assignes for ever And for,1,train,train
WyjGNFSmwgHMZykj,debts in the Island of Barbados in the parts beyond the,2,train,train
Pjhws4deTpf6vnvd,contained and expressed in this present giante to ye Contrary,3,train,inner_ckpt
8Z3V3UIIQ06yCH9L,an...Colleton made one and the same Answer,1,train,train
cSKdrih2DDAkWvo4,Capt Thomas Searle his heires and assignes to save and keepe harmlesse the said,1,train,train
4qF3zwG4TSmNQXT2,S:^t Thomas in the Island of Barbados Gent: Sendeth,4,train,train
XIMZRt7YnoPiFA2m,Greetinge in Our Lord God Evlastinge Know ye yt I the,4,train,train
C0BJGnJUYzHLYHjw,Singular the premisses with the Appurtenances,4,train,train
vu0p8xQzyNdw3vZg,wtsoever other name or names the same is or hath beene called soe or knowne,2,train,train
vVClo8Ov9OdfNrDn,"In manner and form aforesaid , And that the said peece of Land -",0,oof,val
mTTGusap5mALLMvi,1640 - Signed Sealed and delivered in the prsence of,3,train,train
rPBrSY95z3BVcpn2,Blackman having taken aboard his said ship Island,3,train,inner_ckpt
DAixK7a17B1ka1cp,& pcell thereof unto ye sd Php Holman Tho Walker Jo: Webster &,4,train,train
MwUzVCGmj8nKSPVY,Matthew Greene the aforesaid Land & premises and every part & parce,4,train,train
09ZWIIhy3aQm4xZp,administrato:^rs of the Estate of James: White Esq:^r,0,oof,val
pLFKlwwY4hgyspz9,peaceably and quietly have hold use occupie possess and enjoy all,3,train,train
BUtsMqdXwRZIevgM,dureing the time aforesaid free and Cleere and freely and,3,train,train
Pz6xt3fTfT158osa,This 21^st day of Aug 1667. personally appeared before me the above,2,train,inner_ckpt
KuHdta2fXsyh1uMY,thereby he left and bequeathed unto his Sister ^Mary Rogers his Es,3,train,train
m0XxDgjTB1AffdB4,admistrs and assignes forever free and cleere from all former bargaines sales,2,train,train
i6m0LHT6t8Ftl047,John Burch comander of the James of Bristoll the sume of three,0,oof,val
NxaNW56UrkHPeBIo,to an Act of this Island made for the Establishing,2,train,train
Ahic8ctFhgp4IiyD,John Walford of the parish of S^t James To have and to hould the said two third parts of the,1,train,train
RVRqLy0O8xgRoEbN,thereabouts situate lying and beinge in ye pish of St: Phps bounding upon the lands of Richd,4,train,train
78OwFiWiJODdTmkj,the Board Path and other storehouse wth all the land there,2,train,train
OddwPjSIYgiFouJY,Griffith Anthony Standford and Company and whereas alsoe the said Arthur Bartlett,4,train,train
S7HFCNO6W96psFjs,of them theire or either of theire heyres or assignes,0,oof,val
o7ecVjFPbE66NcpS,in respect of the yeare now last expired) And for pformance of all and singuler,1,train,inner_ckpt
5W5FSWMGkLobvuFE,before mee and acknowledged the above Instrument of writeing to be his volu,0,earlystop,val
GNSWseeItON6g9oP,excepted untill such tyme the aforesaid twentie one thousand pounds,4,train,train
Id34joOtZXOrwBGs,"Eleaven hamackoes, one Spanish ducke one horse, twoe whipsawes",2,train,train
YpoQ37N3votJffau,for and in consideracon of the value of Thirty and nine thousand,2,train,train
q4kxVbBZtjcDAT4I,thereof Together with all houses edifices & buildings which he the said,4,train,train
yFRbgVWfzCGhhZB7,This eight day of august (1684) George menconed in the deed on the other side -,4,train,train
F3keWFupvrdGoJPy,and assignes or any one of them or either of them assignes to reenter upon the said,2,train,train
KSoKgSeEhF8q2Tab,"me withall, and for the preventing of Controversies which may aris",4,train,train
njasp9b2NE1CAJJK,theise psents In consideracon whereof the somes of cotton aforemenconed,3,train,train
Bwd3l6Rrj5nXHKmw,an Impost on y.^e Comodityes of the Growth of this Island for soe,1,train,train
iS3ipjTu1pW1RzFj,admistrs and assignes in the penall summe of twenty and two thousand and pounds of the,2,train,train
kt1Dff8Loy2aScA9,from tyme to tyme and att all tymes hereafter forevr: peaceably,4,train,train
AlJDTKW6iml1ysJF,and in further testimonery have caused the seale of the office of Maiorallitye,3,train,train
4yFnuUaEJWfVdQFl,To have hold occupy enjoy and posses the same to him his heyres,0,earlystop,val
5fg6hZ3GqQbzwqGI,Sealed and delivered in the presence of,2,train,train
4wXSHorPPXrobi0L,Said John: Sampson. his heyres exec:^rs and adm: of,2,train,train
nNTsRw6RiTP9lGIS,as by a shedule hereunto annexed more plainly shall and may appeare And the same to,3,train,train
4FDahhRvtRNg19DR,causes and considerations me hereunto moveing but,2,train,train
CoUUBxj5EfFlDl03,Mcht & Nathan Gragly of Barbados mchant Ten acres of land lying & being in,0,oof,val
MMrz6M319zzRMp3T,The one moyety or halfe parte of all ye wooden suger,4,train,train
a8xYoGsr4Qqt15Y6,selves either to other theire heires executors and admintrs in one hundred,3,train,train
Okd2gABmprXdhqS4,more Especially for and inconsideration of the sume of ffive shillings good a,3,train,train
sV3vZhD9ejW9o3RU,aforesaid Gent his heires exers admirs and assignes of and from all dammages suites or troubl,1,train,train
WyrZsvhkOu7yj8kj,of Land and Sixteene pearches unto the Said Mathew: Chap,1,train,train
sFn4R9dwVQE20SQC,Know all men by these presents that we Capt: George Stanfast,3,train,train
xiVS42zcHPIwmlMZ,"written to be their free and volentary act and deed, and that it -",1,train,train
kJyoGf9h9bwa8iT3,Franncis Pearson Thomas Panton Tho. Godwin,0,oof,val
zN7PENLV9H7CSlwz,"Letter patents or Comission, relacon being thereto",2,train,train
JypGYYZSsSQd7yyA,the seaside unto w^th payment well and truely to be made and done wee the aforesaid,1,train,train
sr3yFfVECVy7kLZz,Pembrooke and my heires shall and will unto the said Coll. Thomas,2,train,train
w7evzbKwhrUi7DEd,these are to Corlisio that Rob:^t Cole had on bear,0,oof,val
VbZcY4RkcIKyFzVc,the Full Sume of FFive hundred pounds Currant mony,4,train,train
ALw5QuRFFUauhJA3,holden in free & Common Soccage under the Crowne,1,train,inner_ckpt
6XBathpqHldH83Zq,this Island of Barbados have or did tender to the said Appearer,3,train,train
GViYjblidreaAs5K,whatsoever in the name and the way of possession o,3,train,train
RgWKQPGfBVlx8sMM,appeared before mee this 20th of October 1674 and,1,train,train
PHC1OR1kc81LyjIK,and effectually as the same belongeth unto mee the said Richard Gregorie,0,earlystop,val
kpDU9eaVcRRA3HE3,Lord God Everlastinge Knowe ye that I John Moseley of his Island planter,2,train,train
8kVoRTYvFhuU1ZxJ,accompts bound for this Island and in her voyage being in the latitude,1,train,train
ozyA3WwzaaR9Cy9T,eight and twentieth day of November Anno Dom 1640,3,train,train
k2kNQku9HEPMYAXU,To all Xpian people to whome this presente writeinge shall come I Thomas,0,earlystop,val
YSgy3c2Eom06Dwt0,"Signed Sealed and Delivered in the Presence of,",1,train,inner_ckpt
tBL3M2yCnog2fATC,bargaine sold assynes assume and sell over into the above said Stephen,4,train,train
QZ4lZa4SjDxwHleq,1647 consideracon me hereunto moveing have bargained given granted,0,oof,val
UW3knVk6bn3B8yHB,ecutors adminis trators and Assignes for ever ye said,0,earlystop,val
JU0SngC9joWB43Oz,by vertue of a warrant to appraise a percell of land,2,train,train
5yWeBTAjKz4Z9wI3,or in any wise appertaining To have and to hold the before,3,train,train
MFkLAHVklUJGQ5vV,In each yeare dureing the terme aforesaid which hee shall Serve in,0,oof,val
2uXhwofies5eR2oT,so all the Said Plantacon Messuages Lands,1,train,train
PO7QQLWIFOT65BTz,the marke of Thomas I Mosier Theophelus Lord.,1,train,train
enrQLaLXBOe0MEMF,and five hundred pounds of Lawfull money of England to him the,3,train,train
XhZYGhcnbZ6VYAJo,profitts comodities priviledges immunities and advantages whatsoever,1,train,train
D4NdO18uVJ0pdqEa,"one Cureinge house, one Still house and all other outhouse",4,train,train
yAQZHe95hQIl1iKY,Canary Streete fifty nine foote and a halfe and,4,train,train
T3Hhat7cR2M3fvD4,lately purchased of Tho: Whitehead. Together the moyetye of all and singuler the,2,train,train
R1uViiAitMYfviRH,any Meanes of mine or by my privity or Consent,3,train,train
VeEty3Mc38kLV9Hn,or lawfully may from tyme to tyme & at all tymes hereafter forevr-,1,train,train
97V447T3ePCnrtDL,the pfitts benefitts and comodities that shall arise,0,oof,val
fxvhF26uHWz5n576,the terme of Ninety and nine yeares from the,0,earlystop,val
aqTw9otCG3kCDQiu,or Meant mentioned or Intended to be Granted & Conveyed unto the s^.d Benj,3,train,train
uWJVE3zJGDTFCNlx,also stored away likewise Severall bags of Cotton most of which,3,train,train
g6x6qG6aMrcPrPEz,my heires exers admistors and assignes in the penall some of twenty nyne,4,train,train
wFDxzNUskXMHtZea,"appointed for payment of the rent as aforesaid, and if it shall happe",4,train,train
sRPnjJlo4MemiQTe,and alsoe against the said Royall Company,0,oof,val
Uj98PNlgc0gFiF5r,of Their appurtennces to Them the said William,4,train,train
AN58NPhn9jW23OLp,in time and place as of right shall appertaine,1,train,train
oiUl0McOXb6duLau,sterling to us in hand paid by m^r William Charles of the Towne,0,earlystop,val
XzaMRNbKDwFTHIZY,ffebruary which will be in the yeare of our Lord one,4,train,train
XStGH8IjmVWF0Oju,ever as witness myhand this 25^th day of June 1640,2,train,train
QmMjkMOxcfTRQ87t,appraised as aforesaid their heirs Executors & assignes for Ever to the only proper,4,train,train
Ed3OLL8NeE4mGh3R,"the said John Curtis doe here pr""mise and grant for myselfe my heirs Excers admistrs",4,train,train
y0fN5ASPOufNzzkE,"exonerated , and discharged or, otherwise from",4,train,train
igyGLtke0ct8sDUH,exr^s admrs or assignes at ye pte or pcell of land conteyning twenty acres or there,0,oof,val
1VQZ8dS6YQpqJytO,being in S^t Peters parish and if the non payment bee made I binde my planta-,0,oof,val
KNLjDvknC5gb4aUj,This Indenture; made the 25^th day of September,3,train,train
qZkZtKxZAlK0hE6Q,of good merchantable muscovado sugar uppon or before the,4,train,train
AJxszlffy8CaOdAk,goods the Said negroes hadd then aboard the Said,3,train,train
trQe5eMPRmws6XCS,Charles the Second by the grace of God of England,2,train,train
B91D6rYSd5HRKgkR,of our Lord God one thousand Six hundred Seventy and Six ;,1,train,train
9W3yiUxodnd4ir2e,Parcell of Land Conteyneing by Estimacon foure and,1,train,train
iNpUUWp8zUK39Gnj,promised to make good unto my said daughter Martha,2,train,train
R2KvElU31GpMCHma,teene acres be itt more or Less scituate Lyeing and -,1,train,train
ua3sMSZQnj0AX3Bs,as are now standing growing or being upon the before bargained,4,train,train
jlLJjhbNXmxOWjt5,"by these presents, that all and singuler the premises, now are and soe shall forever",0,oof,val
VitdyTslriKuAo1m,To all Xpian people to whome theis pnts shall come Charles Harris of the,0,oof,val
titBJr7Epjx4Y6ud,"Lease the said John Whetstone to my great bennefitt, and wit",2,train,train
53I5vDY0A7Vd1HtK,Tobacco To Capt^n Biggs & Capt^n Allen ten negroes paying for them two hundred &,3,train,train
OrXXHFOprCeTsprv,Januar: 1640 Barbados planter sendeth greeting in our Lord God Everlasting Knowe yee that I the said,1,train,train
GQcMz6lRsraAnbYA,all things therein contained~~~~~~~ I the said Edmund Cullen doe bind me,1,train,train
A3HYU3omvwSCaZFC,At thirty days sight Pay my first Exchange my second and third,4,train,train
ZKDmqs25MncvoFGI,and to hold the afore mentioned parcell of land and the premisses,3,train,train
BlRLQyfXNsZpTefr,Francis Darham for a valluable consideracon re^cd hath sould unto Richard Southwell his,2,train,train
UJWwVHbmobHAOq0g,informed that the said Codringtons Sloops have madmade any Voya,4,train,train
XPY28ckUybV2lHPt,or either of them or any Claimeing any title by from,0,earlystop,val
kWhC844wHGV7oKCG,Signed sealed and delivered in the prsence of us & possession given,4,train,train
HEJ0WPahQwCp5PN6,Either by my meanes or procurement Provided that the said George Dane att anie tyme,1,train,train
MpDLqM2NKu23k7lu,of fourteene thousand pounds of good & mchantable well,3,train,train
HoaT5mQrRj40OrmD,Interest clayme & demand of in and to the sd sev all ~,1,train,inner_ckpt
wZNLBsjAdOy0dTbN,"full third parts of all and every, her Boate",4,train,train
SUHOikQqiZVhzIjA,breadeth north and south 75 Poole The corner trees marked.,2,train,train
BY7CP8pVWx0mJqQi,had made comitted and done by from or under,0,earlystop,val
XNt6oft5KThqk6ew,"Land & Premisses , Every P:^t thereof To himSelfe",4,train,train
0MyuuckTr7Vk5Tf2,to his and theire solee proper use and uses for,2,train,train
NE87QeXu74dBz0Bj,the lands of Henry Murrey windward of John Hopcott Leeward the Sea on,1,train,train
sEIaS7F8WEtaXBZs,day of October 1640 As both said bills more at large it doth and may appeare Have,3,train,train
LSfpUIVE4THF3ahJ,"pcell thereof, To have and to hold all and every",0,earlystop,val
ufWSnNbalLSwceYV,be it knowne & manifest unto all Christian people,4,train,train
sozSptQLxEJHwBVJ,land of Capt George Bowyer and Leift George Piggott unto Thomas Stacketon or his assynes for the,3,train,train
NWgPy4CJ74OCuVS7,Thomas :Wiltshire his Executo^rs admi:strators an,2,train,train
j6AcIyWMUHkkgaw5,Springe whereof fiftye acres more of the said two hundred acres of land,2,train,train
TLAeSfxO9PMTwRRO,"Two pounds of Sugar, the same being part Sattisfaccon",4,train,train
5O0IFPPrNuwMfdNj,the Saide Phillip : Bell party to these preSent and -,3,train,train
fb2nkyXzsPW9Pjht,by these presents for me my heires executors or assignes give grante bargaine,4,train,train
fswCOIGD9ZW6cSPC,"woods, groves, timber or timbe trees easements, profitts, comodities",1,train,train
KACX04e8SrH9bmTX,against hime them or any of them or against of them goods,4,train,train
MXZrpYSpDd7lBxCH,And Reversions remainder and remainders of all and Singuler,3,train,train
CcLxUif6suVAlmiY,Have given granted bargained sould aliened enfeoffed and confirmed and by these presents doth,1,train,train
mZMi3qdPE3xJ7gT2,bounding upon Robert Ellis leeward and Addam Lee wyndward at the Tarr River heads with the,0,oof,val
itnTDnze5v7SYYHF,proper use and behoofe without any reckoning or accompt to be had,3,train,train
EBYdY0NQbMmFg6As,to James Thomas his heires executors administrators,0,oof,val
Q6qaOjwc8bArljDA,all to Whom these presents Shall Come Greeting Whereas at,4,train,train
94cFv3adbzN2X5NR,Deeds And on the same Day John Brown & Thomas,4,train,train
fnVHxtsWuCRDbjNL,payments viz^t three thousand pound thereof att or before the fifteeneth,4,train,train
FEDa5UEwbgmKPRNn,or appointment shall bee made by the said Alice in his,1,train,train
TB94EpdVwJvIleNB,"the Lands of John Peers Esq.E ,South upon",3,train,train
0Tp3uhMFGX4XJgA4,written to be his free and voluntary Act & deede,3,train,train
LLuAmVR5uoXhuogp,planters for good and valuable consideracons us thereunto moveinge Have granted,4,train,train
cj4DY6Qgz5MHSJPT,"abovesaid Thomas Hothersall by his said father aforesaid, as",3,train,train
q7lH9zMKOb4UUQ0s,To all that shall see these presents had re them to he reade S^r Richard Chiverton,0,earlystop,val
pW2d1LV7gleGujE5,known and manifest unto all Christian people that upon the,2,train,train
eNeHAUkUmpMXWl1l,windward and the plantacon of the said Tho Mayer and Peter Bray leeward,1,train,train
TaMBRpw36g11RuNe,Lawfull to and for the said henry Harvey his,0,oof,val
FuN7WNHVO4cRgYef,ye Isld of Barbados Gent & Richd Heughes of ye same Isld Pltr: sendeth,0,earlystop,val
RRxTIJunZDLHlhUU,to the same the invasione of foreigne kings and princes onely excepted,0,earlystop,val
wEIYFw6KGuyrlbuM,every part and pcell thereof Together with all the profitts and comodities whatsoever,0,oof,val
K3wkW2JO57HZNxMr,Scituate & beinge in the pish of St Peters in the Barbados,3,train,train
RtN0sw4gr6FQx7qZ,pish of St Lucyes and Lyeth betweene the plantacon of Captn: Willm Consett,4,train,train
OukUe5SC1KVcOYb3,Assignses at and Imediately after the end and deter,2,train,train
7gsNzoZwubfLnxn5,Att tenn dayes Sight of this my first of exchange my nor,3,train,train
9NeEfZ4Zydpm1VZR,profitts Comodityes Emoluments Hereditaments & Appertenances to y^:e Said,3,train,train
jA2oQjwFbpKVSBxn,and sell unto the foresd David made & his heires Exce^rs Adm^rs & to he &,3,train,inner_ckpt
5GPoqzPnPH0Mg4Bf,houses Ediffices timber and timber trees woods und:^r,1,train,train
XuuDAV1TBpVZtu4t,and all other rights Title claim and demand whatsoever And,4,train,inner_ckpt
5uGrWvBjEg5PmDdO,Sume of Sugare payable to the said appear,4,train,train
KP4J42f1Mtae36Wr,"Scottland , ffrance and Ireland King Defender of the ffa",1,train,inner_ckpt
jz8ixQ85YgTEsmhR,# 1 vice 2 holdfast 2 frees and 2 hatchets,0,earlystop,val
LbW5OvygBwwAwdQp,consideracon therein expressed one plantacon conteyneinge fortie acres of land,2,train,train
tJBAEfHAq8rj9BiX,Sealed Signed & delivered in the pnce of us,4,train,train
AEbv8xhtpF4F79zL,expended Item it is further Covenanted granted upon by & betweene the,4,train,train
1jkqhkuWYaTn2HRn,"insealing hereof full power, rights Authority to",4,train,inner_ckpt
hQHVQyXkT7SG6OyL,the said messuage or tenement belonging or in any wise apperteyneing,2,train,train
GEitygznamZYXspH,& Elizabeth Haynes of ye sd Island widdowe wch we ye sd,2,train,train
rLcW2ctSM1dpERkM,Reeve and George Read to be performed the abovesaid Richard,1,train,train
gJkn38FLpfjzN1EH,brgnd pltacon & evy pte & pcell thereof to the only and absolute behoofe,3,train,train
2IATTQzag0oGuuVa,"Harman Joyner with all, and singuler the proffitts",4,train,train
D3UuOLWU6rXF7Mf1,appearer did then and there Present a Certaine Bill of,0,oof,val
vYble4e3h47GEaRc,Chosen by the S.^d Lesson and S^d Thomas,1,train,train
kR1wiT2ugzhGuFxN,and demands to ye same apperteyneing knowe yee therefore that wee,3,train,train
3wPbWUgzZFBES3gG,said Island merchant his heires executors administrators and,1,train,train
5Kteiq67Syavf9zq,above boundent Captnt: James Drax his heires Executors ~,4,train,train
w43RV4s4kHGtypEU,and in Considiracon of the Sume or quantity of Seven thousa,3,train,train
tQAuzSsJimAQ8yRV,Barbados To all Xpian people to whome theise pnts presents shall come William Readye of the Island aforesaid,1,train,train
UoyBxnNCPHHwHCZt,"belonging to them, when Each of them shall Attaine to the Ag",2,train,train
1LoCqt5P2c0oQ5Lq,grant bargaine sell alien enfeoffe and confirme unto the said Captain,1,train,train
auytbZ5KKx2e9lmO,and att all tymes hereafter forever peacebly and quietly have hould use,0,oof,val
iv0hfiMQH7cV3n9W,by us the said Thomas Grigson and Katherine his,3,train,train
ERaEE8rxTrsEUS9Y,of Thomas Wills & Robert Wills and xxx of the Rocke and beneath,1,train,train
PWwZ5CUmbSywUiq5,title or interest in or unto ye premisses or any part or pcell thereof in witness,0,oof,val
XiXPUP9Ax5yC366y,payment expressed in certaine bills of the date hereof in w^ch the same ought to be paid,2,train,train
ssS7mS2JzgiuWYL3,he the said appearer appeared againe on board the said ship and desired the,1,train,train
kM0IDYRoPHBYRrcd,then Thomas Barr formerly German he now,2,train,train
uCE3ViqlRL0uZsmf,To all Xpian people to whome theis pnts shall come Thomas Symon of the Island,0,oof,val
qYvuLyRZ64uRXCQz,hand and seale the day and yeare above written.,4,train,train
PPMTvjiJTEPRufia,given und.^r my hand the 22.^th of August 1676 :,4,train,train
m07cCHgh74eCgKTW,of ye Midde Temple Esq^r and upon the said bills good -,1,train,train
1lGxcTsgAjWDva2Z,And in Wittnesse Whereof I have hereunto Sett my,3,train,train
qduxCj27tFWDkfYo,buildings woods Vnderwoods watters royaltie,4,train,train
dp8N7j310savSZht,or by them pretendinge any right title or interest therein In witness whereof wee,4,train,train
oOpKdBkEN2VINP4v,Stroud his heires Ex.^rs adm.^rs and assignes for ever without the lett trouble hinderance,0,oof,val
oK00i7IpX6ARLQiM,said goods shal be consigned that ye aforesaid some of money is satisfied,3,train,train
rb5FCCMszkdT8C4i,and Leonard Thraites in the penall some of fortie thousand pounds of,2,train,train
kXXIcMZFakaMW1DL,Hereditaments with thappurtenances before in,0,earlystop,val
NRC3nf5giWhLUyw9,*lynes adjoyneing on John Lawrensons plantacon and the foot - lyne upon the *llyle and,0,oof,val
jOkYRBMeyyMDHqJ3,-tages to the same any way belonging or in anywise apper-,3,train,train
IBcVBCmLJoTq5t7I,ben I brought sence the 21st of April 1653 or any of his plantacons,1,train,train
Di5Y120oFRllvWLn,ye same day freely gave her consent to ye abovesaid,4,train,train
8rK9vd3ssp23kCg0,the said Appearer did protest even as by,4,train,train
MfT9S5oghk9ywNSC,Scituate Lying & being in the pish aforesaid Butting and,3,train,train
97N4C4A2ICG22rYN,consideracon of Eighteene thousand pounds of good sound & well ~,3,train,train
iPWaWN5GgJcRrdPK,"shall or may be had obtained, recovered or -",1,train,train
jbNTI6fKybVUiDOO,"Rich: Jacques, George Frry, W^m Howard, Gawyn Carowe William x Plasterer",2,train,train
h3s3bpBSLzOuTyzy,of the pish of Hollinger als Hollingsheath in ye county of Soffoke yeoman all &,3,train,train
crVxevBLM61nnZXj,Lawfully claimeing or to claime by from or und:^r him them,1,train,train
8kn3TLDy8Pzkhxre,date the Sixth day of July One thousand Six hundred,4,train,train
S3AJk4kwHIvQ8H87,I James Thweat of the Island aforesaid plan,2,train,train
nKV1PcUwCTNIyy7i,Everlasting Know yee that I the said James Ho,1,train,train
ygBzqLDabRIssYVv,granted bargained sold enfeoffed assured and confirmed,1,train,train
r9dIh2iSpvBoZfzF,Administrators and Assignes shall and may y,3,train,train
ZMDkoUybjsYsBWV1,ially for my intire affection and care have given granted passed,2,train,train
Slh3EWcEut52Hwms,the whole twigg and turff according to the effect and true meaning,4,train,train
VSh0HB1QVB9D2KOd,"heyres Exec:^rs and Adm:^rs assigne, and Sett over, all my right",0,earlystop,val
1VRzuhRKIiu19YnW,planter his heires exers admistrs & assynes forever this my plantacon whereon I,2,train,train
EHyu9lD6IvIwRX3U,thereof yt there this obligacon to be fustrate & of non effecte or else to stand in full,0,earlystop,val
8R1oEPzwqnMLLrj1,by the said Henry Clever of London Gent: unto the Said George Adams,0,earlystop,val
PiLIRZm3itST5H6i,accordinge to the tenor and purport of two bills beareinge date of these presents,4,train,train
uMfcaTr1qmzq4nzr,by Edward Sincklare Marshall was appraised are nineteen pounds sterl P acre as is above,1,train,train
nV9uf9nuPBUmRTso,menconed p:^rmises with the appurtenances and eve,1,train,train
svwSsbUP8rjhbaht,Scituate lyeing and being in the parish of S^tt,1,train,inner_ckpt
gcoZoTE0XUST4daI,Jn^o Moodye or his Assignes all our right title and,0,oof,val
SvAC1gLOvd0Z1YUp,Said Charles Barrett his Exe^rs Admin^rs or assignes or his or their or,1,train,train
RSvcsROd2spn6nnW,Jeffe for and in consideracon of one thousand pounds of good merchant,3,train,train
sggAEJI29exYLAOY,Roger McNeads west wth all profitts & commodities ~~,1,train,inner_ckpt
p9v1d0vHYp8eXMNC,of Aexse goods wares and merchandizes the said constituants have shipped and,1,train,train
9Bb67GcVWLcgcf6s,other pte Witnesseth that the said Captn: James Holdipp,3,train,train
p3bhTzdtNV8HBa08,shall come Greetinge Knowe yt whereas Jonathan Andews of London~,2,train,inner_ckpt
eEMNnCTYJgaPRPW6,for or by reason of the said Whiston not loading of the said twelve,3,train,train
h0bSm2bnEPjPpB1O,allotted or appoynted unto or for tho'thers of them theire exers and admistrs,1,train,train
lxjfPzajvln6LrWf,Allen and Capt David Bix have here into pur our hands seales this,0,earlystop,val
Mundfi8Tdo39pKGb,Reade als Hutchinson unto the abovesd Robert Flanill,2,train,train
RyHhUXOAoA1apIKR,heires executors administrators and Assignes to and with ye,2,train,train
AEDnvMju3TuU3wzi,time and terme of one compleate years to be fully accomplished from this day forward thus,1,train,train
n8zeIymEgvK9CO5t,Haynes and Matteew Halery leeward and windward butting upon the plantacon of,4,train,train
mr2Tuv1CMNMb6cEl,Selfe my heires Executo:^rs and administrat^rs for ever,2,train,train
z6PLTV0idHlI4oZi,that wee George Blacklock and Robert Taylor of the Island of Barbados,2,train,inner_ckpt
Ym52Rv7MP6B1iCHp,after Expressed Have Demised granted and to far,4,train,train
IVNDje4W6Uv4r8cy,all others there Concerned for all wrongs preducies hindrances injuries,0,earlystop,val
eljuMcZ9LYSvyzWI,sellings tradings and doeing as shall be need full and within tene,0,earlystop,val
UAS7vx8koKgEXRb0,thereof In witness whereof I have hereunto sett my hand,2,train,train
MiEx2OkmrdGFcWxA,the terme afores^d be Sold Conveyed Disposed or Sent,2,train,train
J5KfNh4GYWEscu03,and every part and percell thereof to the said Capt:,2,train,train
P08eVRjbDTvcfedl,Emanuell Preston their sevall & rsepective heires Ex^rs & Adm^rs as for other good,3,train,train
pTjsBaNwpKAlQQfH,all wch prmisses aforesaid I doe hereby binde over and mortgage unto the said John Belcham,2,train,train
hx3bcgefoNgvtH9a,shall come Greeting in our Lord God Everlasting ~,2,train,train
Yq54XCcVRGgagrHS,into his Possesion the sd horses together w^th the Body of y^e sd,3,train,train
VatdLIm2yBuXxZR7,promise and grante to and with ye said Tobyas Frere Esq^r his executors and,0,earlystop,val
8UV0VUuaj5D7jF3u,or tymber trees thereupon erected standinge and beinge together alsoe with,1,train,train
vYL4qR1bbp07IgGZ,Signed sealed and delivered in prsence of us,4,train,train
l3cmgFmgcKP1yQFH,Secretarys office of this Island of Barbados before me Richard Noke Deputy Sectry,1,train,train
mUYiTCH9nMAXVLlf,"Andrew sanders, W^m Chiknall. Tho: Jones.",4,train,train
7QUTqAN28hrkTGta,fore mee and acknowledged the Deed above,3,train,train
URuJIbnKRvZ64Ywe,xxx James Perkins of the Island xx trees w^th all pfitts & comodities beniefitts,3,train,train
qoL3WcLueOM1vz4z,"heretofore had, made, comitted, Suffered, or done by the Said -",2,train,train
maBFo4aUQIoZdoJ5,the said David Delifer my Heires Ex^rs adm^rs the above,3,train,train
IW54w3ffLLc6zuWz,& wheresoever giveing and by these pr^sents grannt,2,train,train
ALHUjp89XlcCkOt0,hereby Covenanted granted declared Concluded and agreed,4,train,train
34eJBM0tG0tzRDsD,wife doe covenant and grante to and with the Saide -,4,train,train
zYRwiTpMeJUJAQDz,"hereof, the receipt whereof and of every part and parcell thereof wee doe",1,train,inner_ckpt
h1mqRdoFFNeDaX8n,Deliver the Said Deed of Bargaine & Sale as this Act & Deed:,0,oof,val
ehwrX4Q5pKEI6gxF,1675: of S:^t phillips w^thin the Island abovesaid for and in,0,oof,val
t3e59A5xQQ4fz81U,of and from all former and other bargaines sales guiftes grantes heires title,4,train,train
sb6H0XxGZGCFcs5P,more or lesse or there aboutes accordinge to the bounds withall profitts comodities,3,train,train
3YWtT2uTcrAfF4px,therein or in any pte or pcell thereof w^th th'appertenances by from or under me,0,oof,val
DzEdkxt9ygAGq6sr,and that I have good right full power and Lawfull Authority,3,train,inner_ckpt
PPYJ92BZooqhsfhf,1659 of the month of november An^o one thousand six hundred fifty and eight,4,train,train
T7GOPCBYhgj2qW0L,bought of John Hales Junior as by a bill of sale dated wth these prsents,3,train,train
TJPsDVZFBG8z7mql,and remanine in full force and vertue And that it shall and may be lawfull,0,oof,val
kJPtwnLFqNVOLxbC,estate of Inheritance and assurance and conveyance in the simple,1,train,train
14IXk49pslIq7TaU,late in ye tennor or occupation of Ms William,4,train,train
eSC9eMR9O9e5yo7Z,"now or late of Richard: Howard, upon the Lands of",3,train,train
xXrBXDDjcweCgbDn,administrators shall well and truly pay or cause to be paid unto,3,train,train
9yvlFSFx7ZHrZfUB,land of Edward Harrison and his parties Together with the particulars here under expressed,0,oof,val
JDOK60RkT379FsR1,on the Land of Richard Bristoe Westwards on a small foote,3,train,train
v13ARsvintlGztXZ,God Everlasting Know ye that I W^m Forster abovesd for divers,0,earlystop,val
1NYoYYtirPO2jsay,the storehouse of the sd Captn: Ham by seaven of ye Clocke,4,train,train
w9A4Qhj5SKNBvbJZ,confirme Unto Griffen Rice aforesd all yt my plantacon wch I Cattlye,1,train,train
msOTKPhl1nkhyQRa,To all people to whome these pr^sents Shall come S:^d Patience Ward Leu:^t Lord,0,oof,val
MBHHxNnqU9iHJnOZ,joyneing to ye high water Marke to have and to hold,2,train,train
h945WWsACupQBhlD,east upon tenne acres w^ch the said Abraham Studd reserve for his brother,1,train,train
sqkfI0jMQKIEsFH6,above written I the said Francis Comtone doth bunde into the said W^m,1,train,train
WBgZGXZznkmNOEXL,London legally sworne and amitted and that unto such acts instruments,4,train,train
yrKBNl9DCfh4OKPw,did then and there did present a Certaine Bill of Exchange charged,0,oof,val
Dxd4MRxqBvRsX0bI,before and as hereafter is excepted) shall be clearly aquited Exonerated,2,train,train
2Z8pnVcCXbyAAR5F,"keept harmeless, of and fro all form^r: and other bargaines,",1,train,train
b7NCryXe9NeUOQDF,Strange all my right title and Interest of the land within mentioned,1,train,train
d9LxBmleE1sPcbTo,sd fifteen acres of land with the demised land & all & singular,4,train,train
hDfca31A6xA1j6zz,of the aforeSaid Messuage or Dwelling house,3,train,train
pw3M1tBJKvmODslv,other whatsoever. In Witness whereof the Parties to -,0,oof,val
LdFIxS8huIBERp9r,of land or thereabouts bounded east on the plantation of ensigne Jon: Jackson,2,train,train
Zwez3VcBbD6e3uKB,shipp that shall happen to arrive att this island after Christmas next that shall bring men,0,oof,val
aP49RqsWkedeFw5U,parrish of St Peters and bounded with assigne John Jackson on the east,0,earlystop,val
RsYyA82b8YB8IUKO,Request me the said Richard Noke to draw and,1,train,train
ib10LmS2x9wUy1Ye,his heires exers admistrs and assgnes that them this prsent deed and,1,train,train
8ZMhpQyD4Qu8M8g6,Westward in length one hundred twenty and one,3,train,train
RNbd8CGjttzBzyMt,or w^th his their or any of their Assent Consent privity or procurement & also y.^t,1,train,train
cSHBo8ZEYXywLZV6,French ship call the St. Robert of Rochill in France (where name the said Appearer,3,train,train
DcNLdUmhCYjgO4eY,tents or Comission relacon being thereto had (more fully may,0,earlystop,val
ne0uZN6X5NHUD8wh,Signed Sealed & delived in the pnce of us,0,oof,val
HthoIQphlDBcFIXp,God that hee did See the within named James: Keith an,3,train,train
4s3offmR26jZyygg,neate and cleered cotton wooll to be paid unto the said Thomas.,1,train,train
XYpz5ZAUieKxmA9I,Price of the same Island gent I the said Wallis doe hereby for me,1,train,train
CT24XlGj00CbNc7I,such other stocke owe and above his equal stocke soe disbursed and layd,3,train,train
bx2sjjhylyRuRZqL,of the debt faile hereof at you pill Given under my hand the 30^th,4,train,train
yeYA9q4TIhTXMPIT,others in whose hands any ye pr'misses shal be and to appeare before all,2,train,inner_ckpt
kNHxbkpQQbwO7Vb1,the Ensealing & delivery of these p^rsents & to the sold PP & onely,1,train,train
luDC7yIL1KOSFTEZ,Containeing by Estimacon one Hundred and Eighty Acres,2,train,train
W8tTDPj2Gg6io6xy,my heirs exers or assignes in case I the said Thomas Madox or anne of them,2,train,train
bRwiy8MOzm07A7tk,from and against any p^son or p^sons whats,4,train,train
bx3M3TnlqSeIoiRV,Twenty Feet in breadth a little more or Less and in Length from I the said Aree,2,train,train
XBolZ9SHDdJp62hD,or cause to be notified by mee or any other person or persons that noe debters pay or cause to be paid,4,train,train
6GHPNDLIHD8Evsrv,John Mosely of ye Island of Barbados Marchant sendeth,0,earlystop,val
tlFcfdoMobHEav6N,Knowe all men by these prts that I W^m Waterfield of the Island of Barbados carpenter,4,train,train
wTJFDFh2U3jhwfn3,stock servantes good chattells wares merchandizes or other effects and things,2,train,train
JovUywgX7DLZ2ZQQ,Malbury doth hereby covenant pmise & grante to & with the sd Thomas,1,train,train
4yZREsb0Y9YSvnyi,his former bargaine and sale & it shall and,4,train,train
Ep7XOjODFkBXrIPI,thereof my full power and lawfull authority for me and in my name,4,train,train
8Vj3aw5va4nWnadb,whereof I have hereunto set my hand & seale this Twentie & eight,2,train,train
PNOo6fDmqS2kdzNB,that the said Nicholas Chandler for and in consideracon of the summe of foure,4,train,train
fiPZA3D5YSM7BNlD,especially for & in consideracon of a valuable Sume of goods ye receipt whereof,2,train,train
gICNJLE4AXopRWci,"to be signed Sealed, & Dilivered in the p^rsence of two or",1,train,train
zIfY4PPeIb510QCR,haveing or claymeinge by from or under mee or them or any of them In witness,3,train,train
LDUIMQ5Q2O1e0itH,the draw of the said bill as alsoe against David Browning on whom,4,train,train
hQteG5BVr6RHUkma,these presents binde my selfe unto ye above said Willm Murffee,0,oof,val
p3B2yAbKFQKFGZu7,"every of them to them the said William Dymock, Joseph Harbin -",0,oof,val
KIgiuvNEEDjBuM1F,with the greate path near the Church & begining at a Slumpe,0,oof,val
pCLLIEaHb3ZS2vpG,of money here before menconed to bee hereby by assign,4,train,train
IHNOeqOr7r3sMGou,Whereas I Peter Hay Esqr have sould aliened enfeoffed & confirmed unto,1,train,train
0mkR6NdY5gXd4l1M,in any wise acquitted released made Voyd or,4,train,train
c9yaXO2Fyo1srnnr,Attorneyes his heires Executo.^rs or administrato.^rs,1,train,train
N26CjmzZhd1IdK4j,granted bargained and sold and doe by theis presents for me my,2,train,train
QYlFnDLwDjoHUOgB,the Said partyes to these presents have hereunto interchang:,0,earlystop,val
MtCWEd4yKS8U1pRL,Set my hand & Seale the fourth day of August in the Second yeare,2,train,train
0qAbkepBWI2IsexF,heyres and all p:sons Claimeing interest to all or to any parte,1,train,train
IFoUOxihLMHby8Hq,by the delivery of one of them named Demoyher,3,train,train
v8KlPPDOrfeAIaB7,and Martin Noell of London Esquire on the other part Whereas in,3,train,train
zaba5estdPQSD7zj,Coming with his said Ketch to this Island to the time of this,3,train,train
Mzk8N5UXVbRfb7CN,To all Xpian People To whome these presents Shall come,3,train,train
gllj5F8yVqpoJDlk,fore that we the said Capt Reynold Allen and Capt David Bix and by,4,train,train
xHo3ICOLBnm5s7zD,By this publique act and Instrument of protest be,4,train,train
7U6gZs4HH3ZhwQW1,His free and Voluntary act and Deed. Sam: ffa,0,oof,val
IgKMWZY92AI3Z87V,"degrees, and Longitude three hundred and forty pound degrees",4,train,train
6XmBlLjsuZMQIKET,that his parcell of Land Lyeing and being in the Sai,0,earlystop,val
uHagaJ5PJ4R0AFMF,Said S:^r Timothy Thornhill Barro:^tt doth acknowledge himselfe,2,train,train
ZQqFCBamJjZR9GdE,Acknowledged the Within written to be her Ac,0,oof,val
XmIJfHjDpa2QBoto,Tobaccoes well & desently made upp in reath & role to be at some,3,train,train
wWv8kWjsUWkScxMY,which s:^d plantation is bounded upon the Lands,0,earlystop,val
FCbXuoztr99Zp0q9,"thereof, Doe clearely Acquitt, Exonerate, & for Ever",0,oof,val
7ZzS1VuuCroe8miX,any other person or persons whatsoever lawfully haveing or claymeing from by or under,1,train,train
S2YPlHHC25tUevTL,"or any of them, or against his, their or any of them",3,train,train
RwbG7xTjBf8dAGNA,is Since Deceased By Meanes whereof the powers,3,train,train
gO6QA6eQGbLZG0Wb,This day Appeared before me George Murray And made,3,train,train
m451q8QlFktCZDgh,of May In the Six and twentyeth yeare of the reigne,2,train,train
2jqpwJ9AfFAIkk8u,land of Nicho: Barefoute Marmaduke Farnall and Tho Martin to the,2,train,train
AtYZFxDSYcvf1W8j,This Indenture made the seaven and twentieth day of January A^o Dom 1640 Betweene,0,oof,val
KJd5sqATAxGLuiV4,To all Christian people to whom these pnts shall come,3,train,train
33o5fNcUPwCDiarW,and north upon the plantacon of M^r Jon Johnson and east upon the,4,train,train
oABRWzWXSItuLbKY,knowe all men by these prsents that I Walter Walke of the Island of Barbados,4,train,train
24pmw30MZOGPqId1,God one thousand Six hundred Seventy foure,3,train,train
E7Pg7oPRsPBV4YpO,called there Catt Street bounded with the Lands of Andre w,3,train,train
bo08s71qyTwe33k9,Lapthorne of the other partie where in amongst other things was mentioned,3,train,train
Xo1u0E3cUeCb9pAm,my name to appeale and prosecute appeales and forme to appeare,1,train,train
y0Koco40Qky2tPvY,thereupon to be voyd to all intents & purposes as if noe,4,train,inner_ckpt
CJPd5wE3TjeRwe9U,or to be extended toward the easte untill the said quantity and pporcon,0,oof,val
Gk6JNu4U4YradfFH,acres of land with the appurtenances as aforesaid unto William Lees,2,train,train
nyXJ7Vqx9CC9zaUc,"to have or clayme any right title or interest unto the said planta""con or any pte",2,train,inner_ckpt
9JvRXcUlofW9i70R,of Febuary 1641 - Sealed and delivered in the presence,1,train,train
hz044m8fJ2FmiHcE,and seize in thereof by the same possession did fully deliver over unto,1,train,train
ECJo1rCf9VaAlQIo,or houses grounds fences Joyning upon Mrs Bramble and,4,train,train
uNFOlWymq2TFwvZC,appertaining or to any part there of or incident there unto or accepted,1,train,train
xZFuryblCoqPew5f,of the other ptie Witnesseth that the said Farford Goldesmythe for valluable,4,train,train
6yURfWu7pp8cajFa,me^e hereunto moveing but more Especially for,0,earlystop,val
7K7gvzkqfRR6ulIW,ten acres or thereabouts lying in thomas pish at the spring betweene,3,train,train
RGhk1U3NC8ThYLiQ,Hartley did then and there make answere that hee the,4,train,train
ztxc2RjJlYUpgpqi,booke or other wayes and all and singuler w^tsoever my said,4,train,train
yKywAOe71naJEZBg,of the same Island aforesd Mchant the moyetie or halfe part of Sixth,2,train,train
cdnL2nqtNcDBME5k,neare the seaside windward and for the true pformance,3,train,train
i6NZonvNHVrCZtkk,the same to be recovered against him them or any of them,2,train,train
1VhSU5dvy8Tov9PH,then and in such case and upon the said William Barrons dying and,0,oof,val
lz0SbzJ0IYZHFeH1,psents for him the said Thomas Hothersall his heires executors & administrs,2,train,train
fufQMJPxSqvGjWK9,have & to hould the sd pte or pcell of ye sd plantacon & pmisses,4,train,train
yYRvosFyWsfqsYjU,"good Right, full power and Lawfull and absolut Authority",2,train,train
LnTGAfzOVfS7HQEZ,And It is soe by and between them ffully and absolute,0,oof,val
NSLqdxoMTea76nPF,Intitled to bee the peticon of tenne thousand of His Mat^s subriccts. Inhabitants,4,train,train
T9JS47NYwoQL0lyt,admistrs or assignes for the securitie of and payment of Eight thousand fower hundred,2,train,train
iGkrEhHmbfIhCSLX,By this public act and Instrumt of protest Be it known unto,3,train,train
GjteTqbIfCciHqBe,Sealed signed & delived in the prsence of us,0,oof,val
3aNjJcp5oCZfqjRh,To all Xpain People to whome this p^rsent writeing,4,train,train
XV6n8iWFQH9zzH2B,being had more at Large it doth & may appeare),2,train,inner_ckpt
oWOcKIebP06E7KPy,pounds weight more of like good cotton att or upon the last day of Maye,2,train,train
KO2k1gCDKdxujJ3B,do publicly and solemnly protest against the said Capt John Berry,0,earlystop,val
WbD9vSK9HINEPIAw,at the request of the said Apperer did then and there protest even,2,train,train
m6lTRzmvwYrANRcn,writeing shall come Know yee that I John,2,train,train
tY96oPJrWQu6cR9S,Plott of land is now in possession of the,0,oof,val
vRMEm8wGy9E31061,street path aforesaid standeth ye one halfe of ye,4,train,train
Jrm3V9E0DcaSAlZF,To all Christian people to whom this present writing,1,train,train
g9NIE4MigAvag2H9,the tenure or occupacon of the Said John Wells,3,train,train
K3LdBxXEseSALJqP,paid the receipt whereof they the said Bird & Margarett,2,train,train
p1NwjXgh6fR9QFNa,date hereof and the said Robert Lees covenanteth and granteth and bindeth himselfe,1,train,train
vQKErCCBwyXuL5cE,his hand the Eleaventh day of October in the yeare of our,4,train,train
n7rsVUNPzQyH9BBC,the sd Robert Kinge or my assignes or by my meanes consent,1,train,train
WYYOoWYNXmpGmUmH,Said Henry Mosely doe hereby Confesse & Acknow,3,train,train
8A56WcB2SnYqMslN,y^m ye dd Geo Watson Jo Compton & Daniell Leech of & from ye sd,2,train,train
baTY3OlGskirWgFc,Barbados June 21.^st 1693 Exchange for 100 sterl,3,train,train
QzaZgLhcMatJHBzU,intents and purposes therein expressed To M^r Tho :,3,train,train
VruDceE3Z999Cpo1,hands Receaved of and from Nicholas Rice,1,train,train
WoNq6jFJK4f3TOeN,"whatsoever of us the said Edward Littleton, and Willia",1,train,train
A7McwOcQLyvzWJIW,claymeinge any right title or interest thereunto or any,1,train,train
dPesfr1riqzaPEo1,"& now of the said Richard Morrice, and alsoe the remainder and remainders &",4,train,train
HYRx8bCjXaTZH8ef,Received by me Capt James Browne receiver mennated and appointed by the right,2,train,train
WtbRElZ6GfYN1wNG,name in the behalfe of my Said Children aboue name,4,train,train
JUEBOXkOya4l4nvB,Sales Guifte Grant Mortages Leases annuities,4,train,train
UBCsB4Nv6GYG3hLO,those prsents shall come I Daniell Handlen and Eliz: his wife,3,train,train
wof8rRYnr5llcF0c,Almighty God that he did See Frans Stonehall above,1,train,train
XxPL1BKkQWc5zzQ9,of Barbados gent for my selfe my heires Executors,0,earlystop,val
OqihiGiBwGw9MEXd,"and Sixteene thousand pounds of Sugar, Shall & Will allso",2,train,train
kG2FiZcneMx1thM5,Febuary 1639 and five thousand is to be paid the 15^th day of May 1642,0,oof,val
vxbSQYcrm0FvP3mV,"Judgements, and executions, and all other incumbran",0,oof,val
98elRyfqNSOYMnQz,"x procured, or by any wayes or meanes assented or agreed to the",1,train,train
mX81tbPnKN0EJnID,wise all his lands Houses goods Chattells Two Negro boyes by Name Tom,3,train,train
JNBBFAduYBqka0Y7,"M^r"" Richard Glascocke made oath before me the 4^th day of February",3,train,train
aQHPYQFW9ktqEGp1,Land be it more or be it lesse being Butting and,3,train,train
zecb2UkogQgF7REu,"John Mercer , came and appeared before me this eighteenth day of May 1659",1,train,train
xMdyFadbMPPKtZit,Watson and Humphrey Symons are bound to pay unto me the said Thomas,2,train,train
A5DaidVD9OeXwmDJ,Wittness John Ackland: John Stone John:Frere,2,train,train
CjV4y2NWybIWrn4R,northeast and the lands of Christopher Parkens on the west the south,3,train,train
D7jUel63z88qRu8s,Barbardos Containing In Breadth Frosting to,2,train,train
3flKM48wC7Y5a7Zr,such sume or sumes of goods they are or shall be indebted any waies,4,train,train
fZyQb4BQmKk9oeH7,"Executors, and Administrators doe Covenant, grant",1,train,train
oEgEpa34BSmKc19H,"tofore disposed of as aforesaid, And allso all the right title",4,train,train
xyssAJSwpQa7qxxu,the paymt of Eighteene hundred pounds of good sound ~,0,oof,val
tnojrMXUYhPmwFDK,any of them fifteen acres of land (vizt) that plantacon where upon I now,4,train,train
3COir8VRRrXF7TM0,"act, to a sent, privity or procurement, In witness where of",3,train,train
tpY19KLKjwD4a4LL,yearly in the Councell Roome in the said Island one Eare,4,train,train
peaK10AjWlEViVHS,onclaymeing from by or under mee or them or any of them In witness whereof,4,train,train
Nh7qyZapCIkJ84bo,Said Richard Bate as aforesaid his heires and Assignes,4,train,train
RNBSl5DBIAflFps0,the Land of Major John Hawkeridge deceased south and,3,train,train
nRvxGECsX83w3iAn,Signed Sealed and delivered in the prsence of us,0,oof,val
RrjCwlnTc5RInCSd,Plantacon with the appurtenances to them the xl Capn Robt Page & Capn Willm,4,train,train
MO5lseB8OgfMw3rc,"of Octobe 1675 Johns in the Island of Barbados Gent, Sendeth",4,train,train
5HguAFu2sh0nYvrO,"accons, Suite, or Suites, Debts, Judgets , Quare",3,train,train
cJTod8TqqbR222wI,planters all\ that the plantacon where the said Comme Nelane and Patricke,3,train,train
IUM1u6t3dwIsQEqp,the Enrollment of this p^rsent Indenture with,2,train,inner_ckpt
tXRZz0pfWEXEeHzl,"the Severall uses, intents, & purposes, aforesaid, and",2,train,train
OhXmAkpnVVPY9OtC,wee the aforesaid Nicholas John and Damaris doe for us ou,4,train,inner_ckpt
TM0lt6kgSM4xKDV1,By this second Pt of the aforesaid ~Island and~ of protest,1,train,train
4Y3H0NPUKWow83tR,Knowe all men by theis pnts That I Arthure d,2,train,train
Ze7TDLIMTNrHH66w,Dolphin since his arrival with the said Ship here to the tunn,2,train,train
3LT3xp7el36dcHXv,of Land or Ground and all houses Ediffices and,4,train,train
neyVriWyz17oohyg,"Privity on procurem:^t And that ffree, and Cleare, and freely",0,oof,val
slw5ce48zxCxxuEt,to these Presents have: Interchangeably Sett their hand,4,train,train
rNbtGWDVowUMFxro,in y^e yeare of our Lord 1674: the within men,1,train,train
fn5XUXecqvcjwXJQ,yee that wee James Hooper and Thomas Hooper of Island aforesaid for,1,train,train
2V8r8Lwwk2GXUNpG,"trouble hinderance molesta""con vexa""con trouble or deniall of me the said Capt",1,train,train
dG5rP4H7lSaCkEej,"aforesaid I or either of us or any other pson or person, by or",0,oof,val
Do9613kZhc4ERTHH,the other Moyetie or halfe pte of the sd sume of money,2,train,train
2mWELvGkL6gvI98O,hereof I have hereunto sell my hand and seale dated this,3,train,inner_ckpt
JNTDkDq4aSufqPSp,and seales the tenth day of January Ann:^o D,1,train,train
ZnAFa9tOkvOtRNBN,pay ment of elevn thousand pounds of good neat and well cleered cotton,4,train,train
tbykGkGuYaCkwuol,"assignes , and all and every persone and persones Lawfully",4,train,train
8r58IpmqA5YuIy6S,Executo^rs adm^rs or assignes shall and will well & truely,4,train,train
AG4l1kGDKuTzetXf,heyrs according to the forme and Effectt of,0,oof,val
JJH5OKhEHRQPFYNe,sett ov^r unto the s^d Rice Evans and Andrew Williams theire heires,3,train,train
k0DWB7p2ol2J4n43,belonging unto any pson or psons within this Island that have not,2,train,train
muQbPOaFGInyLkjm,Witnesse hereunto - Henry Chelcott Sign x Thom. Pearce,1,train,train
5JaYHCXmvtpE3Q6J,And whereas the sd parties to theis prsents are twoe negroes by name,4,train,train
FaZXVwKpNADcg50S,and every part thereof to him the said,3,train,train
dftQVyYbufLbJXvr,place it to the accompt as pr advice from your loving friend,2,train,train
EmuCWqijn9nSjj8k,as by the bill of Seale whereunto this is annexed may more largely,0,oof,val
AnBi72G3gqOqRrDh,"Pinfold west on the Land of John Jopson, together with all houses",3,train,train
BnzAM1HpE1wxOPxP,one hundred acres of Land or there about bee y^e Same more,0,oof,val
v5Blm9Pi2Z21CFPT,Sealed and delivered in the psence of Daniell Compe,4,train,train
IRZ1PJjrfMTLz8iB,Dalby his execrs & administrs shall peaceably and quietly have hold,4,train,train
TBQu96WK3Sla3Yk9,of St Peters in the aforesd Island & buting and bounding upon Anthony,4,train,train
MUeLmHEmnDcmtUlZ,in the Year One thousand six hundred Sixty and five (where onto,3,train,train
3vO4uEV8rlfzUrpu,yt ye sd Robt Harrison is for to have his diett wth ye sd Jo. :,4,train,train
UYExopv1vlBSkdiM,Island his heires executors administrators and,3,train,train
Mvlhl0gRwyc0pGCe,Have given granted bargained Sold aliened conveyed,4,train,inner_ckpt
Uy3WIdDJw0Okxq8G,Claimes demands and incomberances whatsoever herefore comitted made,4,train,train
3vaz098miVDY18d7,Seale the tenth day of December; 1674: :,2,train,train
COiiH1kbcQw36u3E,more or lesse with th'appurtenances as aforesaid Together with all such goods and,0,oof,val
bE4V6crlP4ow56DX,and deed given under my hand ye day and yeare,1,train,train
MPLhZwrZY1dZlRDn,God of England Scotland France and Ireland Kinge,3,train,train
YCLZJobTtWvDAjC3,Clarke Frances Boyce William Barnes and Left: Humphery,2,train,train
HP2oj8KXGCyZSJfP,"his heyres & Assignes, shall & Will Warrant, & for Ever",1,train,train
SPJhiXny2jrTlsNP,& diliver to the said James Carter & Demaris his wife,2,train,train
TimFlG8hCK0nlmdV,the tenor and occupacion of Thomas Ball withall houses edifices buildings ~,1,train,train
NqRJ4Da8BPR8Pd28,To all Xpian people to whome theise prsents shall come John Shakerley of the,2,train,train
xQ8VS8IALVUj4APg,that the sd Thomas Barnes his heires execrs admistrs and assignes shall or may lawfully from,4,train,inner_ckpt
YtiOsfU0cOEYTtUd,be it more or less wthin the ould Bands Scituate lying & being,0,oof,val
LwYAWfEBQ6xvJMkj,Then this Bill of Sale to bee holde and of none Effectt; or elf,4,train,train
O6zqyg55jSb4NBhC,the same accounts to examine & use approve & allow or disprove &,2,train,train
I3fk5Kh0yowPdtXK,Grant bargain and absolutley sell to the above said Hugh Bayliff,4,train,train
OHnq7mr0KnApuBHd,"the S:^d Martha Westwood, doth hereby respectively, -",4,train,train
0VMuvk9KBpJzmNPz,executors administrator^s and assignes and to his and theire owne pper use,1,train,train
v8eBVF8dtvcTvUN0,warrantlye that hee and his assignes shall and will peaceab,2,train,train
sxdZHLh4CWFBWGcQ,& confirmed by ye Govr: Councell & Assembly of this Island Ratified &,1,train,train
pcDd6xTmrx0DGzO7,me my heires exers and adminstrs doe give grant bargained and sell unto Edw^d Downes,0,oof,val
9nt1exN6uL51CEvT,thereby or any other comodities or advantages yt upon the sd plantacon,1,train,train
9AiXepI7aZu6LweN,"his wifes or brother de""ptur from this Island",4,train,train
bOI6uZuHCjnvFGsW,"Ann Johnston by the grace of God of England, Scotland, ffrance",3,train,train
ZVpObjxibMqvkSmX,Dancaster in Barbados and neare to William Mt Reran one the one,1,train,train
zGccciTvZEHDjM5G,recorded nlt: have taken and freighted the shipp called the Metior of Wover of Nathaniell,0,oof,val
aeekTnoSbhADL0yv,"Land, being p:^t of the plantacon Whereon the said",0,earlystop,val
JWIyD7u3mSpKyo2X,him hereunto moveing & more especially for ye sum of One thousand pounds of cotton wool & One,2,train,train
Um15UG3VeAFtTUiS,"appartenances, whatsoever to the said plantacon",1,train,train
ycsirrualw12yFOd,us the said Mary Estwick shall by any writing under her,2,train,train
u5IfijoySjTneAAv,-and pounds of good and merchantable cotton dated the last day of July 1640 with condicon to perform,1,train,train
JSksWWLlka0YlG9Q,interest therein from by or under him whatsoever In witness whereof,2,train,train
kN4Ixhsr1JzKJocx,took their owne goods and parte of what other goods they were to,0,oof,val
0Bdi1BTACzPv0kD3,of one hundred and thirty thousand pounds of good dry well cured,3,train,train
39dak3AWZS6dfuhv,vessell to admitt of the said Hay Johnson as my attorney depute and,3,train,train
Z4R7IsiBH3x1hF9L,signed and delivered in the prsence of,0,earlystop,val
9d3AQIGYHQyCQTYs,Upon the ninth day of August One thousand,4,train,train
MzHQVvX9NcPLBSQt,in comodities at ye piece curant to windward of the bridge,0,oof,val
XGeUUg5qPoDsqDdg,seaside in the parish of St Luceyes To have and to hould the said fifteene acres of,4,train,train
jXENNwW0up5VdlrP,or some other shipe or shipes w^th shall come from the Barbados to,0,oof,val
o7KX7MePvy6TVVUy,fullfill and accomplish all and every lawfull act and acts thing and things,4,train,train
KztthBapmWlIJGaE,same know all men by these presents that I John Doughtie,3,train,train
2Pxh4b0BrcFc9DHn,"Edward Walrond, Constant Silvester, Gowin Cavowe",3,train,train
6EtdIS453FF3iecC,unto belonging and adjoyneing and is scytuate,1,train,train
br16vIpIFxca3VFV,"ffeaste day of S:^t Michaell, one eare of Indyan corne at the",4,train,train
fH6m4Bk1BqStG9IQ,summe of foure thousand five hundred pounds of good merchantable cotton woo,1,train,inner_ckpt
XUA0j3jLtKmJfCpu,myne heires Exec^rs & ad^rs doe by theis prsents coveniet: pmise & grt.,0,earlystop,val
x9BUUW3VkWBq4glW,the receipt Have Given bargained Sold & delivered and do by,4,train,train
cNTmRRUpTn8KBpFL,"Teste - John Hopcott, Tho: Griffine, John Walden",1,train,train
jyTYOjVyuxgfa8tC,his heires exers or assignes To have and to hould forever without lett or hinderance or,3,train,inner_ckpt
IMu6t28EGFyW31SL,wth out the lett trouble molestacon denyall or disturbance of the said,0,earlystop,val
4KErc7eR7r5IKQcl,Barbados Knowe all men by theise pnts that I William Suires of the aforesaid Island doe,0,earlystop,val
j2LurOY7wQORapJ7,wise appteyninge To have & to hould the sd Moyetie or halfe,0,oof,val
jYXRd00TByCBzusP,"farmer and other gifftts, grants, bargaines, Sales, Annuityes, Re",4,train,train
JRHlvie8k6QHTIyB,and from all and all manner of former bargaines sales,4,train,train
9WYpEyDAJEsbq3jb,Christchurch adjoyneing and abutting n the lands of Robert,3,train,train
vevgJRysqU2Q96M3,after his arrivall in London or his assignes the the prsent obligacon to be void & of none,1,train,train
ngbzEjrvmbFzkt19,sales guiftes grantes mortages or incumbrances had made donne comitted,2,train,train
QYGDQDZeRUB87KLg,I the said Henry Cleaver have hereunto Sett my hand and Affixed my,3,train,train
ctrKB2ty7ejUNoKd,hereunto moving but principally and more especially for and in Con,1,train,train
0lz6epqbSN3Eof3i,"the lands of Jeremiah: Egginton, M^r William: Dyer, Jn:^o Knig",0,oof,val
yEvswCA0LOdLsfqi,red by them or either of them . Provided alwayes,1,train,train
keqOQku3kZyf7gLF,was taken with a violent Storme and tempestuous seas that,1,train,train
5nSR44wop9nxbh9z,Scituate Lying and being in the Parish of S^t Georges in,1,train,train
BH8T470otO2f8tAX,p'forme the above menconed cotton or servants then it shall be lawfull upon,3,train,train
EBz2UXZYeIoay9S0,(Good and marchantable) was interlyned & ye word day before the sealinge hereof,2,train,train
TgNODagxcUgKBFM2,thereunto belonging To have and to hold the prebargained,3,train,train
jtylWIEp2ot2TjZD,and advtages thereunto belonging or any waise appetying together to have and to hold ye,4,train,train
YT9l79SoiGWSa38W,To have and to hold the said plantacon or Parcell of Land with all a,3,train,inner_ckpt
F6JPT9bRoDJLXhQj,failing to draw the said bills of Exchange that them the said,1,train,train
mNop846dXWAvpmx4,them with all and every of theire rights members & appurtances,4,train,train
f8QIolG5Xe3f2ZYp,and one rood and all and Singuler other the premises hereby,1,train,train
Gfj5aLLxRPDyuClG,occupye possesse and enjoye the said plantacon and all singuler other the,3,train,train
W0fOJITtl2OXtypG,Peter Harris his heires Ex^rs and Adm^rs by these presents Have given granted,1,train,train
JscFzFGLUN7R503F,"this obliga""con is such that if the above bargained Robert Yeamans his heires",2,train,train
GFJbP9EWpEzQORZE,Eviction or Ejection of the said Abraham Chapman his heires,1,train,train
0U9WVefldiEnb11P,& deliver this as his voluntary act & deede,0,oof,val
Lvc0CU5A6R7xXXuD,of him the said Edw^d Laming his heires or Assignes and without any manner,2,train,train
jXIRLu3aNdTWwLhX,pcell thereof I the abovenamed Thomas Whitehead of the aforesaid Island,1,train,train
sQjpjiUTThaMf4j6,By this public act and Instrument of protest be it,2,train,train
9EM1zZgBwoEF3XDR,Acknowledgment heareafter in and by these p:rsents menconed,0,oof,val
ceeKUqXCb5FjPOa7,Wesson with all pviledges pfitts & comodityes whatsoever thereupon or thereunto,2,train,train
RlSZEwc1lFOeMjyt,and Seales the day and year above written,3,train,train
6DHI4NkeqhIhcdDk,against him them or any of them or against any of them,0,earlystop,val
T8SgyApXyBlWjHrx,"ably Sett theire hands and Seales, the day and yeare first above -",4,train,train
TjTVl32ifA12hdCO,hold occupie possesse and enjoye the before bargained prmisses and every,3,train,train
9CAkl2biUpQq8VSV,Edward Browne of the Island aforesaid planter by me the said Thomas Morgan before,2,train,train
XYfcXwlDyNH8hSLH,calls for a pistoll and the said Yarslow and both fired at the small,3,train,train
or6st8qiMM8czErQ,madeor or committed by us the above named Henry Weston and Edward,3,train,train
bDk3xqZwUmMBcfWB,good causes and consederacons mee hereunto,1,train,train
0AVFWH3x0dGYketT,me the s^d Robert my executo^rs & ass^s.. And that he the s^d Robert ass^s shall not,0,earlystop,val
Ua8V8v0Du2jPKzzV,Exonorate & Discharge the S^d John Batt & Charles,3,train,train
uqRuAzZCBzq6drFU,Inter 13^0 die To all Xpian people to whome theis prsents shall come wee,0,earlystop,val
fbWcVnYOtostMMFx,onely ye Invasion of the forraigne Enimy Excepted,4,train,train
84S5jIc1xLJjBict,sons & also all such personal Estate which the said,0,oof,val
UQdAdYYp7KH2edCK,administrs and assignes and for every of them,4,train,train
2a3w6Toe13fcwRJ8,Land belowe the Rocke to the seaside path in breadth but two,3,train,train
36AzkhiIAEVey953,cotton for the w^ch somme I the aforesaid Capt Alleyn doth confesse my selfe,3,train,train
qabXtpX1I6B7yBGt,and Sealed have sett the day and yeare first above written,4,train,train
skjRDf4Of8To4nZR,of person to deliver and to recover receive compound agree release acquitt,2,train,train
G8Lbj4koER0KdcT0,the said bill of exchange to which the said Barton made answer,4,train,train
MmZJZmCpMz7uVkt5,and payeing to the Governor or Comander in cheife for the time,3,train,train
78ZIDnWZB1mfqKmS,which Shalbee in the yeare of our Lord one thousand Six,0,earlystop,val
AoupA6Uur0eKxhGR,pounds of good mchantbale Tobaccoe well made up in reate & role to pay or to cause to,2,train,train
jqDuvvjAD8i5dRpz,Assignes shall well and truly pay and discharge,0,oof,val
M1wF2LuWweK9P0jq,of them shal be behind & unpaid in pte or in all after,3,train,train
1DpgDn9K3tWBS6jr,heires executors administrators or assignes Hee ye said,2,train,train
2qdcNpQUUHa33I7U,"the yeares rent which hee the said Lewis is then to pay, and the said John Lewis",3,train,train
snMtxO2mPr5MFnid,Lord God everlasting Know yee that I the said Lucie,1,train,train
PGrsVzaCJNX1b1E1,February the Second 1662 appeared before mee L^t John Ham,3,train,train
gzUVxuOtiDLpmQLK,of warre bound from London to Jamaica that that he,1,train,train
yuGDloAptWehcqI2,before the expiration of the demise that then the said John Leslye,2,train,train
7KvTQKv4ThtZlM9w,And whereas the said Capt William Fortescue and Capt,0,earlystop,val
e6T87shXCg58XyvE,title & interest of & in one plantacon lying & being in the,0,earlystop,val
j1RoXbmUVwHMXjK3,aforesaid bounding upon the lands of M^r John Wossam M^r William Sharpe,3,train,train
uW1HmbRaOUpoS4wt,bound Tho Richold & Tho Doughtie their sevall heires exrs and assignes or either of,2,train,train
m2hBfXjaPMNj7JAQ,omitt Suffered or Done ^by the Said John Bawdon,1,train,train
sqn0kVXKZYALfqjk,~quantity~ may appeare ^now if the said Thomas Duncombe his heires Executors Adm:^rs or,1,train,train
ChtGx4491s5eJoNw,To all Christian people to whome this prsent writing,4,train,train
p6dG2MI4epIJfvHI,consideracons me hereunto moveinge doe for myselfe my excers admistrs,4,train,train
hu97IL71fkZBI4zW,said Arthur Yeomans now liveth one Knowe all men by these prsents,4,train,inner_ckpt
KEysBfo9AJrEs6SI,To have & to hould the sd full & whole Estate to her the sd Rebecca John,3,train,train
QjQCogGz9JXVnTci,consideracon of the sume of two thousand one hundred pounds of,1,train,train
bcqSpAqCxHtAA5Zr,longing to the three houses with and singular all ye,3,train,inner_ckpt
Lu1RYgcamUXbD1Wz,more especially for and in Consideration of the Sume of one hundred,4,train,train
yHtAd32jimvAK56D,A true schedule of what is sold with the plantacon unto Richard Lewis Jon Morris and,2,train,train
Tgfx62G09qIZHOyd,and testament of John Ellison late of London merchant deceased have,0,oof,val
d4qfiedDcQ2rR9ne,"Doe fully cleerely & absolutely give, grant bargaine",3,train,train
FeLiTY30QJJMiWc3,of or by any other pson or psons whatsoev: y^t shall Clayme any Right,1,train,train
TPYcy4OqXINdMdQg,Wool well cleered from the stones and filth with my Plantacon wch I the said Robert,1,train,train
KPUBE47zl7VeGilt,of tenn yeares next Comeing after the date of these,1,train,train
J1bJkWkzEKLdNAQz,sett our hands and seales the 16th day of June 1640,4,train,train
xdQAW32IaMImGVne,Ent^r:d y^e 21^th of To all Christian People to whome these p^r:sent,1,train,inner_ckpt
QOpmX7bZjB92Ow7V,five pounds att ye house of Edmunds Keysar the 1^st Nov^r 1640,1,train,train
ZlaiXPyVZHpJFJNc,lately purchased of Mr. Thomas Thomson together with twenty,3,train,train
KSSmCPzf8z0uklJ6,assignes all my right title & interest of this apraismt ~ &,3,train,train
imjJw6qgqi7kA0oO,Secretary of the said Island and sole notary,1,train,train
gfJDEHzpqOersJ5E,sales or other incumbrances whatsoever and,1,train,train
xFHDluTxHSET9FEr,of rents dues duties taxes levies inposicions whatsoever hereto had suffered,1,train,inner_ckpt
tCBJ8f93Glz084Gm,writeing under their hands and seales had and made between them haveing,2,train,train
msWeoXCpqvrisE13,all Rents and Seruices reserued due or payable upon,4,train,train
wUNf4UaoHvltj2Ey,plantation of Bassenborne wholoe westward two third,0,earlystop,val
9RY5eiLjfpuggQ4O,death shall have noe other Child or Chilldren then daughters,2,train,train
IriYg7VRBnc5QKda,and th'other threescore and tene pounds residue of ye said some of one,2,train,train
IgAEcrBJSBeefq48,the said William and Mathew theire heires executors administrators and,2,train,train
3HD1dfdr1PgvMg0s,Exers admistrs and assignes in the penall summe of thirty thousand pounds,2,train,train
2z9CHRX74Mqxgg29,in Law shall bee reasoneably devised or advised,1,train,train
NhigzxYvJ8xWjmMG,heires exers or assignes forever To have and to hould possesse and enjoy all and singular,2,train,train
9GpGG5k6a6TeuhrL,"March; 1674 Lord Charles the second by the Grace of God of England,",1,train,train
9E7C4vszxJAhEkJQ,"Morris, shall and will for see long time as the same shall bee for borne as aforesaid",3,train,train
BDbcMdaQq4pywOvf,is now in the tenure of me the said Robert and abutteth upon the land,3,train,train
QMg4og8fgDXG8ygM,Without yee lett trouble hinderance molestacon or incumbrance of me,1,train,train
XRiZ1QYwCM4upYwB,wharfes by the Seaside in the Towne or parish afo,1,train,train
fegDvq4KqsKvEPsk,of these presents Inwitness whereof wee have thereunto set our hands & sea,3,train,train
wWcnh1oLkGctIX80,upon it the said servantes shall to be imployed upon the said,3,train,train
z9B6NB4pQnZ1ITZK,Charles Wilson. ye mk of W^m Russell -,2,train,train
9nTzbpXAGbGPvJQG,"of our Lord God one thousand six hundred seventy & five,",0,oof,val
h89NNviMIb8UbZyf,ye sd Jo Barker & Hugh Addison have sett to or: hands & seals ye 20^th -,1,train,train
VukuiT4GWGIQZzty,all and singular the say^d bargained granted and,2,train,train
Rz2FDwjEXaChj4CK,"other the ~Barbados~ Lands of the Thomas Grigson, with one Cra",0,oof,val
MPzcsDZRRkjbuoM5,to him the said John Bonnor his heires executors administrators,3,train,train
MazVb1Mh2FXwcDvh,"P the Grace of God of England , Scotland , Ffrance , and",2,train,train
pcV8GSjK9kOqOJiG,lawfully claymeing or prtending any right title to any,4,train,train
s28IDBKUKXHqk9yD,ever without the lett molestacon trouble or deniall of me the said Thomas,2,train,train
4BOXvhynMhDkEgXv,written deed as his voluntary act and deeds ~~,4,train,train
CEbvnVInnIHWqJEN,hinderance me the said W^m Parkes and Thomas Kinge or either of them or either of,2,train,train
yOFIIsuE37o20j6e,"Every parte and pcell thereof, imediately from and after y^.e death",2,train,train
M9wBW3SDiQfFyYXe,ye said Stephen Thody for ye consideration ~,3,train,train
7RlGPPe4BI8Kyaay,Baird there shall be due acceptance And due paym^t made of,1,train,train
7NDlyxiDUmOwrmvi,Barbados - I Thomas Addis of the Barbados planter for mee my heires exers admrs,4,train,train
4iYTgLRt720bit5D,and Edward Chamberline or any two of them until further order,2,train,train
6maa3GUUxFz7A8zV,that when the aforesaid fower bills shall be fully satisfied that then this,2,train,train
6l9h1ovTqYyNTSkj,"Sealed and dd in the prsence of, John Wilkes -",2,train,train
Qi23YZHBmahei4Y0,any other pson or psons clayming any Right title or interest,2,train,train
Fu5kdPpStqCBvcrV,& sell unto Willm Martine of the same Island planter the half of three,0,oof,val
GDeNTNsjvd3QvKiQ,Executo^rs Administrato^rs and Assignes by these psents that,4,train,train
4sk17nCkqBBC3yV2,Directed in by the aforementioned Act of this -,0,oof,val
pU1TO7gDyVvpMEcu,together with all penaltyes forfitures Cost charges damages sum & sume,4,train,train
DNm9Sli1fLeWqpNT,To all xpian people to whome this present writing or deed of,2,train,train
fh6vXk0uuGRB1lDC,George Standfast Edward Pye and Edward Chamberline doe,1,train,train
iDXxVd22E1AZ3NEW,Modyford or one of them Scituate and being in,4,train,train
xYEOjcHbjs8hbYsf,p:sone or p:sones whatsoever Claimeing or pretending to Claime,1,train,train
tcWjg7hB7HjofnFN,This done and protested the day and year aforesaid,4,train,train
faKkl4iufUqvwE6L,"read ^heard understood, Know yee that I Robert Stroude Serv^.t and my wife Doroth",4,train,train
tn2bZWzv4IXFss4S,ye houses edifices and buildings workes mills stills,0,earlystop,val
ItrTMIJYXZpIamCO,To all Christian people to whome these p^rSent shall come to,1,train,train
GWHz0OHVXA1ZvySQ,years from thence ensueinge and fully to be compleate & _,2,train,train
Xeym5MC4Oxbx4C0V,have and to hold all and singuler y^e premisses,2,train,train
UOgcxLnMrURIguaX,"and assignes forever more, and free and Cleer and freely & Cleerly aquitted",4,train,train
oQjNYvRMswl7o2fu,from all former and other bargaines sailes guifts mortages or,1,train,train
nxyNrHatu6cDnwWX,bargained sold aliened enfeoffed remised released quit claimed,2,train,train
SbthGBN0yaNxyz31,"yeare of our Lord God, one thousand Six",0,earlystop,val
eKfJXhIkZG22fK7D,1647 Or Lord God Evlasting know ye yt I Hugh Burrows of the Island of ~,2,train,train
LeHp1iS2EbcdrzAB,"or any pte or pcell thereof except before excepted, onely or any",3,train,train
A9iQeJvm6P9Q3eTg,"the said Joseph Jay , for himselfe his heires Executors and Adm^rs doth",4,train,inner_ckpt
9mx4CCCsfQtLcxEf,adm^rs of the pty deced and not to be hidged without his owne,2,train,train
8AEEISYk9SBw6SKy,whereof I the s^d John Tobin have hereunto set my hand and seale the 30^th,3,train,train
tFx6nWCB2mWCWJ6T,Whatsoever had made done or suffered to bee done,0,earlystop,val
UQtvTDQLHHK4rW5i,engaged and mortgage the above menc^oed xx^ty acres of Land withall and,3,train,train
od6jHCuZCrcwGNW6,merchant on the other part Witnesseth whereas the said William Barron,0,oof,val
HqirFgAsKeLhym8R,"Assignes for Ever. All the right, Title, Interest, Claime ,",1,train,train
Zqqe0TRAec5gNSD9,"or Incumbrance whatsoever, had, made, committed Lmitted, Suffered",0,oof,val
FpfJWaSUA8niwspP,Seaventy acres of land wth all tymber trees privledges comodities & advantages,1,train,train
Upl3lRzFMeWhe0FG,to the therein named Richard Fforstall and that he,0,oof,val
PgDdVwXzrDO3RBVv,and in the ... and twentieth years of his Ma.^ties,4,train,train
h3qSpQ0BmETYZgSU,Benjamin Grace carpinter hath sold unto Alexander Nicholl and Richard Smith,3,train,train
ZUQxCgjLb3UgvTdD,said Jon: Smith doth hereby covenant and prmsse to and with the said,1,train,train
4VGt1SJ3uTV7JOnm,furthermore it is agreed that Matthews may not or his assynes at anie tyme or tymes,3,train,train
8fnCME3Eko1AMjYL,1659 Island to be my lawfull attorney for mee and in my name to aske leavy recover,2,train,train
MrDIddE0O11KlVrW,"Giue , grant , Release , and Confirme, unto y^e Saide Richard",3,train,train
nEUA5avlpc6quJGg,I have hereunto sett my hand and seale this 28^th day of Febry 1641,2,train,train
km5oTMjgRI2GUow5,Lawrence Sonne & daughter unto ye above sd Alex^r Lawrence Thirty,1,train,train
xgILw0jaiHsxXFAv,the said fower acres & halfe of land & every pt & pcell thereof w^th all the ~,3,train,train
WRoSDSc7WAiElI2g,ye we ye sd John & Thomas for divs good causes & a valuable,1,train,train
1eV8c36Mus9MyJAg,singular other titles troubles charges and,3,train,train
nkJAR26WhraTXiOs,and Discharged of & fro : all & all manner of former,2,train,inner_ckpt
5hLE76qPbcvAqmv4,Crocker the said ship according to order and agreement but hath neglected,0,oof,val
D7zlLklBBBCG1SGa,Herinson all my right title & interest of this Bill of Sale,3,train,train
vXrj3Zoragyoy8gY,shall be in the year of our Lord one thousand sixteen hundred forty and six,4,train,train
KDplmTJgwsvviD98,a said Michaell Hall for my himself his heir,0,earlystop,val
qAgNY1M73l7qdyxO,in our Lord God Everlasting knowe ye that I John Dyer of the now -,4,train,inner_ckpt
8zPd20EvRCHNUY1U,Just sum of two thousand two hundred pounds of merchantable,2,train,train
xpMQh6zdPF0Eadsa,it shall remaine as absolute and effectuall to all purposes and,1,train,train
iapgXHACB1UY0Drt,yeare of the reigne of our Sovereigne Lord Char,0,earlystop,val
WLhHuqJIdyttWi11,In witness whereof wee have hereunto sett our hand and seales this,3,train,train
qLwEhZWcZsjQ3vNL,"Doe you not know, or have you not be in informed",1,train,train
ngetet4E8dP6SgWj,one pepper corne (if upon the land lawfully demanded As in and,2,train,train
XBosP1YYbKqflZTf,seale this two & twentith day of 7 ber: Ano Dom 1643,4,train,train
INWVUFR8NU0fCC5X,"meanes, assent, consent acte or procurement and I the sayde Anthony",4,train,train
wttU1SjgxFQSIYoD,articles of agreemant made betweene ye said Samuell,0,earlystop,val
2S5gUysMmTj3H4KY,inlaw and to produce witnesses and proofes to ptest oppose desyre and heave,2,train,inner_ckpt
VnKwZVEYK4Bu8BkJ,his heyres Assignes for Euer in manner & forme afores:^d,0,oof,val
zhrsbNknpX2weDt2,& comodities elce thereunto belonging or appertaining To have,4,train,train
ovrP9UOFtgzIv4Px,that I the said George Speeke for diverse good causes and,4,train,train
xgfTQzv0SXYeBaIz,free and Cleare Estate of inheritance in fee Simp,0,oof,val
DhleKLK9m2SP3MYf,and did Depose That he was prsent at y^e Seali,1,train,train
l0NUsQW9lcByevQq,have hould and occupie Enjoye all and singuler the above bargained,0,oof,val
hSOmrgF67O0ddvs9,This affirmed and witnessed upon oath by William,2,train,train
CVR2Vu4i90he5kCV,"John Gabbett , Edmund Read , Phillip Pelling",0,oof,val
6WmaDed2Ie5WBKVk,Provided nevertheless That This Grant and Confirmacon,2,train,train
Dh6qcbVPqLpIX8Je,1647 God Evlasting And Richard Specke & John Hide all of the Island,1,train,train
5mRM4WLOyqEFXhIm,were enterlyned before the ensealinge and delivery hereof in the,1,train,train
E4lyNbnRlAPOwugo,Their the said Rowley doth his heires exers admistrs and assignes,0,oof,val
3gTSyCSYDs80myd1,where being every Minute in Expectation of beeing Maj,4,train,train
JyvxZH143hyDwWNl,being four hundred negros and hath brought but one hundred,2,train,train
CZaeT06qk4B29Qib,particular & private debts & duties aforesaid In Witness whereof ye,1,train,train
V0FccxjiMfHrwD51,consideration of a marriage had and solemenized,1,train,train
YAVMsUxqfQR1KZ4h,by William Seally of the said parrish of S^tt. Phillips in the,1,train,train
7IoyRTyEqjH3Bas7,and chattells as are menconed and expressed in a schedule hereunto annexed unto,0,oof,val
uyr0Yzxh7KmLIlRX,knowe yee that I W^m Stiles of the Island of Barbados planter for divers good considera,0,oof,val
Ojj6uX95vgCZre1M,To have & to hould the sd plantacon & land wth the prmises,2,train,train
N5ETbB8PkM4Bkdgv,unto Thomas Ware of the same Island gent his heires Exrs admrs or assignes ye full &,0,oof,val
xqZz4yYi2OlXAvSs,and every other pson and psons in Bdos aforesaid wtsoever their and,2,train,inner_ckpt
B58v1KtVMfQW2IAI,personally appeared before me the within named,0,oof,val
FdwaNDvtwgaw4Ulz,said heires exers admistrs or such lands grounds houses tenements servantes,2,train,train
6jXh2H3x9exT8QzL,withall houses edifices househould stuffe and implements of househould stuffe x x x x,2,train,train
gEkVz95jGXap8nS4,"Every and either of them, Have given granted bargained Sold aliened",4,train,train
A7edNqhc2VeCWxMO,A shedule or invoyce of the Negroes and horse in ye Bill of sale hereunto,4,train,train
vsVI78ZmmaK9xG8F,in hand allready receaved of and from the hands of Cap^t,4,train,train
HQ0PKoKTo53SPwcr,and Clearely accquitted Exonerated and discharged of,2,train,train
gIsgG41Aja6oboBy,Evlastinge Know ye yt I Thomas Sewell & Garratt Sisters our heires Ex^rs &,4,train,train
kYjEpv3o1p2t5a8y,Eleaven pounds of good lawfull money to mee in hand paid by Lattimer Richards,2,train,train
aFm4oxbaATq2SuXu,Upon the Lands of the aforesaid Tho:^s Thomas Nevinson,3,train,train
9ysnosQHeDdxHaku,freely and cleerly acquitted and discharged of and from all former bargaines,4,train,train
vbmmszaTEtLA2O9G,or Children then to the use and behoofe of the,2,train,train
M2eXMWK6hHWmXHA4,Nine hundred Thirty & two Pounds of Mchant,1,train,train
2znD0YmTvgWAc7O1,8 die Junn 1644 To all Christian people to whome theise psents shall concearne Know,2,train,inner_ckpt
sAyihMNSFGQu1BvO,"These p^rsnts , Doe giue grant alyen infeoffe and Confirme",0,earlystop,val
OuwKbsQ35zh4cdDM,Greeting Our Lord God evlastinge Know ye yt I John Morse aforesd,0,earlystop,val
zRqAVHYvO7RvVhKb,To all xpian people to whome this present shall,3,train,train
SPpbhWrFeMVxLEKB,day of February one thousand Six hundred Sixty and Seaven and in the twentieth,0,oof,val
j3NPdohPclRG3CLu,assignes for ev^r w^th out the lett trouble suite hindrance or molestacon,2,train,train
114nzU7XAM7nmiFB,selves and against all and every person and persons,4,train,train
sXe2iqnAezdxaSlM,to have or Clayme of in or to the before mentioned,3,train,train
FAEf3t1KKRIBpjJL,given granted alliened enfeoffed bargained assigned,1,train,train
qsgb75V3Rk6UoYGE,ye world until ye sealing of this within deed as witnes my,0,earlystop,val
VTISw0JTAOeUHHGf,& Company to pay unto ye sd Mr Peter Kinge or his,2,train,train
9Qm9OusTY8YfwMZF,acquitted and discharge of and from all former & other titles troubles,1,train,train
vb5ScBB5QyBrfea5,which said Robert and Pricilla being privity examed did acknowledge,1,train,train
2GVTk6xsn89eHnZ0,whatsoever had made comitted or done by the said Richard Seawell his,0,earlystop,val
WfgqNjfP74ytopVs,that I Francis Portch of the Island of Barbados Gent Have given granted bargained,4,train,train
ozPB5CPGnWlcmezh,as Signified there by and Lyeing and being in S^t. Andrewes -,3,train,train
Nkho8hB08VJliyPd,"or here after to bee made or done , either by our Consent or",2,train,inner_ckpt
OupQzUicx5r0tMmX,heires executors administrators or assignes.,3,train,train
Qym0HswizLA6Lsrp,when in the said Cubitt was obliged to saile after his departure from,1,train,train
bPsisEL3A9dObUdK,thereof and all other ye premisses with th'appurtenances,4,train,train
SPmViU8ir3MyEnDf,advantages whatsoever to the same belonging To have and,2,train,train
y9ettYz4ylFBnUna,fowl weather for all losses damages determnts hints produce,1,train,train
MtfiGvpET1dcYy38,administrators and Assignes in manner aforesaid and that,0,earlystop,val
Fru1svJKiK2FYv5R,assignes for ever without the lett trouble eviccon expulsion or interruption of me the,0,earlystop,val
Fv1ocC4AJ3g55alZ,bargained sold into John chapman and Gabriell Hughes both of the,4,train,train
zVt078wWbVRvIhPa,of our Soueraigne Lady Ann (by the Grace of God) Queen of Great,3,train,train
FGqBCNFdUaJPUobP,"and appurtences to the Said premises belonging or in anywise apperteyneing, as",2,train,train
rqyI7OubgQmOIfpG,hundred and Eightie pounds of Muscovadoe,0,earlystop,val
2YImftXDjEBbhk5j,accordinge to the tenor effect intent and true meaninge of the same Indenture,1,train,train
O7jjWrI8DbLUVJEj,To all Xpian people to whome theis psents shall come Capt William,0,earlystop,val
AYjbsqpNC6pxLRPD,other wayes or meanes howsoever or for any matter or cause w^tsoever giveinge,3,train,train
g5KRUhoVGac23apc,behaving himself well honestly & dutifully to my brother & other attorney & doing his,1,train,train
quX3RgfyaJK52w9H,buildings upon the said land erected expecting what is,2,train,train
Vf0sgib9T70aFqO7,and either of them theire and either of their heyrs of,4,train,train
H857L596Lv4Ck1MI,Barbados planter for dives good causes and valluable consideracons me,4,train,train
xvJpYswwN9v41x7B,of nineteen thousand nine hundred pounds of good,3,train,train
jutAafJ5Mf99YhnZ,would grant and assure unto ye said Martin Noell his,3,train,train
IYhLlV7atXIEFcBF,thousand pounds of Tobaccoe to me by William Whittaker and Neale,3,train,train
hGPvLBjOUzpchpzF,in the mayne topp for and untill the arrivall and establishm.^t of the said,1,train,train
BYNv4cLpTwuxwSCc,Know all men by theis prsents yt I Captn James Browne,1,train,train
ZuBYlwpenQxxjXuh,received for the said sev'all bargained lands doth belonge and appteyne to,4,train,train
pIQHhKd6hgW82r06,& doth further warrant the Said Negro unto her ^her heires & assignes against,0,oof,val
paN6TWcDWX0qXWcU,shall come greeting know yee that I Richard Newbold,1,train,train
qsNVyBKvsi1fVWSE,my hand and seale this eleaventh day of January 1644,4,train,train
DbjyqbBiZYBayCsT,John Thomas one of the wittnesses to the within Lease personally appeared,4,train,inner_ckpt
yy3Iun1lrh9WsGsj,Interest priuity or procurement or by from,3,train,train
jnnZVmVPaxU2KgRY,posses and every all and singular the premisses and there appurtenances and,1,train,train
Jz4fqVSNJsjxc2DN,"things , devises assureunces and convegences in the law bee it by fine comon",4,train,train
9xS5ZIMO6fgXpQQw,other necessarys unto ye same belonging or in any apptering to have & to hold ye above,3,train,train
q69wZ5I5ZGaTWLEh,demise or grante and shall express and declare ye same,0,oof,val
39cqDb2KVfedVp0t,will well and truely pay or cause to be paid unto the said,0,oof,val
EjlbJPOEf3k8WhHL,"Daniel Kempe sign Ja Defed, Fran: Jackson",0,oof,val
2ooZXGXsfzi7WR0L,unto the same Plantation or parcell of Land belonging,3,train,train
4s5B9C1BXqjGhjTR,Sole Notary Publique in the said Island William Condy Comander of,0,earlystop,val
vjDpg8ThWDl0lzt6,no sugar therefore could pay none but would pay the same,4,train,inner_ckpt
ro7qE721txjtvUw1,before then sealinge and delivery hereof doth remise release and forever,4,train,train
qQmJra9K87T1jXFC,"above Exprest and appointed, shall hapen to bee made Conk",0,earlystop,val
wYuHMWNO9VcPzuI7,Captn John Jphnson and m^r Jeremiah Cooke Personally,1,train,train
0lw9A7sXGwIB6tFB,"in the Island afores:^d Planter, and Jartiew his",4,train,train
vq3qKZ8XFNTUhl5C,& joyninge to ye land of the Welchmans folly & adjoyninge to ye land,0,oof,val
F4RHudZS46CH3P3B,oath that hee saw the within named John Withing,2,train,train
3OjzxaBY0Q5ljL8l,W^m powrey Esq^re one hundred foott square of land I have limitted and,3,train,train
uSaaRnyLguxN3qlJ,the said Capt James Futter his heires and assignes forever provided always that in,3,train,train
ySU4ONT9JONcITCz,and being in the Indyan Bridge towne als: the towne,1,train,train
fGa0q4XicRjkmauX,Sold aliened Conveyed enfeoffed and Confirmed And doe,4,train,train
RdhJeV3xJKgmzIjL,& to hold & peacablye to enjoy all the premisses to Hugh,2,train,train
xlsGohMzIVAn47Aq,answer I the said Deputy Secretary having heard did protest,3,train,train
Ym4TxN8Eu760LQIb,and with Every of them that I the said David Delifer am at the,4,train,train
pYau2kXrG0bGG5dz,cuntries affaires and shall now forthwith delivere them three bills of,2,train,train
UP0tYruDR5PQq3Zt,of land be it more or less scytuate lying and being in,4,train,train
qQqHhFR48D8OpOA2,or unto the pr bargaine plantation or appurtenances or,3,train,train
bNjpiEQhK8nDSqXx,Barbados To all Xpian people to whome theis pnts shall come William Readye of the Island aforesaid,2,train,train
av6SGXaFLeWcOZWz,Greeteinge in Our Lord God Everlastinge Now Know,2,train,train
VxfYLzkJkll3waWg,to lease unto Capt^n Jeremyah Hawe of Barbados Gent one hundred,0,oof,val
ZVVPaZ7nTQKMwiXS,Cotton wool to maintayne and make good to the abovemenconed prmisses,1,train,train
FFKBizRmG6YLy41w,by with or through his meanes act consent pruiety or procurem^t.,1,train,train
qSC9yKEXpWv9XDRD,or unfallen conteyninge fifteene acres of land being formerly pte of the plantacon,3,train,train
5JewYPldGL3Rwih2,"belonging or in any wise apperteyneing, To have and to hold the sai",1,train,train
BKxNrRzWnAJYJElx,party and the said Richard Seawell of the other party for the Consideration in the,1,train,inner_ckpt
846T0J2zEimR7ned,able Daniell Searle Esq^r of the Island of Barbados the,2,train,train
tzQPxC5HChpoevbL,"Sledge, and one Crowe, Three Padds One Packe Sadle tree",1,train,train
PC5itSrXBdN8xZ9E,hand paid & secured to be paid by Robert Moggs of the,4,train,train
yPkbfC06jLZ9uUhR,yearely and every yeare upon the first day of Aprill,1,train,train
hwnxLDDhdQdhh8vP,consideracon sold and delivered in our owne and the names,4,train,train
Dqt2gc3V5RJqmLE5,By this publique Act and Instrument of protest,1,train,train
BpxlqhpP8bjTlZ7H,their heires and Seales the day and yeare first above written,0,oof,val
wsD1jQ5WdsFqY1ti,said Deputy Secretary having heard did protested,1,train,train
Wu4T3ZEd8XWWUKtn,"two, for the Consideracons therein menconed,) did demise and",4,train,train
XAzkI6PbGYZfiiRO,land of Capt Matthew Wood northward and the land of Joseph ~,0,earlystop,val
oPlxlHy9hYnkpUMq,of land compleat being a pt of yt land wherein ye sd: Rich^d.,3,train,train
wtvN4dnq59GhNvZ3,& Nine yeares unto the said Thomas Reid his heires Ex^rs adm.^rs assignes,3,train,train
4CX8r7WzBUuQovnJ,shall come I Sargt: Major W^m Hilliard of ye Island abovesaid,4,train,train
x1ARAf3AAJL5tcKp,Sell alien confirme assigne and unto him the said Nicolas Barnes,4,train,train
nd6iA4uyrOD8TEg0,bargaine & sell unto W^m Cox & Thomas Blagge in the,0,earlystop,val
E2GxFys3BmMepJY9,the sume of six hundred twenty and five pounds like money att,4,train,train
fgkXxGbttS4odzuR,acres of Land bee the same more or Less as the same,3,train,train
Lzmiw00NslOpO8iR,This Indenture made this eight day of Aprill 1654 Betweene John Stoe,4,train,train
sTrJhkocIpscOj84,Peters on ye Island of Barbados cont: by estimacon nynety acres of land or,3,train,train
fBZpq2PTo2Rco8gd,Pounds Sterling each for the payment of Five hundred pounds Sterll:,0,oof,val
byRhIaPUNeWVLcS2,& discharged of & from all manner of former bargains sales guifts grts mortgages -,4,train,train
MCanhcJdHnqJUaNI,made among themselves as aforemenconed and are troublesome,1,train,train
9fDe1m4cWp8TFbND,of our sovereign Lord Charles the Second by the,4,train,train
UjaMqlcCMp5EqhxP,"or halfe part, purparte, devident, Share, Estate, right, tit",3,train,train
5hdmpWMLpFGWGy8h,John Baker their and every of their heires exers administrators and assignes,0,oof,val
OAGbSSJrB0MUaagv,"ing by, from or und:^r mee or them. In Witness where",2,train,train
JZOnaOmSsqYettGJ,two shares of the said plantation conteyninge twentye acres more or lesse to the,3,train,train
5kTI5aWWhHnjpxnc,shall come I Maroe Edmund Read of the Island aforesd Gent,0,oof,val
7rzBetUtECB7fGPW,and doe by these presents for a valluable consideration in,1,train,train
fvHJi4UUe1H39D9c,Have & To Hold the sd plantacon together with all &,4,train,train
DQWJl4bOTH3lKFnQ,adm^rs or assignes wart: secure & defend the former bargained prmisses & unto,3,train,train
UjSSQbyL5QHcqkds,Nicholas Butler doe binde myselfe my heires exers and admistrs in the penal Summe,2,train,train
o8eSPJcwF78zpfR1,Cooper as rightfull owner of one sixth parte of a plan-,4,train,train
cipXfrj8OMaY9a9Y,each of them their heirs exrs and ass wthout the lett suit troube eviction,1,train,train
oQW1edazs9RNntXU,I Thomas Burke for divers good causes and consideracons me hereunto,1,train,train
zmjkSQH1SVVb9fkA,heires Executors and Adm^rs jointly & servally to him,4,train,train
kDaQjm4lttflp2nB,reply in all matters and causes touching the premisses to doe say pursue,1,train,train
P8LxYNfU5Z7NbvpW,to Authorized and Impower the saide William Lord W,2,train,train
0yzdjCgzJLlDH5OJ,heires executo^rs Administrato^rs or Assign,4,train,train
r5IlXVv2xrql7HzD,and thereof and of every parte and parcell thereof doe hereby freely,2,train,train
cu7tGz0IEqcWPmsw,halfe of the plantacon wch I lately purchased of Maximilian Greenere being ley estimicon,3,train,train
2MRYCciepXPxxy8K,Imprimis:- the said Edward Layton hath sould unto th'aforesaid Peeter Halloway his heires,1,train,train
DZmrW3qZ3vHPbQeN,Sandiford one of the wittnesses to the about written Deede & made,0,oof,val
KAoQXDog96R5bbIP,tenne thousand pounds of the like cotton witness my hand and seale,0,oof,val
oXxLTGasmnphZWxR,Joseph: Skull his heyres Exec:^rs Adm:^es or Assignes make do,2,train,train
qFknTJDwbIkXEzHT,or through my meanes assent consent or pcurm^t and also shall & will,4,train,train
U8LVwQbftmErP3VG,sett up or cause to be builded erected and sett up the said house as,2,train,train
l4xQdxIpopq8m80c,unto the sd Ens Jackson his heires or assignes forever one acre of,1,train,train
cb50eDMQ1lWueoz3,to her in hand paid by the said John the Receipt whereof,4,train,train
FrXIHB1GMLzM3aHX,Lord Charles the Second by the grace of God of England,3,train,train
xvG0aNMWz6ePoiFm,whereon I now live and reside which is bounded upon the lands of Richard,3,train,train
HOB6EEZcBBFiSfMU,"without any maner of Lawfull Lett, Suite, trouble, deny",4,train,train
IZmaF10bxns88KBU,A schedule of such goods as are in the storehouse unto Henry Walfree made,4,train,train
IhAEG37ayOy9PrQo,Plantacon of W^m Russell and Richard Robotham now in the tenure,2,train,train
GNlm2LOOjohizcrm,Edward Addams and John Harper of St.Peters parish hath sould Richard Harvey,2,train,train
xXWTizigQPcE1sT5,Robert Perie now live on being by estimacon Forty,1,train,train
tXu9omYGZMbBip2Y,whereas Thomas Witter of Barbados factor Peeter Batson and Lawrence,0,earlystop,val
P860HlkSqTCpfiAe,and his heires for ever warrant and defend all and every the before,0,earlystop,val
JBBP5cmkribqYZrQ,Intr 23^o die To all Cristian people to whome theis pnce shall come Greetinge,0,oof,val
hapOjZ3aGj2pq6g0,Deed to be enrolled in the Searetaryes office of the,2,train,train
j9o9HyZLE6rRiSgP,not shipping of the said tunnage in due time & place,1,train,train
PPlOCYPiazmOtuKf,according to the severall agreements with him and unto the true and faithfull,0,oof,val
sMnHngJrTM84Z3Qe,enemye onelye excepted) And for the true pformance of all and singuler the,1,train,train
tOjgQGfuqqXFJGLn,right title and interest that now apperteyne unto mee and,2,train,train
aM59jb6dv2YVQzlz,for and in Consideracon of the Sume of Sixty pounds seventeen,0,oof,val
NGbPQJvgmnUgoPIW,to be payed to us the said Thomas Sadler and Millesent my wife our,2,train,train
SHu0IZg2GThcsud4,Woolfe or his certane attorney his heirs executors administrators,4,train,train
whKg2IDhBi2IKCtC,"his or theire meanes, Actt, Consent, Title, Interest, privi",4,train,train
yfKqf1eO0IYWmMRb,unto the sd Constant Silvester his heires Executors Adm^rs,1,train,train
lKaiHjiSEWcdMZn3,and assignes forever without anie lett suite in law trouble interrupcon,0,oof,val
KVEfCP12IxyHgDyM,Sealed and delivered in the prsence of the word,4,train,train
4EivAd0syZD5GkPc,in peeces and destroyed; The number of Hide aforesaid (parcell of,2,train,train
G27BsuyuWl9jc08V,in consideracon of sixteene hundred pounds to tobaccoe to us in hand payd,0,earlystop,val
1IQ3BZVPaFSGf1Wp,Ensealeinge of these p^esents (the reciept whereof the,1,train,train
4nV8tOw4dkMuGzCW,bargained premisses . In witness whereof I the said Francis,3,train,inner_ckpt
m0y9JGPFARFAT1CF,hereunto sett my hand and seale this seaven and twentieth day of November A^o Dm: 1640,2,train,train
sWbo2UvvpnId66Qp,unto the seaside & for better securitye I doe bind myself my heires exec^rs,4,train,train
0XFqMaOSzcSXCiQS,penall some of twentie and foure thousand pounds of good sound Tobaccoe,1,train,train
E12gV2pyWpvLfWQZ,Elizabeth for and dureing live Naturall life without,2,train,train
2OdfQFZuXk2k2ELW,ed the Masters and owners of Shipps Employed in the said Companies service,0,earlystop,val
Z51vTfGPlcpTCCHH,4 aug 1647 To all Xpian people to whom these prsents shall come I Richd Smith now resident,4,train,train
wQNLK8FDXoUD6YKm,Island Mr John Presman told this depot yt he had sould,1,train,train
bFdTs3v5xMsJ1tKS,or tytle in or unto ye premisses or any parte or,4,train,train
wb0zaLRZ2Vv166Gc,come Thomas Ellicott of ye Island of Barbados Mar-,1,train,train
5xWk9kubhmLt6GSP,To all Xpian people to whome theis pnts shall come Know ye y^t I Cap^t.,4,train,inner_ckpt
SUfGVwdgBo1evMXN,exonated and discharged from all former bargaines sales or ingagem^t w^tsoever together,4,train,train
OuEGYmMT09IcmEbn,Togeather with all the houses Edifices building eas,1,train,train
wJxLo0wGdSn8QV7O,"Def^t,, Def^t,, & the p^tt,, to pay charges",0,oof,val
6hylUeJPmRpWR0oL,the sd land or plantacon as by a liste hereunto anexd,1,train,train
6byNrbNCJZ7D0n09,and kept harmles and indempnifyed by y^e saide Edwyn Stede,4,train,train
av0mRQeo94gZ11Qk,28^o die Aug. To all Christian people to whome these pnce shall come I John,3,train,train
h62ysfYeMN2fSmBx,"reserved and other the covenant, grants, and",0,earlystop,val
cLZBesMYcK62fadM,Crisp or Heires Ex^rs adm^rs or assignes as Witnes my hand,4,train,train
qM6httunpFS9w1lb,Same and noe Longer for the Makeing the S:^d,4,train,train
z8BhongwulazPuay,Barbados in the west Indies or of their sevall heries Ex^rs Adm^rs or goods,0,earlystop,val
nZEsC0lF0KoLlOjR,"Have given, granted, bargained, and sold, aliened,",1,train,train
ByMsGK8ModbxgLOS,any agent or agentts factor or factors for him in this Island,1,train,train
BYjohYs0QvMBJQSG,will warrant and defend by these presents And know,4,train,train
SGCXZg4aa9O0AAIM,to whom they gave chose heires supposed to be a portages from,1,train,train
3KE4wDpnX0BJXPWl,In Witness whereof Shee the Said Madam Katherine Be,4,train,train
2YjzLWwIRjBQrfYJ,bills of Sale mortgages or any other Imcumbrance whatsovr: and yt he,3,train,train
Sz7jfKGZzxxdtLsX,bargain sd prmisses wth apptenances unto ye sd James Cornelius his,3,train,train
KjptN4xirXuCdveu,"forfeiture, and other Incumbrances, had made done or suffered by the",4,train,train
x9pBxKE2rzy7UMXG,the six thousand pounds of Tobaccoe and if in case yt ye said Sixe,3,train,train
WWPel8XOFDWKWLCR,Francis Corbin Nicolas Gist and John Binmore their heires exers admistrs and assignes shall,1,train,train
tsVliOumuhe5DHRJ,Sealed and delivered in the presence of John Davis,1,train,train
nk50DlEWyBLJZPoq,leases Morgages or Ingagements whatsoever also that the said,1,train,train
TtFzl8vV3RmMxcXg,To all Christian People to whom this present wrighting,4,train,train
6f5M1W5lCUk7C28Z,by force and virtue of these prsents In,2,train,train
O4NvcCsc91FgWCTm,moveinge Have given granted and confirmed and by these presents doe,0,earlystop,val
T1q6KGtToB7krfHy,and further wee the aforesaid Peeter Fleetwood and John Pye doth binde our,3,train,train
1OZHPQTQ5gyStCdM,covenanted + agreed yt if it shall happen up any of the pties above written,1,train,train
fNdKPYY3938VlsJE,in the summe of 4000^ft of neat cotton dated the 15th day of June 1640,4,train,train
hKfKA9LKmnxpRcnO,Baldwin Senior of ye Island of Barbados Gents:,1,train,train
G6SmCstI4K5kmWN4,& ffive & in the Seaven & twentieth yeare of the Reigne,4,train,train
jFMqnDB6oGiF5sL3,said John George doth covenant yt the sd Nicholas,3,train,train
shdKzaXbVB7y0hA4,"his Loading on board this said ship, according to order",1,train,train
Zyb8D6ntsYy2ETqy,two store houses and land and ffurther the said Sevt Richard ~,3,train,train
gKgjPAdqSUIwVHKA,with - a petiton thereunto annexed the tenure,0,earlystop,val
czgP2A9uaOq9S3Fl,Last will & testment of y^e s^d James Tyson deced as,4,train,train
6LVP5uvmZtmmsKRD,whatsoeuer in and vppon the same Standing lyeing,4,train,train
Fi52OHIUuYFtqJ2K,Barbados - Knowne all men by theise presents that I Capt Thomas Gibbes of the said,4,train,train
FEVA71vTB460g0kS,and the goods and chattels menconed as aforesaid unto the said Barnaby Martin,2,train,train
y3vKE8CoNygX7cQm,Councell of this Island of Barbados now Know yee that wee the said,1,train,train
9EHaxoInmUIx7zLm,Susanah Leake our heires executors administrators,3,train,train
IXmIF2nyJc93DlMz,before mentioned Appurtenances unto the Same,1,train,train
d9EJFpa42vRmLb2c,To Have and to Hold the Said P:cells of Lands with the,4,train,inner_ckpt
veRn1vmHOPgrGPnE,all persons In wittness whereof the parties to these prsents,0,oof,val
ajJvgyjk7wLWp0OA,Theis are in his Ma^ties name to will and comand you to make a true,1,train,train
kaACSMEscosTsS3D,admistrs and assignes forever without the lett suite trouble or denyall of mee the said Thomas,2,train,train
GprQFnIiU74KKEpY,either of them or of any other person claiming by from,4,train,train
u5k0ujRTojrpqSjg,into the S:^d Tho:^s S:^d pemell in all for the same off,0,oof,val
SmE8ZgCY5IPxdYOV,pforme the articles of agreemt that the said M^r Nevinson hath signed,2,train,train
1Uf9NYUG7jEmZtZI,admistratrs and assigns by theise psnts that they or some or one of,1,train,train
htKQu1q2lCDbCaDc,to find pvide & allow to ye s^d Thomas Gardiner untill the aforesaid four,3,train,train
d0KvUoiQUzFaZJq3,before ye Twenty day of June next ensuing the date hereof,4,train,train
963XlsHLeavPxEKK,hand and seale this nineteenth day of September in the ye,1,train,train
glh7OYQMbO2vVfJ4,and manifest with all Christian people that upon the three and,0,oof,val
tdtUA4VWyJj8hjfv,to warrant & defend the sd Twelve acres of land & evy pte &pcell,0,oof,val
lTIZ0gVim1eimMj4,from henceforth forever to and for such only use and behoofe as they,0,oof,val
d1J5GmKIjku2HChR,Michaell Hobess doth confess himselfe to be indebted unto Arthur Loder the just summe of,0,oof,val
tcCABqiaCP5yRnjE,Entred ye Fawcett have bargained and sold unto Nicholas Hide and,1,train,train
Zg0QfulBfV4cVxo8,Pete Braye and Tho Mayer unto the said Mayer his heires executors ~,4,train,train
eHKaNPkCwUnOVj6A,any default shall be made upon the sevall days of payment or any part or pcell shal be,1,train,train
eHXjJq4nNKXCtHYy,and Successors on twenty Nineth day of September yea,1,train,train
WcfzyyJEdOaSkfF2,by any person or persons whatsover lawfully haveing or claymeing by from or under me or,0,oof,val
6ngD8l5oTueTnFnK,and is indebted unto the said Thomas Barrow Thomas Preston and Phillipp,2,train,train
uOcRLyNteinukJHI,and being in y^e Parrish of S^:t Phillipps in y^e Island,2,train,train
QjCIsyNKCmnR4utK,him the sd Thomas Hart his heires Executors or Admrs forever have given granted,1,train,train
oFBwvqCzeCiCwE8o,"Mary, her heires & Assignes, ags:^t all & Every person & persons Shall & Will Warrant & for",1,train,train
Jw7OQBmnEwK3GSUr,and Grante to and with the Said Walter : Harding,1,train,train
Cq6Gl8Soa3X8cKTC,and appointed Executors in Trust for; And the said Edmond,1,train,train
cQyrjSv5zKaGT8XF,"advantages . thereunto belonginge to him the afores^d ,, Capt Robert his heires",3,train,train
OOTo1bjmAqWhSOBM,Barker & Hugh Adisson of the Island of Barbados aforsd,0,oof,val
3NyZ0vCSVx2mWPFY,pay unto him five hundred pounds Sterl. part of the Port,1,train,train
ihXhjbXkNf4STnGf,menconed in a schedule hereunto annexed. To have and,3,train,train
RjevXoIyhg9vhhf6,the Parish of St George in the same Island Esq:^r,0,earlystop,val
8B5kpbZ9mMTeeXgr,same Island Gent: the whole and just summe of twelve hundred weight of,3,train,train
zOHi7v3aKQuijMsy,one breedinge sowe fower ghootes two hens and one cocke for the some,3,train,train
oEmdHRDf7rWmLbmN,"Cleared from all former gifts, grants, bargaines, Sales, Judg",4,train,train
17EGzd8T7Z4ihxKL,Have given granted bargained & sould and by theis,2,train,train
V2I3IbflQXkvWzZi,Goodall and his heyres without the Lett Suite hindirance -,4,train,train
zPFZuMVMRpc7beo4,in the nineteenth yeare of the reigne of our most gratious,0,oof,val
tmbcb8VpD1vX6pKW,office in Gold Smiths Hall London then this prsent obligacon,4,train,train
BaYTvwbHPbPcv16d,within written wittnessed by us whose names are heir,3,train,train
GgFMoSscz2vQkSEZ,ejecon disturbance trouble or deniall of us ye aforesd John Broadhead,2,train,inner_ckpt
zVa0H7MAcfby85B3,"them, at all time & times, by night or by Day, when",2,train,train
ST1nH2w8W5BhBlSD,"of Stephen: Gibbs Chirurgion, South on the lands of Thoma",3,train,train
6azNwPimvCI4zuXi,Assignes for ever against him the said Edward Cranfield.,2,train,train
XLgjgkCDuAhIw9Xn,pounds whereof I acknowledge the receipt of Paul Wood al^s Dubois before then sealing,4,train,train
MT0qUtcywTTZOs73,my hand and seale the second day of August 1641,0,oof,val
UkcAGg0uuJOmNn7I,& by their pnts granting unto his sd attorney full power Comission & Lawful,0,earlystop,val
XDoVOQ0ikJw07ZC7,of the reigne of our soveraigne Lord Kinge Charles &c,1,train,train
BTbk77u5yXroUqQE,all w^tsoever my said attorney shall doe inthe premisses by vertue of these,3,train,train
50yTdPoz2Cnnyerl,upon Edward: Littleton Esq:^r and Samuel Peters and,0,earlystop,val
uAH8MMShR5bJPPxI,of the Same he the said Rich^d Buckworth did deliver -,4,train,inner_ckpt
xrHsULSu9f33AvE0,country of Tyrone in Ireand my sometime husband,2,train,train
3ijfGIpT0qOZRuS7,in or to the said land any wise belonginge or apptyinge w^th the,3,train,train
2nuLYXydaa4eJQRj,"all other papers writings Evidences , Escripts",0,earlystop,val
7eGjxzMzeLif8jPT,negroes horses mares catles stock and plantation utencells before hereby,4,train,train
JY0OpAyLZUqNHpwL,the p^rmisses the same to be recovered ag,3,train,train
nwVG0ld1hzYm1cfW,whereof I have hereunto sett my hand & seale this 11th of,1,train,train
FEz35iQHIZ9nA7pB,Robert Downeman & William Sheppard of the Island of Barbados,2,train,train
FQJmZRFAvKe4v5n6,moveinge doe hereby for myselfe my heires Executors & Adm^rs,4,train,train
Ahet7zqqyTPf9gL2,to have & to hold the foresd Twentie acres unto him,3,train,train
OKnxmKgOapGPXLeS,"Greeting in o^r Lord God everlasting , know ye that",1,train,train
AW4Bcv5coTpCr6BL,wth the appurtennances thereunto belonging unto the said Robert,4,train,train
wmYBFpx4RYwTHMAc,heires executors administrators and assignes fully freely,3,train,train
AMEjNzwvy0hMlDBF,enfeoffe confirme and sell unto M^r Anthony Lane his heires,3,train,train
dolcEqkTDBh57FcC,and wholly as the said constituent themselves might or could doe psonally the,4,train,train
9axRDdXlpVSE2EZU,of all the clauses conts & agreemts above expressed I the said,4,train,train
n9xN4OBKHub47ruW,Articles of agreemt. Indented had made & concluded on this,1,train,train
zvX1Sb6kx69rWtFj,mee hereunto moveinge Have given granted bargained and sould and by,1,train,train
pk57nExaGWnNFphD,Rich:^d Drury his Execut:rs Administ:^rs or Assignes all,3,train,train
uVFW8jJ27QOZCdmj,at Barbados severall peels and quantitye of goods amounting to a considerable,0,oof,val
URoWXipJITCRADy2,first had and Obtained in Writing Und:^r his or their hands and Seale,2,train,train
WHjio81dPB54siVe,at any time heretofore made had comitted or done or suffered,2,train,train
qqn4uC3PxrT8EHLn,of the cost the 24^th of January in Ano Dmi 1642,4,train,train
mdluwL3VGXFLU6id,freely and absolutely give grante bargaine alliene,4,train,train
sLPTLQQfXbd2tP57,with all appurtences: unto the said land and houses belonging,1,train,train
BbGqHhGYPCzkaLN7,well & truly pd at three sevall paymts as by pticulers from,2,train,train
JJEqtKwXTzVi23Qh,said Michael Cooke together with fouer men servants and by for the full terme they,4,train,train
3qORES0hxGUKb2qk,Solemnly protest against the said Nathaniell Durham his Agents and factors how,2,train,train
lmHBUTrePa9aMvoG,Addison is for to ship as many goods as shall amount unto ye sd,3,train,train
RAalP94Vy9npUxzr,To all Christian people to whome these presents shall,2,train,train
RUZ2Cx1WPPduu9ES,bill of sale to be his volluntary Act and deed,2,train,train
s2MsNg2IwhtVDwB8,as aforesaid and the said william Martin,4,train,train
m5l4DakhAqWJT7EV,To all Christian people to whome this pesente writinge shall come I Peter,2,train,train
TyBLQ7BMlXkKwooI,Anthony Richardson doe for me my heires Exec^rs Adm^rs and,4,train,train
gASAKtAb4i9Oek69,psonally appeared in the secretaryes office of this Island before,1,train,train
CjqMSdmi9iprEFes,day of the date hereof forever: to his and their owne,2,train,train
3Jd9swbwkfejWd1n,Ratifie confirme and Allow without fraud or deceit,0,oof,val
gKVCQDEsIBDxNx98,guifts grantes due debts and demands whatsoever which formerly,3,train,train
kPkV28rgSNH4Y1Uo,Executors Admrs or assignes forevr and we the sd Capt Tho:,2,train,train
7npGfBUDtkUmpBlM,free & cleere from all former bargains Sales Mortgages dues duties Exection,2,train,train
DY1VIAVi8Malugvm,The two above described figures doe represented ( ) and bounces of two land all,0,oof,val
XtLO9GWKpMCxNwvp,"truly paide, the receipt whereof, wee the Said Jo",0,oof,val
4OmnsTRPo7WTOc9W,to grant bargaine Sell & Convey the before hereby,3,train,train
65I6eUyKmYrULhaY,and the said Christopher Jarson doth hereby Cou,2,train,train
yuAlAcaJaxLIbQ3h,Rous of the parrish of S:^t Johns w:^ch Execution w,3,train,train
qncg5yvO1wBZioGJ,hundred pounds of good mchantable tobba in hand received-,4,train,train
vAV1au3Dfi1gMHJX,oweing comeing or belonginge all such manner of dues debts or demands,0,earlystop,val
SZdxKEnW7BrVSXlr,sett over and by theise prnts doe fully freely and absolutely give grant,2,train,train
6rlLBO0FfEwAvuQg,To all christian people to whome thus present writing shall come I Robert Lee of the island of,1,train,inner_ckpt
rArRxucDRj5HpgWa,either of theire heyres Exec:^rs adm:^rs and assignes according,0,earlystop,val
8wN1va4ksj9qPXiA,mencoed to haue and to hold to the Said Samuell,0,oof,val
25u5Tk5LU8xHa8Qz,of seventy acres of land or anie of the above barganed premisses or anie,3,train,train
8XFmoijes2YgGXI1,watter tubbs and a Mabby Tubb with halfe of all p'fitts and comodities thereunto belonging,1,train,train
BZsYTf8BnHivfgE2,our Lord God Euerlasting know yee that I the aforesaid,1,train,train
L27rgpkg9a5WKCid,wood or woods together with the profits priviledges and advantages,1,train,train
GDHnebmgqZZwW6yr,James Downeman and Ursula his Wife sendeth greetinge in,0,oof,val
C94Hlq6Rw4vzLA8r,by estimation thirtie acres or thereabouts scituate lyeinge and joyneinge,2,train,train
wx8t1eB82PtoSfPP,first of April except boarding Item:_ It is further agreed upon between,4,train,train
EQibNiweKich2JjJ,Entered ye 16^th in ye Island of Barbados marchant as,1,train,train
asUt1LLQF3jCIEwv,unto Christopher Southwell his lawfull attorney exers admistrs or assignes of this Island gent,1,train,train
xS55xsBVei0QZdoW,under the annuall rent of two hundred and fifty pounds,4,train,train
sU7KenthbnHZKFuj,the request of the said Sevanley did with him appear before the,3,train,train
APJMGJUc4FCwE3O7,"about it are menconed, Surveyed in Barbado",2,train,train
gr2NL02Qt9clZmim,"Matthew Key, William Seares, William Wilson",0,oof,val
CGbZE5Gjmv7EU3Ht,Applewhaite his heires exers and assignes accordinge to the true meaninge hereof,1,train,train
ihy0YATKtHf6S2Od,M^r Crispin Hooper psonally appeared before me and,1,train,train
Pom37V7sjiunLo8N,to whom & as the said Othniell shall dirrect or appoint the Same,0,oof,val
ly9oRp3bIX6dY8V6,"will without any other prouocation , inticering ,inf",0,earlystop,val
wh4zzfKbF4zqtr5M,to giue grant bargaine and Sell the Same vnto the ~~,2,train,train
vn0SLBYBKYvISplQ,thousand nyne hundred twentie and seaven pounds of the like condiconed comoditie,2,train,train
ZncYZQiEOyWN4qDm,To all Xpian people to whome these psents shall come,3,train,train
d0GDhxyZqWPEIPWo,and to hold the aforesaid ninteene acres and a halfe of land and,0,oof,val
2ccrKI22oT2ke0Pf,six piggs one boare six ghoatts tenne dunghill fooles two musketts,1,train,train
mYSNrdDP8aeyQrQ2,the said 24^th day of October did covenant to doe his best endeavor to utter well,2,train,train
x9hcmQJIaiFnaqjF,or persons whatsoever that shall lay or pretend to lay any clayme,4,train,train
EASNjYXyJK56LqCo,assignes and Every of them shall and Lawfully may by force,2,train,train
lu14jUbWu4A9AtCV,contracts & Incumbrances whatsoev^r: as alsoe from all maner of psons whatsoevr:,3,train,train
mfQxfOmeRmwBh0g8,0 4 __ Horses ___ ___ ___ ___ ___ ___ ___ ___,4,train,train
pG6SDBl3f6w5ETFZ,W^m Olivant W^m Booke Dennis Cornelius,4,train,train
0lk8Uns6GCrKnMeB,ecutors administrators and assignes firmly by these,3,train,train
ewYlEIEmas0JBluR,To all Christian People to whome this present writeing shall come,2,train,train
ni3ntB0TQEkMK8tL,house of W^m Pead merchant in the same Island to wch payment well and truely,4,train,train
GvOh4O9I6ZW0Xzlz,& Abraham Symonds for divers good causes & valuable consideracons,0,oof,val
2zLG0JZJsSYnNmWX,Articles of agreement indented concluded covenanted and made the,3,train,train
ddLEG62Hkd9Gf2le,Town of St: Michaels aforesaid in the Island aforesaid,3,train,train
9fUvdTrpraXfalzP,"Memorandums or Direction to Regulate himselfe by, he hath",1,train,train
moorrnE6QA1EQZn9,acres et halfe of an acre and seaven pole scituate lieing and,1,train,train
pmtDslqAnPgbtoQC,demand of him the said M^r Thomas Lane ffor the pformance of all &,2,train,train
s2tr2CsJMaXrFBbC,Tenement now in the possesion of John Felton one small Tenement,0,earlystop,val
P5QNCc66w9iD4UDr,hereunto sett my hand and seale the five and twentieth day of January one,1,train,train
YbLF36erPdJAmpln,consent or procurement in witnes whereof I ye said -,3,train,train
1r1HsYsEMpBUYQwA,writeing shall come Capt: Humphery Waterman of this -,3,train,train
pNMVEq12VgJwA3pa,in an other bond or Specialtie beareing date wth ye of the paymt:,4,train,train
dWaAi1OoeTjanGDx,to reenter upon ^one plantacon conteyneinge thirty acres with th'appurtenances together,4,train,train
HA1JbHZGpvHTVx5w,"thereof, And the the Said Land and premises and",4,train,train
YYLWa2J8KZyrX9Ly,ssignes and every of them freely and absolutely,2,train,train
5IgPYtsrksWJ32rj,being unto W^m Morgan of ye same Island planter his heires,2,train,train
GB16JC5kV3ECqWp1,that in case the abovesaid one ~hundred~ thousand two hundred and thirty pounds of cotton to be paid,0,earlystop,val
lHrsin9tFQeMLHj4,doth fully & absolutely exonerate & discharge the said Captain,4,train,train
3IVyZNKLBLHGXj44,since his arrivall full twenty eight days and allways ready to have,1,train,train
28i5Fm0YKNEqhvMj,Comander of the ship called the Thomas William of,2,train,train
aXmtMHirZ8z4JM6O,in ye presence of Ens: Robt: Downeman acknowledged,1,train,train
jIzCSPkd77jXccMv,and for the true pformance hereof wee the sd W^m Baldwine and Tho,3,train,train
ijmRFhIwLje3iy0O,by the Vestrey & Churchwardens of this parish upon ye said y,3,train,train
KNKJBnlqxWpujCVL,following that is to say that I Edward Harris have in,0,oof,val
NEPwl39BHzA7xdIn,hee the said William: James doth acknowledge by these p:^rsen,0,earlystop,val
IUFvwMO5JF7uK7Vl,S.^t Michaell the Archangell and the Birth of our Saviour,2,train,inner_ckpt
EcxuqKeZl7OQexfB,11^th of January 1652 before mee acknowledged by Thomas mosier and,0,oof,val
4W226Jw5xCOTh6Be,except) In witness whereof I have hereunto sett my hand and seale the 24^th,4,train,train
fKKE01yCwLVTHmQm,and sold and every part and parcell thereof without the lett,3,train,train
