ID,label,nn_ID,nn_label,nn_ratio,n_chars,n_words,template_cov
uGI8F9Er0c5XwdnX,By this publique Act and Instrument of protest,Dqt2gc3V5RJqmLE5,By this publique Act and Instrument of protest,100,46,8,1.0
Dqt2gc3V5RJqmLE5,By this publique Act and Instrument of protest,uGI8F9Er0c5XwdnX,By this publique Act and Instrument of protest,100,46,8,1.0
eqF93vAKYa4aOeHr,By this public act and Instrument of protest be it known,SEYEZ7fwp3MbYkkB,By this public act and Instrument of protest be it known,100,56,11,1.0
SEYEZ7fwp3MbYkkB,By this public act and Instrument of protest be it known,eqF93vAKYa4aOeHr,By this public act and Instrument of protest be it known,100,56,11,1.0
sQjpjiUTThaMf4j6,By this public act and Instrument of protest be it,Zer3bZ5I7YFGoqS6,By this public Act and Instrument of protest be it,98,50,10,1.0
Zer3bZ5I7YFGoqS6,By this public Act and Instrument of protest be it,sQjpjiUTThaMf4j6,By this public act and Instrument of protest be it,98,50,10,0.7
xD0EIkxQ5xUJIjuV,of February In the year of our Lord God one thousand six hundred sixty,0mbbbshnl0XReeqC,of February in the year of our Lord God one thousand six hundred sixty,99,70,14,0.7857142857142857
vIO1Vk2ZKi0Yn0Sz,of February in the Year of our Lord God one thousand six hundred sixty,0mbbbshnl0XReeqC,of February in the year of our Lord God one thousand six hundred sixty,99,70,14,0.6428571428571429
0mbbbshnl0XReeqC,of February in the year of our Lord God one thousand six hundred sixty,xD0EIkxQ5xUJIjuV,of February In the year of our Lord God one thousand six hundred sixty,99,70,14,0.8571428571428571
8kn3TLDy8Pzkhxre,date the Sixth day of July One thousand Six hundred,ATePrG4XYYSk9SqP,date the Sixth day of July One thousand Six hundred,100,51,10,0.4
ATePrG4XYYSk9SqP,date the Sixth day of July One thousand Six hundred,8kn3TLDy8Pzkhxre,date the Sixth day of July One thousand Six hundred,100,51,10,0.4
nRvxGECsX83w3iAn,Signed Sealed and delivered in the prsence of us,ik2J2jh39lYRPIih,Signed Sealed and delivered in the presence of us,99,48,9,1.0
ik2J2jh39lYRPIih,Signed Sealed and delivered in the presence of us,WDbUz3HEvBWEdEfO,Signed Sealed and delivered in the presence of us,100,49,9,1.0
WDbUz3HEvBWEdEfO,Signed Sealed and delivered in the presence of us,ik2J2jh39lYRPIih,Signed Sealed and delivered in the presence of us,100,49,9,1.0
y4cX8NR9p3eQRAcH,Signed sealed and delivered in the prsence of us,nRvxGECsX83w3iAn,Signed Sealed and delivered in the prsence of us,98,48,9,1.0
Z2mR1OD41ELWIjS3,This done and protested the day and year aforesaid,tcWjg7hB7HjofnFN,This done and protested the day and year aforesaid,100,50,9,1.0
tcWjg7hB7HjofnFN,This done and protested the day and year aforesaid,Z2mR1OD41ELWIjS3,This done and protested the day and year aforesaid,100,50,9,1.0
8K3R5VHfGgPa9cZR,This done and protested the day and Year aforesaid,Z2mR1OD41ELWIjS3,This done and protested the day and year aforesaid,98,50,9,0.7777777777777778
243Efrgr29lBU5si,omitt Suffered or done ^by the said John Bawdon,m2hBfXjaPMNj7JAQ,omitt Suffered or Done ^by the Said John Bawdon,96,47,9,0.0
m2hBfXjaPMNj7JAQ,omitt Suffered or Done ^by the Said John Bawdon,243Efrgr29lBU5si,omitt Suffered or done ^by the said John Bawdon,96,47,9,0.0
H6MlB7cGEGI4lZ6J,To all Christian People to whome this present writeing shall come,ewYlEIEmas0JBluR,To all Christian People to whome this present writeing shall come,100,65,11,0.8181818181818182
ewYlEIEmas0JBluR,To all Christian People to whome this present writeing shall come,H6MlB7cGEGI4lZ6J,To all Christian People to whome this present writeing shall come,100,65,11,0.8181818181818182
BU7IrN4RM2C3UZC0,Sealed and delivered in the prsence of,huKYbaDS0hn3iQSa,Sealed and delivered in the prsence of,100,38,7,1.0
UUMGGElAnTqRKlfO,Sealed and delivered in the presence of,5fg6hZ3GqQbzwqGI,Sealed and delivered in the presence of,100,39,7,1.0
huKYbaDS0hn3iQSa,Sealed and delivered in the prsence of,BU7IrN4RM2C3UZC0,Sealed and delivered in the prsence of,100,38,7,1.0
zF6Y0Q8CW0z7x0EU,Sealed and delivered in the prsence of,BU7IrN4RM2C3UZC0,Sealed and delivered in the prsence of,100,38,7,1.0
v2PiLBtv4u7leFxd,sealed and delivered in the presence of,UUMGGElAnTqRKlfO,Sealed and delivered in the presence of,97,39,7,1.0
5fg6hZ3GqQbzwqGI,Sealed and delivered in the presence of,UUMGGElAnTqRKlfO,Sealed and delivered in the presence of,100,39,7,1.0
rmAMD7qwDT9Hnue7,Sealed and delivered in the presence of,UUMGGElAnTqRKlfO,Sealed and delivered in the presence of,100,39,7,1.0
R3i1amI9QDkg6ihX,Sealed and delivered in the prsence of,BU7IrN4RM2C3UZC0,Sealed and delivered in the prsence of,100,38,7,1.0
0ZvGzksVcRwCqqvb,To all Christian People to whome these presents shall,tlIG4kS1IsC4cvjc,To all Christian People to whome these presents shall,100,53,9,1.0
gg5hfS9d6SHxZS3e,To all christian people to whome these presents shall,RAalP94Vy9npUxzr,To all Christian people to whome these presents shall,98,53,9,1.0
tlIG4kS1IsC4cvjc,To all Christian People to whome these presents shall,0ZvGzksVcRwCqqvb,To all Christian People to whome these presents shall,100,53,9,1.0
7G2Eyw9CxUwwivGA,To all Christian people to whome these presents Shall,RAalP94Vy9npUxzr,To all Christian people to whome these presents shall,98,53,9,0.8888888888888888
RAalP94Vy9npUxzr,To all Christian people to whome these presents shall,0ZvGzksVcRwCqqvb,To all Christian People to whome these presents shall,98,53,9,1.0
ChtGx4491s5eJoNw,To all Christian people to whome this prsent writing,Jrm3V9E0DcaSAlZF,To all Christian people to whom this present writing,98,52,9,0.7777777777777778
Jrm3V9E0DcaSAlZF,To all Christian people to whom this present writing,ChtGx4491s5eJoNw,To all Christian people to whome this prsent writing,98,52,9,0.8888888888888888
i5MI0a58XRPBHAx3,French ship call the St. Robert of Rochell in France (where name the said appearer,cSHBo8ZEYXywLZV6,French ship call the St. Robert of Rochill in France (where name the said Appearer,98,82,15,0.0
cSHBo8ZEYXywLZV6,French ship call the St. Robert of Rochill in France (where name the said Appearer,i5MI0a58XRPBHAx3,French ship call the St. Robert of Rochell in France (where name the said appearer,98,82,15,0.0
6Q9xqqBd0In0I4xS,for or by reason of the said Whiston not loading of the said twelve,eEMNnCTYJgaPRPW6,for or by reason of the said Whiston not loading of the said twelve,100,67,14,0.8571428571428571
eEMNnCTYJgaPRPW6,for or by reason of the said Whiston not loading of the said twelve,6Q9xqqBd0In0I4xS,for or by reason of the said Whiston not loading of the said twelve,100,67,14,0.8571428571428571
lX9s1LYu4gomLBB0,Charles the second by the grace of God of England,trQe5eMPRmws6XCS,Charles the Second by the grace of God of England,98,49,10,1.0
trQe5eMPRmws6XCS,Charles the Second by the grace of God of England,lX9s1LYu4gomLBB0,Charles the second by the grace of God of England,98,49,10,1.0
vPp8Ebgi7VUqkQsQ,of twenty seventy acres of land as aforesaid and all and singular the,d9LxBmleE1sPcbTo,sd fifteen acres of land with the demised land & all & singular,64,69,13,0.38461538461538464
aI94QnYrXA1qRrZi,"and for Euer guift claime, and Confirme unto my Said Son",yXPPcN2dGvCvoXVD,Sell Aliene release and Confirme unto the Said John,64,56,11,0.0
W84Lw7FYVOL8tFrx,age portion to and with the Said Elizabeth Vaughan Now in -,iFSqEaAMW62x9pZe,and grant to and with the Said Girles Duboies and,61,59,12,0.4166666666666667
f8QIolG5Xe3f2ZYp,and one rood and all and Singuler other the premises hereby,dAzOx3yB1d21xbwN,land and all and singular other the premisses,79,59,11,0.0
VbZcY4RkcIKyFzVc,the Full Sume of FFive hundred pounds Currant mony,ntJ8UoHMouQQM6xP,penall sume of foure hundred pounds of good currant money of England,66,50,9,0.0
P9tEpZZRztDeSdkC,to have and hould all and singular the premises with the apurtenances unto the above said,iUo1aWbtDRUIBIy0,To have and to hould all and singular the before bargained premisses with th'appurtences,72,89,16,0.25
9wdssHO7eGmXOlWg,estate of the deceased Earle of Carlyle whereof all that tyme there was fare ~,fnkzgge74EJdbXzH,and sell unto the said George Milles twenty acres of land or there aboutes fallen,53,78,15,0.0
G8Lbj4koER0KdcT0,the said bill of exchange to which the said Barton made answer,F6JPT9bRoDJLXhQj,failing to draw the said bills of Exchange that them the said,60,62,12,0.0
2ozi1Own8zA4ADUC,I John More doe assign & sett ovr: all my whole right title & interest,J3JjhcaKMzIJ8ftn,unto we & I do likewise assigns all my right title & interest unto ye sd land & wy,59,70,15,0.26666666666666666
7AjOpUt60TfQMKRy,peny to me oweinge as aforesd & evy or any pte thereof as to my sd,VAYhFhKkJZ9eE1aD,debts and any of them or any of them or any pte thereof but shall,58,66,16,0.25
fsGQONvf08WpRtoZ,executors or assynes the sume of Eight thousand pounds of the like tobaccoe in manner and forme followinge,bhgU4jvOaePGz1Oc,penall sume of eight thousand pounds of the like condiconed,62,106,18,0.2777777777777778
EnSU1hjHkeOgYelz,and Impositions whatsoever. And the Said Henry: Hutchin,QFCtC8AXmLCQUe9b,whatsoeuer And the Said George Reid and,60,55,8,0.0
CoUUBxj5EfFlDl03,Mcht & Nathan Gragly of Barbados mchant Ten acres of land lying & being in,jujrl9mvjv0Vy1ca,is to say five acres of land lying and being in ye,61,74,15,0.0
maPDcMdzp57pydiF,This Indenture made the the twenty and nineth day of,xHKVc0qg7H2OkX3G,This Indenture made the twenty and sixth day of January,84,52,10,0.4
Yid6ZCdtNOBegRdJ,the premisses by vertue of these presents In witness whereof I have hereunto,YoSOfHjNCeBUOIfV,and five with theire increasd In witness whereof I have hereunto sett,68,76,13,0.7692307692307693
BayKI3G7iytIBi9V,"Maurice Morgan , John Earle , John Seberry",A5DaidVD9OeXwmDJ,Wittness John Ackland: John Stone John:Frere,47,42,8,0.0
J3ZY5fFgDuk7sker,Ented Know all men in by these psents that I Stephen Howe of Darham in the,mgMCJ0LNM69dffZr,Knowe all men by theis presents that I Capt James Holdipp of the,68,74,16,0.0
aqTw9otCG3kCDQiu,or Meant mentioned or Intended to be Granted & Conveyed unto the s^.d Benj,nHG8uqzC6WToOtUF,menconed or Intended to be herein and hereby granted bargained and,59,74,14,0.2857142857142857
nHG8uqzC6WToOtUF,menconed or Intended to be herein and hereby granted bargained and,ttjajkZqSJjqII1z,mentioned to be thereby granted bargained sould aliened,69,66,11,0.36363636363636365
dp8N7j310savSZht,or by them pretendinge any right title or interest therein In witness whereof wee,vCaqnpSewqYgUady,or demding any right title or interest from by or under me or them In witnes whereof,72,81,14,0.42857142857142855
VC4fyNsDO9j3kOZ7,To all Christian people to whome this psent writinge shall come know ye yt I John,7S3dq4Ychd8teqvS,To all Christian people to whome these presents writeinge shall come knowe,88,81,16,0.6875
3NyZ0vCSVx2mWPFY,pay unto him five hundred pounds Sterl. part of the Port,EC06U91KV2mZpop1,paym.^t being two hundred pounds Sterl: to be paid and,62,56,11,0.0
4djkWNdRfrCQBFMC,merchantable cotton wooll that the aforesaid thirty acres of land is not formerly mortgaged,WivHrN13bDm2tjco,and to hould the aforesaid six acres of land together with all,60,91,14,0.0
C0BJGnJUYzHLYHjw,Singular the premisses with the Appurtenances,OOkbONklvlhlXX0o,Singular the premises with the Appurtenances and,95,45,6,0.0
AMQB9QlyeAJq0wvk,heires executors administrators and assignes for ever without,8uO5nvI30O6tA1qc,heirs Executors Administrators and assignes for ever will warrant,86,61,8,1.0
jlLJjhbNXmxOWjt5,"by these presents, that all and singuler the premises, now are and soe shall forever",P9tEpZZRztDeSdkC,to have and hould all and singular the premises with the apurtenances unto the above said,60,84,15,0.26666666666666666
JesQeqgmULF8vwiQ,apptening unto him ye sd Benjamin Andrew his heires Exrs admrs or assignes for evr,sCHwoLcDGNvBCDBA,unto the said fran O'Mulquiny his heires exers admistrs and assignes forever,67,82,15,0.26666666666666666
ejDLHm5h4lWWqiJR,lyeinge windward of Edward Browne and adjoyninge upon,StN9q7WeNT3EhvSF,windward one the land of Peter Palmer and adjoyninge on,63,53,8,0.0
UL8ikhp4e6Ec55fN,The bill of Sale on the other side was this acknowledged,MBfj9Lon0ieWmrKw,hill two have and to hold the said land to him the,57,56,11,0.36363636363636365
3Q3jk3jlXTdAttUX,wch is due to us or either of us from Thomas Wall Willm Bradshaw and Wm Wilcocks,uKzDWM9cJLIXRrpB,and means w^tsoever of and from Thomas Cooper of the island of B'dos,50,80,17,0.23529411764705882
Np9cR4uy6Y8hyqIU,unto the said Thomas Wall his exers admistrs and assignes att his or their will and,aVTe6fJsU1J6Lww9,unto the said William Thomas his heires exers admistrs and assignes forever and to,75,83,16,0.5
OkjmIPbenQC9clb2,and Effectt of the Said Deed in the presence of us whose,ik2J2jh39lYRPIih,Signed Sealed and delivered in the presence of us,65,56,12,0.4166666666666667
ztxc2RjJlYUpgpqi,booke or other wayes and all and singuler w^tsoever my said,7varDbZka3xNRyXG,Lord Gov^r or otherwayes and for the p'formance hereof we the said,58,59,11,0.0
ggux4tiyX0W3iPRj,agreed bargained and sould unto John Curtis twentye acres of land adjoining leeward to,LtNd5vIXaEDG5EKU,give grant bargane and sell unto the said W^m Yeomans twenty acres of land with,62,86,14,0.0
bomhHnAf3YeSmp0P,administrators or assignes shall well and truely pay or caused to,xXrBXDDjcweCgbDn,administrators shall well and truly pay or cause to be paid unto,81,65,11,0.45454545454545453
mUep3DpDetxco8e1,of them ye said Christopher Lyne and Elizabeth his wife,lPqvHR04F5aflaVV,And the said Christopher Lyne for himselfe his heires Executors,63,55,10,0.0
sb6H0XxGZGCFcs5P,more or lesse or there aboutes accordinge to the bounds withall profitts comodities,b7A7jpiDUjoPEhCN,heires or assignes for ever with all profitts and comodities -,62,83,13,0.0
bCnqDIE4YWoUwthr,"Exec:^rs Adm:^rs and assignes, That if the Said Richard",icFv4Q6icqzY5L6d,"his heyres and assignes, That I the said Thomas: Reade",66,55,9,0.0
HvLmggaMTeLY1m5K,for them before delivery which the said agents on behalf of the said company,7sHtBcoTymHoL0zT,the bodye of the said Thomas Morley on the bodye of the said Mar,59,76,14,0.0
rLcW2ctSM1dpERkM,Reeve and George Read to be performed the abovesaid Richard,MCag8sQOPuxFa23o,did demise grant and to forme let unto the said Richard,60,59,10,0.0
FUQEsJR1UFDadEJJ,inst rents & dues as shal be come due from the said,wWcnh1oLkGctIX80,upon it the said servantes shall to be imployed upon the said,57,51,12,0.0
t69q7vZgYrY7nBFW,or may accur or arise to the said appearer or any of them therein,KcVzW7uqdk4wNUN0,the great damage and Loss of the said appearer and the owners of,60,65,14,0.2857142857142857
fotfkvVpPZH1S75X,being received of the said m^r Abraham Chapman,GFJbP9EWpEzQORZE,Eviction or Ejection of the said Abraham Chapman his heires,67,46,8,0.0
yEPSBtKigueT63YI,for and in consideracon of the some of the some of foure thousand pounds of,JclfPGRJ7NobyoWw,for and in consideration of the sum of ten thousand pounds of,84,75,15,0.6666666666666666
crGEocrxhLquvVGA,Stephen hath hereunto put his hand and seale,iUu28y9QRMj4tUFA,hath hereunto sett his hand and seale ye even in London,69,44,8,0.5
ZAySEi2vlgtwlTB4,admistrs and assignes all our parte of that twenty acres of land fallen,4TkFBitTyFWhKRFQ,admistrs and assignes terme acres of land or thereaboutes being part of fortie,63,71,13,0.38461538461538464
fZyQb4BQmKk9oeH7,"Executors, and Administrators doe Covenant, grant",kjguwKWzp6RCsnKR,my heires executors and administrators for ever and,68,49,6,0.0
HthoIQphlDBcFIXp,God that hee did See the within named James: Keith an,F4RHudZS46CH3P3B,oath that hee saw the within named John Withing,70,53,11,0.0
KuxK31gOkAHfocFH,"in habitance in feesimple, And hath in himself good -",BZDBBS8zWdSNfLhM,"on Estate, in ffoe Simple to him and his heyres or for Ever",54,53,10,0.0
wFDxzNUskXMHtZea,"appointed for payment of the rent as aforesaid, and if it shall happe",H7hBCkmIzBvQAc7z,"Shall Erect upon the plantacon as aforesaid, Shall be appra",58,69,13,0.0
IpxyMLLEWhlwjXc1,Willm: Cumplin a Constable by a Ishams warrant,kY87HT8iCX75AFEY,to me in hand allready paid have bargained,48,46,8,0.0
ZfIICfPh1tHBcd3P,the lett trouble hinderance or molestacon of by or from any,QMg4og8fgDXG8ygM,Without yee lett trouble hinderance molestacon or incumbrance of me,73,59,11,0.36363636363636365
OuEGYmMT09IcmEbn,Togeather with all the houses Edifices building eas,4UGS9c9zz7tUEb7Z,Surveyor Together with all houses Edifices & buildings thereon,78,51,8,0.0
rs063BLUtxNXz7qJ,Gent am become bound & engaged in one bond o^r specialtie betwix ye date,pNMVEq12VgJwA3pa,in an other bond or Specialtie beareing date wth ye of the paymt:,53,72,14,0.0
sTyVL2nCeZrDPJFw,written Deede of sale to the use therein expressed,QzaZgLhcMatJHBzU,intents and purposes therein expressed To M^r Tho :,57,50,9,0.0
6WmaDed2Ie5WBKVk,Provided nevertheless That This Grant and Confirmacon,Pjhws4deTpf6vnvd,contained and expressed in this present giante to ye Contrary,51,53,7,0.0
tXHgjWYslgfsbYJR,have hereunto sett my hand and seale this foure and twentieth day of,ZmicBfRBm0Oj1Mqu,witness whereof I have hereunto sett my hand and seale this two and twentieth day of,84,68,13,0.9230769230769231
THZWM5WJ8LJFTJ52,them In testimony whereof ye said John Cooke,37E5BATnl2FQLSTd,so ever In witnes whereof I ye said John Ramsey,68,44,8,0.0
f0hic7FbgHSQbSvO,This 25:^th day of November 1674 made oath,3d7lglLZeIkmAm2E,This 16.^th Day of December 1676 M:^r Benjamine,61,42,8,0.0
EmgbnkOsfE2htYzE,former bargaines Sales guifts grants leases feoffmts : mortgages Judgmts : Execucons,CwfudMPmLHoY7Xrm,former bargaines guiftes sales grantes leases feoffements mortgages judgements,79,84,12,0.0
CZaeT06qk4B29Qib,particular & private debts & duties aforesaid In Witness whereof ye,SL9zBwTQiNt0Hm2c,Sattisfaction to be rendred for the Same In Witness where of the,58,67,11,0.0
nD0ymFgvn0LWHG2u,John Smith of the Pish of S^t James in the Island of Barbados carpenter of,Q6GobLKKErSVgYLl,I Thomas Radford of the pish of S^t James in the Island of Barbados planter,78,74,15,0.5333333333333333
8uwnh2ScFmF5elja,Costs and Damages that may be Comemed and arrea ag,HfOYQS2TRfhUooYE,"costs, execucons, and Incumbrances that may hear",53,50,10,0.0
6XBathpqHldH83Zq,this Island of Barbados have or did tender to the said Appearer,GP88oBquqOJCxWNC,in the Island of Barbados Gent. of the one part,64,63,12,0.3333333333333333
sBYwHvRVCJxz0txf,"payments, tenders, and Receipts of moneyes",Z6EiolVSRmaaEaJA,p:^rsents doth for him and his heyes enfeoffe convey,51,42,6,0.0
X9iBG63d1hHjtkku,Ford his heires executors administrators & assignes to enter upon possess & enioye as his,1DpgDn9K3tWBS6jr,heires executors administrators or assignes Hee ye said,69,89,15,0.26666666666666666
WvicwIv0Pl1XRDSE,To all Xpian People to whome theis prsents shall come greeting in our Lord God Everlasting,Jb8UD8TnCZs1Se02,To all Xpian people to whome these pnts shall come greeting in our Lord God Everlasting,96,90,16,1.0
WyjGNFSmwgHMZykj,debts in the Island of Barbados in the parts beyond the,GP88oBquqOJCxWNC,in the Island of Barbados Gent. of the one part,71,55,11,0.45454545454545453
XvlEjHDVybUpjaG6,To All Christian people to whom thise present writing,Jrm3V9E0DcaSAlZF,To all Christian people to whom this present writing,97,53,9,0.4444444444444444
eZG1CxzYLlB5S5Li,Intr Ut Supra -Signed by- Gyles Jenkins -,D5XSEvJceRvI0r7B,administrators and assignes and doth by these presents fully,46,41,8,0.0
s6HN2J1KWvNzw7sA,Sealed and delivered in the presence of John Gregory Thomas clarke,tsVliOumuhe5DHRJ,Sealed and delivered in the presence of John Davis,81,66,11,0.6363636363636364
aQHPYQFW9ktqEGp1,Land be it more or be it lesse being Butting and,UP0tYruDR5PQq3Zt,of land be it more or less scytuate lying and being in,65,48,11,0.36363636363636365
ZhAsYXrTBA0GrZEg,Assines To and for the recovering obtaining,YYLWa2J8KZyrX9Ly,ssignes and every of them freely and absolutely,53,43,7,0.0
j2LurOY7wQORapJ7,wise appteyninge To have & to hould the sd Moyetie or halfe,ourn8QsAJvGVBpQK,appteyneinge To have have and to hould the sd plantacon & all,70,59,12,0.5833333333333334
QUi3QTPXo3RN2M7o,edifices and buildings upon ye said land erected -,quX3RgfyaJK52w9H,buildings upon the said land erected expecting what is,67,50,9,0.0
1oHGkWjXggtZVvCF,Benjamin Wright his heires Ex^rs Adm^rs or assignes or assignes or any of,bJEjzOhDWA5bPClV,said Robert Lea his heires exec^rs adm^rs & assignes in the Porch of,67,73,13,0.38461538461538464
ctrKB2ty7ejUNoKd,hereunto moving but principally and more especially for and in Con,ybHdxwIi0RiAjWm7,"him there unto moveing, but more Especially, for and in-",74,66,11,0.45454545454545453
1RVuCVydhJZXHoar,"Slaues viz^t eight men negroes named old mingo, Young Mingo-",xyssAJSwpQa7qxxu,the paymt of Eighteene hundred pounds of good sound ~,48,60,10,0.0
P3BeMsw0GJEc732E,part or parcel thereof the Invacon of the forraigne enimye excepted &,fbWcVnYOtostMMFx,onely ye Invasion of the forraigne Enimy Excepted,71,69,12,0.0
uSaaRnyLguxN3qlJ,the said Capt James Futter his heires and assignes forever provided always that in,QirrDMYOugoobTuo,said Capt James Futter his heires and assignes for ever twentye acres of,78,82,14,0.35714285714285715
6o0C4w7bAdzGxpyf,or thereabouts to be delivered unto His and W^m and Thomas or their assignes with the said,8s1oFRDjMsjVQ2Z0,of of well cured Muscavado sugar to be delivered him or his Assignes in the,57,90,17,0.0
YOB1qMVWwkwqKYlb,hundred thirty Eight tobaccoe due to Mr Mathew Willet & the same,PvBgyjl1vyTTRrSF,the lett suite trouble molestation or deniall of me the said,52,64,12,0.0
MwUzVCGmj8nKSPVY,Matthew Greene the aforesaid Land & premises and every part & parce,fHfmC6iWjLVmHVat,negroes and premises and every part and parcell thereof,66,67,12,0.0
jlsaq14SPRnlAggI,and To Hold the said twentie acres of land to them the said James,WivHrN13bDm2tjco,and to hould the aforesaid six acres of land together with all,71,65,14,0.42857142857142855
fegDvq4KqsKvEPsk,of these presents Inwitness whereof wee have thereunto set our hands & sea,WLhHuqJIdyttWi11,In witness whereof wee have hereunto sett our hand and seales this,76,74,13,0.0
IcNepOR6soVfBgWO,and find all to contayne seaventy and three acres according to the statute measure of England,XIFI1G3tlZYbWVYQ,find it to Containe Tenn Acres or thereabouts Scituate lying and,55,93,16,0.0
bvNtQfVwBFheDCun,Eviccon or hinderance whatsoever of him the said Richard Willi,5DCjjVWyA8b3iYuy,molestation trouble or hinderance of me the said Richard Isham or anie,62,62,10,0.4
YYLWa2J8KZyrX9Ly,ssignes and every of them freely and absolutely,EASNjYXyJK56LqCo,assignes and Every of them shall and Lawfully may by force,67,47,8,0.5
JalL0RUsqS0y41i5,"Second by the grace of God of England, Scotland,",bOI6uZuHCjnvFGsW,"Ann Johnston by the grace of God of England, Scotland, ffrance",80,48,9,0.8888888888888888
yakxcIlR15AgfWkn,maner of thing +things whatsoever now thereon growinge + being or any,lGFgeDZh9ZBx3n9O,"other whatsoever thereon Standing, Lyeing and",60,69,12,0.0
eSC9eMR9O9e5yo7Z,"now or late of Richard: Howard, upon the Lands of",5RbF9LQzXtURcpOO,the Island aforesaid bound upon the lands of,58,49,10,0.4
pLl5zyMnE21azoi0,hatchetts two howes two cotton baggs and a paire of bedsteads,1NUV8e9YtVPQo2c3,the said Ketch is not to the great losse and damage of the said,53,61,11,0.0
jC3LYWViPYtzpjb5,To have and to hold the said parcell of land with the breath aforesaid,YT9l79SoiGWSa38W,To have and to hold the said plantacon or Parcell of Land with all a,75,70,14,0.7857142857142857
cC6ZKPmuMEGj9dCg,& Charles Wilson to have and to hold to ye abovesd Jo Gunning his heires Exrs Admrs or ass,z0QbEkIoiVzYZ2Is,prmisses wth the apptnes unto ye sd Nath : Ling his heires Exrs Admrs & ass freely,60,90,19,0.2631578947368421
A3HYU3omvwSCaZFC,At thirty days sight Pay my first Exchange my second and third,dHlov1obK7FBBM8Z,At thirty days after sight of this my first bill of Exchange my,67,62,12,0.0
btXc5htjqD774Z6n,parsell thereof to ye onely use and behalfe of the sayde George Greene,8RljdKCx8vRbzgDX,the date hereof To the only use & behoofe of them the,62,70,13,0.0
48MQ0jL6VMY8UJpn,tunes of Sugar Barbados as tunnage and fifty bags of cotton two,GP88oBquqOJCxWNC,in the Island of Barbados Gent. of the one part,51,63,12,0.0
n1oDC215ogiNEm48,"Richard Fawcett, Thomas Clarke, W^m Bluant",simfQ8IiScWS2y7H,Richardson which is now or was late in ye tennor,47,42,6,0.0
xvDyStDxA2P2X17z,thereof Doth hereby Acquitt and Discharge the said George,8RFbyc9FW5fEqIff,"where of we do acquitt and discharge the said Peter Hancock, his heirs",65,57,9,0.0
1vRG2yH4TcqSmMqj,Nicholas Rice North togeather with all the houses,7swjLY3My7twTDtr,forever together wth all & singuler the houseinge,61,49,8,0.0
9JvRXcUlofW9i70R,of Febuary 1641 - Sealed and delivered in the presence,UUMGGElAnTqRKlfO,Sealed and delivered in the presence of,77,54,10,0.6
OJhRQ83sCjOmDnwA,Gent for a valuable consideracon to me in hand paid and,qrnDdzUyfIWC1P92,a valuable consideracon to me in hand paid wch I ye sd John doe,76,55,11,0.5454545454545454
rfsOMe2VudDAXl3O,the condicon of this obligacon is such that if the above named Henry,WpIvFoB9JbSegK5i,The condicon of this obligacon is such that if the above bound Xpofer,89,68,13,0.5384615384615384
Vf0sgib9T70aFqO7,and either of them theire and either of their heyrs of,6TYkTUhfhTCOxfHT,Michaell Davison and either of them their and either of them heires excers admis,73,54,11,0.7272727272727273
KIOp1Y9WPWuNARA6,Comander of the ship called etu William which Appear did,28i5Fm0YKNEqhvMj,Comander of the ship called the Thomas William of,72,56,10,0.4
xqfxQ5PkdzOtUSWo,like cotton wool Ano 1642. And three thousand first day of June after And lastly three,4djkWNdRfrCQBFMC,merchantable cotton wooll that the aforesaid thirty acres of land is not formerly mortgaged,51,86,16,0.0
o5bo2OIsyMgRlJgx,Sterling money of Barbados to mee in hand paid & secured to be,nQmK2stLS9x3obaz,sterling-money of England to mee in hand paid by John Milles of the,70,62,13,0.6923076923076923
ORKkWTLEdtXunH9B,signe seale and as his act and deed deliver th,FqnUnttigcAxe3cZ,side as his act and deed given under my hand,67,46,10,0.5
isjAKVuE4uo1SIve,Vertu^e of ffull power and Authority unto me granted from his most Sacred,Ep7XOjODFkBXrIPI,thereof my full power and lawfull authority for me and in my name,65,73,13,0.0
xpPakfrXzwQzzLmH,w.^th the s^d Thomas Crosse & John Lastilas theire heires executors administrators,EBYdY0NQbMmFg6As,to James Thomas his heires executors administrators,71,82,12,0.0
zGccciTvZEHDjM5G,recorded nlt: have taken and freighted the shipp called the Metior of Wover of Nathaniell,XYpz5ZAUieKxmA9I,Price of the same Island gent I the said Wallis doe hereby for me,51,89,15,0.0
tCBJ8f93Glz084Gm,writeing under their hands and seales had and made between them haveing,PuQrT7KQ0b429iKt,have sett their hands and seales the day and yeare first above written,62,71,12,0.3333333333333333
qLAsM04P89Hwzbhl,of the sume of six hundred pounds of Tobaccoe in hand received as also for,x9pBxKE2rzy7UMXG,the six thousand pounds of Tobaccoe and if in case yt ye said Sixe,61,74,15,0.3333333333333333
6ErMq1Ryw1OnL1Gs,presents doe give grant bargaine and sell unto Thomas Macolley aforesaid his,fmGcACgpdDTovfd0,these presents doe give grant bargained and sell assure and confirme,71,76,12,0.5833333333333334
UDOQSw2eYIzn9B0n,the recovery receiveing acquitting or dischargeing of the premisses shall be requisite,2InsqdtKzZoNV9fT,acts thing & things whatsoevr with in or aboute the pmisses shall be needfull,54,86,12,0.0
11iuHKmFVcYPIuRH,Tobias Foote of the Island of Barbados Planter for full satisfaction,MtCzWngHTnPqlTKb,in the Island of Barbados Planter and Elizabeth his,66,68,11,0.5454545454545454
IMAXPyAav6pslHfy,St michaells in the Island aforesaid containing in measure thirty,CduRh5IjwfP6hYb8,S:^t Michaells in the Island aforesaid and then and there,75,65,10,0.4
INWVUFR8NU0fCC5X,"meanes, assent, consent acte or procurement and I the sayde Anthony",Lo17KAICfGBYQFeE,by my meanes Act consent and procurement And I the,67,67,11,0.0
OKnxmKgOapGPXLeS,"Greeting in o^r Lord God everlasting , know ye that",vr8RbWnLaMGq9RyH,Greetinge in Our Lord god everlasting know ye that Lieft,86,51,10,0.0
ZiZWgpelxejKZpXf,any other pson or psons whatsovr claymeing or ptending any right title,f12FNNKmltSlc4ks,other pson or psons wt soever clayming or to clayme any right ~,78,70,12,0.5
GwhdWP8hCtKVaDvp,hereunto sett our hands and seales this xvi^th day of November Anno Domi 1639,m0y9JGPFARFAT1CF,hereunto sett my hand and seale this seaven and twentieth day of November A^o Dm: 1640,79,77,14,0.5
j3m24ehi8mj7TCsX,for the use or uses benefitt or behoofe formerly expressed acording,S7HFCNO6W96psFjs,of them theire or either of theire heyres or assignes,52,67,11,0.0
SUHOikQqiZVhzIjA,breadeth north and south 75 Poole The corner trees marked.,9WnZHqY88T78Cgvz,the some and somes of money herein after menconed & agreed,52,58,10,0.0
9bVFZcBcbFr8yg1r,man servant named Howlett one boy called,G2uCGWo7RFvAQZJe,man named Antonio w^ch is betwixt W^m Jones & the said,49,40,7,0.0
H7nLSXKRFVK1ITr1,Enemy expected In witness whereof I have hereunto sett my hand,zOSiFidOvVnz7S2Y,hereafter In witness whereof I have hereunto sett my hand,87,62,11,0.8181818181818182
uDMih4ThyivbzSZL,Comander of the ship St. Robert and company did plunder,KIOp1Y9WPWuNARA6,Comander of the ship called etu William which Appear did,61,55,10,0.4
yuOHmE0mTFMTlEsU,said Morgan Powell my heires exers administrators or anie other person,PFgjIXBnNPg6CTqg,said Allexander Mullins his heirs Executors administrators or assignes for ever,67,70,11,0.0
XN6E32VUdTiHnJuQ,1647 of Barbados Mchants Joyntly & servally wth our Joynt and Servall heires Exrs & adrs,z8BhongwulazPuay,Barbados in the west Indies or of their sevall heries Ex^rs Adm^rs or goods,53,88,16,0.0
UpwQWMO0k03nTAgo,before had from Walter Powell of the said Island planter doe hereby,bXNXO8827HliedrZ,Wm Lea and Wm Cave both of the same Island planters their heires exes,63,67,12,0.3333333333333333
8ZMhpQyD4Qu8M8g6,Westward in length one hundred twenty and one,AUbjIBx6U1nJn1KP,containing by Estimacon one hundred twenty and nine,69,45,8,0.0
1s8Yupy1sNKzgTdF,whatsoever will warrant and by these presents,BYjohYs0QvMBJQSG,will warrant and defend by these presents And know,72,45,7,0.5714285714285714
zl54SNMfCkgFs8kM,"p^rmisses for ever more w^th,, out the lett hindrance deniall",yeUdyvADpoCWrxC5,appurtences for ever without the lett hindrance suite trouble,69,61,10,0.0
eNsUTM0DLAOMvIyE,to say fower thousand pounds of the like condiconed cotton att or on the,6jccAhEqemAtq77Y,thousand pounds of the like condiconed Tobaccoe above,72,72,14,0.42857142857142855
OJtuqPDbTO1uaObw,"for Ever, one fourth part of ^all that plantacon Scit",3j3qquw8Bvlnligt,afores:^d for the fourth part of the house as,57,53,10,0.0
yjuEwa1rkltz3qWd,date at Westminster the fower and twentieth day of ffeb^ry,tXHgjWYslgfsbYJR,have hereunto sett my hand and seale this foure and twentieth day of,62,58,10,0.4
mhHgNx3WIGoDXOQn,bee in the yeare of our Lord God 1642 at a convenient storehouse by the seaside,8NzDIKPDzcK9HEne,of June in the year of our Lord God one thousand six hundred sixty,63,79,16,0.4375
TBkSCwCcU36wNBrO,twenty acres or thereabouts fallen and unfallen situate lyeing and being in Christ Church,UZcwP3NEABicHt0a,Acres or thereabouts Scituate lyeing and being in the pish,69,89,14,0.2857142857142857
M9wBW3SDiQfFyYXe,ye said Stephen Thody for ye consideration ~,BGlpNQVxVxqmSrqI,and the said Thomas Dowden for the consideration aforesd,64,44,8,0.0
OjZ3YibcJTPhbYbg,"enfeoffed and confirmed, and by these presents doe fully clearly",6kWodZ3gz78rUob6,Sell Enfeoffe confirm and by these presents doe fully and,83,64,10,0.6
8RljdKCx8vRbzgDX,the date hereof To the only use & behoofe of them the,W7hYYAfRyLnR9AZl,to the only proper use and behoofe of the S,67,53,12,0.0
YYARFiOtpqQjTBYy,To all Xpian people to whome theis presents ^writeinge shall come Michaell Cooke of the,k2kNQku9HEPMYAXU,To all Xpian people to whome this presente writeinge shall come I Thomas,82,87,15,0.5333333333333333
lxumDhqQ3FH9OuMy,or any other plantacon that the said Richard shall come to live on but not to cally am,eNeHAUkUmpMXWl1l,windward and the plantacon of the said Tho Mayer and Peter Bray leeward,55,86,18,0.0
JUgQhXGbQJZlKPVo,"if I the saide Mary: Sanders my heyes, Exec:^rs Adm:^rs or -",5sFX4xspPfGIzYtx,the said James Butler his heires Executo:^rs Administrato:^rs,60,60,12,0.0
jnnZVmVPaxU2KgRY,posses and every all and singular the premisses and there appurtenances and,P9tEpZZRztDeSdkC,to have and hould all and singular the premises with the apurtenances unto the above said,71,75,12,0.3333333333333333
l063vbDUyBBc7yKP,hold the saide Plantacon Lands tenem:^ts negre,2uXhwofies5eR2oT,so all the Said Plantacon Messuages Lands,60,46,7,0.0
PT3AenHi7AYJEcNX,for ever and we ye sd Tho Merricks & Adam Morgan doth by,zXdnixdP0oVRSXLt,wee ye said Thomas Merrick and Adam Morgan,67,56,13,0.0
Pom37V7sjiunLo8N,to whom & as the said Othniell shall dirrect or appoint the Same,5QXHPGkXWezPug3e,whereof I the said Phillip Enos have hereunto put my,55,64,13,0.0
MazVb1Mh2FXwcDvh,"P the Grace of God of England , Scotland , Ffrance , and",d6ZWfj6IpmfKvxG8,by the grace of God of England Scotland France & Ireland,86,56,13,0.46153846153846156
wJfMMYu3yasAyXfU,bargained and sould Audley this pnts doe give grant bargaine and sell unto John Holland,6U6ZefyJzJu2rHD6,given granted bargained and sould and by these pnts doe give grant bargaine and sell,75,87,15,0.4666666666666667
pVGFW0NPc1GUemR8,foure thousand and ffive hundred pounds of Lawfu,xvJpYswwN9v41x7B,of nineteen thousand nine hundred pounds of good,71,48,8,0.0
8AwC3HmCSePRxg9Y,"Sandiford and Edmund Sandiford appeared be fore me, and",QsoYWbDpit1yQBXH,ove~ name Judith Powrey appeared before mee,57,55,9,0.0
uUl0TMCWNKnTqM2A,March In any of the said yeares from the day,rTIOND7IIUfQOqgS,or by reason of the said Denham's not sh,60,44,10,0.0
pyseFPAu9SKib610,"called Peeter, Robin, Nick, Mary, Phillis, Priscill",5hPYf7Fz46fDbygn,"all the houses, Edifices, w^th all other profitts, priviledgs",45,51,7,0.0
RWUXQR1iOg5OPctY,standing or growinge to them the aforesaid John Robert and Wm their heires exers admistrs and,buiofUS8irrEm9fw,unto him the aforesaid Thomas Bacon his heires exers admistrs and assignes,66,93,16,0.3125
ro7qE721txjtvUw1,before then sealinge and delivery hereof doth remise release and forever,pvc9AiedHsceu3E2,"before the Ensealeing and delivery of these p:sents, well and",72,72,11,0.0
d6XfPKoIVU27c66l,nyne as alsoe another bill of fifteene hundred pounds of cotton beareing date w^th theis,97oKGKOJUAIUh24H,for and towards ye payment of fifteen hundred pounds of cotton to him due,65,88,15,0.0
uKAotL71WbWb7fLC,before Rehearsed and thereunto Belonging to,DsvZ7m0DhsCp91jc,and boulster and all thereunto belonging except,64,43,6,0.0
kaACSMEscosTsS3D,admistrs and assignes forever without the lett suite trouble or denyall of mee the said Thomas,9CsOlh5i9maNWqaD,admistrs and assignes forever without the lett suite trouble molestacon or other,80,94,16,0.8125
Ahet7zqqyTPf9gL2,to have & to hold the foresd Twentie acres unto him,Y9GsTDYv2epVWqXc,To have and to hold all those three acres of Land more,63,51,11,0.45454545454545453
fGa0q4XicRjkmauX,Sold aliened Conveyed enfeoffed and Confirmed And doe,G7WoVUJi8mFdQVIr,"Sold, aliened, infeoffed and, Confirmed,",75,53,8,0.0
VV5UwnA5P2GjkloN,any manner of right title or interest in or to ye sd pr bargained prmiss or any pt,HGUACxe3JvWF5gfB,any title or interest in or to the sd Ten acres of Land,67,82,18,0.3333333333333333
9W3yiUxodnd4ir2e,Parcell of Land Conteyneing by Estimacon foure and,pUIuo5O3ovG3QsKM,one parcell of Land conteyneing two acres two,67,50,8,0.0
JVJAVgXOKwRDSQB4,"William Hilliard Deft the deft to delivr to the pl^t,, one man servant w^th the",HYZAZH2isRdweAyw,of land with five men servantes and one maid servantes for the,51,79,15,0.0
3KE4wDpnX0BJXPWl,In Witness whereof Shee the Said Madam Katherine Be,Can6yHzdv70dzpcz,In witness whereof I the said William Dighton have hereunto set,65,51,9,0.0
spfNiCspZflABAwz,said John Burrows and my heires ye said granted,td8YAjp8lg1xhS91,the Said Bryant and my heires and all and Ove,59,47,9,0.0
7Ei4U1aODW1oJ3T2,us hereunder witten as wittnes our hands this 19^th day of ~,3cAEKtKC5vYyE1U1,to any of the within pmisses as witnes or hands & seales this 17^th day of -,66,60,12,0.0
vlohjckhLew1bXwF,in the said will and that he had heard of the Kings grant or Lease,IgAEcrBJSBeefq48,the said William and Mathew theire heires executors administrators and,59,66,15,0.0
eventWQyxdITQAuS,the said shipps hire the said Appearer further,sbFk0Z9or8ZAgxUc,the said parties that the said Raymond should wth,59,46,8,0.0
XtSzA1aS8OyoGTY0,"heyres & Assignes, immediately at the Day of the",AUTGNr3KuqkF0AV4,his heires and Assignes and Every of them by these,61,48,9,0.0
dPqW0hdkDzEtEV8W,Everlastinge Know yee that I the said Bennett Allett for and in consideracon of,pFlZH3cvf9jM70j1,Knowe yee that I the said Peeter Parker for and in consideracon of the summe of,72,79,14,0.7857142857142857
QYjkphcuKiCqxlnJ,other Pson or Psons whatsoever lawfully haveing or claymeinge from by or under,7ZzS1VuuCroe8miX,any other person or persons whatsoever lawfully haveing or claymeing from by or under,92,78,13,0.6153846153846154
dqZ9oGgZDCNM4VG7,To all xpian people to whome these presents,zRqAVHYvO7RvVhKb,To all xpian people to whome this present shall,91,43,8,1.0
JoCtrXreXFkorwBX,thereof doe for myself my heires exe^rs Ad^rs & ass bgaine sold,v4V0jo5CDCiKBzRu,Terrell doe binde myselfe my heires exers admistrs and assignes in,68,63,12,0.0
bx3M3TnlqSeIoiRV,Twenty Feet in breadth a little more or Less and in Length from I the said Aree,68CNOhib0Ck65VUc,negroes and Cattle to Come and Pass in by & through the said,55,79,17,0.0
ZOatEE55qiuQIx9N,To all Xpian People to whome theirs prsents shall come Henry Voadar and,zqaHoco80CpzaBd9,To all Xpian people to whome theis prsents shall come Henry Weston an,90,71,13,0.46153846153846156
cuwMP4psiMzEQhQe,and administrators for ever by these presents Hath granted bargained sold,rCYduDSOqXYknJX3,Singular other the premisses in and by these presents granted bargained,64,73,11,0.36363636363636365
R6iYPb7MHFiHtXH6,This Indenture ^ made this twenty fifth day,maPDcMdzp57pydiF,This Indenture made the the twenty and nineth day of,78,43,8,0.0
3sxH9rFtmZzlhTmb,Anthoney Terrell all that my plantacon late purchased of one William,MRBwBI4V3OJ1WOFY,in or to all that plantacon or percell of land Containin,58,68,11,0.0
a2vobEfkl6Ac3d5J,dues duties claymes demands or Incumbrances whatsovr:,xbxZLBlxD2eKD5yb,"execuson dues, duetyes demands and all other incumbrances whatsoevr",72,53,7,0.0
IQUTEJsjQSEEvguo,Executo^rs administrat.^rs and assignes shall a,5y4unaLjqV9Asnb6,Executors Administrators and assignes all that,88,47,6,0.0
NRC3nf5giWhLUyw9,*lynes adjoyneing on John Lawrensons plantacon and the foot - lyne upon the *llyle and,1BJCFSYqRhJ5BPwl,Hollbrooke or our assignes and aboutinge towards the south upon the land,53,86,15,0.0
BzslBC3Y4o34xeZj,Eustace Hatch his heires & assignes for evy: the above named,Z8vLvdiAnTvBaFFF,Oaker & Mason theire heirs & assignes forevr: To have,64,60,11,0.36363636363636365
UQtvTDQLHHK4rW5i,engaged and mortgage the above menc^oed xx^ty acres of Land withall and,YT9l79SoiGWSa38W,To have and to hold the said plantacon or Parcell of Land with all a,59,71,12,0.0
XRRpqOq44BAzgcwg,theire owne proper Cost andCharges plant or cause to bee planted upon some part of,F04TJpsiXPaAqmmQ,their owne proper Casts and Charges the Said,60,82,15,0.26666666666666666
3wDD4BlRA4iyp8zC,hereunto sett my hand and seale the 17^th day of June 1659,cvRG47ZPbT7j6O8H,hereunto sett my hand and seale this 20th day of July 1640,86,58,12,0.5833333333333334
dBKofM1BpbY2p7NM,and Jon Robinson windward and butting upon the land wch was,l1FKZyakrkxCdpWn,lands of Wilson Clarke and leeward on the land of John Pattin,57,59,11,0.0
DmBEKU1M4df04aiP,"Thomas x^ Sign Vyntton, Richard Credge",paN6TWcDWX0qXWcU,shall come greeting know yee that I Richard Newbold,49,38,6,0.0
69p7rZuelMHjMPVq,before the moneth of November which shall bee in,NOvwLWkOlFRCy24q,Indian bridge at or upon the 30th day of July wch shall be in,57,48,9,0.0
5TTXn3gECMavptc6,recovery discharged also or other wayes well and Sufficiently,9Wvgfygw2wMqZcUD,recovery And discharged or otherwise well & Sufficiently Saved,80,61,9,0.0
XIMZRt7YnoPiFA2m,Greetinge in Our Lord God Evlastinge Know ye yt I the,vr8RbWnLaMGq9RyH,Greetinge in Our Lord god everlasting know ye that Lieft,81,53,11,0.9090909090909091
hKEIOZXLyI4eiyzA,"Deed, the said Elizabeth acknowledging",NEPwl39BHzA7xdIn,hee the said William: James doth acknowledge by these p:^rsen,61,38,5,0.0
6XmBlLjsuZMQIKET,that his parcell of Land Lyeing and being in the Sai,jujrl9mvjv0Vy1ca,is to say five acres of land lying and being in ye,69,52,11,0.45454545454545453
LLuAmVR5uoXhuogp,planters for good and valuable consideracons us thereunto moveinge Have granted,crAhhCkMuLypKbsb,good and valluable consideracons me hereunto especially moveing Have given,75,79,11,0.0
cJdOKPGNYChD5oPo,that is y^e said Robert Hollings shall be minded to Learne off,6maa3GUUxFz7A8zV,that when the aforesaid fower bills shall be fully satisfied that then this,57,62,12,0.0
yDOQHhRfQZ0bIZ87,warrant and for ever Defend by these pnts And the,kDa9U4UqGWlG6g3O,"and for ever Defend by these presents In Witness whereof,",74,49,10,0.0
JdAQeZUNdjipeRhz,Johnstone his heires Executors Admrs & assigns forever. with,gNSav5n4F15yMnkU,Browne theire heyres Exec^rs: Adm^rs: or assignes forever,72,60,9,0.0
cfzujCAf7oAQJetL,or more under him or them to revoake at his will and pleasure,gxLPauNi31vAGDat,"fro: or under them or either of them, Doe & Will",57,61,13,0.0
KOeFDGxdF2KkxkqX,their heires & assignes & evy of them yt they the sd Stephen Tho James & Martin Noell,BInQlEimJy17x1Aj,their heires exrs admrs & assignes for evr & I the sd Tho Clarke do for my self,60,85,18,0.0
yuAlAcaJaxLIbQ3h,Rous of the parrish of S:^t Johns w:^ch Execution w,VU5NsNdRsYsqDrlD,of the Parrish of S^t. Phillipp in the said Island gen,55,51,10,0.0
Z8LokcFZ1YWTcK94,Have given granted bargained and sould and by these,17EGzd8T7Z4ihxKL,Have given granted bargained & sould and by theis,94,51,9,0.8888888888888888
PAGFQarUDULAzQP2,currant money of England to him in hand by the said George,nQmK2stLS9x3obaz,sterling-money of England to mee in hand paid by John Milles of the,66,58,12,0.0
qErfwW1f1BVojNuB,the day and yeare first above written : . the mar,PEDuA2X7UMMTNVaB,the day and yeare first above written :,89,49,11,0.6363636363636364
QOpmX7bZjB92Ow7V,five pounds att ye house of Edmunds Keysar the 1^st Nov^r 1640,MibJx6ArKT1dh3mj,I have sett my hand and seale the xx^th day of November 1640,54,62,12,0.0
cV7NRWoBFjWP8v5c,Delivery thereof was owner & Seized of the P^rmises in fee & had pers,LFoLBQrgX0TFJM1K,freighter there on and all other persons there in Concerned hath hereby,54,69,14,0.0
EQUdngFutoHbXl4C,me my heires executors and administrators for divers good causes,kjguwKWzp6RCsnKR,my heires executors and administrators for ever and,83,64,10,1.0
BY7CP8pVWx0mJqQi,had made comitted and done by from or under,89P7zcSPms2WZGNF,"had made, Comitted or Done by us or either of",70,43,9,0.4444444444444444
wEIYFw6KGuyrlbuM,every part and pcell thereof Together with all the profitts and comodities whatsoever,W98g7gKXgYs3I4w4,Abbott leeward Together with all the profitts and commodities thereupon or thereunto,66,85,13,0.6923076923076923
qMBQQmXN4YiZXSsm,convenient storehouse neare the seaside and for the better securitie I,9YeE14A7D64MKo7u,convenient storehouse neare the sea syde for the better and securer -,88,70,11,0.0
VOBXTUIBGh34hetY,assigns yt he shall & may peaceably & quietly possesse,sji9Sx7KUopPT6in,and Hugh newland Shall and may peaceably & quietly,67,54,10,0.4
CrpQuvnD9Mvb6SiP,lands of Capt^n Thomas Ellis in the parish of S^t James To have and to hould,xOgQ4R9OWOuGIIzo,Capt Edmond Read in the pish of S^t James in the afore s^d Island of two,61,76,16,0.6875
JyvxZH143hyDwWNl,being four hundred negros and hath brought but one hundred,a8xYoGsr4Qqt15Y6,selves either to other theire heires executors and admintrs in one hundred,53,58,10,0.0
klGWOini4uRn1tGQ,thereunto belonging the which Land or Ground,TgNODagxcUgKBFM2,thereunto belonging To have and to hold the prebargained,64,44,7,0.0
ZMDkoUybjsYsBWV1,ially for my intire affection and care have given granted passed,Ej4kqc5u7U7xZ05p,of the aforesaid Island have given Granted Bargained,60,64,11,0.0
rp4H5pJTa7wJSk7A,one Morgan Powell tenant in the sd lands together with all houses,AnBi72G3gqOqRrDh,"Pinfold west on the Land of John Jopson, together with all houses",65,65,12,0.0
RoG6xCT4KjHkzZjV,Sand Four hundred pounds of musc:^o Sugar to mee paid an,EC06U91KV2mZpop1,paym.^t being two hundred pounds Sterl: to be paid and,64,56,11,0.0
3QRn6pjkjOSX0CoS,unto M^r Revell thirty tunne of baske thiese said goods was to the,Eh21dBzhzMdoB23D,Compute the tunnage of the said cotton with other Tunnage,55,66,13,0.0
b7HjDFQcuzrzh7RV,& for ye accompt of Mr Roger Pill & then att ye arrivall of her,3evlRU96UPHFm1nK,two tonn of Bristoll hogshead in fifty days time after the arrival of the,54,63,15,0.0
oPj6r0jedkYtMV0K,aforesaid have hereunto sett o^r hands & seales. This sixteenth day of Novembres Anno Dom 1642,GwhdWP8hCtKVaDvp,hereunto sett our hands and seales this xvi^th day of November Anno Domi 1639,76,94,16,0.0
ZANKTAgUUXmhv1kT,the above bargained premisses unto the abovesiad Richd,qqH40JvsIEX8vpgh,bargained p^rmisses to the said Thomas Batson his heires,60,54,8,0.0
2GVTk6xsn89eHnZ0,whatsoever had made comitted or done by the said Richard Seawell his,G3iB7r2iLw39gGvl,to be had made committed or done by ye said John,71,68,12,0.4166666666666667
GjqXnDwNzHVzIRBl,"othere pson or psons whatsoever, by my meanes, act, title",ZiZWgpelxejKZpXf,any other pson or psons whatsovr claymeing or ptending any right title,68,57,10,0.0
RGhk1U3NC8ThYLiQ,Hartley did then and there make answere that hee the,KZTVjVqEg9wEXuA5,did then and there produces a Certaine paper,60,52,10,0.4
9acI3ilidwpiVkcI,Side of these presents before Signeing -,QYlFnDLwDjoHUOgB,the Said partyes to these presents have hereunto interchang:,62,40,7,0.0
7ZHsmcYMGHSoNkRc,Junii 21st 1644| To all Christian people to whome theise pnts shall come greetinge,JBBP5cmkribqYZrQ,Intr 23^o die To all Cristian people to whome theis pnce shall come Greetinge,82,82,14,0.5714285714285714
pW2d1LV7gleGujE5,known and manifest unto all Christian people that upon the,0gWmNaermdMD62tk,it known and manifest unto all Christian people that upon,94,58,10,0.9
TgNODagxcUgKBFM2,thereunto belonging To have and to hold the prebargained,EgRt7NnKRjukmXzY,thereunto belonginge To have and to hould the said twentie acres of land,78,56,9,0.7777777777777778
ppLPLXWGkskyzQjg,Phillips in the said Island and conteyning by estimation two,3bkcIaQT7gK912kM,of them which said housing and land contain in all by estimation,65,60,10,0.5
ovO0ctCAoK4kInXO,ponds privileges commodities & advantages unto ye Same any ways ariseing,MHvB4Riv5FwWmk86,prviledges comodities & advantages to the same belonging or in any wise appteyneing,71,72,11,0.0
tanz0KqG2QfQhlPA,on or abouts the foure and twentyeth day of July one thousand,9d3AQIGYHQyCQTYs,Upon the ninth day of August One thousand,63,61,12,0.0
puiTYVFR8BZlYZwv,"~Add~ Anderson, To have and to hold the afores",5yWeBTAjKz4Z9wI3,or in any wise appertaining To have and to hold the before,65,46,9,0.6666666666666666
q7i5BfOXzAQArEeb,yeare of the Reigne of our Souereigne Lord Charles the,LacYGRQHLjuX6YI1,yeare of the Raigne of our souveraigne Lord Charles,90,54,10,0.4
msrIuXCQhrjkrha9,the prmises to doe say pursue implead seaze requested attach arrest imprison and,eQYfd8CWpwhiJMAl,sue implead seize sequester attach imprison and condemne,65,80,13,0.0
0pAcgRa77LVPNKpY,Scituate in the towne of St Michaells at this Island,BuM3VCVtq1WkwjyQ,Land Scituate in the parish of Snt Michaells Cont: in,70,52,10,0.0
1OQyYV09ehJBG33b,the same And in witnes whereof I have hereunto,beAivJwhwcRiSSOa,thousand pounds sterl in witness whereof they have hereunto,76,46,9,0.4444444444444444
REsL1mjwfhqSYLDH,of land conteyneing Thirty & six Acres of Land or thereabouts,T85PtmjHWp5dZ2ZZ,one plantacon conteyninge by estimacon tenne acres of land or thereabouts That is to,66,61,11,0.0
HYZAZH2isRdweAyw,of land with five men servantes and one maid servantes for the,jVzFYObHIdSw2cev,Acres of Land with the appurtenances and all and every the,62,62,12,0.0
HEbMU8OlL2vgARkJ,"upon the Land of the s^d: Nicholas Campion, East upon",WKFGgvxqjy28OcWQ,North upon the lands of the said Mr William Kirton and East upon,68,53,10,0.4
AN58NPhn9jW23OLp,in time and place as of right shall appertaine,bQr93mpSCZaPc3K1,of theire goods or Estates in time and place as right shall appertaine,74,46,9,0.0
mnXyL0hflG6LUHhk,right title or interest unto the aforesd forty acres of land or any pte,nyXJ7Vqx9CC9zaUc,"to have or clayme any right title or interest unto the said planta""con or any pte",68,71,14,0.5714285714285714
Lsheu7397XAncjLu,one hundred pounds and fiftye of Cotton neett for the use of the,zrpTs5oyM4E9bR7K,or quautily of eight hundred pounds and fiftye of the like Tobaccoe as,60,64,13,0.0
zUbnjmuGteIYalNu,send Greetinge Know ye yt I the sd Jon Bonner for & in,vzzk3kMYRxjhFNFd,Everlastinge Knowe yee that I the said Thomas Hughes for and in,65,54,13,0.38461538461538464
MO5lseB8OgfMw3rc,"of Octobe 1675 Johns in the Island of Barbados Gent, Sendeth",4qF3zwG4TSmNQXT2,S:^t Thomas in the Island of Barbados Gent: Sendeth,77,60,11,0.45454545454545453
ckVIKetfzSh1iUJr,of Barbados planter sendeth greetinge in our Lord God Everlastinge Knowe yee,8Q1kahXfPT6yzTL5,of Barbados planter sendeth greeting in our Lord God Everlastinge Knowe yee,99,76,12,1.0
YErAYWX2JPimutA3,Shall come Send greeting In our Lord God ever lasting Knowe ye that,OKnxmKgOapGPXLeS,"Greeting in o^r Lord God everlasting , know ye that",76,67,13,0.0
ysa9Bsfjm7S8YVPe,three pounds fifteen shillings & Nine pence,j8DBSkipAIpfZlEv,pounds Sixteen Shilling five pence Sterling with all the profits,54,43,7,0.0
gvtuikU8BYO9FPul,his heires exers and assignes forever In witness whereof I have hereunto sett my hand,zOSiFidOvVnz7S2Y,hereafter In witness whereof I have hereunto sett my hand,79,85,15,0.9333333333333333
9aQEBvblq4ekRW2a,be by the ptie deceased by his will in Writinge or otherwise be Expressed,sTyVL2nCeZrDPJFw,written Deede of sale to the use therein expressed,52,73,14,0.0
BLvb21REZlvMlwcg,Gentl: of the other part: Wittnesseth That the Saide Thomas,od6jHCuZCrcwGNW6,merchant on the other part Witnesseth whereas the said William Barron,70,59,10,0.0
zMKau0vJu9w6FYxL,Concerning or by reason of any action suit non suite pceeding,6Q9xqqBd0In0I4xS,for or by reason of the said Whiston not loading of the said twelve,55,61,11,0.36363636363636365
vxS3klyteViqy95x,premises with their and euery of their up,0rQmhnOTWuSRRFta,with theire and Every of theire apportenances,67,41,8,0.0
vq3qKZ8XFNTUhl5C,& joyninge to ye land of the Welchmans folly & adjoyninge to ye land,StN9q7WeNT3EhvSF,windward one the land of Peter Palmer and adjoyninge on,60,68,14,0.0
B6XjP7K6kueJI8Uh,1647 Imps to a debt Captn: Geo Richardson past for to Mr Jackson Stiller 42 0000,6LAuYAacY7O6X67o,Said Island by the request of Captaine Richard Barrett and m^r Richard Morris of the,45,80,16,0.0
qugjl5q3tqeXGLNE,"John Bradshawe David Jeffes sign x W^m Vittrey, Symon Harper",i6m0LHT6t8Ftl047,John Burch comander of the James of Bristoll the sume of three,46,60,10,0.0
qAfF4vjc4ipGMF9r,and buildinges with three servants for the tyme they have to save and,LMj3szBiuCBdf9mH,1680. and in the three and thirteeth yeare of his aforesaid-,56,69,13,0.0
lbTdtygujA5uqy80,unto the same belonginge or appertaininge unto them the said William Townes-,GBJ0CywolBMaKF2U,thereunto belonginge or in anie wyse apperteyneinge unto the said Nicholas Dyes,66,76,12,0.3333333333333333
nq4AeeHMFHFmCjHl,Dumesnell - to - our Soverigne Lord King Charles the Second of England,RMdJncAONlxdSTLW,the Raigne of our Lord Charles the second of England,70,70,13,0.0
5zRUeTPWyqhCbavm,singlr: ye debts Dues somes or quantities of Tobaccoe,CZaeT06qk4B29Qib,particular & private debts & duties aforesaid In Witness whereof ye,50,53,9,0.0
TBVUAtdu7OM4KEOR,and John Johnson his Agents or ffacto:^r and all other the,TQTPEL8sAVCPCHQY,Rodney of Bristoll Merchant his Agents or facto^rs and all other,70,58,11,0.36363636363636365
7RlGPPe4BI8Kyaay,Baird there shall be due acceptance And due paym^t made of,e1hq4Eu4sQz8Bjr6,of and the Said Plantacon and Every part and parcell thereof,51,58,11,0.0
a8xYoGsr4Qqt15Y6,selves either to other theire heires executors and admintrs in one hundred,IgAEcrBJSBeefq48,the said William and Mathew theire heires executors administrators and,63,74,12,0.0
1LsMAGOsnBq0wVpH,To all Xpian people to whome theise prsents shall come greetinge Knowe,U7aZFNSmheajM4hH,To all Xpian people to whome theise presents shall come greeting Know yee,97,70,12,0.9166666666666666
TPdI4dn8HUGKOWUV,Proved before me by M^r Rich: Andrewes this 26^th March 1659,rezrHFNiQ3Sed34r,hereunto sett my hand and seale this 22th of March 1653.,57,60,11,0.0
hWddOaByuIsGs999,To all Xpian people to whome these presents shall come to-,ZncYZQiEOyWN4qDm,To all Xpian people to whome these psents shall come,95,58,11,0.9090909090909091
V4lGCqOjZxAuz956,"aforesaid To Have , Hold , Receive , perceive",d3IR5RXi6O5mfCWe,and others windward To Have and To Hould the said pcell of land,50,45,9,0.0
rNLIce5nUCBJo5AF,exceutors Admrs: & assignes or any his or their meanes or ~~~,Gg5opb7EorvpO51R,executors adm^rs or assignes or any claymeing any right,66,61,12,0.0
F7Ff2FSbmcwAGC6d,covenant & grant to & with ye sd William Drax his heires,GpdWKDxZtlUXt36F,convenant and agree to & with the sd William Walton,69,56,12,0.0
uj7Pzt6jW4VrnCtj,Signe Seale and Deliver the within writeing as,YSgy3c2Eom06Dwt0,"Signed Sealed and Delivered in the Presence of,",71,46,8,0.0
FvcrsYHZbzPpOlqr,"Thomas Colleton & Jn,^o Reid and tentred according",umDbhVoPETzSVb98,possession of the Land thereby granted and,50,50,8,0.0
NQJ8xfzwjlQHF4nu,Advantages and Appertunances whatsoever to,OqCVfww1OZVpr2C6,ingagements or any other incomberances whatsoever,62,42,5,0.0
YpjAEkCppj4AiCC6,His Master under God for this present voyage John Philpott and,IXeRCMikOsgQNNYD,annity wherof is Masters under God for this present Voyage,70,62,11,0.0
4kJHoznTvI8dQxWn,Their heires haveing or lawfully Claymeing to,98xFqctb8XxkVQSF,"ner of persons whatsoever, lawfully claymei",64,45,7,0.0
UCmTes0kh1EQvyir,"Severall goods and M^rchandizes bound for Virginia, and in",CDtrEoWxOnwXjtC3,of money goods wares merchanizes as aforesaid and for me and myne,55,58,9,0.0
RkBY1IMdbNG2B9Rd,Roger Burch This first day of July 1681 ffarrell Mackward,EoHQ7byDN8KyDQoy,bearing date ye first day of June in ye yeare one,49,57,10,0.0
KkjuePEr3FulMrNC,of these p^rsents are Lawfully Surely Sol,3xcJOXyKiQ1iD283,"presents is thereof Lawfully, Surely, and Solely and",65,41,7,0.0
oQW1edazs9RNntXU,I Thomas Burke for divers good causes and consideracons me hereunto,JjQrbFo1Sop4oCPZ,Radford for diverse good causes and valluable consideracons me hereunto,80,67,11,0.45454545454545453
NRsUkHKPQQUtAtkb,Stocke househould stuffe and other goods menconed and expressed in an,dw9ge8uTEMsjpH8F,such house hould stuffe tooles and stocke as are in sehedule exepreped,59,69,11,0.0
75rzCAeDbMKxhfWc,sixty and one made between the said Thomas,Xf53GrwovECETF4H,M.^ties Raigne made between the Said Thomas Rous of the,68,42,8,0.0
SL9zBwTQiNt0Hm2c,Sattisfaction to be rendred for the Same In Witness where of the,FrkKWbzQPMwjlko2,right title or interest from them In witness whereof the sd,65,64,12,0.0
DCWI3Rk4cvG63OjM,is personally appeared in the secretarys office of the Island Barbados,1S9BAdOg3Xr1UUr5,personally appeared in the Secretarys office of this Island of Barbados,92,70,11,0.7272727272727273
EnUTikV903RGpAaR,Islands afore said or at worst to have the advantage of a trade winds,1NUV8e9YtVPQo2c3,the said Ketch is not to the great losse and damage of the said,55,69,14,0.0
bGXbA2Pne8UpLvNP,his Honored ffather the said William James one third pa,NEPwl39BHzA7xdIn,hee the said William: James doth acknowledge by these p:^rsen,60,55,10,0.0
OW8LN9cCzfLhWOGh,profitts priviledges and appurtenances unto the same,J38BJHO9CIzbRlco,proffitts comodities and appurtenances to the said house,78,52,7,0.0
VoCYS8kgnGzYvZJN,other the bargained pmises as in the s^d schedule or Inventory hereunto annexed is,eBdSEKQgF187Lgn6,at more at large recited in a schedule hereunto annexed being,62,82,14,0.0
EHkQzt3GEhocddlv,writting as be his discharge according to ye within -,shdKzaXbVB7y0hA4,"his Loading on board this said ship, according to order",56,53,10,0.0
mjt21n9iMJnLwriU,whereon I lived and together with all liberties easmt^s pfitts + comodities,KCqrk0do3UzdEI6X,the sayd land with all easements profitts and comodities,66,75,12,0.0
9cCJ5RJR4SAKGV13,in ye pishof S^t Michaells neare ye place,a2bNd2a8r7atCyUK,dos in the parish of St. Michaells of the other partie Witnesseth that,59,41,8,0.0
RnfSxbpkgMGxWL0R,and confirmed and by Vertue of these presents doe ~,rZvzuCiBEzxRrfXM,and confirmed and doe by these presents give grante,75,51,10,0.4
jIzCSPkd77jXccMv,and for the true pformance hereof wee the sd W^m Baldwine and Tho,xWrgiflBCJJGAgbf,pcurement and for the true pformance hereof I the afores'd Richard Habbott doe binde me,66,65,13,0.46153846153846156
Zy4Eb89rUP5ucj2p,Crispe two thousand five hundred pounds of good and merchantable cotton,fH6m4Bk1BqStG9IQ,summe of foure thousand five hundred pounds of good merchantable cotton woo,84,71,11,0.7272727272727273
dkyayq7YYDsBS9UY,in the said Brick house as aforesaid Shall be & amount,H7hBCkmIzBvQAc7z,"Shall Erect upon the plantacon as aforesaid, Shall be appra",58,54,11,0.0
PbN7AgFVWN7IgOCG,our heires execr^s administrato^rs ye afore s^d land butting leward of M^r,kjguwKWzp6RCsnKR,my heires executors and administrators for ever and,61,74,12,0.0
0PPIgSLnC18UBGtX,"All ye dunghill fowles, three hens and one cocke excepted",zOHi7v3aKQuijMsy,one breedinge sowe fower ghootes two hens and one cocke for the some,56,57,10,0.0
ZnAFa9tOkvOtRNBN,pay ment of elevn thousand pounds of good neat and well cleered cotton,xqVbwYewpUQOgXLV,and forfeiture of twenty thousand pounds of merchantable and well condiconed cleere cotton,70,70,13,0.3076923076923077
w7evzbKwhrUi7DEd,these are to Corlisio that Rob:^t Cole had on bear,YRXwkzhuHD86HNT6,These are to Lye Certifie all whome it may concerne that upon,54,50,10,0.0
ST1nH2w8W5BhBlSD,"of Stephen: Gibbs Chirurgion, South on the lands of Thoma",kON2zsrtDX1F36lu,the pish of Christ Church south of the lands of Francis north,58,57,10,0.4
lU0igyQMM4uG4yAM,"lett or sett ~over~ the said plantac""on or the stocke or appurtenance bought untill",qQqHhFR48D8OpOA2,or unto the pr bargaine plantation or appurtenances or,57,83,14,0.0
0GpYQYyZqpV8fBFV,5^0 die July Barbados this 2 day of January 1643,qNxW3f6K7nxd0P43,I have sett my hand and seale this 13^th day of January 1640,63,48,10,0.0
bhgU4jvOaePGz1Oc,penall sume of eight thousand pounds of the like condiconed,RMmejeBpD6PzgUHi,in ye penall some of Eight thousand Pounds of good sound & well condiconed,75,59,10,0.6
X45z2YGR6He46kFL,"Act, and Deed Given under my hand the 31^th. 8 .^ber 1693.",zWgUa9oCUAnWkLsa,"and Deed, Given and or my hand the 14th of October 1684",74,58,12,0.4166666666666667
3FQcedBxmzcwsYU0,Inmates and other Charges And also payin,STTTEll5jgZuwpju,this and other the Carribee Islands to Windward of,56,40,7,0.0
80WGNlTG5Mh5tRn0,"prove the Said Will, and did take upon them the execon",rh8o7bdCGOIBFPwH,the Island and adjoining upon the pltacon,57,54,11,0.0
EC06U91KV2mZpop1,paym.^t being two hundred pounds Sterl: to be paid and,RoG6xCT4KjHkzZjV,Sand Four hundred pounds of musc:^o Sugar to mee paid an,64,54,10,0.0
P4chgRiCnIo2fQ8H,to and in the said three Acres of Land with the prebargained-,jC3LYWViPYtzpjb5,To have and to hold the said parcell of land with the breath aforesaid,66,61,12,0.0
oRKzLbru2nVXQL3l,"the plantac""on of Wm: Land all windward and to the Gulle",IhAEG37ayOy9PrQo,Plantacon of W^m Russell and Richard Robotham now in the tenure,57,56,11,0.0
ruh1NzFI3CFJGZcX,to the Said Appearer or his Owners for or by,8rK9vd3ssp23kCg0,the said Appearer did protest even as by,62,44,10,0.0
lfjerzft3TC3AHnQ,Where As I the said Ralph Wyatt upon the day of the date of these presents,7BshOS7Qx9FJcMWD,"by the said Ralph Wyatt, or by any other act means possession",64,74,16,0.5
DnNQujp3jIx9xwJb,place bordwinder hime his heires executors administrators,UYExopv1vlBSkdiM,Island his heires executors administrators and,78,57,7,0.5714285714285714
u39hfeqkUqhksSZG,pounds Lik money at the begining of Every Six months from the,Q7pgXKzl396CvzSt,at rhe End of euery Six moneths from and after the ^said ffirst,55,61,12,0.0
yxCgB1YGLTBPifmj,"Chamberlaine surveyor, beareing date the twenty Seventh Day of June",maPDcMdzp57pydiF,This Indenture made the the twenty and nineth day of,57,67,10,0.0
NU5Mv17Kc03bfc8P,the cropp of corn thereon now groweing onely excepted unto the sole and proper use of the,Do9613kZhc4ERTHH,the other Moyetie or halfe pte of the sd sume of money,52,89,17,0.0
XujX3g08HRinUcDy,of the Island of Barbados Gent send greetinge in our Lord God Everlastinge Knowe,raBSw7wWCJSkbVgO,the Island of Barbados send greeting in or Lord God Everlastinge Know,93,80,14,0.9285714285714286
LtNd5vIXaEDG5EKU,give grant bargane and sell unto the said W^m Yeomans twenty acres of land with,hyCu2yCDcclJQ3Xt,doe give grant bargaine and sell unto the Capt James Fulter all that plantacon,68,79,15,0.6666666666666666
0heCwhFpQnxJmAj5,the grdes of God of England Scotland france and,MazVb1Mh2FXwcDvh,"P the Grace of God of England , Scotland , Ffrance , and",85,47,9,0.5555555555555556
UYExopv1vlBSkdiM,Island his heires executors administrators and,3wPbWUgzZFBES3gG,said Island merchant his heires executors administrators and,87,46,6,0.8333333333333334
MiEx2OkmrdGFcWxA,the terme afores^d be Sold Conveyed Disposed or Sent,uqN7JeJrr9aM3pI8,the same to bee recovered against them or any,54,52,9,0.0
5dloZHc9ze4D3sX2,to the said Richard Davis his heires and assynes forever freely and clearly acquytted,uSaaRnyLguxN3qlJ,the said Capt James Futter his heires and assignes forever provided always that in,65,85,14,0.0
XStGH8IjmVWF0Oju,ever as witness myhand this 25^th day of June 1640,URzF35gxkcEDPgU8,abovesaid As wittness my hand this 25^th of June 1659,80,50,10,0.4
LlRfPmuptTDUdwa0,grounde and in the house one grind~ing~ stone,maSaoMIFGOWcAY9s,hundred and Eighteene pounds two Shillings and,55,45,8,0.0
6x6uZheB1nZMPCfs,"and seale ye seaventeenth day of December Ann, Dom: 1647",Tbs70EM6qfiZ6Pp5,hands and seales this eleaventh day of December 1640,70,56,10,0.0
teBDKuOQkPclDMX6,then att the Expiracon of the Said notifyed yeare the,fxvhF26uHWz5n576,the terme of Ninety and nine yeares from the,60,53,10,0.0
oyyigbmH36GRA0jM,these presence confirmeing all and w^tsoever my said attorney in my name and place,qopdPRJbdP1SoEcc,in law all and wtsoever my said attorney his substitute or substitutes,57,82,14,0.2857142857142857
AlJDTKW6iml1ysJF,and in further testimonery have caused the seale of the office of Maiorallitye,pRIf9rapdPFuu82M,and aldormen of y^e City of London have caused the Seale of y^e office of Majorasty of y^e same City,64,78,13,0.0
3LilQldxyiPbg9QV,up in Reath & Roule Due to be pd at or upon ye fyveteenth day,mR24Tr9zgLYXLtkY,role to be paid att or upon the last day of Aprill or the fifteenth of May,55,61,15,0.0
nQmK2stLS9x3obaz,sterling-money of England to mee in hand paid by John Milles of the,o5bo2OIsyMgRlJgx,Sterling money of Barbados to mee in hand paid & secured to be,70,67,13,0.46153846153846156
XjuCV0kFpO8tT04A,"of and from all and all manner of forever and other gifts grants, bargaines, sales",2JIoSPp3gIpIbhzL,Discharged of & from all & all manner of former & other Gifts grants bargains,77,82,15,0.5333333333333333
TtNZPHaQ0Jt7Qg84,Witnesseth that the Said Nicholas Blacke and Nicholas,NOr4ncE2T6kZg5RG,Witnesseth that the said John ffrith as well for & in Consideracon,61,53,8,0.0
EBz2UXZYeIoay9S0,(Good and marchantable) was interlyned & ye word day before the sealinge hereof,vCaqnpSewqYgUady,or demding any right title or interest from by or under me or them In witnes whereof,56,79,13,0.0
qWTcMzVv7Wi7RA0e,Memorand: that on the day of the Date of the above,lfjerzft3TC3AHnQ,Where As I the said Ralph Wyatt upon the day of the date of these presents,63,50,11,0.36363636363636365
p0qwcM0zGuNnGczk,nowe ridinge att ankore in the Barbados & by God's,WyjGNFSmwgHMZykj,debts in the Island of Barbados in the parts beyond the,51,50,10,0.0
IVNDje4W6Uv4r8cy,all others there Concerned for all wrongs preducies hindrances injuries,JHBUYcVNBRLiuX8o,therein Concerned for all wrongs priudices hindrance,76,71,10,0.4
Di5Y120oFRllvWLn,ye same day freely gave her consent to ye abovesaid,CF89W3oPEuK6tMmZ,every parte and parcell there of unto ye aforesaid John,57,51,10,0.0
qelRraRW1qmKBHsG,within written Deed In the p^r:Sence of us : .,nRvxGECsX83w3iAn,Signed Sealed and delivered in the prsence of us,60,46,10,0.0
AHUUMoprxadqgNxf,This Indenture made the Thirteenth day July,xHKVc0qg7H2OkX3G,This Indenture made the twenty and sixth day of January,76,43,7,0.5714285714285714
W8r9lhWCvhGX1XID,summe contrary to the day and ye are above mencoed and expressed that,ZmJD8hjNwfsvl5TZ,witness or hands the days and years above menconed the s'd,63,69,13,0.0
bYRLk0bwp2yubsOw,"thirteene Sixteenths thereof , being the groper Estate",zPFZuMVMRpc7beo4,in the nineteenth yeare of the reigne of our most gratious,55,54,8,0.0
glh7OYQMbO2vVfJ4,and manifest with all Christian people that upon the three and,UvBCw8Q6znxxXGs4,and manifest unto all Christian people that upon the four and,89,62,11,0.7272727272727273
17EGzd8T7Z4ihxKL,Have given granted bargained & sould and by theis,Z8LokcFZ1YWTcK94,Have given granted bargained and sould and by these,94,49,9,0.4444444444444444
3kHzHgflUnObnHGv,aboard her with all things to the said ship belonging having time,qlri5n1JPoLCkHpp,of the goods and Merchandise aboard the said ship belonging to Capt,61,65,12,0.0
DoDxvmRTqqMV7bih,Everlasting know ye yt I ye sd Xposer Thombleson for divers good causes,v13ARsvintlGztXZ,God Everlasting Know ye that I W^m Forster abovesd for divers,65,71,13,0.6153846153846154
xJ4ep9Hc9vColhoy,sell assigne and sett over unto y.^e saide James Thorpe his heyre,dyV6PZfMsMKXLhm6,doe Assigne and sett over unto Francis Wood of the,64,65,12,0.3333333333333333
AOYNDeh15FMIbOGK,plantacon and halfe of three men (onely one sow to be excepted and Repentance her turkeyes,fT6kfNSJdqfH7qCj,Attorney and the Authoritye thereby given is to be force (and vertue?),53,90,16,0.0
PWwZ5CUmbSywUiq5,title or interest in or unto ye premisses or any part or pcell thereof in witness,VYwKACuCFMM2fgRm,in or to the premisses or any parte or percell thereof,73,81,16,0.3125
XaDB8eucsjduMJQy,of this above menconed plantacon being yt pte wch lyeth,lZWmq53ACO6Ng3Ok,boare that is thereon the said plantacon being in the whole tenne acres and,60,55,10,0.0
L11gpEaHwJ4C9HnE,Singular the houses and buildings there on beinge as alsoe a,to9WMYqr51WiJbSu,all the houses Ediffices and buildings thereon and all,68,60,11,0.0
e9D87KLAlm5wyNL6,them or any of them or against any of their goods or Estates in,2kbJzvBREwWzzeHU,him them or any of them or against their or any of them goods or Estates In,87,63,14,0.9285714285714286
0Tp3uhMFGX4XJgA4,written to be his free and voluntary Act & deede,xiVS42zcHPIwmlMZ,"written to be their free and volentary act and deed, and that it -",75,48,10,0.0
1VRzuhRKIiu19YnW,planter his heires exers admistrs & assynes forever this my plantacon whereon I,BBAbVSVkTadaw7mV,his heires exec^rs Adm^rs or assignes forvevr: the Invacon of the,67,79,13,0.3076923076923077
vLcpd7GhKBUU21Nv,said parish Marchant my wife and that in case it,sbFk0Z9or8ZAgxUc,the said parties that the said Raymond should wth,54,48,10,0.0
tcCABqiaCP5yRnjE,Entred ye Fawcett have bargained and sold unto Nicholas Hide and,HTQfHh6gZ9MNrlJh,the pemisses granted bargained and sold in These,59,64,11,0.0
2YjzLWwIRjBQrfYJ,bills of Sale mortgages or any other Imcumbrance whatsovr: and yt he,gfJDEHzpqOersJ5E,sales or other incumbrances whatsoever and,67,68,12,0.0
jIz3HVEOkYUP2Ojd,use and behoofe of y^e Saide Richard fford his heyres,d0ZninoI7QZwZqpC,use and behoofe of the said Robert Porter,68,53,10,0.4
zLT5UZrUX856Ov8m,the pish of St Andrews in ye Island aforesd Joyninge & abutinge on,ImvmRvqtV0XR2rmT,and pte in the pish of Andrews Overhills in the Island afores'd abutting and,69,66,13,0.3076923076923077
i6NZonvNHVrCZtkk,the same to be recovered against him them or any of them,Edih44tQyeVyN1VW,the Same to bee recovered against him them or an,88,56,12,1.0
LnTGAfzOVfS7HQEZ,And It is soe by and between them ffully and absolute,YYLWa2J8KZyrX9Ly,ssignes and every of them freely and absolutely,64,53,11,0.0
x9pBxKE2rzy7UMXG,the six thousand pounds of Tobaccoe and if in case yt ye said Sixe,9uFuM4Im0ZPm97MM,of the said thousand pounds of cotton both to be servant unto the said,63,66,14,0.2857142857142857
Zf2tTj1d1jJzgi0j,"Said Land and premises, free from all Incumbrances -",m0XxDgjTB1AffdB4,admistrs and assignes forever free and cleere from all former bargaines sales,56,52,9,0.0
e6T87shXCg58XyvE,title & interest of & in one plantacon lying & being in the,jujrl9mvjv0Vy1ca,is to say five acres of land lying and being in ye,62,59,13,0.6153846153846154
3OjzxaBY0Q5ljL8l,W^m powrey Esq^re one hundred foott square of land I have limitted and,JlP2c9UFYbd35fuM,adm^rs & assignes of & wth Thirty foote ~square~ of land Scituate in the pish,52,70,13,0.0
ifxzSmq4Svl3Anzk,of land being part of the Plantation mee the said Thomas Rennolls conteyneing,aeekTnoSbhADL0yv,"Land, being p:^t of the plantacon Whereon the said",61,77,13,0.3076923076923077
iZ6dtH3hYScKp69d,might or may have upon ye land aforesaid To have,66CHrT6zq5aWhvCC,unto Thomas Clarke of the Island aforesaid Cooper all that,60,48,10,0.0
6jXh2H3x9exT8QzL,withall houses edifices househould stuffe and implements of househould stuffe x x x x,NRsUkHKPQQUtAtkb,Stocke househould stuffe and other goods menconed and expressed in an,52,85,14,0.2857142857142857
ERaEE8rxTrsEUS9Y,of Thomas Wills & Robert Wills and xxx of the Rocke and beneath,4qF3zwG4TSmNQXT2,S:^t Thomas in the Island of Barbados Gent: Sendeth,51,63,13,0.0
e4upqQSFsmM7iFaH,to Time and at all Times Dureing The Tearme hereby -,K2rVcYAxzwUGjpVs,time to time and at all times for ever hereafter peaceably,65,52,11,0.0
Fdt7T4Se6Efa2PnS,have given granted alliened enfeoffed confirmed Bar-,FAEf3t1KKRIBpjJL,given granted alliened enfeoffed bargained assigned,74,52,7,0.5714285714285714
N78M3v6GKmUzF7sk,Barbados July: 7:^th 1693 Exchange for 100^p Sterl,baTY3OlGskirWgFc,Barbados June 21.^st 1693 Exchange for 100 sterl,84,50,8,0.0
j8DBSkipAIpfZlEv,pounds Sixteen Shilling five pence Sterling with all the profits,Ah7PQ8QJULt7Tn5E,pounds six shillings foure pence whereof wth all ye pfitts & increase,68,64,10,0.0
pFjgTUP3GyddmkdS,Wee require & except by theis prsents due & full satisfacon from,6kWodZ3gz78rUob6,Sell Enfeoffe confirm and by these presents doe fully and,55,64,12,0.0
r7ir3YdPp0nIhaPw,pson or psons whatsoevr freed & freely discharged well & suffly saved kept,xYEOjcHbjs8hbYsf,p:sone or p:sones whatsoever Claimeing or pretending to Claime,56,74,13,0.0
qtpAdj0oWts2Y75i,assigne and settover unto him the said Isaac his lawfull attorney,fsfyhrevbLpEFRWg,pay assigne and sett over unto the said Worthy as many bills due to be paid,66,65,11,0.36363636363636365
XxPL1BKkQWc5zzQ9,of Barbados gent for my selfe my heires Executors,FQJmZRFAvKe4v5n6,moveinge doe hereby for myselfe my heires Executors & Adm^rs,70,49,9,0.0
7gfQ3dsaJoGqpVD2,of their Mortality p^t and parte like and I do by these presence,yovfBGvjPjrDzVEx,to the true intent and meaneing of these presents ~,59,64,13,0.0
xOW4Wt1RBjSe15kE,apptenances unto them the said Thomas Whithead and Peeter Gill theire,Pxm5ccCmaKwbQ7xP,wtsoever unto them the said Thomas Griffith and Anthony Sandiford and,61,69,11,0.45454545454545453
O4kWZMuLVIzCDESd,"with forty three Negroes Menn, women, & Children with all uten",ltihQJSWoGu4qxZW,"A Schedule or list of the Negroes, horses, mares, and Cattle, which",51,62,11,0.0
bXNXO8827HliedrZ,Wm Lea and Wm Cave both of the same Island planters their heires exes,5IgPYtsrksWJ32rj,being unto W^m Morgan of ye same Island planter his heires,68,69,14,0.2857142857142857
zecb2UkogQgF7REu,"John Mercer , came and appeared before me this eighteenth day of May 1659",3nmWKVVt1SRn4L0t,The above named Katherine Darrell appeared before me this 15^th day of,62,73,14,0.0
lTIZ0gVim1eimMj4,from henceforth forever to and for such only use and behoofe as they,vbmmszaTEtLA2O9G,or Children then to the use and behoofe of the,60,68,13,0.0
SMpib8fiB4SWwD29,Padmore west and a parcell of land in the possession of M^r Andrews,kpbnrT68YiciIsDe,the Ten acres of land now in the possession of Christopher Gretham,63,67,13,0.3076923076923077
Up5Js7uPpP8fLGWd,Issues and proffits whatsoever of all and singular the said Recited,jnnZVmVPaxU2KgRY,posses and every all and singular the premisses and there appurtenances and,61,67,11,0.36363636363636365
rTe2jJ4aqsCg43kc,Barbados planter for and in Consideracon of the Sume of,NqkzLskbnTSLIR9Q,Barbados planter for and in consideracon of a valluable some to,83,55,10,0.8
49Y8hZ7t7sgwRlLH,Francis Hickman doe for us our heires and assignes covent and grant and,0OtMTL8BLzyUdITY,Said John Bawdon his heires and assignes forever in ~n~,59,71,13,0.0
Exy6jl792cJZ6TVP,Intr Ultimo Die unto Leonard Dowden at tene days sight of the sd bill of Exchange and,gN8qJ5Nzi68K80XI,the said Solomon Deleon the drawer of the said Bill of Exchange,58,85,17,0.0
pFlZH3cvf9jM70j1,Knowe yee that I the said Peeter Parker for and in consideracon of the summe of,eq8InFTV0w562oCT,that the said Jeffery Baker As well ( for and in consideration of the sum,74,79,16,0.75
uoCwWlwCUtZtRZ80,"adm^rs and either of us, and eother of our heyres Xrs; to and wit",Vf0sgib9T70aFqO7,and either of them theire and either of their heyrs of,62,65,14,0.0
XwlpP5otmI1pUXZY,Samuell Adams w^th the one halfe of all moveables belonginge to the ptacon,SPmViU8ir3MyEnDf,advantages whatsoever to the same belonging To have and,56,74,13,0.3076923076923077
6jAabGcizwJKTnQq,made answer that he hath no effects the drawer in his frauds,YkA0wZ0PXB9vlKo6,sett theire hands and seales the day and yeare firs,54,60,12,0.0
BCZc0CEybtXiN6Um,sole benefit and use of Will^m Coningham sone,LlRfPmuptTDUdwa0,grounde and in the house one grind~ing~ stone,53,45,8,0.0
taGghVXrqZfxClIh,of ye date hereof and further I ye said Edward Crane,CjqMSdmi9iprEFes,day of the date hereof forever: to his and their owne,59,52,11,0.0
bVsOqm5fH2TmPtpB,of them doe hereby respectively acknowledge and thereof and,xhn3NVSh4HOrfGbw,doth hereby acknowledge and thereof and thereffrom acquitt,65,59,9,0.0
G60ly3eQ50XebPmu,forever & the sd William Drax for him his heires Executors,07XIMeVcLOC43CNC,And I the s^d Edward Williams for me mine heires executors and,67,58,11,0.0
XXVo8pxx2HGwD29j,the receipt whereof I do hereby acknowledge and there,79tMUVyfIdy3GzkG,Island Gent The Receipt whereof I doe hereby acknowledge & for diverse other goods,73,53,9,0.4444444444444444
UeukGvrDOVGRXeTS,fallen and unfallen land or thereaboutes together with the moyetie or one,j7uMdX7ON1QtFYKJ,houses edifices buildings thereupon together with the moyetie or one halfe of three,62,73,12,0.0
KACX04e8SrH9bmTX,against hime them or any of them or against of them goods,6DHI4NkeqhIhcdDk,against him them or any of them or against any of them,90,57,12,0.5833333333333334
pw8jI2CHNFgxU5mw,A boutting & Bounding on the Lands of Coll Tymothy Thornhiill,q8h3Sxwe1aKQwr7i,butting and bounding east upon the Land of Collo.^ll Tymothy -,73,61,11,0.36363636363636365
KtSXbIWrlK5Va1AM,near the Towne of St Michaells in the Island of Barbados next,ZCIugzN076LrXNEc,Robert Downman of the parish of St Luceys in the Island of Barbados,69,61,12,0.4166666666666667
FuN7WNHVO4cRgYef,ye Isld of Barbados Gent & Richd Heughes of ye same Isld Pltr: sendeth,XUnCsc8YYR2xf55m,Island of Barbados gent by his bill of sale under his,59,70,14,0.0
QczOg8vGerJ9I2VI,given in judgemente courte and without done in London this twentieth day,R6iYPb7MHFiHtXH6,This Indenture ^ made this twenty fifth day,56,72,12,0.0
Jtc8PJLiiOEbz35K,"grant, bargaine Sell & Convey all & Singular the before hereby",h2R9mjajbzfSnNZO,"bargaine , Sell & Convey all & Singular the bef",83,62,11,0.0
iGw8dBFykxhv6Rp1,To all Christian people to whome these prsents shall come I John Richardson,auSaTvnDKYu5oJey,To all Christian people to whome theise prsents shall come I William Liver,85,75,13,0.9230769230769231
ec6qdyV7RjLgfICk,thousand one hundred four pounds of muscavado for the value,zHBNAMcc7fMk4nmf,thousand nine hundred thirty & one pounds of Muscovado,69,59,10,0.0
OgnbsKNw2dtp7GKR,"Peter Morch and Thomas Williams of the other parrish of St James,",CrpQuvnD9Mvb6SiP,lands of Capt^n Thomas Ellis in the parish of S^t James To have and to hould,58,65,12,0.0
xoUzi8B28rEujQ2G,or any other benefitts thereunto belonginge without suite in Law,d97kwy9Ydcshm5gA,& appurtenances or thereunto belonging to him the said Daniel,61,64,10,0.0
ImvmRvqtV0XR2rmT,and pte in the pish of Andrews Overhills in the Island afores'd abutting and,IlPuVdIbd9tymw9I,the pish of Andrew overhills in the Island aforesaid att a place called,76,76,14,0.2857142857142857
kxIlIqHXJM5fLQ40,of Barbados Cooper and Charity his wife the sole daughter and Hairres of,LOPjEfKgGLKZoJ12,of Barbados Conteineing thirty three acres one,56,72,13,0.0
NE87QeXu74dBz0Bj,the lands of Henry Murrey windward of John Hopcott Leeward the Sea on,ESinjOrHCAp8lNSc,on the lands of Capt Thomas Seales windward and of Edward Port leeward w^ch was,57,69,13,0.0
VO8WpcESrIkQWSUa,thousand pounds of sound & marchantable tobaccoe in Roule unto Edward,vzKgnn4aobomqADC,of six thousand pounds of marchantable tobaccoe In witness whereof,70,69,11,0.0
XuuDAV1TBpVZtu4t,and all other rights Title claim and demand whatsoever And,gQKyaXjubNUTQjFb,all the right title interest property claime and demand of,64,58,10,0.0
7jhrUxHqSgr3QHZt,"said Luet Coll Richard Bayley and John Sampson, their heirs Executors",7RjZGxVckf448wuU,said Thomas Clarke and John Weale theire heires Executors,70,69,11,0.0
pzETr7KDIvjqMeqh,Thomas Austin and John Woodcocke doe binde us or'' heires and assignes,muPFoSF3ql6YgR5t,use and uses of him the Said Richard his heyres and assignes,57,70,12,0.0
4hlCUmUgFT3sRU3Q,one halfe of my household stuff except one,705O7VrjXmgilbWN,for evr together with all manner of household stuffs stocks catle servts turkeys,52,42,8,0.0
2znD0YmTvgWAc7O1,8 die Junn 1644 To all Christian people to whome theise psents shall concearne Know,v1v7RE6EZcPiEjOD,12 die Junie To all Christian people to whome this presence shall concearne Know,88,83,15,0.4666666666666667
YxLyO8KpjvKgsbXG,all other convenience thereunto belong or in any wayes appertening .,h14ckzi9DczzsJM5,wth the apptenances thereunto belonging or any wise aptening unto,71,68,11,0.0
jujrl9mvjv0Vy1ca,is to say five acres of land lying and being in ye,6XmBlLjsuZMQIKET,that his parcell of Land Lyeing and being in the Sai,69,50,12,0.3333333333333333
3ijfGIpT0qOZRuS7,in or to the said land any wise belonginge or apptyinge w^th the,drcLwoThq5YfYLBh,unto the same belonging arrisinge accrewinge or appteyninge to have,64,64,13,0.3076923076923077
KFljH24u6I1SjRxJ,day of ye date of these presents) unto M^r William ~,C3A7RlNAwd2EZsR3,and date of these presents without any of ye lett -,62,52,11,0.0
68XTQQxO8JgaswWF,Stephen Wood in the psence of Franncis Pratt~ Wyatt,6l9h1ovTqYyNTSkj,"Sealed and dd in the prsence of, John Wilkes -",58,51,9,0.4444444444444444
1ZMOluz98C1N7ESX,Right title Sufferance or procurement in any Manner of,hP4s5A01V0Yw3gGn,"title of Dower Judgements, or any maner of",63,54,9,0.0
GvOh4O9I6ZW0Xzlz,& Abraham Symonds for divers good causes & valuable consideracons,cXcUcqwnL68TJbrS,Anndell for Divers good causes and valuable considerations mee,76,65,10,0.6
XEhx6eusUFtBNhhD,mentioned in manner and form as followeth that is to say to Christopher Neverson,vVClo8Ov9OdfNrDn,"In manner and form aforesaid , And that the said peece of Land -",54,80,14,0.0
THBj9wz9PD3Bggkx,Tobaccoe well made up in role or Two hundred pounds of,TD9rf9ReTOsHyR47,mchantable Tobaccoe well made upp in wreath & Role Witnes,61,54,11,0.36363636363636365
gZTYL1EmGfQU3ZRK,Said Plantacon as formerly and allso accomodation,fvj7AEm0PCheaCWa,Which Said Plantation or Parcell of Land Soe bounding,57,49,7,0.0
gLu3GbSabYJtgzjR,Secretary haveing heard did protest as by these p^rsents,lR7Lj8nHox79kjnD,haveing heard did protest even as by these p^rsent,85,56,9,0.4444444444444444
UYN9Yx3NPymueZXJ,benefitt use and Behoofe for Ever more and that,PBQMm03hngY2z53t,use and behoofe for Euermore In wittnes whereof the,65,47,9,0.0
s8iWji42Mj7wpIqe,Said Indenture of lease ^as aforesaid And the said,NLRY0aR98J4GWWH7,"w:^ch accrued to mee as aforesaid, Either as the saide -",58,50,9,0.0
KNKJBnlqxWpujCVL,following that is to say that I Edward Harris have in,HuVNG1r8qr4cJJQK,This Indenture witnesseth that I Edward Harrison,57,53,11,0.0
ZUQupPMhjID9GGQq,and manifest unto all Christian people that upon the eighteenth day,jsaIrEu3jHmwMLMt,and manifest unto all Christian people that upon the Seaventh,91,67,11,0.8181818181818182
iUu28y9QRMj4tUFA,hath hereunto sett his hand and seale ye even in London,crGEocrxhLquvVGA,Stephen hath hereunto put his hand and seale,69,55,11,0.36363636363636365
km5oTMjgRI2GUow5,Lawrence Sonne & daughter unto ye above sd Alex^r Lawrence Thirty,hQteG5BVr6RHUkma,these presents binde my selfe unto ye above said Willm Murffee,50,65,11,0.0
8UV0VUuaj5D7jF3u,or tymber trees thereupon erected standinge and beinge together alsoe with,5mRM4WLOyqEFXhIm,were enterlyned before the ensealinge and delivery hereof in the,55,74,11,0.0
b5vRxXTxTw87Uy0j,thereof hereunto anexed und:^r the hand of Andrew: Nor,CRvdkgQZHH4wlfg7,Schedule hereunto annexed And the said Richard Barrett for his a,61,54,9,0.0
VSC9FEb3CLpmsK11,To all xpian people to whome these prsents shall come greetinge I Thomas Watt,9V044ZsNKfuoC0cp,To all Expian people to whome theis prsents shall come greetinge in o^r,88,77,14,0.7857142857142857
4wXSHorPPXrobi0L,Said John: Sampson. his heyres exec:^rs and adm: of,OPkstD33wAm3eZZg,John Parris his heires executors administrators and ~,60,51,9,0.0
EASNjYXyJK56LqCo,assignes and Every of them shall and Lawfully may by force,YYLWa2J8KZyrX9Ly,ssignes and every of them freely and absolutely,67,58,11,0.36363636363636365
1LoCqt5P2c0oQ5Lq,grant bargaine sell alien enfeoffe and confirme unto the said Captain,XJgJexw5nQLlxSGI,bargaine sell alienate enfeoffe and Confirmd ; unto the,77,69,11,0.0
gT7S2CnDnp1MEZOQ,One .^th Appearer then and there did .... a contain bill of,D3UuOLWU6rXF7Mf1,appearer did then and there Present a Certaine Bill of,65,59,12,0.0
PJbM7Q1SrblrSWt6,"father ye sd Jon Johnstonn in the behalf of the sd John Johnstonee Henry Ferris, W^m Harvey",nSVUT4xQGwlpOIz7,either in his owne name or in the name of me the said John Johnstown,58,91,17,0.0
YP6Oku21gFEsOIwB,of mee the said Thomas Reade my heyres or assignes,qISmAlIf3V8mshoY,of me the Said John Redman my heires orassigne,79,50,10,0.4
9WnZHqY88T78Cgvz,the some and somes of money herein after menconed & agreed,WYhUkxAQvj6pYEnq,of the aforesaid some of money the said good to be conveyned to the said,60,58,11,0.0
I8LB7Medjt2hKG10,of Land and premisses doth warrant unto the said,sawYdJwaQfTpRrEO,"promis, grant and agree to and w^th the said",61,48,9,0.0
9XAfWiN6tYpLGxiN,10^th Aprill Nettmaker of the one ptie and Capt Christopher Middleton and,6SCbaQ2B5kpRNq8u,other quarter pte & ye sd Captn: Thomas Middleton of,54,73,12,0.0
kZLBPQwB8giZdY18,To all Christian people to whome these presents shall Co,RAalP94Vy9npUxzr,To all Christian people to whome these presents shall,97,56,10,0.9
ds2yzgNWAo3MYQNa,grante bargaine confirme and sell unto phillip Jones of this Isle his heires,PP4XJU3nBC4oAv0D,bargaine and sell and confirme unto Philip Jones of the same Island planter his heires exers,68,76,13,0.0
NxaNW56UrkHPeBIo,to an Act of this Island made for the Establishing,S3AJk4kwHIvQ8H87,I James Thweat of the Island aforesaid plan,58,50,10,0.0
fk4LdCXvWMzu63NM,Perce Arthur land Richard Robinson windward all which land I the,dBKofM1BpbY2p7NM,and Jon Robinson windward and butting upon the land wch was,55,64,11,0.0
c4NtZ7rj6nGPAdlc,St Michaels bounded south ward in the land of Mr Thomas Panby,ohbaT1zYspnRjlXW,the lands of John Syemore & Leward of the land of Thomas Hunte,60,61,12,0.0
MzHQVvX9NcPLBSQt,in comodities at ye piece curant to windward of the bridge,STTTEll5jgZuwpju,this and other the Carribee Islands to Windward of,56,58,11,0.0
2YImftXDjEBbhk5j,accordinge to the tenor effect intent and true meaninge of the same Indenture,yovfBGvjPjrDzVEx,to the true intent and meaneing of these presents ~,66,77,13,0.3076923076923077
7lDBxlJMkIBys2QS,plantacon & now called Arcadia & each of them to bear theire equall shares,G0JY1qL5SUuMe2ly,them their or either of their or either of theire severall heires,53,74,14,0.0
s4ZRrORurv2KwRAY,above menconed have interchangeably sett their hands,slw5ce48zxCxxuEt,to these Presents have: Interchangeably Sett their hand,75,52,7,0.0
BEqypcdb6M01LGrR,appear Now know ye that we the sd Anna Cornwell & Grace Degennes,prlZ86ciY21iiRSo,doth and may appeare Now knowe yee that I the said Henry Chubb,56,64,13,0.0
oEmdHRDf7rWmLbmN,"Cleared from all former gifts, grants, bargaines, Sales, Judg",jYXRd00TByCBzusP,"farmer and other gifftts, grants, bargaines, Sales, Annuityes, Re",71,61,9,0.0
0DFBEVC6x3enGEDQ,Bee it knowne unto all men by these presents,3FePH8BcvyUTzIGa,Be it known unto all men by theis prsents that I Hugh,82,44,9,1.0
qNyOLpOwEHQ9l4t1,peaceably and quietlye enjoye the said land and houseing without the lett,6O6a1V20YYH5oVmx,Directly and peaceably to enjoye the same without the lett suite trouble,61,73,12,0.0
2kbJzvBREwWzzeHU,him them or any of them or against their or any of them goods or Estates In,e9D87KLAlm5wyNL6,them or any of them or against any of their goods or Estates in,87,75,17,0.7647058823529411
Do9613kZhc4ERTHH,the other Moyetie or halfe pte of the sd sume of money,MMrz6M319zzRMp3T,The one moyety or halfe parte of all ye wooden suger,64,54,12,0.0
9buXSXJAKvaEmlgU,I Capt Thomas Stanhope of the Island of Barbados Esqr doe acknowledge,4qF3zwG4TSmNQXT2,S:^t Thomas in the Island of Barbados Gent: Sendeth,65,69,12,0.4166666666666667
mQVgQmjTqVvi2SC8,Easements proffitts comodityes Emoluements and advantages whatsoever to,XhZYGhcnbZ6VYAJo,profitts comodities priviledges immunities and advantages whatsoever,73,71,8,0.0
tlFcfdoMobHEav6N,Knowe all men by these prts that I W^m Waterfield of the Island of Barbados carpenter,oABRWzWXSItuLbKY,knowe all men by these prsents that I Walter Walke of the Island of Barbados,82,85,16,0.625
9Yyul1VsgVuFoeQG,Edw^d. Littleton Esq.^r Guardian of the Said John Burroughs,50yTdPoz2Cnnyerl,upon Edward: Littleton Esq:^r and Samuel Peters and,55,59,9,0.0
qlMHylk9AKNiayAz,County of Devon Merchants for that they nor any agent or factor,TQTPEL8sAVCPCHQY,Rodney of Bristoll Merchant his Agents or facto^rs and all other,55,63,12,0.0
y3vKE8CoNygX7cQm,Councell of this Island of Barbados now Know yee that wee the said,w2SeLJdCa1XR5iDU,Councell of this Island of Barbados Now Know Yee that,86,66,13,0.7692307692307693
XRSdH1cm8ft5LV5K,To have and to hould ye one halfe or moyetye of ye said land ground and,Y9GsTDYv2epVWqXc,To have and to hold all those three acres of Land more,61,71,16,0.3125
msOTKPhl1nkhyQRa,To all people to whome these pr^sents Shall come S:^d Patience Ward Leu:^t Lord,hWddOaByuIsGs999,To all Xpian people to whome these presents shall come to-,72,79,14,0.2857142857142857
vKzcNrxrQqYPZXMa,Daniell Leech Gabriell Broome and Martine Clarke another bill of sale for,Izfwo4nQvvxsn8WN,over all our right tytles and interest and claymes of the said Bill of Sale from us,51,73,12,0.0
vhlwMTkRDlY9LezM,and unexpired of the said Terme of Ninety and nine,ujq1PJepvpFy4rkN,and dureing the full time and terme of ninety and nine yeares from,67,50,10,0.0
3T8vpteNv3WiYWGW,power and authority to give grant bargain sell enfeoffee assu,iU8taeqTJQtn7UNM,freely and absolutely give grante bargaine aliene sell enfeoffe assigne,71,61,10,0.0
AtCiuSrSoSKV3lsv,by these p^rsents acknowledge himselfe to be,ncdjV2fbQjVZ8D8n,before and acknowledged this bill of sale to be his,63,44,7,0.0
Opq31fbBxXD05iNU,of this aforesaid Appearer have protested even,8rK9vd3ssp23kCg0,the said Appearer did protest even as by,70,46,7,0.0
XBolZ9SHDdJp62hD,or cause to be notified by mee or any other person or persons that noe debters pay or cause to be paid,QtaVFLNiZRVfy4rw,of them I farther for my Selfe or any other parson or persons whatsoever,59,102,22,0.6818181818181818
ySXS1iixqMj7coAY,sea betwixt those two portcht storehouses ye one where -,78OwFiWiJODdTmkj,the Board Path and other storehouse wth all the land there,53,56,10,0.0
2Pxh4b0BrcFc9DHn,"Edward Walrond, Constant Silvester, Gowin Cavowe",jwGxmr58AXuI0fwn,assure convay and confirme unto ye said Constant Silvester,49,48,6,0.0
e75E38DWZci4jQnJ,Barbados. To all Christian People to Whome These presents Shall Come I Daniel,XRqbvEn65zI52ULg,Barbados : . To all Christian People To whome these p:^rsent shall,80,77,13,0.38461538461538464
XYRMCyIhVR5yX6a1,pounds of like money upon the three and twentieth day,YlBIWy3Rfjav87TL,and manifest unto all christian people that upon the three and twentieth,64,53,10,0.4
AG4l1kGDKuTzetXf,heyrs according to the forme and Effectt of,js22NsYIMeGwkZUM,them and theire heyres according to the forme and effectt of this said,74,43,8,0.0
2BJ8SFYoT2VdsxfM,he hath been at all Seasonable times ready to receive the said turnage,MH9Wr7FEWvMBvxR4,shall be as effectually to all intents and purposes as of wee the said John,54,70,13,0.0
auytbZ5KKx2e9lmO,and att all tymes hereafter forever peacebly and quietly have hould use,SVluJ44eOV1581q1,& att all tymes hereafter forev peaceably & quietly have ~,84,71,12,0.3333333333333333
DrK1dDNCFLBe9kbJ,molestacon or deniall of me the said John Mills my heirs or assignes or,qISmAlIf3V8mshoY,of me the Said John Redman my heires orassigne,65,71,14,0.5
xwYwMSZX7nx3vGGe,furniture apparell whatsoever unto ye said shipp,Um15UG3VeAFtTUiS,"appartenances, whatsoever to the said plantacon",61,48,7,0.0
pRlbKgqSaeBNmoWZ,Executors Adm^rs & assignes doth further pmise covent conclude,VhbM48YoB1aLPeLr,and Executors Adm^rs & assignes forever and we,69,62,9,0.4444444444444444
qfrrFrPnUi7V3HVh,the sd James Noell Martin Noell & W^m Seaman doe for them & evy of,kk0JN8rBzvlCWvU3,the s^d Thomas Hothersall all for consideracon of the sume of twoe,53,66,15,0.0
jP8UlChLQ0kAbWi7,hould unto him the sd Richard Vines his heires,x2ebSR0ZWMT3F96j,hoofe of him ye said Edward Shamon his heires,66,46,9,0.0
2uXhwofies5eR2oT,so all the Said Plantacon Messuages Lands,gL0DWPJAcXVg4OWy,shalbe upon the said plantacon Witness our hands and seales this,61,41,7,0.0
QjQCogGz9JXVnTci,consideracon of the sume of two thousand one hundred pounds of,5O1IEicLNIBPu1Qy,appointment the sum of two thousand one hundred pounds of sugar,80,62,11,0.7272727272727273
nNTsRw6RiTP9lGIS,as by a shedule hereunto annexed more plainly shall and may appeare And the same to,fCtxAqjtaaH0W2iw,in a schedule hereunto annexed To have and to hould the said twelve acres of land,60,83,16,0.0
rg41PsSpNebVnl8p,"or assignes or any of us, or of or by any other person or per",nifBSWYhebXEWBcm,assignes or any of us or any other pson or psons w^tsoever clayinge by from or,66,61,15,0.7333333333333333
SW7TaOdDOjk649Cz,Land and all y^e: Proffits & Advantages thereunto belonging unto the aboves:^d Rich^d:,AW4Bcv5coTpCr6BL,wth the appurtennances thereunto belonging unto the said Robert,58,86,13,0.3076923076923077
bQr93mpSCZaPc3K1,of theire goods or Estates in time and place as right shall appertaine,rhTVeFdGjKjidLj0,of their goods or Estates in Time and place as of,77,70,13,0.3076923076923077
S3UKNP7OPY10G2Z0,Merchant for good consideracon me moveinge,LLuAmVR5uoXhuogp,planters for good and valuable consideracons us thereunto moveinge Have granted,60,42,6,0.0
OwAlLzxDwXsj0RW4,and Mosses Perrera of Amsterdam aforesaid when in amongst other things,bo08s71qyTwe33k9,Lapthorne of the other partie where in amongst other things was mentioned,60,70,11,0.0
JmDPCOtpw6rVd9S2,either of them or theire order the full and just summe,Vf0sgib9T70aFqO7,and either of them theire and either of their heyrs of,61,54,11,0.7272727272727273
8SW0pxCNRQ3EGAQm,use to aske demand leavy recover and receive all and singuler such sume and,4fetzTUEHAXA0Kei,Entd 3^rd June and to my use to aske for leave recover and receive all such debtes as are,61,75,14,0.0
w8ny1LcQUjyWPf9e,assignes that ye said W^m Daniell his heires exers admistrs and assignes,buiofUS8irrEm9fw,unto him the aforesaid Thomas Bacon his heires exers admistrs and assignes,74,72,12,0.5
opBh4gU1p8Cf7gH4,God Evlastinge Know ye yt I the sd Luiet: Willm Pead as well for,y3xaKqzl3aEI4PuB,Knowe ye that the sd W^m Pead as well for & in,65,64,14,0.42857142857142855
dsgpzFDE9yFMxZLQ,as they are now in my possession by name Dick and Joane,LiFHJsXrFONcLJyZ,part whereof is now in the possession and occupation of,60,55,12,0.0
rPBrSY95z3BVcpn2,Blackman having taken aboard his said ship Island,shdKzaXbVB7y0hA4,"his Loading on board this said ship, according to order",60,49,8,0.0
d4qfiedDcQ2rR9ne,"Doe fully cleerely & absolutely give, grant bargaine",mdluwL3VGXFLU6id,freely and absolutely give grante bargaine alliene,73,52,8,0.0
3wK1giuCntNGLK58,conteyned I the sd Willm Harbroh: doe bind myself my heires ex^rs,sWbo2UvvpnId66Qp,unto the seaside & for better securitye I doe bind myself my heires exec^rs,66,65,12,0.0
Mundfi8Tdo39pKGb,Reade als Hutchinson unto the abovesd Robert Flanill,ZANKTAgUUXmhv1kT,the above bargained premisses unto the abovesiad Richd,53,52,8,0.0
0XFqMaOSzcSXCiQS,penall some of twentie and foure thousand pounds of good sound Tobaccoe,WvRMZ0cyEWnKAntR,penall sume of Tenne Thousand pounds of very good tobaccoe well,73,71,12,0.5
HEJ0WPahQwCp5PN6,Either by my meanes or procurement Provided that the said George Dane att anie tyme,yWbHef45aDgsMVl6,my meanes or Procurement. In Wittness whereof I the Said,56,83,15,0.0
vRLYsG33GZlUeHHr,sd John Maycom my heires Exec^rs Adm^rs or assignes or any other,B5GGvBIUtR81BF6A,heires Ex^rs Adm^rs or assigns or any other pson or psons,71,64,12,0.4166666666666667
L1LR1r9kArcFAbOJ,put my hand & seale this 21^th day of September 1645,6re06p0OzvPmiLGu,my hand this 29^th day of September 1641,83,52,11,0.45454545454545453
3ZCkKrYCBp6JaIo9,amount to the sume of one hundred and four pounds four shillings,DX6jCOyJkMCWug7r,admistrs or assignes the summe of fourteene hundred pounds of the like,63,64,12,0.3333333333333333
sbFk0Z9or8ZAgxUc,the said parties that the said Raymond should wth,GZwQPAMCD4etmRnS,the sd pties that the sd Robert Compton is to worke wth,69,49,9,0.0
GWHz0OHVXA1ZvySQ,years from thence ensueinge and fully to be compleate & _,pvc9AiedHsceu3E2,"before the Ensealeing and delivery of these p:sents, well and",53,57,11,0.0
dw9ge8uTEMsjpH8F,such house hould stuffe tooles and stocke as are in sehedule exepreped,NRsUkHKPQQUtAtkb,Stocke househould stuffe and other goods menconed and expressed in an,59,70,12,0.0
xqsfLVcWYqmFD3ck,Michaells In the Island aforesayd the full and Ins,CduRh5IjwfP6hYb8,S:^t Michaells in the Island aforesaid and then and there,75,50,9,0.0
7S3dq4Ychd8teqvS,To all Christian people to whome these presents writeinge shall come knowe,H6MlB7cGEGI4lZ6J,To all Christian People to whome this present writeing shall come,91,74,12,0.6666666666666666
bE4V6crlP4ow56DX,and deed given under my hand ye day and yeare,X45z2YGR6He46kFL,"Act, and Deed Given under my hand the 31^th. 8 .^ber 1693.",64,45,10,0.0
yiB41hfs9jqnYAQi,Knowe all men by theis pnts that I the sd Alexander Lindsay doe by,4Y3H0NPUKWow83tR,Knowe all men by theis pnts That I Arthure d,71,66,14,0.42857142857142855
Df4U8pt1RP853mVW,the said John Kempson Thomas Bond and Thomas Jones by severall daies and,QY0TKRiTyHVpguHL,I the said John Kennicott purchaseth of Thomas Morris scituated lyeinge and,59,72,13,0.0
xbxZLBlxD2eKD5yb,"execuson dues, duetyes demands and all other incumbrances whatsoevr",a2vobEfkl6Ac3d5J,dues duties claymes demands or Incumbrances whatsovr:,72,67,9,0.0
X3YabLNZL6GBB5R7,"for Ever, without y^e Lett hindirance, Molest",jmVKhLTfIqzv7x3d,"for Ever, without, lett, hindrance, Molestation o",83,45,7,0.0
gwDKldJlQpYByf1T,any such payment will and sufficiently appearing and,eiYnMIfIKoNDPOZk,well and sufficiently warranted and defended,58,52,8,0.0
nm6tJae12v3oCVpx,hands and seales the Twentieth day of July Ano: Dom. 1643,JmpTPeFLn4ysPFbH,hand and seale this tenth day of June Ano: 1644,79,57,11,0.36363636363636365
16e55iHtdnopLWLE,my heires and admistrs or any other pson or psons by from or under me ye,aqypCWr9vtLUKaqP,"my heires exers adminstrs or assignes or any other p""son or p""sons w^tsoever clayming or",66,72,16,0.6875
kHaLisghwau0bPN9,Lord God Everlasting Know yee that I the said John Ham,snMtxO2mPr5MFnid,Lord God everlasting Know yee that I the said Lucie,86,54,11,0.9090909090909091
XGeUUg5qPoDsqDdg,seaside in the parish of St Luceyes To have and to hould the said fifteene acres of,Py1yoqfBOpHWZ6NZ,in the parish of S^t James To have and to hould the said three acres of land with,79,83,17,0.7058823529411765
nDoeQ0rPNxce4nAt,in or about the prmisses shall be needfull necessary & convienent as full &,1qmhlQZK2d2W7JDP,all and evy other act and acts things wtsoever needfull necessary or convenient in,59,75,14,0.0
QEDO9rMQavcPN8Cu,Barbados Know all men by thiese puts that I Thomas Cro^wther Commander of the,Fi52OHIUuYFtqJ2K,Barbados - Knowne all men by theise presents that I Capt Thomas Gibbes of the said,72,77,14,0.2857142857142857
APJMGJUc4FCwE3O7,"about it are menconed, Surveyed in Barbado",7IoyRTyEqjH3Bas7,and chattells as are menconed and expressed in a schedule hereunto annexed unto,50,42,7,0.0
6hylUeJPmRpWR0oL,the sd land or plantacon as by a liste hereunto anexd,syVe0NKvUpKrA4YF,said plantacon as is sett in a schedule hereunto annexed for ye,64,53,11,0.0
dNOQ7N6EQFbaIJAa,or any other pson or psons wtsoever provided alwaies and neverthelesse it is the intent,WIcw0CgN3RVJ3oVP,other pson or psons w^tsoever lawfully clayminge and right title or interest in the,62,87,15,0.4
tbsyltEIBRUmYw1C,London the 26: March 1669. ffor 100 Sterl:,N78M3v6GKmUzF7sk,Barbados July: 7:^th 1693 Exchange for 100^p Sterl,52,42,8,0.0
RFqJwRN2Kszre9Gm,years full to be compleat & ended To have & to hold unto the said,5L3bEhqeyOYoRSoZ,also three sowes one bore with other necessaryes To have and to hold unto the said,63,65,15,0.5333333333333333
VhMl6LVjQCxZlqYS,lawfull to and for the said Richard Bert his heires or assignes to reenter upon,xZZqBxx577puIwe9,to and with the said Richard Fisher his heires executors administrators,67,79,15,0.5333333333333333
Xejl0WsGNYcuyEcG,doe give grant bargaine and sell unto Edward Porte in the same Island,hyCu2yCDcclJQ3Xt,doe give grant bargaine and sell unto the Capt James Fulter all that plantacon,69,69,13,0.8461538461538461
9GpGG5k6a6TeuhrL,"March; 1674 Lord Charles the second by the Grace of God of England,",FrXIHB1GMLzM3aHX,Lord Charles the Second by the grace of God of England,86,67,13,0.7692307692307693
37E5BATnl2FQLSTd,so ever In witnes whereof I ye said John Ramsey,THZWM5WJ8LJFTJ52,them In testimony whereof ye said John Cooke,68,47,10,0.0
gHqA1DLdJDEZSoEn,date the Sixteenth day of June which was in the,8kn3TLDy8Pzkhxre,date the Sixth day of July One thousand Six hundred,69,47,10,0.0
Vzg5jk3j6IPpPTOb,Sett my hand & Seale this 20^th day of Aprill Ano Dom,L1LR1r9kArcFAbOJ,put my hand & seale this 21^th day of September 1645,70,53,12,0.4166666666666667
I1af7W2pkAFEn3z5,to the old Bounds to Contain Two Thousand Four hundred,ftCq5R12ClNKdTwx,In the yeare of our Lord and thousand six hundred,60,54,10,0.0
skjRDf4Of8To4nZR,of person to deliver and to recover receive compound agree release acquitt,HggUoIymmHQpKO8l,administrs or assignes for ever free and cleere and freely & cleerly accquitted &,52,74,12,0.0
TD9rf9ReTOsHyR47,mchantable Tobaccoe well made upp in wreath & Role Witnes,AoupA6Uur0eKxhGR,pounds of good mchantbale Tobaccoe well made up in reate & role to pay or to cause to,68,57,10,0.0
xXcaTMlqrMTOlH8C,trees fallen ground standing wood ponds watters wast land -,ECJo1rCf9VaAlQIo,or houses grounds fences Joyning upon Mrs Bramble and,52,59,10,0.0
CcLxUif6suVAlmiY,Have given granted bargained sould aliened enfeoffed and confirmed and by these presents doth,9kgdxnPmBV4xerAP,given granted bargained sould alienated enfeoffed and confirmed and by,83,93,14,0.7857142857142857
Vyq37KAnllxfF1tY,Suorum nie non de conficend verum et plenum inventarium omnium et,vhlwMTkRDlY9LezM,and unexpired of the said Terme of Ninety and nine,47,65,11,0.0
yEHt0ntRcF19SndC,Turn over twoe leaves and there is more accons entered,rCYduDSOqXYknJX3,Singular other the premisses in and by these presents granted bargained,54,54,10,0.0
u5IfijoySjTneAAv,-and pounds of good and merchantable cotton dated the last day of July 1640 with condicon to perform,6sChDStSz8rGIFCf,3100 lb of good and merchantable cotton wooll unto the said Edward Carew Skipwith his excrs or,59,100,18,0.6666666666666666
A1QQdem0WGjUrflC,the full and juste summe of Funteene hundred pounds of good well Cleered,zgadFFFmPkeFwdoA,full and just sum of fifty thousand pounds of good merchantable,68,72,13,0.3076923076923077
y5SvHcsBWrS8NIKY,ye aforesd demised seaventy acres of ld with all privileges pfitts advages & -,FpfJWaSUA8niwspP,Seaventy acres of land wth all tymber trees privledges comodities & advantages,63,78,14,0.0
EjBHn3N8xcXDVSbw,"A Lyst or Shedule of names of all the men, women and Childr,",UpkDyr7OSJoRu1XX,A Schedule of all the houseings premises and utensils what-,55,60,13,0.0
V7pi6arZR8rfpXIs,Morgan W^m Bayley & Lewis Koller. or to either of them or either of their,CEbvnVInnIHWqJEN,hinderance me the said W^m Parkes and Thomas Kinge or either of them or either of,61,73,15,0.4
qlri5n1JPoLCkHpp,of the goods and Merchandise aboard the said ship belonging to Capt,3kHzHgflUnObnHGv,aboard her with all things to the said ship belonging having time,61,67,12,0.0
uyr0Yzxh7KmLIlRX,knowe yee that I W^m Stiles of the Island of Barbados planter for divers good considera,Wnh8FVMwVuAmnfZG,ye that I Robert Lea: of the Island of Barbados Carpenter for divs good,73,87,16,0.375
29IotFQ5CVcwfaP0,p^rmisses wth thappurtences wthout any ma,mRWOIsDzWyMf4MZw,gained premisses with their appurtenances unto him,68,41,6,0.0
XqV5OM8HpKeb9nla,of the aforesaid Island Merchant Have given grant,Ej4kqc5u7U7xZ05p,of the aforesaid Island have given Granted Bargained,77,49,8,0.5
VYFQGk6lea1kOf4F,Attorney shall seeme meete and necessary is as full and ample man^er,GJsLVh4T2uVbGKiP,made on ye said land in full and ample manner as,57,68,12,0.0
cdPxsnBqvNZ4WDcg,agents or assignes any thinge for the same with the shipps cables and provision,F3keWFupvrdGoJPy,and assignes or any one of them or either of them assignes to reenter upon the said,56,79,14,0.0
j5P0RRt8vztefLNk,heires Exec Admr^s & assignes of & from all & all maner,2WuwF8h57zBZol9G,heires Executors & Adm^rs & assignes forevr all yt tene,71,55,12,0.5
QH8gKPh45OKsJ06R,Cowes Esqr Together with all houses Edifices,OuEGYmMT09IcmEbn,Togeather with all the houses Edifices building eas,69,44,7,0.5714285714285714
TXyLhv8XEnTqMq4m,heyres and assignes Signe Seale and Deliver Such,pTGrA7IKxccKETxh,heires and assignes in the penalty of eight thousand pounds wt of good merchant,57,48,8,0.0
auSaTvnDKYu5oJey,To all Christian people to whome theise prsents shall come I William Liver,Y4HzzVFg7wuqrA4b,To all Christian people to whome theis prsents shall come,87,74,13,0.8461538461538461
GjteTqbIfCciHqBe,Sealed signed & delived in the prsence of us,tJBAEfHAq8rj9BiX,Sealed Signed & delivered in the pnce of us,92,44,9,0.5555555555555556
NQkBsbunTjO0CmP9,ruption or hindrance of me ye said Edw^. Cole or of,5DCjjVWyA8b3iYuy,molestation trouble or hinderance of me the said Richard Isham or anie,61,51,11,0.0
bNAsFtiMOmizHpUt,"the S:^d Rich.^d Vinter his heyres & Assignes, in the",RnBNbzS6guTYSwcQ,further binde himselfe his heyres Adm:^es and Assignes in the sum,63,53,10,0.0
LobYyQZqUy4hs8mG,forever to the onely proper use & behoofe of hi,W7hYYAfRyLnR9AZl,to the only proper use and behoofe of the S,80,47,10,0.0
MwFs6Wtw7Trb2BL8,and quietly have hold occupy possess and enjoy the said,iyP13zd4RJ63A8LB,peceably and quietly have hold possesse and enjoy th,79,55,10,0.4
SZdxKEnW7BrVSXlr,sett over and by theise prnts doe fully freely and absolutely give grant,tcozMdant8nXiWqs,-firmed and by theis psents doth freely cleer;y and absolutely give grant bargaine and sell,69,72,13,0.6153846153846154
Fwg9lqEBraadyHCv,hundred pounds of good and well condiconed tobaccoe made up in,ydadQfY9Y0hQXVdf,of fifteene hundred pounds of sound well condiconed and,68,62,11,0.45454545454545453
z1uffJgR4uGnV9CY,use the sume of five shillings of lawfull money of England,ntJ8UoHMouQQM6xP,penall sume of foure hundred pounds of good currant money of England,60,58,11,0.0
R1uViiAitMYfviRH,any Meanes of mine or by my privity or Consent,PC5P9rdb2TxNFxXH,any act of mine or any other persone or persones,62,46,10,0.0
sJaRUTJxYwD3Gcak,Aprill Middeton Thomas Bright by the said Capt giveinge the said,obFSTrgCKK9PAurA,with the said Capt and Thomas Bright their heires exers,54,64,11,0.0
tqRqYGyvDrmb5zj0,Appearer further averring that the said,FaZXVwKpNADcg50S,and every part thereof to him the said,57,39,6,0.0
yOFIIsuE37o20j6e,"Every parte and pcell thereof, imediately from and after y^.e death",wDZbfK5Fs3n9WQQu,Every parte and p:cell of them and Every of them with,67,67,11,0.0
dPbGExFXvDvg8Snh,intended and Soe shall Continue and Rema,ydadQfY9Y0hQXVdf,of fifteene hundred pounds of sound well condiconed and,55,40,7,0.0
q69wZ5I5ZGaTWLEh,demise or grante and shall express and declare ye same,CSjP6sAfQduefc71,grant bargaine sell assure and confirme the same unto,56,54,10,0.0
prlZ86ciY21iiRSo,doth and may appeare Now knowe yee that I the said Henry Chubb,2iDMJd7wTVLRxPb6,the date hereof Now knowe all men by these presents that I the said,60,62,13,0.46153846153846156
1IBeZ421t05ilM5o,ing any right title or Interest unto the same lawfully,A7McwOcQLyvzWJIW,claymeinge any right title or interest thereunto or any,72,54,10,0.4
RUoYv1AfhJGSWja9,"in Carlile Bey Sends greeting, Know yee that I the said David Robertson",nKV1PcUwCTNIyy7i,Everlasting Know yee that I the said James Ho,64,71,13,0.46153846153846156
vSAFYSzDCA5eL3vi,Entr:^d y.^e 18.^th day yeare of our Lord god one thousand six hundred seven,DrXnvg6YsMiG0Ami,in the yeare of o^r Lord God one Thousand Six hundred,73,76,14,0.5714285714285714
AzdQ1Y6mb7KIdw8f,Day of September yearely to the Gover: in Cheife (for,CjqMSdmi9iprEFes,day of the date hereof forever: to his and their owne,55,53,10,0.0
Mu3q1uOG2qUt6AwD,for Wind ward of Guardalope and ordinary of the,ejDLHm5h4lWWqiJR,lyeinge windward of Edward Browne and adjoyninge upon,54,47,9,0.0
oXHyC6Ct3LBtKNdN,under or them or any of them ( except before excepted )the said mortgage to the abovesaid John,LeHp1iS2EbcdrzAB,"or any pte or pcell thereof except before excepted, onely or any",56,94,18,0.3333333333333333
JNBBFAduYBqka0Y7,"M^r"" Richard Glascocke made oath before me the 4^th day of February",GmJt9luZoy6Z6O2t,M^r W^m Phelpes have taken the oath before me that they have made a,57,67,12,0.0
OuptI0Bsc2gd8tQ9,voluntary oath y^t uupon y^e five and twentieth day of June last part,tanz0KqG2QfQhlPA,on or abouts the foure and twentyeth day of July one thousand,62,69,13,0.3076923076923077
q3uPcTOiqbXxpCFk,of are now resident on ye plantation and two more,fmUhGrx6AbvN91No,ye Church land west upon ye plantation of Phillipp,57,49,10,0.0
BHew23WKtXD5SqXD,take unto his use and possession the aforesaid plantacon and,NlKMdDkiTAENrcBQ,acres of land parcell ofthe aforesaid plantacon or parcell,63,60,10,0.0
COF7FrxK3lxs4Thi,Nosse with ye full bredth of my land betweene ye,scTZGPheD0mbRyKY,the ninth of July last part betweene the said,54,48,10,0.0
Qf7kG5FR0LrYkMQB,Henry Hawley & Turberville Morgan Esqr for & in consideracon of the,udO0a0woU9rlqbIQ,Pead for me my heires Executors & Admrs for & in consideracon of ye paymt:,58,67,12,0.5
BuM3VCVtq1WkwjyQ,Land Scituate in the parish of Snt Michaells Cont: in,0pAcgRa77LVPNKpY,Scituate in the towne of St Michaells at this Island,70,53,10,0.4
qsgb75V3Rk6UoYGE,ye world until ye sealing of this within deed as witnes my,xdYDV87WtLphzyaH,Seizin and quiett possession of the within menconed p:^rmisses,55,58,12,0.0
xiVS42zcHPIwmlMZ,"written to be their free and volentary act and deed, and that it -",qJ710OOaI4SGTB4S,to bee theire free and voluntary Act and deed the said,77,66,14,0.0
IgAEcrBJSBeefq48,the said William and Mathew theire heires executors administrators and,IcV9e4NMcpsjh92X,the said Bonam Carter his heires executors administrators and,82,70,10,0.4
nSdanAaCiipucjVP,wth ye house in as good order as it is at the prsent ~,TLbq3fOGULGvBz9S,with the houses boards timber water goods & watter course,58,54,14,0.0
Ojj6uX95vgCZre1M,To have & to hould the sd plantacon & land wth the prmises,YT9l79SoiGWSa38W,To have and to hold the said plantacon or Parcell of Land with all a,71,58,13,0.5384615384615384
9ae8JUPDyXS3Mk1C,willingly Suffered to bee done by the Said Christop,243Efrgr29lBU5si,omitt Suffered or done ^by the said John Bawdon,63,51,9,0.0
Df05Zk1Auy9wy26S,Sale to be his act and deed William Sharpe,ORKkWTLEdtXunH9B,signe seale and as his act and deed deliver th,61,42,9,0.4444444444444444
kqDffZCJGERWXwaU,abovesaide with the appurtenances to the use and behoofe,qtU33cLzD1yjt6jJ,parcell thereof with the appurtenances to him the,65,56,9,0.4444444444444444
XEhKI7wvRtzdO9Pf,of tobacco in lew thereof and noe more It is ordered that Xtopher Nevison shall,SuH6wMIGnSgQ0cpc,sell alien enfeoffe and confirme unto the said Christopher Novison all that,55,79,15,0.0
4Py29m6mVVaSI0mm,Robert Browne southward Edward Evans and Bartholomew Walters north,L9jxuiM12PdvbN7l,Burrowes eastward and the land of Thomas Greene and the,50,66,9,0.0
6EtdIS453FF3iecC,unto belonging and adjoyneing and is scytuate,ShpU8GFf3WyjIopw,thereunto belonginge or in any wise apperteyneing To,58,45,7,0.0
cLOVrvJExKwdGSlw,To all Christian People to whom these presents Shall,0ZvGzksVcRwCqqvb,To all Christian People to whome these presents shall,97,52,9,0.8888888888888888
BH8T470otO2f8tAX,p'forme the above menconed cotton or servants then it shall be lawfull upon,BjpHAKRYlklfN3yN,and every part hereof be not paid at the day appointed that then it shall bee lawfull for the,56,75,13,0.0
jiqx4LpoqZtfKzK6,heires exers admistrs and assignes the afores'd house or tenement w^th all pfitts,g6x6qG6aMrcPrPEz,my heires exers admistors and assignes in the penall some of twenty nyne,67,81,13,0.38461538461538464
CWX4uIjzHiUPNxdI,King of England Scotland France and Ireland,OZIW7t7vNxIW98CB,King of England Scotland Ffrance and Ireland Defender,90,43,7,0.8571428571428571
MMrz6M319zzRMp3T,The one moyety or halfe parte of all ye wooden suger,Do9613kZhc4ERTHH,the other Moyetie or halfe pte of the sd sume of money,64,52,11,0.0
5hLE76qPbcvAqmv4,Crocker the said ship according to order and agreement but hath neglected,WB2IhXfKpNF1Ifr8,to the said appeares according to order of the owners of the said,59,73,12,0.0
y9ettYz4ylFBnUna,fowl weather for all losses damages determnts hints produce,pU1TO7gDyVvpMEcu,together with all penaltyes forfitures Cost charges damages sum & sume,50,59,9,0.0
hwnxLDDhdQdhh8vP,consideracon sold and delivered in our owne and the names,5OOq9SHy94KQYyY7,Signed sealed and delivered in the pnce of,61,57,10,0.0
65jDI4xojsOUl99y,plantacon And that I the said Henry Chubb my heirs excers adminstrs and,mQVKRRMKleLiVeiq,or molestacon due by mee the said Daffe my heires exers or admnstrs and thee,67,71,13,0.38461538461538464
9e3BFMnceq6Ifgza,Severally to grant bargaine sell aliene enfeoffe and confirme,7gSIGxAVzAKvtfpk,pnt give grant grante bargaine & sell aliene enfeoffe & confirme unto,78,61,9,0.0
ggKvBPPXVM6ztBb9,Intr 3^o 8 br Barbados second of October 1647.,GP88oBquqOJCxWNC,in the Island of Barbados Gent. of the one part,52,46,9,0.0
8WRAnp0vSrlaT5vb,"Three Coppers, Two , two ladles, one head& worms",cy7sbdrCs8HzDMt4,# 8 Coppers with 1930^lles 10 ladles basons and scumers,54,48,9,0.0
BZsYTf8BnHivfgE2,our Lord God Euerlasting know yee that I the aforesaid,kHaLisghwau0bPN9,Lord God Everlasting Know yee that I the said John Ham,80,54,10,0.5
9MzXubOrYCFowJ8y,men servants whose names are Tobias matthew Sam Lennings John Patefield timely to serve,GmLW0M416cgx4aXQ,witnesses whose names are on the other side written,52,87,14,0.0
zmjkSQH1SVVb9fkA,heires Executors and Adm^rs jointly & servally to him,2WuwF8h57zBZol9G,heires Executors & Adm^rs & assignes forevr all yt tene,69,53,9,0.0
Lc67u18NryL7TMHW,these presents doe give grante bargained for and sell,fmGcACgpdDTovfd0,these presents doe give grant bargained and sell assure and confirme,79,53,9,0.0
lB45GZDqr2RP4RFd,Paul white his heires or assignes By Eliazar Cockram of the Island,gxa2gi146XRXUo6v,Woolfe his heyres and Assignes from the six a,58,66,12,0.3333333333333333
B3LF272aHYwAW2Cu,in ^hand already paid by Henry: Dorne of the Said Island of,vsVI78ZmmaK9xG8F,in hand allready receaved of and from the hands of Cap^t,61,59,12,0.0
ib10LmS2x9wUy1Ye,his heires exers admistrs and assgnes that them this prsent deed and,yBmKwx5O0eCk4c9G,for me my heires exers admistrs and assignes doe by these prsents covenant,72,68,12,0.4166666666666667
KCqrk0do3UzdEI6X,the sayd land with all easements profitts and comodities,mjt21n9iMJnLwriU,whereon I lived and together with all liberties easmt^s pfitts + comodities,66,56,9,0.0
tRD66zb6Fu2fZkfd,or persons whatsoever lawfully claymeing by from or under him or by from or,WcfzyyJEdOaSkfF2,by any person or persons whatsover lawfully haveing or claymeing by from or under me or,75,75,14,0.5714285714285714
KJEYpxTGFlD9kNM4,without any the lett hinderance or denyall of him the said John Leslye or a,s28IDBKUKXHqk9yD,ever without the lett molestacon trouble or deniall of me the said Thomas,66,75,15,0.3333333333333333
0lz6epqbSN3Eof3i,"the lands of Jeremiah: Egginton, M^r William: Dyer, Jn:^o Knig",WKFGgvxqjy28OcWQ,North upon the lands of the said Mr William Kirton and East upon,52,62,10,0.0
oRldxGZyKKCk5r6x,William doe by these presents give grant infeoffe,rZvzuCiBEzxRrfXM,and confirmed and doe by these presents give grante,72,49,8,0.75
UOgcxLnMrURIguaX,"and assignes forever more, and free and Cleer and freely & Cleerly aquitted",HggUoIymmHQpKO8l,administrs or assignes for ever free and cleere and freely & cleerly accquitted &,79,75,13,0.0
pIQHhKd6hgW82r06,& doth further warrant the Said Negro unto her ^her heires & assignes against,S7HFCNO6W96psFjs,of them theire or either of theire heyres or assignes,58,77,14,0.0
0wm1HqLu4ThzUoZj,w^ch are for securaty of the payment of twelve thousand eight hundred,T9JS47NYwoQL0lyt,admistrs or assignes for the securitie of and payment of Eight thousand fower hundred,65,69,12,0.0
6LbgMnZuGTXVGYLT,by ye authority of ye Kinge Ma^ty 'or Soveraigne Lord admitted and sworne,LacYGRQHLjuX6YI1,yeare of the Raigne of our souveraigne Lord Charles,58,73,13,0.0
5SqgTBDyjgZIFVsp,"Signeing sealing & Delivery of these presents, seased",tgsptsz5klZGbVFq,"before the Ensealing & Delivery of these Presents,",74,53,8,0.0
fvHJi4UUe1H39D9c,Have & To Hold the sd plantacon together with all &,YT9l79SoiGWSa38W,To have and to hold the said plantacon or Parcell of Land with all a,67,51,11,0.0
r7VJrwvUvTQPEy81,Charges Att the Suite of Moior Thomas Rous w:^ch Said Exe,3xWyyUNvRDKcbRhk,with an aquittance endorsed there on the said Thomas Rous his heires,50,57,11,0.0
VmfbvwCFeQc7nRdQ,"all, or any othere title, charge, trouble or",1eV8c36Mus9MyJAg,singular other titles troubles charges and,56,44,8,0.0
sRPnjJlo4MemiQTe,and alsoe against the said Royall Company,s2MsNg2IwhtVDwB8,as aforesaid and the said william Martin,57,41,7,0.0
eljuMcZ9LYSvyzWI,sellings tradings and doeing as shall be need full and within tene,4sUTy9A18RPVxYEZ,sale assignmente and others as shall be need full and required to receive the,64,66,12,0.0
GkGgCLrFEKwa26Zc,said Francis now liveth conteyning by estimacon one,xXWTizigQPcE1sT5,Robert Perie now live on being by estimacon Forty,68,51,8,0.0
ntB4yKk71xqJfiWf,Thomas Guy for himselfe his exers admistrs and assignes covenanteth pmisetta,zdvagO2TBA2FVLMU,for himselfe his heires excers admistrs and assignes give grant bargaine sell,71,76,11,0.36363636363636365
ntPunwpG7SeeSvFw,Williamson doe from me my heires executors ad-,07XIMeVcLOC43CNC,And I the s^d Edward Williams for me mine heires executors and,67,46,8,0.5
g6x6qG6aMrcPrPEz,my heires exers admistors and assignes in the penall some of twenty nyne,3HD1dfdr1PgvMg0s,Exers admistrs and assignes in the penall summe of thirty thousand pounds,74,72,13,0.5384615384615384
jq6tz2NHrwKINUbM,Samuells Boatswaime and him this deponent,Olicgej41Y1E0ZaU,"Samuell Coward and Cap:^t William Martyn, And West",53,41,6,0.0
RRxTIJunZDLHlhUU,to the same the invasione of foreigne kings and princes onely excepted,P3BeMsw0GJEc732E,part or parcel thereof the Invacon of the forraigne enimye excepted &,59,70,12,0.0
lstgZJk54jkAhI6N,condempne & out of prison to deliv: & genally to doe all things wch he,3zMguIvuDs29L7by,and to condempne and out of prison to deliver and to compound,63,70,15,0.0
HYRx8bCjXaTZH8ef,Received by me Capt James Browne receiver mennated and appointed by the right,A6kS9NSmmP9Drhw7,for as much as I am none arrived and attained to the,51,77,13,0.0
USsilUa8S8Kz2X9K,whereof I the said Leut Robert Terrell have to theise presents sett my hand and seale,8AEEISYk9SBw6SKy,whereof I the s^d John Tobin have hereunto set my hand and seale the 30^th,68,85,16,0.5625
HnyADvkxtUuX8KMf,of the Island aforesaid planter sendeth greeting in or Lord God Everlastinge Knowe yee that,woV3tAY4vxqLsD2h,of the Island aforesaid gentleman sendeth greeting in Our Lord God Everlasting Knowe,87,91,15,1.0
VLSw3TNOBkNiYn0n,prmisses And to substitute one ~and~ or more attorney or attorneys under him with like,iuW7izXu5s0RU3BM,deliver and procurators or attorney one or more under them to substitute,56,86,15,0.0
OK6oTLNp00pFKE4b,in our Lord God Everlastinge Knowe yee that I Paul White of the Island,qAgNY1M73l7qdyxO,in our Lord God Everlasting knowe ye that I John Dyer of the now -,79,70,14,0.6428571428571429
Jq2WcfhGtx9IkB8Q,comeing after the date of theise psents for ever and the said Walton Fenton,dGNYoOwfTS34omVW,meaning of these presents and the sayd parlys to the,63,75,14,0.0
0AVFWH3x0dGYketT,me the s^d Robert my executo^rs & ass^s.. And that he the s^d Robert ass^s shall not,PMR5TI9MaDsLLpZu,Nathaniell his heires Executor & Adm^rs yt that he the sd -,53,84,17,0.0
nRXVpa3NBF7mMCNG,.& to her two children Robert & Ann to them & either of them,vbmmszaTEtLA2O9G,or Children then to the use and behoofe of the,60,60,14,0.0
DQWJl4bOTH3lKFnQ,adm^rs or assignes wart: secure & defend the former bargained prmisses & unto,m0XxDgjTB1AffdB4,admistrs and assignes forever free and cleere from all former bargaines sales,60,77,13,0.0
sqn0kVXKZYALfqjk,~quantity~ may appeare ^now if the said Thomas Duncombe his heires Executors Adm:^rs or,n1l3vnF8UyUuDzMW,and agree to and w^th the said Robert Drye his heires Executors Adm^rs,65,87,14,0.0
0uBeAe2LDmJqYq9X,and demands. whatsoever In wittness whereof. I the said,pw3M1tBJKvmODslv,other whatsoever. In Witness whereof the Parties to -,69,55,9,0.0
ModMWfT9r71Od6gR,or assignes by me or their assent consent or procurement,G0mct83aOEEU5VUx,under me or by my assent consent or procurement,76,56,10,0.0
Y8q5eGRNcW8Qiss8,"Wormlaton and Easter wife, the above bargained and Sold",tgFBS1wtAgZqggPX,and Contented Have given granted bargained and Sold,62,55,9,0.0
PPMTvjiJTEPRufia,given und.^r my hand the 22.^th of August 1676 :,zWgUa9oCUAnWkLsa,"and Deed, Given and or my hand the 14th of October 1684",60,48,10,0.0
PABzZFZd1Hd6GxbK,of the Pish of maker in the Countie of Cornwall now master of the shipp,qINa3LHvMjCgqoRA,others nominated in the Saide Contract of the other p,60,71,15,0.0
vr8RbWnLaMGq9RyH,Greetinge in Our Lord god everlasting know ye that Lieft,OKnxmKgOapGPXLeS,"Greeting in o^r Lord God everlasting , know ye that",86,56,10,0.0
RMdJncAONlxdSTLW,the Raigne of our Lord Charles the second of England,nq4AeeHMFHFmCjHl,Dumesnell - to - our Soverigne Lord King Charles the Second of England,70,52,10,0.4
euYlcqNMGcZLtP1M,Hoble: Tho Ea of Carlile Govr: & church all ways excepted and it is,mWkFGDF4tFbf8zGD,to the land of Mr Carleton and his owne land with all profitts priviledges and comodities,49,67,14,0.0
fdoxzxFrPJdJ6tmF,pish of St. Michaell within y^e Island aforesaid Abbutting,ddLEG62Hkd9Gf2le,Town of St: Michaels aforesaid in the Island aforesaid,66,58,9,0.0
3lSgDEOX5mvP8W7f,& sale shall not or be not pformed unto the sd Richard as-,MCag8sQOPuxFa23o,did demise grant and to forme let unto the said Richard,64,58,13,0.0
APmOaxyMvP9PWA6l,"and on the Lands of the Said John: Booke, together w:^th",AnBi72G3gqOqRrDh,"Pinfold west on the Land of John Jopson, together with all houses",64,56,11,0.36363636363636365
1bga6jWiiUhkSzJ1,interest or Estate in or neare the BridgeTowne,CkVloXN4ZVhEWyeN,And Interest of in or to the premisses or any,57,46,8,0.0
w2SeLJdCa1XR5iDU,Councell of this Island of Barbados Now Know Yee that,y3vKE8CoNygX7cQm,Councell of this Island of Barbados now Know yee that wee the said,86,53,10,0.5
wsD1jQ5WdsFqY1ti,said Deputy Secretary having heard did protested,Ev7vcuBkqs10IfIV,Deputy Secretary haveing heard did protest,91,48,7,0.0
4BOXvhynMhDkEgXv,written deed as his voluntary act and deeds ~~,gzmjFOb9mPrKhqg3,for and as his voluntary act and Deed Hen: s,73,46,9,0.4444444444444444
WKyEa8wtWy2591AI,recovryes executors dues duties dmnds & all other incumbrance or incumbrances wtsoevr for any cause,xbxZLBlxD2eKD5yb,"execuson dues, duetyes demands and all other incumbrances whatsoevr",66,99,15,0.0
WSlmnVErULWHMsg1,Sealed and delivered in the pesence of - with these words vizt: - parcell of land lyenig att the,KVEfCP12IxyHgDyM,Sealed and delivered in the prsence of the word,64,96,19,0.2631578947368421
dolcEqkTDBh57FcC,and wholly as the said constituent themselves might or could doe psonally the,Pom37V7sjiunLo8N,to whom & as the said Othniell shall dirrect or appoint the Same,52,77,13,0.0
kN4Ixhsr1JzKJocx,took their owne goods and parte of what other goods they were to,RObestZArY9gN9Ek,Inventory of the Negroes and other goods belong,56,64,13,0.0
rlnNnuSqn6Wo0O4D,Sealed and delivered in the wth possession,BU7IrN4RM2C3UZC0,Sealed and delivered in the prsence of,80,42,7,0.7142857142857143
cXcUcqwnL68TJbrS,Anndell for Divers good causes and valuable considerations mee,QRfP8SEpVyMaDVGL,for divers good causes and valluable considerations us here,86,62,9,0.0
Mqjf9xk8KhaTHBX6,any two neighbours shall appause them indifferently betweene both parties and,OUq92PlJ8EF47pHm,and to hould with all and singuler other the premisses w^th their and,52,77,11,0.0
76MzbQm7n7slM61X,from his most Sacred Maj^ty Charls the Second,9fDe1m4cWp8TFbND,of our sovereign Lord Charles the Second by the,57,45,8,0.0
r9dIh2iSpvBoZfzF,Administrators and Assignes shall and may y,VobrWstyKDIOLsjY,Administrators and Assignes All that planta,79,43,7,0.0
0yzdjCgzJLlDH5OJ,heires executo^rs Administrato^rs or Assign,OupQzUicx5r0tMmX,heires executors administrators or assignes.,90,43,5,0.0
kIvmIzm3gauOcuZl,premisses unto ye sd Tho wave his heirs Executors & Admrs forever,NBeJqqyP5kzDf8qR,premisses to him the said Thomas Warr his heires executors administrators &,69,65,12,0.0
bGQWFIHtTEC2KIG6,soever now in the peceable possession of the said Richard,Mf9OjERUWYa1AubC,& nowe in the possession of the sd Colonell Woodhouse,62,57,10,0.4
JCvY3E97yfFzxRFk,and Deliuery of these p^rsents haue full power,JznYIhpa8mjVZAit,"and euery of theire rights whatsoeuer , Lawfully to",68,46,8,0.0
ne0uZN6X5NHUD8wh,Signed Sealed & delived in the pnce of us,nRvxGECsX83w3iAn,Signed Sealed and delivered in the prsence of us,90,41,9,0.5555555555555556
Snya2vORqM6s5B46,Sealed and delivered in the prsence of sign x Jasper Alder,KVEfCP12IxyHgDyM,Sealed and delivered in the prsence of the word,80,58,11,0.6363636363636364
IpUJuaGVnpkEgbtu,"Scituate , Lyeing and being in the Said parrish",svwSsbUP8rjhbaht,Scituate lyeing and being in the parish of S^tt,81,47,9,0.5555555555555556
KP4J42f1Mtae36Wr,"Scottland , ffrance and Ireland King Defender of the ffa",sX9K8N4FRDKfTEJO,England Scotland ffrance and Ireland King Defender of the faith.,87,56,10,0.0
xZFuryblCoqPew5f,of the other ptie Witnesseth that the said Farford Goldesmythe for valluable,Wuo90X5U6WqtyUc4,other pte Witnesseth that the aforesd Major Fortesque for & in ~,66,76,12,0.3333333333333333
9dj4ZPfPQFC4seDq,aforesaid Gent doe confess myself to owe and be justly indebted to,URtapn2aqxr6qe8b,doe acknowledge and confesse my selfe to owe and stand,63,66,12,0.0
I61wKPcFqjMrftjQ,of land or plantation conteyning fower acres and a,LbW5OvygBwwAwdQp,consideracon therein expressed one plantacon conteyneinge fortie acres of land,63,50,9,0.0
rxXp1JPedNETNtg9,meanes and pcuremt In wittness whereof I the said Capt John Burch,yWbHef45aDgsMVl6,my meanes or Procurement. In Wittness whereof I the Said,71,65,12,0.3333333333333333
A0FOd3p5MonyC2RF,Date hereof repaire the Dwelling House of time,259Ksw56mJJlnipt,Repaire to the Dwelling house of the said Louis,65,46,8,0.0
CHi1Ds6hTT62hC4B,sealed and delivered unto the above named Capt Francis Futter one bond or,v2PiLBtv4u7leFxd,sealed and delivered in the presence of,63,73,13,0.0
NqkzLskbnTSLIR9Q,Barbados planter for and in consideracon of a valluable some to,rTe2jJ4aqsCg43kc,Barbados planter for and in Consideracon of the Sume of,83,63,11,0.5454545454545454
c4scbsTAq2wqNDyH,Williams Patrick Long Thomas Dawden and the sd Jacob English,g3MD4XDApGxG7zTZ,William : Brockhouse and Stephen : Clay or either,55,60,10,0.0
4FDahhRvtRNg19DR,causes and considerations me hereunto moveing but,bDk3xqZwUmMBcfWB,good causes and consederacons mee hereunto,75,49,7,0.0
ODIlyY41BgiHCSuG,all the before bargained prmisdes from all former motgages giftes grannts,1xbuBYyuJJVmZnNG,and serve the aforesaid plantacon free from all former bargaines grantes,63,73,11,0.0
GD1NmcK7jRxl2nMd,shall Come I Thomas: Reade of the Towne of S^t. Micha:^lls,8nyC2jUQfe1uyCWU,shall Come I Lucie Mitchell of the parish of St. Phillipp,59,58,11,0.0
wof8rRYnr5llcF0c,Almighty God that he did See Frans Stonehall above,iZ6dtH3hYScKp69d,might or may have upon ye land aforesaid To have,53,50,9,0.4444444444444444
9YRu9JdaVqmN3X33,storehouse at the seaside Witness my hand this sixe and twentieth day of March 1640,UMRld2RXExpS7y4S,Sett my hand and seale this five and twentieth ^day of January 1641,63,83,15,0.6
KIWQqJH0sSbiXXe3,to ye sd Tho: Jones & Owen Williams Together wth all Houses buildings -,QH8gKPh45OKsJ06R,Cowes Esqr Together with all houses Edifices,56,71,14,0.0
yKZgZHtxrrg3RZLI,"owne use and uses benefitt , and aduantage And it is h",WIrVADRlBqtRde3M,therein and thereby he left and bequeathed unto his Si,54,54,12,0.0
uHagaJ5PJ4R0AFMF,Said S:^r Timothy Thornhill Barro:^tt doth acknowledge himselfe,O5EVdjDUuhaa49w5,and month above written doe acknowledge this to,58,63,8,0.0
BIJxs2YuQvpX3ORz,the said Edmund Reynall his Executo^rs Admini,MWYWih3ZxecP8MJ1,of him the said Richard Seawell his Executors &,65,45,7,0.0
3X8XLgUVSy8Pq3OO,& Edw: Hollinshead North road upon ye ld of Ja: Eastmond & southwd upon ye,33o5fNcUPwCDiarW,and north upon the plantacon of M^r Jon Johnson and east upon the,52,74,15,0.0
CjuUcIPtu0UVlt7b,ninety ffive one hundred Pounds and in the yeare one,JJQXnsecoqfrfmWe,Anno Sixteene hundred and fiftye lying in the Parish of,60,52,10,0.0
67aCyQIfCPacBIe5,enfeoff and confirm for ever unto the said henry Sealy his,SuH6wMIGnSgQ0cpc,sell alien enfeoffe and confirme unto the said Christopher Novison all that,65,58,11,0.0
joPD57E6xAFEN7r7,full force and vertue . In wittnes whereof,hv7ntDpxZxQk8HZN,to stand in full force and vertue In wittness hereof we have set o^r hands &,66,42,8,0.5
xEqGh8DbayZAz92g,planter for a valuable consideracon already received Have given granted,LLuAmVR5uoXhuogp,planters for good and valuable consideracons us thereunto moveinge Have granted,73,71,10,0.0
p3bhTzdtNV8HBa08,shall come Greetinge Knowe yt whereas Jonathan Andews of London~,aC6fjed0jT2rjmsR,shall come Greeting Know yee that I John Spence of ye Island,69,64,10,0.0
jYXRd00TByCBzusP,"farmer and other gifftts, grants, bargaines, Sales, Annuityes, Re",oEmdHRDf7rWmLbmN,"Cleared from all former gifts, grants, bargaines, Sales, Judg",71,65,9,0.0
6SVyPySNfbd5W412,divers good causes and valluable consideracons me hereunto,JjQrbFo1Sop4oCPZ,Radford for diverse good causes and valluable consideracons me hereunto,90,58,8,1.0
sIT2zuknXcIasu1n,The Island of Barbados sendth greeting in our Lord,MTpqQiES1gUIzz9V,of the Island of Barbados sendeth greetinge in O^r Lord,90,50,9,0.4444444444444444
DsvZ7m0DhsCp91jc,and boulster and all thereunto belonging except,uKAotL71WbWb7fLC,before Rehearsed and thereunto Belonging to,64,47,7,0.0
148GoWNoan9NWwpM,"of the Said partyes, shall have, receive and Enjoy the produce and",QYlFnDLwDjoHUOgB,the Said partyes to these presents have hereunto interchang:,57,66,12,0.0
xCVjCMXcQ7GXmXnU,with free ingresse and egresse to goe to the said storerome to carry or,Vs0ckUinRP7TW9sQ,them into the round house of the said with armed guards our,54,71,14,0.0
t6ltJZD0pLAkyiwM,Samuell Lapthorne his heires executors or administrators,c9yaXO2Fyo1srnnr,Attorneyes his heires Executo.^rs or administrato.^rs,79,56,7,0.0
pG6SDBl3f6w5ETFZ,W^m Olivant W^m Booke Dennis Cornelius,g3MD4XDApGxG7zTZ,William : Brockhouse and Stephen : Clay or either,44,38,6,0.0
ZCIugzN076LrXNEc,Robert Downman of the parish of St Luceys in the Island of Barbados,XjbjE7dBhxNkEoJF,lyeinge and being in the pish of St. Lucie in the Island of Barbados,76,67,13,0.7692307692307693
N4IuDZuixyOnFq86,"thousand six hundred Seaventy and six, and in the Eight and",DMkCJDyC8I0kpzaO,thousand six hundred sixty and eight and in,75,59,11,0.0
7U6gZs4HH3ZhwQW1,His free and Voluntary act and Deed. Sam: ffa,gzmjFOb9mPrKhqg3,for and as his voluntary act and Deed Hen: s,70,45,9,0.0
sbRLoaNNWNIBGMfM,debt & debts dues & demands whatsoever which,IIFtuTS0GCfUQidO,Mortgages debts dues & demands whatsoever from ye,73,44,8,0.0
kKylVAokTEnk9q8o,said Allexander ~Dantee~ Nicholls . To Have and to Hold,I7fDan256kRgfMka,as under his hand may and shall appeare To have and to hould all and,52,55,10,0.5
3COir8VRRrXF7TM0,"act, to a sent, privity or procurement, In witness where of",ayQaqwTUhRNNdGf1,our privityes or consent In wittness whereof,70,59,11,0.0
lD86mhBbp1wdjSt5,yeare of the Reigne of our Sovereigne Lo,iapgXHACB1UY0Drt,yeare of the reigne of our Sovereigne Lord Char,90,40,8,0.5
xkxwnQrS7RPeMOkI,"intended, to be granted, bargained and Sold, and every part &",jep8MgoXBSMN8Fvq,or Intended to be granted bargained and Sold and,81,61,11,0.0
WvRMZ0cyEWnKAntR,penall sume of Tenne Thousand pounds of very good tobaccoe well,wVsxHXvGovSA5903,somme of twelve thousand pounds of good Tobaccoe well made,74,63,11,0.0
ESinjOrHCAp8lNSc,on the lands of Capt Thomas Seales windward and of Edward Port leeward w^ch was,NE87QeXu74dBz0Bj,the lands of Henry Murrey windward of John Hopcott Leeward the Sea on,57,79,15,0.26666666666666666
kWhC844wHGV7oKCG,Signed sealed and delivered in the prsence of us & possession given,y4cX8NR9p3eQRAcH,Signed sealed and delivered in the prsence of us,83,67,12,0.75
hPRgPskKL6MrGhsh,we the said John Salmon and Elie Amie for and,qISmAlIf3V8mshoY,of me the Said John Redman my heires orassigne,59,45,10,0.0
KNLjDvknC5gb4aUj,This Indenture; made the 25^th day of September,kKdTvlVZtLlkf0L3,This Indenture made the first day of December,85,47,8,0.0
1wiG5k9iT8ZWyg1K,thirty Seven Perches and a halfe Perch of Land was Attached from Thoma,tCBJ8f93Glz084Gm,writeing under their hands and seales had and made between them haveing,51,70,13,0.0
FEDa5UEwbgmKPRNn,or appointment shall bee made by the said Alice in his,27HMZThz0UJ3pgEg,Foure yeares until notice shall be given him by the said Tho:,59,54,11,0.0
zPFZuMVMRpc7beo4,in the nineteenth yeare of the reigne of our most gratious,8CcsjqeAUKQGhsj3,the three and thirty yeare of the reigne of our Sovereigne,71,58,11,0.5454545454545454
voqbaSelRCBVS64k,aforesd: Gent my heires Exec^rs & Adm^rs to pay & delivr: unto,vRLYsG33GZlUeHHr,sd John Maycom my heires Exec^rs Adm^rs or assignes or any other,60,62,12,0.0
EFxKnxYJBen1XtfF,gifts writing or Contract whatsoever any parte or,bFdTs3v5xMsJ1tKS,or tytle in or unto ye premisses or any parte or,56,49,8,0.0
F4RHudZS46CH3P3B,oath that hee saw the within named John Withing,HthoIQphlDBcFIXp,God that hee did See the within named James: Keith an,70,47,9,0.0
jwPso64RyR4T05hF,pfitts and advantages whatsovr: thereunto belonging or any ways appteyneth,paOW9IJ6AGqpaj45,pfitts & comodities thereupon or thereunto belonginge or any wayes,69,74,10,0.4
sZDZiwrlBws4eBVZ,parish of all saints and now adjoyneing to ye,Ypp3CcdYrULfU3QF,in pish of Michaell buying and adjoyning,66,45,9,0.0
pNMVEq12VgJwA3pa,in an other bond or Specialtie beareing date wth ye of the paymt:,l8CbSnyKQlrVRKXj,under their hands & seals bearing date ye 24^th day of mch last past .,61,65,13,0.0
eNeHAUkUmpMXWl1l,windward and the plantacon of the said Tho Mayer and Peter Bray leeward,cJTod8TqqbR222wI,planters all\ that the plantacon where the said Comme Nelane and Patricke,58,71,13,0.0
YRXwkzhuHD86HNT6,These are to Lye Certifie all whome it may concerne that upon,w7evzbKwhrUi7DEd,these are to Corlisio that Rob:^t Cole had on bear,54,61,12,0.0
UPDVV4FokZzsp8bK,Just sume of foure thousand pounds of machant able cotton or tobacco,FhDr4mbP9BZJ9JhY,sume of three thousand pounds of good merchantable cotton wool or,77,68,12,0.3333333333333333
0U9WVefldiEnb11P,& deliver this as his voluntary act & deede,4BOXvhynMhDkEgXv,written deed as his voluntary act and deeds ~~,70,43,9,0.4444444444444444
rlkjM8EvGLeCdZT4,Richard Smith leward To have and to hould the above demised pmisses,twBcwQMYx0zntp7W,M^r Richard Gay To have & to hould the sd pcell of land,61,67,12,0.5
s2MsNg2IwhtVDwB8,as aforesaid and the said william Martin,P8LxYNfU5Z7NbvpW,to Authorized and Impower the saide William Lord W,60,40,7,0.0
u2GmKpt49cHoxrO0,on y^e. Lands of the said Reece which hee Lately. purchased from,x2zrClKiKRo0gUrZ,in the said Island aforesaid w^ch he lately purchased of John Murcott merchant and,58,64,12,0.0
7oPYu2dmzIChuOWz,lands scituate in the pish of S^t Andrews Overhill bounding ~~,BuM3VCVtq1WkwjyQ,Land Scituate in the parish of Snt Michaells Cont: in,66,62,11,0.45454545454545453
0sh6VmDlDEQ5yHxE,& valuable consideracons me hereunto moveing as also for and in,9OjtR469Y3UPx98a,sd John Dyer for good & valuable consideracons me hereunto moveing also for & in -,79,63,11,0.36363636363636365
veRn1vmHOPgrGPnE,all persons In wittness whereof the parties to these prsents,pYoI3weuDBsVAFcP,Wittnesse whereof the sd parties to these p^rsents have hereunto put,69,60,10,0.0
buiofUS8irrEm9fw,unto him the aforesaid Thomas Bacon his heires exers admistrs and assignes,E4lyNbnRlAPOwugo,Their the said Rowley doth his heires exers admistrs and assignes,78,74,12,0.5
4Qz2qjTvIwzi6yg2,1642 Theis P^rnts bindeth me Thomas Sewell of the Island aforesaid Gent,o4sQFFYOzMwIEsgo,These presents bindeth me James Sillester of the aforesaid Island planter,65,71,12,0.3333333333333333
5sFX4xspPfGIzYtx,the said James Butler his heires Executo:^rs Administrato:^rs,IcV9e4NMcpsjh92X,the said Bonam Carter his heires executors administrators and,80,61,8,0.0
OfuQgiRM8vrxWZJM,hearafter att and upon every reasonable reques,VLB5LzxoiGFfWd3h,Holdipp and their heirs at and upon the reasonable request,71,46,7,0.0
imjJw6qgqi7kA0oO,Secretary of the said Island and sole notary,1YHqj2lEn3zV1iDU,Richard Noke deputy Secretary of the said Island and sole Notary,80,44,8,0.875
XnmyTHMXyda6GmrD,require that the estate aforesaid belong unto my sonne,h6K4p3CNd3kkPV5M,Likewise I doe freely and absolutely give unto my sonne,57,54,9,0.0
7s4catKMg7vsDPIH,to make seale deliver and (if need bee) for the premisses or any part thereof to appeare,VA3my5oeELFd4Bjn,too make seale and deliver and attorney or attorneyes one or more under them or,60,88,17,0.23529411764705882
MWYWih3ZxecP8MJ1,of him the said Richard Seawell his Executors &,cklXe5xX08t40pNc,done by the said Richard Seawell his Executors administrators or,76,47,9,0.7777777777777778
PuDCCRnGEY59YVkQ,Judgements wherein he is bound to Robert Harrison by the first day of May next dated y^e 15^th Aprill 1642,zbZycsJblY71lqaA,sett their hands and seales the first day of November 1641,50,106,20,0.2
5uF3MIflmG9DJ7Tb,thereof upon or before the twelveth day of May then likewyse next ensueing by the,d0KvUoiQUzFaZJq3,before ye Twenty day of June next ensuing the date hereof,58,81,15,0.0
vA5PxE8sNbkxcs7j,prmises from me the said Nicholas Butler my heires executors administra,NBeJqqyP5kzDf8qR,premisses to him the said Thomas Warr his heires executors administrators &,77,71,11,0.0
BaYTvwbHPbPcv16d,within written wittnessed by us whose names are heir,RUT8sy3VsPkdgGgW,of the Wittnesses whose names are underwritten that upon,59,52,9,0.0
onoiFNXJVZ8UJ8iZ,Seventy acres or there about was Atached An,7K7gvzkqfRR6ulIW,ten acres or thereabouts lying in thomas pish at the spring betweene,56,43,8,0.0
ftCq5R12ClNKdTwx,In the yeare of our Lord and thousand six hundred,HcXwlH2nZMX4c23v,in the yeare of our Lord Christ One Thousand six hundred,86,49,10,0.5
WbWUD9VaX1QumiRz,sell alien enffeoffee and confirm to the said Thomas Ellacott his,SuH6wMIGnSgQ0cpc,sell alien enfeoffe and confirme unto the said Christopher Novison all that,74,65,11,0.36363636363636365
tOjgQGfuqqXFJGLn,right title and interest that now apperteyne unto mee and,lVZvveUUn17Y9rXs,my right title & enterest of that pte of my plantacon whereon,64,57,10,0.0
BlRLQyfXNsZpTefr,Francis Darham for a valluable consideracon re^cd hath sould unto Richard Southwell his,qAEKZsb6Wo0XBU2B,also for a valluable consideracon by us receipt whereof we doe,58,87,13,0.3076923076923077
8AEEISYk9SBw6SKy,whereof I the s^d John Tobin have hereunto set my hand and seale the 30^th,2mWELvGkL6gvI98O,hereof I have hereunto sell my hand and seale dated this,75,74,15,0.5333333333333333
aMaN6h88wmG0O3Ab,pmisses . and appurtnances to him the said John Tobin* his heires,WFsBqumW7og8BW3r,acquitt and discharge him the said John Berringer his heires,66,65,12,0.4166666666666667
8Qe2wC27oQOAHvaP,Acertaine pcell of land or ground scituate Lyeing & being,YtiOsfU0cOEYTtUd,be it more or less wthin the ould Bands Scituate lying & being,61,57,10,0.4
jnFs8dFEKrpo1lWu,that my pte being the one half of twenty acres of land more or less,Zl9hBJ9QnnxY7QES,Imp sold the one halfe of sixteene acres of land,64,67,15,0.26666666666666666
k15qV1Sfsbydk2KX,warrant and defend the same against all persons wtsoever lawfully Clayming any right,jivfEKVdJzqfzGBX,maner of person or persons w^tsoever lawfully clayming any right or title therein,64,84,13,0.0
h2p7yJUvlIPmaRBf,and Morris Spirnger of the Island of the planter or to their assignes,wzfJXuFNdztSDF2P,paid unto Adam Morgan of the same Island Gent his heires exers or assignes,59,69,13,0.3076923076923077
4sOpnMYO1vl4PZFx,the date hereof sould unto M^r Daniell Wright and William Clutter buck,TYxkNBqpOuiigEmi,bee found This funerall right and charges together,52,70,12,0.0
czgP2A9uaOq9S3Fl,Last will & testment of y^e s^d James Tyson deced as,xJ4ep9Hc9vColhoy,sell assigne and sett over unto y.^e saide James Thorpe his heyre,51,52,11,0.0
bAYgzUIjsKELOpNM,Twenty & two casses of speritts foure barrels one Bagg pepper,yEHt0ntRcF19SndC,Turn over twoe leaves and there is more accons entered,50,61,11,0.0
penyQ9dAPi47i1Lb,Shipped by the grace of God in good order & well condicon,JalL0RUsqS0y41i5,"Second by the grace of God of England, Scotland,",61,57,12,0.4166666666666667
z0XzFCRbN3RxjeG6,"William Dymache, and South upon the Lands of George",5RbF9LQzXtURcpOO,the Island aforesaid bound upon the lands of,57,51,9,0.4444444444444444
DX6jCOyJkMCWug7r,admistrs or assignes the summe of fourteene hundred pounds of the like,iS3ipjTu1pW1RzFj,admistrs and assignes in the penall summe of twenty and two thousand and pounds of the,71,70,12,0.3333333333333333
JclfPGRJ7NobyoWw,for and in consideration of the sum of ten thousand pounds of,IuScGN56J64MF0Fq,for and in consideration of the sume of one hundred pounds,87,61,12,0.5
ANK6BSVoIFYrsE4F,Barbados before me Richard Noke Deputy Sec:^ry,y9CQ9E4eD6TDulMA,before me Richard Noke Deputy Secretary of,80,46,7,0.8571428571428571
UdLEkHOUNX1yj0Rp,already before the ensealing and delivey of thiese prsents paid the receipt whereof I do,YIR8LOsatnLpXxhz,"and before the Sealeing, and delivery of these p:sents, the receip",77,88,15,0.3333333333333333
sCHwoLcDGNvBCDBA,unto the said fran O'Mulquiny his heires exers admistrs and assignes forever,aVTe6fJsU1J6Lww9,unto the said William Thomas his heires exers admistrs and assignes forever and to,80,76,12,0.5833333333333334
kjsHRnZN8TxHMqED,to the said Tene acres of land accordinge as the same were held betweene,b3x2DXQwUBnNJ468,the said ten acres of land and every parte and pcell thereof the same to,64,72,14,0.0
DzEdkxt9ygAGq6sr,and that I have good right full power and Lawfull Authority,yYRvosFyWsfqsYjU,"good Right, full power and Lawfull and absolut Authority",73,59,11,0.0
7eGjxzMzeLif8jPT,negroes horses mares catles stock and plantation utencells before hereby,fHfmC6iWjLVmHVat,negroes and premises and every part and parcell thereof,54,72,10,0.0
NMIsYI3b8ki56c2v,that he see the subscriber William Clarke to signe seale and deliver,1edBIb3eCD44Wb6n,in the habit he was there in the church being neare the sea side,53,68,12,0.3333333333333333
wXKNACbyMleNv0IC,land I the said John Dyer purchased of Capt Phillipp Wood house,F48i2GDrmZhvkUDP,John Jewell lefte in the hands of the s^d Thomas Warr one bill of Capt Phillip Woodhouse,58,63,12,0.3333333333333333
dCixtrvUjEJAedMv,"Edifices and buildings thereon with all timber, timber",ogDvw4kKCEzchqwG,edifices and buildings thereupon or thereunto in any,68,54,8,0.0
otGSflslVXzBsErj,or assignes the just sum of five hundred pounds,DX6jCOyJkMCWug7r,admistrs or assignes the summe of fourteene hundred pounds of the like,68,47,9,0.0
mWB9qX6WUwGTFOSx,acres of land bounded on the south to the lands lately in the possession of,A7VpyqAOavK4xuhS,Mason and Robert Chapham and on the Lands Late in the possesion of Symon,65,75,15,0.26666666666666666
IsoozHEv1bLiWAmk,Jone Williams Fran: Lawrence & Margt: Lawrence equally to be divided,QlEWkrsPNxlcCyKL,William White and Grace his wife signe seale and,47,68,11,0.0
J4x1A16zD9W45cyo,seaside & bounded wth the late plan . of John Robson windward & of,gCijUesXvSuLpTEB,Edward Port on the north the lands of John Carson on the west and the,55,66,14,0.0
v13ARsvintlGztXZ,God Everlasting Know ye that I W^m Forster abovesd for divers,AzGee4nn9NEm7BCb,Lord God Everlasting Know ye that I John Smith aforesd for,72,61,11,0.5454545454545454
tufJDaxmsKYtVNpD,Pollard of and for seven thousand pounds of cotton In witness whereof I have hereunto,beAivJwhwcRiSSOa,thousand pounds sterl in witness whereof they have hereunto,69,85,15,0.6666666666666666
98elRyfqNSOYMnQz,"x procured, or by any wayes or meanes assented or agreed to the",DPsYv0RW59CVFE6s,"warranty, or by any other wayes, or meanes w",56,63,13,0.0
pKSYxuDQ6f8sZlfY,of October (1680) conteyneing three acres and one eighth part of an acre which said land,7AmR54qrrnuZMyOP,day of October in the aforesaid yeare of our Lord (one thousand,54,88,16,0.0
z3LF3YVTTikmkslc,Within named Bennett Reece and acknowledged the with,7QUTqAN28hrkTGta,fore mee and acknowledged the Deed above,57,52,8,0.0
d9LxBmleE1sPcbTo,sd fifteen acres of land with the demised land & all & singular,vPp8Ebgi7VUqkQsQ,of twenty seventy acres of land as aforesaid and all and singular the,64,63,13,0.38461538461538464
OUq92PlJ8EF47pHm,and to hould with all and singuler other the premisses w^th their and,f8QIolG5Xe3f2ZYp,and one rood and all and Singuler other the premises hereby,75,69,13,0.0
QYGDQDZeRUB87KLg,I the said Henry Cleaver have hereunto Sett my hand and Affixed my,TNj9e2WZsERqMUIr,sayd John Greene have hereunto sett my hand and seale,67,66,13,0.6153846153846154
WCiBqTYnMnm2a6tU,Phineos-Smith deputy Marshall unto me John Ham as,iGw8dBFykxhv6Rp1,To all Christian people to whome these prsents shall come I John Richardson,47,49,8,0.0
zfmS5d1CVZpZNG9C,her Voluntary Actt and Deed; Given under my,GVLnO1lH62DXnj7Y,be his Voluntary Act & Deed Given under my hand,80,43,8,0.0
M1wF2LuWweK9P0jq,of them shal be behind & unpaid in pte or in all after,Td1i9ewd7Pgn4q12,or any pte or pcell thereof ^to be behinde & unpaid in pte or in all after any of the said,67,54,13,0.0
DPsYv0RW59CVFE6s,"warranty, or by any other wayes, or meanes w",nWx0gk0IqY3Jny2M,"or any other claimes or incumbrances whatsoever,",59,44,9,0.4444444444444444
xlsGohMzIVAn47Aq,answer I the said Deputy Secretary having heard did protest,wsD1jQ5WdsFqY1ti,said Deputy Secretary having heard did protested,86,59,10,0.4
wsi7QIOqPYTlwOeg,"heyres may might , Could , Should or ought to have had ^& enjoyed the",I3PH4MroJmchtJQx,"the persones above mentioned, ever have had, or Enjoyed",52,69,15,0.0
bDk3xqZwUmMBcfWB,good causes and consederacons mee hereunto,6SVyPySNfbd5W412,divers good causes and valluable consideracons me hereunto,80,42,6,0.0
VSeVo1Q76XFJXDyu,or defending against any pson or psons in the said Island of Barbados,k0DWB7p2ol2J4n43,belonging unto any pson or psons within this Island that have not,66,69,13,0.6153846153846154
cf143agQ48sKkAke,"hee will give Ord:^r to Satiffie it in England, as soone as",0heCwhFpQnxJmAj5,the grdes of God of England Scotland france and,49,59,12,0.0
qrnDdzUyfIWC1P92,a valuable consideracon to me in hand paid wch I ye sd John doe,OJhRQ83sCjOmDnwA,Gent for a valuable consideracon to me in hand paid and,76,63,14,0.35714285714285715
bCE0UdsZz10UXcxz,Wee underwritten doe certifye and testifie to bee true unto all to whome,0hoCQGQAX4lAGq4N,them soe under theire Respective ages togeather full power,52,72,13,0.0
xqVbwYewpUQOgXLV,and forfeiture of twenty thousand pounds of merchantable and well condiconed cleere cotton,ZnAFa9tOkvOtRNBN,pay ment of elevn thousand pounds of good neat and well cleered cotton,70,90,13,0.0
EG5bhQ7Il9brYnp1,building Copps timber & timber trees waters & water courses rights benefitts,amRikgUPCDvNNdiw,Buildings Easments wood water Courses benefitts a,61,76,12,0.0
A2lpTywdszc8jA6P,unto him the said Edmond : Lewis his heyres EXer^ Adm:^rs and,buiofUS8irrEm9fw,unto him the aforesaid Thomas Bacon his heires exers admistrs and assignes,64,61,12,0.3333333333333333
JMBlXjRtNtO7DAqP,"from, doe clearly acquitt Release and for ever discharge",SSRwj26r6fQ8BM0q,acquitt Exonorat: and for Euer discharge,63,56,9,0.0
WYOvdBMQEI5kdKLV,that the said ship w.^th hath beene above two years,vRMEm8wGy9E31061,street path aforesaid standeth ye one halfe of ye,56,51,10,0.0
s6xHicEjZgzl1rCS,Vaughan in case Shee happen to Survive and out live the said,5JewYPldGL3Rwih2,"belonging or in any wise apperteyneing, To have and to hold the sai",57,60,12,0.0
yIpUq7NBbrCGtjeC,1635 And in the Eleventh yeare of his Maties: raigne yt now is made,jNsuAPuhgHQec18i,the twentieth year of his Majesties Reigne that now is personally appeared in the,61,67,14,0.0
yLAsxW8PGM5WlqRt,well and truely paid the receipt whereof I the said William,XtLO9GWKpMCxNwvp,"truly paide, the receipt whereof, wee the Said Jo",74,59,11,0.7272727272727273
ECJo1rCf9VaAlQIo,or houses grounds fences Joyning upon Mrs Bramble and,xXcaTMlqrMTOlH8C,trees fallen ground standing wood ponds watters wast land -,52,53,9,0.0
fn5XUXecqvcjwXJQ,yee that wee James Hooper and Thomas Hooper of Island aforesaid for,Yw2t4EqC9ZzSM9vc,yee that I James Drax of Island of Barbados Esq for divers,59,67,12,0.0
oOpKdBkEN2VINP4v,Stroud his heires Ex.^rs adm.^rs and assignes for ever without the lett trouble hinderance,jyTYOjVyuxgfa8tC,his heires exers or assignes To have and to hould forever without lett or hinderance or,67,90,14,0.6428571428571429
MmZJZmCpMz7uVkt5,and payeing to the Governor or Comander in cheife for the time,NsgJafSyRKOw6NNh,aforesaid according to the purporte & true meaning of these,55,62,12,0.0
tzQPxC5HChpoevbL,"Sledge, and one Crowe, Three Padds One Packe Sadle tree",0PPIgSLnC18UBGtX,"All ye dunghill fowles, three hens and one cocke excepted",52,55,10,0.0
OhbVrpoiVgRV5IfL,"Moveable and Immoveable whatsoever thereon, therein, or thereunto",ceeKUqXCb5FjPOa7,Wesson with all pviledges pfitts & comodityes whatsoever thereupon or thereunto,57,65,8,0.0
kk0JN8rBzvlCWvU3,the s^d Thomas Hothersall all for consideracon of the sume of twoe,PNOo6fDmqS2kdzNB,that the said Nicholas Chandler for and in consideracon of the summe of foure,70,66,12,0.3333333333333333
xOgQ4R9OWOuGIIzo,Capt Edmond Read in the pish of S^t James in the afore s^d Island of two,t8xXJs3PpH5ruSIG,Situate lying and being in the parish of St James in the Island aforesaid,66,72,16,0.5
WFsBqumW7og8BW3r,acquitt and discharge him the said John Berringer his heires,8RFbyc9FW5fEqIff,"where of we do acquitt and discharge the said Peter Hancock, his heirs",68,60,10,0.4
JJQXnsecoqfrfmWe,Anno Sixteene hundred and fiftye lying in the Parish of,svwSsbUP8rjhbaht,Scituate lyeing and being in the parish of S^tt,61,55,10,0.0
fKKE01yCwLVTHmQm,and sold and every part and parcell thereof without the lett,J5KfNh4GYWEscu03,and every part and percell thereof to the said Capt:,75,60,11,0.5454545454545454
twBcwQMYx0zntp7W,M^r Richard Gay To have & to hould the sd pcell of land,d3IR5RXi6O5mfCWe,and others windward To Have and To Hould the said pcell of land,71,55,13,0.5384615384615384
iVqUZJW6l8R5vPfo,To have and to hould the said five and twentie acres of land with appurtenances unto,3sJrMg5dku8WylwZ,and to hould the s'd twelve acres of land with the appurtenances to him the,75,84,16,0.75
h62ysfYeMN2fSmBx,"reserved and other the covenant, grants, and",fZyQb4BQmKk9oeH7,"Executors, and Administrators doe Covenant, grant",56,44,7,0.0
iFPHKbk2DBqxhmaR,"and all Manner of debts , dues , dutyes , and demands what",Mytb5Udd0ULjuARG,"all maner of debts , dues , dutyes and demands what",92,58,13,0.0
ntJ8UoHMouQQM6xP,penall sume of foure hundred pounds of good currant money of England,VbZcY4RkcIKyFzVc,the Full Sume of FFive hundred pounds Currant mony,66,68,12,0.3333333333333333
upH1gx2fIkFj3RmW,good and merchantable muscavado suger have given,qZkZtKxZAlK0hE6Q,of good merchantable muscovado sugar uppon or before the,67,48,7,0.0
f7JWK1HEvxFL3QI2,heires Executo:^rs and administrato^rs: forever ratify Establis,kjguwKWzp6RCsnKR,my heires executors and administrators for ever and,77,63,7,0.0
h0bSm2bnEPjPpB1O,allotted or appoynted unto or for tho'thers of them theire exers and admistrs,6TYkTUhfhTCOxfHT,Michaell Davison and either of them their and either of them heires excers admis,60,77,13,0.0
bGWsFbQTSAJecmLc,w^tsoever i doe hereby revoake all power and letter of attorney by mee,bVsOqm5fH2TmPtpB,of them doe hereby respectively acknowledge and thereof and,56,70,13,0.0
KjptN4xirXuCdveu,"forfeiture, and other Incumbrances, had made done or suffered by the",ngbzEjrvmbFzkt19,sales guiftes grantes mortages or incumbrances had made donne comitted,61,68,11,0.0
wd0BGJlBKgFO2FBW,their & evy of their heires Ex^rs Adm^rs & assignes forevr: by theis,H7apSyvEOSFqUs0M,their & every of yr: heires Ex^rs & Adm^rs & ye & every of yr: lands,71,68,13,0.0
KO2k1gCDKdxujJ3B,do publicly and solemnly protest against the said Capt John Berry,hMZZ6CGxXETv2Ixh,protest can as by the present i do publicly and solemnly protest against,58,65,11,0.0
tvgRo3Z7BozWwUMa,prsence of - George Millard - Anthony Greene,AMEjNzwvy0hMlDBF,enfeoffe confirme and sell unto M^r Anthony Lane his heires,49,44,8,0.0
540y3NCvDv2YxqzY,six hundred and seventy and fourty thousand pounds more,WJmMffgx1nlckzsd,assignes in the penalty of fower thousand pounds,64,55,9,0.0
0JyWVVHSH9E8N9kr,That the sugar menconed on the Credit side of his acco.^tt should be Charged as it,7IoyRTyEqjH3Bas7,and chattells as are menconed and expressed in a schedule hereunto annexed unto,55,82,16,0.0
GFJbP9EWpEzQORZE,Eviction or Ejection of the said Abraham Chapman his heires,fotfkvVpPZH1S75X,being received of the said m^r Abraham Chapman,67,59,10,0.0
xgfTQzv0SXYeBaIz,free and Cleare Estate of inheritance in fee Simp,5SBSKp2ISc5ugqwp,Sealed and Delivered after the Interlineing -,55,49,9,0.0
zVa0H7MAcfby85B3,"them, at all time & times, by night or by Day, when",lVZvveUUn17Y9rXs,my right title & enterest of that pte of my plantacon whereon,50,51,12,0.0
3duQasRWuMWyO2gN,any other persone or persones whatsoeuer whereun,P2QVXduX4SWC2b9m,other person or persons whatsoever lawfully clayming,74,48,7,0.0
114nzU7XAM7nmiFB,selves and against all and every person and persons,tbykGkGuYaCkwuol,"assignes , and all and every persone and persones Lawfully",73,51,9,0.0
URzF35gxkcEDPgU8,abovesaid As wittness my hand this 25^th of June 1659,XStGH8IjmVWF0Oju,ever as witness myhand this 25^th day of June 1640,80,53,10,0.0
KSoKgSeEhF8q2Tab,"me withall, and for the preventing of Controversies which may aris",s6HN2J1KWvNzw7sA,Sealed and delivered in the presence of John Gregory Thomas clarke,53,66,11,0.0
VqlG0AQAMdzlufuF,and Island aforesaid the receipt whereof I doe hereby acknowledg,XXVo8pxx2HGwD29j,the receipt whereof I do hereby acknowledge and there,72,64,10,0.4
nyXJ7Vqx9CC9zaUc,"to have or clayme any right title or interest unto the said planta""con or any pte",A7McwOcQLyvzWJIW,claymeinge any right title or interest thereunto or any,71,81,16,0.3125
STzzzgoU04SrFnkY,of the Island of Barbados clear sendeth Greeting in Or Ld God everlasting,XujX3g08HRinUcDy,of the Island of Barbados Gent send greetinge in our Lord God Everlastinge Knowe,82,73,13,0.38461538461538464
SiBSBJihCh5N5xwm,Richard Noke Deputy Secretary of the said Island and sole notary publique,1YHqj2lEn3zV1iDU,Richard Noke deputy Secretary of the said Island and sole Notary,91,73,12,0.8333333333333334
hxcWILug6sySoYP7,"there to apperteyneing And alsoe two stills, still heads &",fIuNZkbAnb2qhywi,maner of wise apperteyneing to her the said Allice Smith,54,58,10,0.0
iiQvY9dftYXjZwDz,date hereof to be accounted if the said John Cooke shall soe longer live,APmOaxyMvP9PWA6l,"and on the Lands of the Said John: Booke, together w:^th",56,72,14,0.0
VmrEALeZiP1Y6nF9,his heires & assignes and all & Every other Pson & Psons Lawfully having or Cla,oFBwvqCzeCiCwE8o,"Mary, her heires & Assignes, ags:^t all & Every person & persons Shall & Will Warrant & for",65,79,16,0.25
yovfBGvjPjrDzVEx,to the true intent and meaneing of these presents ~,VvrB5JPIFV9pTQdW,true intent and meaneing from and Elfect of these presents. In witnes,72,51,10,0.4
wCFGH1hETIR0I5sC,Clarke of the Sd Island gent Send greeting in Our Lord God Evlasting for divrs,woV3tAY4vxqLsD2h,of the Island aforesaid gentleman sendeth greeting in Our Lord God Everlasting Knowe,73,78,15,0.3333333333333333
NWc2ehWnqItnoKgm,therein ye foreign Enemy Excepted and yt freed & cleered from,Pzi0V4r3feeGUTWU,of our Estate Interest act or pcuremt and ye freed and cleared of & from,56,61,11,0.0
KuNTsXOuYLiTehTJ,Whereof I have hereunto sett our hands and Seales this fifteenth,7S9DADWQidhMXVRf,whereof I have hereunto sett my hand and seale this fifteenth day of,86,64,11,0.6363636363636364
b7NCryXe9NeUOQDF,Strange all my right title and Interest of the land within mentioned,KSSmCPzf8z0uklJ6,assignes all my right title & interest of this apraismt ~ &,66,68,12,0.3333333333333333
dG5rP4H7lSaCkEej,"aforesaid I or either of us or any other pson or person, by or",cFTCJsISFmKlIwuU,of Barbados or of any or either of them or of any other p'son or p'sons wt^soever,67,62,14,0.6428571428571429
Z4R7IsiBH3x1hF9L,signed and delivered in the prsence of,v2PiLBtv4u7leFxd,sealed and delivered in the presence of,91,38,7,0.8571428571428571
rCYduDSOqXYknJX3,Singular other the premisses in and by these presents granted bargained,OOkbONklvlhlXX0o,Singular the premises with the Appurtenances and,66,71,11,0.36363636363636365
nvIX2ptLkT4ymJLX,to and with him the saide Abraham his Executo:^rs and,TviLw2mCVDYq403b,and grant to and with the said John Barwicke his Executors,67,53,10,0.0
QmMjkMOxcfTRQ87t,appraised as aforesaid their heirs Executors & assignes for Ever to the only proper,F11cuBXGia2Kji23,Marriner his heires exectors and admr^s & assignes for ever And for,61,83,14,0.2857142857142857
R0NHAtbNqzzxZ0rK,Exonerated & Discharge the s:^d Sa:^m Henry his heyres,Ua8V8v0Du2jPKzzV,Exonorate & Discharge the S^d John Batt & Charles,68,54,9,0.0
2OGnY9jxIkYpI8B9,all and singuler the forebargained primises with every pte and pcell thereof,UYYE0ehKB9Urjfui,and all other the bargained prmisses and every part and pcell thereof with,76,76,12,0.75
p7eThK8uN965960O,ffebruary Theire Bill of Sale under theire hands and Seales,nINb9kfKVNrZFhgp,whereas I Michaell Darison have abill of sale under the hand and seale,67,59,10,0.0
UC6BfBqworx6qEkk,Lord God Everlastinge Knowe yee that wee the said Thomas and Peter for,kHaLisghwau0bPN9,Lord God Everlasting Know yee that I the said John Ham,77,70,13,0.6923076923076923
giUQfjte8mKpWTB5,with his said ship since the fore said limitted time of Sixty days,zaba5estdPQSD7zj,Coming with his said Ketch to this Island to the time of this,60,66,13,0.0
zFqR3L87KNdjd0oQ,Sonn of the aforesaid William Merchant on the other part witnesseth wherea,p8C0lWrzQrXuZzas,of the Island aforesaid Merchant the receipt where,65,74,12,0.3333333333333333
gNSav5n4F15yMnkU,Browne theire heyres Exec^rs: Adm^rs: or assignes forever,JdAQeZUNdjipeRhz,Johnstone his heires Executors Admrs & assigns forever. with,72,57,8,0.0
IlPuVdIbd9tymw9I,the pish of Andrew overhills in the Island aforesaid att a place called,ImvmRvqtV0XR2rmT,and pte in the pish of Andrews Overhills in the Island afores'd abutting and,76,71,13,0.3076923076923077
eQYfd8CWpwhiJMAl,sue implead seize sequester attach imprison and condemne,msrIuXCQhrjkrha9,the prmises to doe say pursue implead seaze requested attach arrest imprison and,65,56,8,0.0
8H2ITJSWZhAD6eh0,6 die Augtu1644 Bee it knowne unto all men by these pnts that I Edmund Key far,UfYEYQNekGyW4PWG,die 9 bris Be it knowne unto all men by theise pr'sents that I Thomas Batson,71,78,17,0.6470588235294118
t1aVuqx1GBBhHjsW,Three musketts & two pr of bandaleers at,8WRAnp0vSrlaT5vb,"Three Coppers, Two , two ladles, one head& worms",50,40,8,0.0
Lo17KAICfGBYQFeE,by my meanes Act consent and procurement And I the,cAiIWPKQlkmHqnx2,"my Meanes, Actt, Consent, or prcurement Dis",69,50,10,0.0
7sajZ21mmHA6IBbG,arrest sue declare impleade imprison cause to be condemned and,kdmH1TvLprYcf1xn,or some of them were to load or cause to be laden at the said Island,55,62,10,0.0
BlnVS9GQLMsLK6hN,hundred three score and Tenne acres of Land & is furnished wth such,jlsaq14SPRnlAggI,and To Hold the said twentie acres of land to them the said James,56,67,13,0.0
eQQ3IQx58TBpuia3,right title & interest wch within this bill of Sale wch,D7zlLklBBBCG1SGa,Herinson all my right title & interest of this Bill of Sale,70,55,11,0.36363636363636365
hSFPDAAww1IBHWvh,Stevens To have and to hould to the said Edward Harrison and Edward Broome,EgRt7NnKRjukmXzY,thereunto belonginge To have and to hould the said twentie acres of land,62,74,14,0.35714285714285715
Xf53GrwovECETF4H,M.^ties Raigne made between the Said Thomas Rous of the,75rzCAeDbMKxhfWc,sixty and one made between the said Thomas,68,55,10,0.0
mg6tupUAvgmn6H9B,"und^r her and his heyres onely , In Wittnes where",joPD57E6xAFEN7r7,full force and vertue . In wittnes whereof,62,49,10,0.0
YpoQ37N3votJffau,for and in consideracon of the value of Thirty and nine thousand,JclfPGRJ7NobyoWw,for and in consideration of the sum of ten thousand pounds of,74,64,12,0.5
U7aZFNSmheajM4hH,To all Xpian people to whome theise presents shall come greeting Know yee,1LsMAGOsnBq0wVpH,To all Xpian people to whome theise prsents shall come greetinge Knowe,97,73,13,0.5384615384615384
Lu1RYgcamUXbD1Wz,more especially for and in Consideration of the Sume of one hundred,Okd2gABmprXdhqS4,more Especially for and inconsideration of the sume of ffive shillings good a,79,67,12,0.75
riOtNIfGPkL8LjkQ,and Stephens Gibbs a certaine pcell of land conteyninge twentye acres of standinge ground,igyGLtke0ct8sDUH,exr^s admrs or assignes at ye pte or pcell of land conteyning twenty acres or there,65,89,14,0.0
AxPtnzjEgIPCt519,& secured to be pd whereof & wherewth I doe acknowledge myself fully -,A0iS8DqvzBMJoRNO,wherewith I acknowledge myself fully satisfied and,60,70,14,0.2857142857142857
h6K4p3CNd3kkPV5M,Likewise I doe freely and absolutely give unto my sonne,mdluwL3VGXFLU6id,freely and absolutely give grante bargaine alliene,63,55,10,0.4
PiLIRZm3itST5H6i,accordinge to the tenor and purport of two bills beareinge date of these presents,nUeUuYElF05SSK06,accordinge to the tenor of two bills obligatory bearinge date together with these,73,81,14,0.5714285714285714
Y1oYwoioBBfGwcEz,doe belong and apperteyne unto them and for sundry other pposes in,5JewYPldGL3Rwih2,"belonging or in any wise apperteyneing, To have and to hold the sai",60,66,12,0.0
YmlajOc1YpkzuaKE,this 28^th December 1658 psonlly appeared before me Nathaniell Thornton,Qors7XZio5ZJg1Bl,Anno Dm 1667 psonally appeared before me Will,64,71,10,0.0
ZVVp7BnjglnrCAq3,exers admistrs and assignes to the onely sole proper use benefitt and behoofe,Gl5sZCEmnT41Ke1i,"and assignes, to the only proper the benefitt and beheof of him the said Captaine William",65,77,13,0.3076923076923077
JDOK60RkT379FsR1,on the Land of Richard Bristoe Westwards on a small foote,AoMMqNv6MsamJKwu,South on ye land of Rich Yates together with all ye,56,57,11,0.0
b0h4Wr6FAqXjFG0Z,but more especially for the somme of vallue of foure hundred and,Lu1RYgcamUXbD1Wz,more especially for and in Consideration of the Sume of one hundred,66,64,12,0.0
PM9Cego1hxZWSAZH,the p heard and made oath that the within,RGhk1U3NC8ThYLiQ,Hartley did then and there make answere that hee the,58,41,9,0.0
fw7lp5IzCyEmIXQl,63 by these prsents demise grant Lett and to Farme sett all that our,Lc67u18NryL7TMHW,these presents doe give grante bargained for and sell,63,68,14,0.0
zAUguBuQqx9jR7Ee,hereunto annexed is expressed with all other profitts commodities privilidges and advantages,UW4zAGqT0M94a6Rv,wages proffitts benefitts Comodityes privelidges and advantag,63,92,12,0.0
9yvlFSFx7ZHrZfUB,land of Edward Harrison and his parties Together with the particulars here under expressed,964P0mmTC7ge8INv,sould to Edward Verman and soe to the seasyde Together withall profitts and,56,90,14,0.0
mWwqCOfSw3q3np7O,"&r Casin and by the Letters Patents or Comission,",JlzbYfPICETEYNWw,had (More fully may Appeare) By w:^ch Letters Patents or Comis,61,49,9,0.0
2KulvEqEEErpCOkf,"sustamed, for or by Reason of the said Stormed, Gusts, and Seas",2U9XCV3ZnyZHoIxQ,Sustaind for or by reason of the Just tempest or sea,70,63,12,0.0
0DTMbt1OZQMK9fv5,said terme of eight yeares to fall cutt downe and,srFK68qa6HaQmbYZ,"ing the said terme of Tenn yeare to fell, cutt downe,",76,49,10,0.0
LduUDhK7VfWP7HOK,up as aforesd & the sd three cases of ye said English Speritts,P4chgRiCnIo2fQ8H,to and in the said three Acres of Land with the prebargained-,57,62,13,0.0
VAD5q7U25gBBimRK,and every of their appurtenances unto ye said Wm,lbkhCuIKl06JnKSb,and every of theire appurtennces without a,80,48,9,0.4444444444444444
9eddjquHX2THRWBr,Articles of agreement indented made and agreed,rHWImyiAL68AfASm,Articles of agreement made and agreed upon,84,46,7,0.0
tM5D6cpTucAFuDGN,Island M^r Joseph Cock Comander of the Kelch Susan and Mary of,wQNLK8FDXoUD6YKm,Island Mr John Presman told this depot yt he had sould,52,62,12,0.0
6kksOgFvzeyGc5Mv,sd W^m Greenaway be it one thousand pounds of,WJmMffgx1nlckzsd,assignes in the penalty of fower thousand pounds,60,45,9,0.0
UL4uKVDSEkTSgyJH,4 Steeres ~ Paid Carpenters -7500 Tobaccoe pd Lawyers 3200 Tobacco,HicggXrQ3b0yZwkS,of this Island Carpenter for divs good causes & consideracon,49,66,11,0.0
9l5hSlqsDQ7eOD7r,and in my name and stead of all or any such persons or person within the Island,PC5P9rdb2TxNFxXH,any act of mine or any other persone or persones,60,79,17,0.29411764705882354
nSVUT4xQGwlpOIz7,either in his owne name or in the name of me the said John Johnstown,KJEYpxTGFlD9kNM4,without any the lett hinderance or denyall of him the said John Leslye or a,59,68,15,0.3333333333333333
rMNmYemAFwO4Fk31,"and timber trees woods and und.^r woods, with all other the -",JySqF9qa4X4hM0jO,and negroes of and from the Severall Legatees the,56,61,12,0.0
T74IZPeQ36gvNsJ7,soe much goods as soe many negroes as the sd Farmer should put,sbFk0Z9or8ZAgxUc,the said parties that the said Raymond should wth,54,62,13,0.0
GN5yRY49nn0EA5Vf,The condicon of the above written obligacon is such that if the ~,WpIvFoB9JbSegK5i,The condicon of this obligacon is such that if the above bound Xpofer,75,65,13,0.46153846153846156
SKkYSrPZ4uSb7ue3,Lawfully Claimeing or Shall or may heareafter,uG4NCGRkTtiVx2Ax,"Lawfully claiming or pretending, any right title or",60,45,7,0.0
9CvovHkThbE7kJHR,person or persons whatsoever justlye clameinge or prtendinge any,xYEOjcHbjs8hbYsf,p:sone or p:sones whatsoever Claimeing or pretending to Claime,75,64,9,0.4444444444444444
1S9BAdOg3Xr1UUr5,personally appeared in the Secretarys office of this Island of Barbados,FRIAx9BfMq4iv7wP,personally appeared in the Secretary office of this Island of Barbados,99,71,11,1.0
ihad1Xoim0zxRO8P,^word seaven in the second line interlined was interlined before the Levry and Seizin,yXqQdrf7jObOL3gh,Sealed and in the prsence of us - the word ninetenth enterlined before the,57,85,14,0.0
ebtj2FXVLEqNmwr1,parte whereof ye New house now stands with all,5KaPaEpFLsNLN2Y8,witness whereof I have hereunto sett my hand and seale,56,46,9,0.0
zaba5estdPQSD7zj,Coming with his said Ketch to this Island to the time of this,giUQfjte8mKpWTB5,with his said ship since the fore said limitted time of Sixty days,60,61,13,0.0
xgILw0jaiHsxXFAv,the said fower acres & halfe of land & every pt & pcell thereof w^th all the ~,b3x2DXQwUBnNJ468,the said ten acres of land and every parte and pcell thereof the same to,75,78,18,0.0
9fUvdTrpraXfalzP,"Memorandums or Direction to Regulate himselfe by, he hath",N4zbOHsgUSwRJXv4,order and direct of y^e same either by herselfe or any other whom-,52,57,9,0.0
2S5gUysMmTj3H4KY,inlaw and to produce witnesses and proofes to ptest oppose desyre and heave,rCYduDSOqXYknJX3,Singular other the premisses in and by these presents granted bargained,51,75,13,0.0
LwYAWfEBQ6xvJMkj,Then this Bill of Sale to bee holde and of none Effectt; or elf,JZznAupATPigGLqu,and this present bill to be voyd and of none effect anything in any,62,63,14,0.0
BEmuQt3NatCL0WI8,hold and possess the said prebargained premises and every of them -,TjTVl32ifA12hdCO,hold occupie possesse and enjoye the before bargained prmisses and every,68,67,12,0.3333333333333333
LeHp1iS2EbcdrzAB,"or any pte or pcell thereof except before excepted, onely or any",3qg0jJo2Yo49pD5j,or any pte or pcell thereof In witness whereof I the sd John Gibson ~,65,64,12,0.5
hKfKA9LKmnxpRcnO,Baldwin Senior of ye Island of Barbados Gents:,siYC73VEIyiB8ISQ,betweene Ian White off ye Island of Barbados merchant,69,46,8,0.625
NB4HmJSixjx3sncN,Be it Remembred that upon y:^e 21 May 1694 -,CGrFUgbWEpGZlm9l,Christian people that upon the ninth day,50,44,10,0.0
HuHf4M1n9k8O1rTj,Samuell Richardson his said heires and assignes pay and discharge to the,EMMr9Uqpm1hFIkCo,Cotherington his heires and assignes and to the onely Esqr,60,72,12,0.0
fcyUXAVcVQYdl3y5,"is Limitted , Expressed , and declared and to none other use intent",ExXxCyDlMNehTvsL,and upon the express condicon and it is the true intent and,56,67,13,0.0
89P7zcSPms2WZGNF,"had made, Comitted or Done by us or either of",BY7CP8pVWx0mJqQi,had made comitted and done by from or under,70,45,10,0.0
yvdq90qlCeF7mNzl,Suffer no quietly to receive that moyety of the Customs due to the Lord Francis,RFqJwRN2Kszre9Gm,years full to be compleat & ended To have & to hold unto the said,50,79,15,0.0
H7apSyvEOSFqUs0M,their & every of yr: heires Ex^rs & Adm^rs & ye & every of yr: lands,wd0BGJlBKgFO2FBW,their & evy of their heires Ex^rs Adm^rs & assignes forevr: by theis,71,68,16,0.0
J5KfNh4GYWEscu03,and every part and percell thereof to the said Capt:,FaZXVwKpNADcg50S,and every part thereof to him the said,76,52,10,0.4
CKB6GJz8mOQfk59Y,his Executo^rs: administrato^rs: or assignes from the day of the date of these,dr2pGIv5Uj33HCe2,nistrato^:rs and assignes from the day of the date,72,78,13,0.6923076923076923
sT9Md8X0lOFCam2Q,executors or assignes shall furnish the said Sev^t Terrill w^th s lustie sound and,8r58IpmqA5YuIy6S,Executo^rs adm^rs or assignes shall and will well & truely,56,82,14,0.0
RnBNbzS6guTYSwcQ,further binde himselfe his heyres Adm:^es and Assignes in the sum,fZm2cAMACleXiIgu,for her selfe her heyres Exec:^rs adm:^rs and assignes doth he,66,65,11,0.0
yuGDloAptWehcqI2,before the expiration of the demise that then the said John Leslye,kHaLisghwau0bPN9,Lord God Everlasting Know yee that I the said John Ham,60,66,12,0.0
DZmrW3qZ3vHPbQeN,Sandiford one of the wittnesses to the about written Deede & made,DbjyqbBiZYBayCsT,John Thomas one of the wittnesses to the within Lease personally appeared,62,65,12,0.0
q6zjgF4yqQm7sM3m,given by the said Francis Hickman to M^r.,zXdnixdP0oVRSXLt,wee ye said Thomas Merrick and Adam Morgan,53,41,8,0.0
mRU6i096dnfQaBzz,the day abovesaid repaire abord the said shipp,qlri5n1JPoLCkHpp,of the goods and Merchandise aboard the said ship belonging to Capt,60,46,8,0.0
wh4zzfKbF4zqtr5M,to giue grant bargaine and Sell the Same vnto the ~~,wuI2FdZL99rOSdrj,doe give grant bargain sell alien & confirm unto the sd,67,52,11,0.0
KKcKYEcduf8tawWs,account of the said Sanford Griffith and Coupie on or about ye twenty nine,3ijfGIpT0qOZRuS7,in or to the said land any wise belonginge or apptyinge w^th the,55,74,14,0.0
WYYOoWYNXmpGmUmH,Said Henry Mosely doe hereby Confesse & Acknow,CqDTg3xidpufOKfK,and percell thereof doe hereby freely and fully,52,46,8,0.0
i3TzlY3xODTOa3Oe,10th of Jul: To all Christian People to whome this prnt wrighting shall come ~,H6MlB7cGEGI4lZ6J,To all Christian People to whome this present writeing shall come,85,78,15,0.4666666666666667
M2tYuBGVbtrDmgqP,other attorneys with like or limited power promisinge to hould for firme,xYEOjcHbjs8hbYsf,p:sone or p:sones whatsoever Claimeing or pretending to Claime,52,72,12,0.0
Rz2FDwjEXaChj4CK,"other the ~Barbados~ Lands of the Thomas Grigson, with one Cra",HEbMU8OlL2vgARkJ,"upon the Land of the s^d: Nicholas Campion, East upon",56,62,11,0.0
XjXPcxrzrDPZ6vt1,that Hugh Bankroft of this Island plant^r for a valluable consideracon,7rzBetUtECB7fGPW,and doe by these presents for a valluable consideration in,63,70,11,0.36363636363636365
syVe0NKvUpKrA4YF,said plantacon as is sett in a schedule hereunto annexed for ye,ihXhjbXkNf4STnGf,menconed in a schedule hereunto annexed. To have and,70,63,12,0.4166666666666667
zWgUa9oCUAnWkLsa,"and Deed, Given and or my hand the 14th of October 1684",X45z2YGR6He46kFL,"Act, and Deed Given under my hand the 31^th. 8 .^ber 1693.",74,55,12,0.0
OgKEf6IPNVRaheld,"given granted , bargained , and ,Sold and doe by these",Z8LokcFZ1YWTcK94,Have given granted bargained and sould and by these,84,54,11,0.36363636363636365
gSXt2RMZhYKYcwIB,3^0 die 7 Bis Dorcas Homested in the Island of of Trinidado do make this my last will & Testament,IlPuVdIbd9tymw9I,the pish of Andrew overhills in the Island aforesaid att a place called,50,97,20,0.2
2JudIfOqm6l1lTKG,assignes from ye day of ye date hereof for ever,3dH4nxyz4Mf03Wby,& assignes from the day of the date hereof forever without any cause,77,47,10,0.0
7RjZGxVckf448wuU,said Thomas Clarke and John Weale theire heires Executors,7jhrUxHqSgr3QHZt,"said Luet Coll Richard Bayley and John Sampson, their heirs Executors",70,57,9,0.0
IMJvEoKbI5o17RTv,Entred ye of forty thousand pounds of Muscovado suger unto mee my,3yxEhv5zWT2to5H3,just sume of six thousand pounds of good muscovado suger,68,65,12,0.0
uxKzFbF0hBWN1qqJ,appeared before mee and made oath on the Holy Evangelists that hee,blV7vY7AZQ3VZprk,& made oath upon the Holy Evangelists that they,74,66,12,0.3333333333333333
Xhf29bJraRpNbVKl,where with he acknowledgeth himselfe fully satisfied,A0iS8DqvzBMJoRNO,wherewith I acknowledge myself fully satisfied and,86,52,7,0.0
JscFzFGLUN7R503F,"this obliga""con is such that if the above bargained Robert Yeamans his heires",rfsOMe2VudDAXl3O,the condicon of this obligacon is such that if the above named Henry,66,77,13,0.46153846153846156
s28IDBKUKXHqk9yD,ever without the lett molestacon trouble or deniall of me the said Thomas,kaACSMEscosTsS3D,admistrs and assignes forever without the lett suite trouble or denyall of mee the said Thomas,77,73,13,0.9230769230769231
nzB2pspNZkvkMuLy,long after as they shall think fitting & convenient in manner & forme,oWo8j93iGuuyWOQz,constituants as they shall thinke meete moreover upon sale assignement,55,69,13,0.0
NWyuJVscjSKpDAqu,in the Consideracon of the two thirds received of the,xUJyTNWrkDA1Es7H,in coinsideration of a sume goods allready receved from Thomas,61,53,10,0.0
FEz35iQHIZ9nA7pB,Robert Downeman & William Sheppard of the Island of Barbados,ZCIugzN076LrXNEc,Robert Downman of the parish of St Luceys in the Island of Barbados,74,60,10,0.5
bOI6uZuHCjnvFGsW,"Ann Johnston by the grace of God of England, Scotland, ffrance",JalL0RUsqS0y41i5,"Second by the grace of God of England, Scotland,",80,62,11,0.6363636363636364
zQSrZsP0fXhgQTNF,land unto Edward Lake Eldest sonne of the sd Mr Lake & there was,964P0mmTC7ge8INv,sould to Edward Verman and soe to the seasyde Together withall profitts and,56,64,14,0.0
woAgiCzLGCzlX3kY,Legard her heires Executors Administrators or Assignes to w^ch,KjT0QRO3llU9wzdy,Leare his heires executors and administrators or assignes by these,78,62,9,0.0
WL4KziGK98paXPlJ,people that upon the eightienth day of Septem,CGrFUgbWEpGZlm9l,Christian people that upon the ninth day,68,45,8,0.5
sZQ7QjtkQ4xnAMbL,Island Planter his heires executors and administrators the just,UYExopv1vlBSkdiM,Island his heires executors administrators and,79,63,9,0.5555555555555556
toObHFUJa1SnCHl7,Appearer in Chooseing Arbitratrs to adjust the differences,gLu3GbSabYJtgzjR,Secretary haveing heard did protest as by these p^rsents,51,58,8,0.0
S6yTsKDfNACRbAR4,John Woodmansey of New England Merchant signe and deliver the,6GHPNDLIHD8Evsrv,John Mosely of ye Island of Barbados Marchant sendeth,61,61,10,0.0
jmVKhLTfIqzv7x3d,"for Ever, without, lett, hindrance, Molestation o",X3YabLNZL6GBB5R7,"for Ever, without y^e Lett hindirance, Molest",83,49,7,0.0
3xcJOXyKiQ1iD283,"presents is thereof Lawfully, Surely, and Solely and",KkjuePEr3FulMrNC,of these p^rsents are Lawfully Surely Sol,65,52,8,0.0
aEtfO1mvKORAAvpp,Paying therefore yearly and Every yeare Dureing the Last,XJOANO9yBTa2NAnw,yield^ing and paying therefore yearely and every yeare dureing all the rest,78,56,9,0.0
wzfJXuFNdztSDF2P,paid unto Adam Morgan of the same Island Gent his heires exers or assignes,H2hsfWkrC5Gj1Bf8,be paid unto Samuell Farrer of the same island planter to his heires exers and assgnes the,74,74,14,0.5714285714285714
woV3tAY4vxqLsD2h,of the Island aforesaid gentleman sendeth greeting in Our Lord God Everlasting Knowe,HnyADvkxtUuX8KMf,of the Island aforesaid planter sendeth greeting in or Lord God Everlastinge Knowe yee that,87,84,13,0.8461538461538461
OHnq7mr0KnApuBHd,"the S:^d Martha Westwood, doth hereby respectively, -",bVsOqm5fH2TmPtpB,of them doe hereby respectively acknowledge and thereof and,50,53,8,0.0
7D0RFhoTnm830Yrs,"rentes as is or shall hereafter come due to the church, and the Right Hon^ble",FUQEsJR1UFDadEJJ,inst rents & dues as shal be come due from the said,53,77,15,0.0
dGNYoOwfTS34omVW,meaning of these presents and the sayd parlys to the,1IQ3BZVPaFSGf1Wp,Ensealeinge of these p^esents (the reciept whereof the,64,52,10,0.0
6I0TMTkE9dURrDlm,or more friends indifferently thosen between the aforesaid ~Richard ~ ^John Bayley,7YTsBM2uqHKNw7iN,for recoverye and receipt of the content of the aforesaid Bill and vallue of the,54,82,12,0.0
XUA0j3jLtKmJfCpu,myne heires Exec^rs & ad^rs doe by theis prsents coveniet: pmise & grt.,yBmKwx5O0eCk4c9G,for me my heires exers admistrs and assignes doe by these prsents covenant,63,71,13,0.0
o5CqFzDTDx4nDiA9,of ye planatation of ward Duffe & abuteing on ye mile & quarter house,taGghVXrqZfxClIh,of ye date hereof and further I ye said Edward Crane,50,69,14,0.0
GhoijlwDxbqeikAz,and Ann my wife sendeth greeing in our Lord,sIT2zuknXcIasu1n,The Island of Barbados sendth greeting in our Lord,69,43,9,0.0
k0DWB7p2ol2J4n43,belonging unto any pson or psons within this Island that have not,VSeVo1Q76XFJXDyu,or defending against any pson or psons in the said Island of Barbados,66,65,12,0.3333333333333333
BTbk77u5yXroUqQE,all w^tsoever my said attorney shall doe inthe premisses by vertue of these,kBogTZiGhOKYz1WO,all and w^tsoever my said attorneys or any other by them to be substituted,68,75,13,0.3076923076923077
KifBtcdzKVUWH70X,or else to stand remaine & be in full power force strength the &,Lhs2kAuja5h1k0Tb,otherwise to remaine in full power and vertue,62,64,14,0.0
utGWhpJzyXyTEwt1,and sell unto Henry Hilton W^m Pacey and John Slotter their heires exers,7RjZGxVckf448wuU,said Thomas Clarke and John Weale theire heires Executors,59,72,13,0.0
MpDLqM2NKu23k7lu,of fourteene thousand pounds of good & mchantable well,FhDr4mbP9BZJ9JhY,sume of three thousand pounds of good merchantable cotton wool or,74,54,9,0.4444444444444444
wJxLo0wGdSn8QV7O,"Def^t,, Def^t,, & the p^tt,, to pay charges",yZEitA39BmLcpkZ3,xx x for not appearing & to pay charges,51,43,8,0.0
WHjio81dPB54siVe,at any time heretofore made had comitted or done or suffered,qoL3WcLueOM1vz4z,"heretofore had, made, comitted, Suffered, or done by the Said -",60,60,11,0.0
9Vg8WnOnqQfkplJe,Island planter the full and just quantity of one thousand two hundred and thirty pounds of the,hw0y0Mwyl1XZSahD,or assignes the full and just summe and quantity of one thousand two hundred,69,94,17,0.7058823529411765
SqmwXVUhg5diyNnK,"Know yee that wee the said adam payne, and my wife for divers good causes",uJif6kylAqn8MxzE,that I the said Thomas Duranes for divers good causes and,68,73,15,0.6
0pTrAB9K1tq6FYnS,my hand and seale the 27^th November Ano: Domi 1641,99oICXJ4dVXY58Tu,hand and seale this 28^th day of May Anno Domi 1640,73,51,10,0.5
xwp4hCvuZaqz1gBh,"Doth give, grant, bargaine, Sell, aliene, Enffeof",nZEsC0lF0KoLlOjR,"Have given, granted, bargained, and sold, aliened,",69,49,7,0.0
yFRbgVWfzCGhhZB7,This eight day of august (1684) George menconed in the deed on the other side -,esXaLJlfkFclphJM,deced the twenty day of July (1676) and the charges amounting in the whole to the,53,79,16,0.25
xAB86eNAZzUDRyYa,"and assignes by these presents, That hee the Said Thomas:",euxcjMUOZ4gyGUfv,"and assignes by these presents that he the said Isaac , his Executors ad",76,57,10,0.4
TtFzl8vV3RmMxcXg,To all Christian People to whom this present wrighting,Jrm3V9E0DcaSAlZF,To all Christian people to whom this present writing,96,54,9,0.8888888888888888
OfLougfEQ57tw1wu,Know all men by theis pnts yt I George Bearnes of ye Island,Kif0Z6SDgDtRPTXD,Know all men by these pnts that I Enrgue Richard Ednye of the Island of Barbados,72,59,13,0.46153846153846156
F3keWFupvrdGoJPy,and assignes or any one of them or either of them assignes to reenter upon the said,D6VOiydlgneQGSbB,be borne of the Bodies of the said negroes dureing the sai,60,83,17,0.35294117647058826
Ym52Rv7MP6B1iCHp,after Expressed Have Demised granted and to far,Lc67u18NryL7TMHW,these presents doe give grante bargained for and sell,56,47,8,0.0
hhyzgi6lchNUcCiU,Barbados- 16th December 1644 - Knowe all men by these prsents that I,2iDMJd7wTVLRxPb6,the date hereof Now knowe all men by these presents that I the said,65,68,13,0.46153846153846156
RG5s0f4GlIO78Aur,and Adm: Strato^rs: dureinge the terme aforsaide,MFkLAHVklUJGQ5vV,In each yeare dureing the terme aforesaid which hee shall Serve in,58,48,7,0.0
WQDQfvJci37NaVKb,and ye sd Geo Soley his heires executors adm^rs & assignes that he the,bJEjzOhDWA5bPClV,said Robert Lea his heires exec^rs adm^rs & assignes in the Porch of,70,70,14,0.0
Yq54XCcVRGgagrHS,into his Possesion the sd horses together w^th the Body of y^e sd,x4YLIDiOr6UcJVNM,the sd mares together wth the boy of ye said James Mashart,63,65,13,0.0
uJExju1UyJbOBPuz,M^r Joseph Belgrave on the windward and leeward downing on the leeward,ESinjOrHCAp8lNSc,on the lands of Capt Thomas Seales windward and of Edward Port leeward w^ch was,54,70,12,0.0
uqN7JeJrr9aM3pI8,the same to bee recovered against them or any,Edih44tQyeVyN1VW,the Same to bee recovered against him them or an,92,45,9,0.0
SGCXZg4aa9O0AAIM,to whom they gave chose heires supposed to be a portages from,m5xky1qivKQPNnhC,to them and theire heyres to the use of the Said Casar: Dum,53,61,12,0.0
Pn4INYNPCSw4ZYPz,of London merchant and Henery Williamson .citttizen and Draper of London send,qomJvZp4iU99s8D9,exonat acquite & discharge John Jackson Citizen & draper of London,53,77,12,0.0
5L3bEhqeyOYoRSoZ,also three sowes one bore with other necessaryes To have and to hold unto the said,RFqJwRN2Kszre9Gm,years full to be compleat & ended To have & to hold unto the said,63,82,16,0.5
G2uCGWo7RFvAQZJe,man named Antonio w^ch is betwixt W^m Jones & the said,10QrhU8DPSyyasuA,and another servant w^ch is betwixt them,60,54,11,0.0
tcozMdant8nXiWqs,-firmed and by theis psents doth freely cleer;y and absolutely give grant bargaine and sell,SZdxKEnW7BrVSXlr,sett over and by theise prnts doe fully freely and absolutely give grant,69,91,15,0.4
icFv4Q6icqzY5L6d,"his heyres and assignes, That I the said Thomas: Reade",bCnqDIE4YWoUwthr,"Exec:^rs Adm:^rs and assignes, That if the Said Richard",66,54,10,0.0
niiVoLq5ygigkTJL,as aforesd either by himselfe or some other able pson or psons,dG5rP4H7lSaCkEej,"aforesaid I or either of us or any other pson or person, by or",65,62,12,0.0
MrDIddE0O11KlVrW,"Giue , grant , Release , and Confirme, unto y^e Saide Richard",yXPPcN2dGvCvoXVD,Sell Aliene release and Confirme unto the Said John,66,61,12,0.0
6O6a1V20YYH5oVmx,Directly and peaceably to enjoye the same without the lett suite trouble,yeUdyvADpoCWrxC5,appurtences for ever without the lett hindrance suite trouble,62,72,12,0.4166666666666667
ICzejSWKCAFyjh8O,by the said recited deed or writeing whereunto,1OQyYV09ehJBG33b,the same And in witnes whereof I have hereunto,57,46,8,0.0
Ev7vcuBkqs10IfIV,Deputy Secretary haveing heard did protest,wsD1jQ5WdsFqY1ti,said Deputy Secretary having heard did protested,91,42,6,0.6666666666666666
sr3yFfVECVy7kLZz,Pembrooke and my heires shall and will unto the said Coll. Thomas,xMdyFadbMPPKtZit,Watson and Humphrey Symons are bound to pay unto me the said Thomas,58,65,12,0.0
xLZXpQJXY7LBCzRp,whatsoever that now can or hereafter claime or that shall,3KGV1V4fxvvfJtLw,whatsoever whereby to change or allter the Esta,62,57,10,0.0
sMnHngJrTM84Z3Qe,enemye onelye excepted) And for the true pformance of all and singuler the,wfibP5q8ITxaFVBB,Enimy Excepted : And for the true pformance of the same I Robert,70,74,13,0.7692307692307693
UpNwJuTRuJuklLQt,unto my said attorney my full and whole power and authority deale,hVrPXG7vv5lqvZ3F,as aforesaid our full and whole power right and authority for us (never,68,65,12,0.0
HuVNG1r8qr4cJJQK,This Indenture witnesseth that I Edward Harrison,KNKJBnlqxWpujCVL,following that is to say that I Edward Harris have in,57,48,7,0.0
A2cUe9f6WNWGFW9u,hundred acres of land fallen & unfalllen be it more or lesse & alsoe,fgkXxGbttS4odzuR,acres of Land bee the same more or Less as the same,57,68,14,0.5714285714285714
GP88oBquqOJCxWNC,in the Island of Barbados Gent. of the one part,WyjGNFSmwgHMZykj,debts in the Island of Barbados in the parts beyond the,71,47,10,0.5
HggUoIymmHQpKO8l,administrs or assignes for ever free and cleere and freely & cleerly accquitted &,UOgcxLnMrURIguaX,"and assignes forever more, and free and Cleer and freely & Cleerly aquitted",79,81,14,0.2857142857142857
9OjtR469Y3UPx98a,sd John Dyer for good & valuable consideracons me hereunto moveing also for & in -,0sh6VmDlDEQ5yHxE,& valuable consideracons me hereunto moveing as also for and in,79,82,16,0.25
FDsTfQViFsyMlYeg,said Alec Hur dis in the some of two thousand pounds ster : for the,rb5FCCMszkdT8C4i,and Leonard Thraites in the penall some of fortie thousand pounds of,64,67,15,0.0
sWbo2UvvpnId66Qp,unto the seaside & for better securitye I doe bind myself my heires exec^rs,3wK1giuCntNGLK58,conteyned I the sd Willm Harbroh: doe bind myself my heires ex^rs,66,75,14,0.0
6l9h1ovTqYyNTSkj,"Sealed and dd in the prsence of, John Wilkes -",tsVliOumuhe5DHRJ,Sealed and delivered in the presence of John Davis,81,46,10,0.0
iPWmH2tQy1KNdWRR,these pties in maner either the other w^ch together the,G0JY1qL5SUuMe2ly,them their or either of their or either of theire severall heires,58,55,10,0.0
AtYZFxDSYcvf1W8j,This Indenture made the seaven and twentieth day of January A^o Dom 1640 Betweene,xHKVc0qg7H2OkX3G,This Indenture made the twenty and sixth day of January,72,81,14,0.5714285714285714
Ypp3CcdYrULfU3QF,in pish of Michaell buying and adjoyning,sZDZiwrlBws4eBVZ,parish of all saints and now adjoyneing to ye,66,40,7,0.0
I7fDan256kRgfMka,as under his hand may and shall appeare To have and to hould all and,xe9HIGYGJby3EcOy,serve as by their Indentures will more plainly appeare To have and to hould the said forty,61,68,15,0.4
m451q8QlFktCZDgh,of May In the Six and twentyeth yeare of the reigne,G6SmCstI4K5kmWN4,& ffive & in the Seaven & twentieth yeare of the Reigne,75,51,11,0.36363636363636365
5HguAFu2sh0nYvrO,"accons, Suite, or Suites, Debts, Judgets , Quare",y6DBNH5E1ec1hsNt,"dowers, fines, Issues, Rent charges, or arreara",51,48,8,0.0
c6UBKLZPmMMqvec8,tree upon y^e same Standinge lyeinge groweinge or beinge,6LVP5uvmZtmmsKRD,whatsoeuer in and vppon the same Standing lyeing,58,56,9,0.0
NOTlft16xFsTsujd,Capt: James Drax south west upon John Downells north,hihszYmLXtYXCzlu,the parrish of S^t Thomas abulting east upon John Tanke south,53,52,9,0.0
pU1TO7gDyVvpMEcu,together with all penaltyes forfitures Cost charges damages sum & sume,OuEGYmMT09IcmEbn,Togeather with all the houses Edifices building eas,55,70,11,0.0
suaYMkQOGZz4au9k,said John Broadhead & Thomas Smith doe bind us our heires Exec^rs,obFSTrgCKK9PAurA,with the said Capt and Thomas Bright their heires exers,57,65,12,0.0
GBJ0CywolBMaKF2U,thereunto belonginge or in anie wyse apperteyneinge unto the said Nicholas Dyes,ShpU8GFf3WyjIopw,thereunto belonginge or in any wise apperteyneing To,75,79,12,0.3333333333333333
HPvWOlCY08BG2lbK,To all xpian People to whome this p^rsent wr,L165bOibyaFgpVzP,To all xpain People to whome this present ~,92,44,9,0.4444444444444444
lZWmq53ACO6Ng3Ok,boare that is thereon the said plantacon being in the whole tenne acres and,0FDQ9zYT3uCi0uV9,& duties for the same the said land being pte of Twentie acres That I,63,75,14,0.0
gEiPmQy7GxcqUVYQ,Expressed To y^e use Intent and purpose first unto my,KFflEKofOcIj4ykP,and void to all Intents and purposses in,58,53,10,0.0
marjZ0np0oSHHOWp,"Swine, (for divers good causes and Consideracons mee there",oQW1edazs9RNntXU,I Thomas Burke for divers good causes and consideracons me hereunto,78,58,9,0.4444444444444444
GgFMoSscz2vQkSEZ,ejecon disturbance trouble or deniall of us ye aforesd John Broadhead,s28IDBKUKXHqk9yD,ever without the lett molestacon trouble or deniall of me the said Thomas,56,69,11,0.36363636363636365
or6st8qiMM8czErQ,madeor or committed by us the above named Henry Weston and Edward,VcJyHWO9dmsCz4tX,had made or comytted by mee the said Robert Barker my heires or assignes forever,57,65,12,0.0
spdp09SWkxcVWkFq,Island to mee in hand by Samuell fford and James Cole of the Island,oiUl0McOXb6duLau,sterling to us in hand paid by m^r William Charles of the Towne,57,67,14,0.2857142857142857
RgWKQPGfBVlx8sMM,appeared before mee this 20th of October 1674 and,0ItHi2DTkmP4b0MM,appeared Before mee John Strede Merc:^tt and,62,49,9,0.0
lBYF2immMMaRZF2z,ministrators doe covenant promise grant and agree,7K3SIt6JQtg5zW7c,executors and administrators covenante promise and grante to and with,68,49,7,0.0
vevgJRysqU2Q96M3,after his arrivall in London or his assignes the the prsent obligacon to be void & of none,l2jg81lYexVsGQ64,that then this present obligacon to be void or else to be in force,58,90,18,0.0
x9hcmQJIaiFnaqjF,or persons whatsoever that shall lay or pretend to lay any clayme,7BZjlemlbtSecskN,other pson or psons wtsoever yt shall instly lay any claime right,66,65,12,0.0
MZC9yfhWyyiXUIzB,hereof as wittness my hand and seale this seaventh,SrgUdoOFiGWedj6W,have here unto sett my hand and seale this twenty,73,50,9,0.5555555555555556
gK3m6hYNjlUK8rfX,thereupon He the sd Robt Bridges his heires adm^rs. or ass To have &,CUAk4AF4ywIyg1EY,hereafter be growing or accruing thereupon he the sd Robert Bridges his heires admrs,63,68,14,0.0
PjXTk9GHUMPH7XvC,Intestinonium premissorum ego vots prenominatus pris Intrumentum signo meo,yy3Iun1lrh9WsGsj,Interest priuity or procurement or by from,47,74,9,0.0
lR7Lj8nHox79kjnD,haveing heard did protest even as by these p^rsent,GBtoxJZpbLFuomSy,having heard did protest even as by the,88,50,9,0.8888888888888888
PyFjlhbZ0qu37TXr,to his owne pper use and behoofe all and every the servants wares,W7hYYAfRyLnR9AZl,to the only proper use and behoofe of the S,63,65,13,0.3076923076923077
Vs0ckUinRP7TW9sQ,them into the round house of the said with armed guards our,m5xky1qivKQPNnhC,to them and theire heyres to the use of the Said Casar: Dum,59,59,12,0.3333333333333333
JY5Qoovx8wzpGxLJ,This Plott Represents the for ye of part of I Ground,VYwKACuCFMM2fgRm,in or to the premisses or any parte or percell thereof,53,52,11,0.0
yaTnnrWTZYeKgZ3I,Capt Phillip Bell his heires exers admistrs and assignes and to and with every of them,aVTe6fJsU1J6Lww9,unto the said William Thomas his heires exers admistrs and assignes forever and to,67,86,16,0.5
n6FAWJhxeWgGXXuA,and I the sd Tho Ware doe and will hereby rectify & comfirme the said eight,7sHtBcoTymHoL0zT,the bodye of the said Thomas Morley on the bodye of the said Mar,55,75,16,0.0
v8eBVF8dtvcTvUN0,warrantlye that hee and his assignes shall and will peaceab,HuvFXfZYDtMQcZxH,executors administrators and Assignes shall peaceably,57,59,10,0.0
C3zJah0kAMBkv9c2,acceteyne bargaine and sale thereof for one whole yeare to him made,CF89W3oPEuK6tMmZ,every parte and parcell there of unto ye aforesaid John,56,67,12,0.0
Fbs5fvY9uFI8OgpO,as Well for him Selfe and Company as allsoe in the behalfe,j6eS8tpWzt0nIOg8,fore this Appearer as well for him self Company and owners of the said,59,58,12,0.0
uF4YSfZPWrtz8Q9M,wth the appurtenances & evy pte & pcell thereof to them the,sKmByvnIaQlDP4QZ,with the appertenances and every pte and pcill thereof unto the said,80,59,12,0.3333333333333333
lU7fYkVs4saVSlLm,"Sign Tho Gamber, Rich: Jones, mrk: X Hen Collingwood",YB3a4Ms8eDvak9YU,"Tho Price Henry Collingwood, Jno : Taylor",52,52,9,0.0
gzmjFOb9mPrKhqg3,for and as his voluntary act and Deed Hen: s,4BOXvhynMhDkEgXv,written deed as his voluntary act and deeds ~~,73,44,10,0.4
uXYxL1xIkFDVdSAL,Lands of the Said Moore Deceased : Together with,APmOaxyMvP9PWA6l,"and on the Lands of the Said John: Booke, together w:^th",63,48,9,0.0
6bPvYAA2TKY8oFvt,as well of ye said Saigt Major Wm Hilliard as himselfe And,4CX8r7WzBUuQovnJ,shall come I Sargt: Major W^m Hilliard of ye Island abovesaid,61,58,12,0.0
27HMZThz0UJ3pgEg,Foure yeares until notice shall be given him by the said Tho:,FEDa5UEwbgmKPRNn,or appointment shall bee made by the said Alice in his,59,61,12,0.0
UW3knVk6bn3B8yHB,ecutors adminis trators and Assignes for ever ye said,AMQB9QlyeAJq0wvk,heires executors administrators and assignes for ever without,79,53,9,0.4444444444444444
GBuYg6OqB1AZdYYg,This day being the 3^d. of August. 167,PPMTvjiJTEPRufia,given und.^r my hand the 22.^th of August 1676 :,60,38,8,0.0
XMFgTIY72Kkq9gMu,well and truly paid whereof I ye sd Charles Ambler do hereby acknowledge ye,XXVo8pxx2HGwD29j,the receipt whereof I do hereby acknowledge and there,59,75,14,0.0
bfU4V6lm5iKV7OBe,with ye sd Tho : Wager his heires Exec^rs Adm^rs & assigne & evy,3hfE3NCj0WALNMNr,that he the sd Jon Darrell his heires Executors Adm^rs & assignes,73,64,14,0.0
ybHdxwIi0RiAjWm7,"him there unto moveing, but more Especially, for and in-",gOlKOJwyCSiqdxxv,"mee thereunto moueinge , but more Especially , for",83,56,10,0.0
uG4NCGRkTtiVx2Ax,"Lawfully claiming or pretending, any right title or",pcV8GSjK9kOqOJiG,lawfully claymeing or prtending any right title to any,88,51,8,0.5
gzpmWl4xo2Y84pTB,"as aforesaid peaceably and quietly, without an",7QaVlv0iRRxZZOQT,"for ever Lawfully, peaceably and quietly have, hold,",63,46,7,0.0
zqaHoco80CpzaBd9,To all Xpian people to whome theis prsents shall come Henry Weston an,ZOatEE55qiuQIx9N,To all Xpian People to whome theirs prsents shall come Henry Voadar and,90,69,13,0.7692307692307693
k1X72nCGxSWCDgR4,without the Lett suite trouble eviction molest,EGV4gzx5BaHH9d4R,"without any Lett, Suite, trouble, denyall molestacon or",71,46,7,0.0
dvKdrhhDQ1KO2REC,"and all others therein Concerned for all Costs, Damages",K5cQe9X4rTsUEmZr,said Millner and all others there in Concerned for all wrongs pruduces,74,55,9,0.4444444444444444
yMWM7gusTJl08Ead,"charged and Exenorated, from all Maner of former gifts grants,",LMNgUceV6w8C6AOC,charged of and from all and all maner of former guiftes grantes mortgages,71,62,10,0.0
zWyNM0OW9CG4qkc7,Especially for and in Consideracon that Thomas Williams of the Said parrish,Lu1RYgcamUXbD1Wz,more especially for and in Consideration of the Sume of one hundred,63,75,12,0.3333333333333333
iAVVihsqum6EgvPc,"presents, I doe Solemnly protest against the",hMZZ6CGxXETv2Ixh,protest can as by the present i do publicly and solemnly protest against,60,44,7,0.0
YiHQMLogzaI2Duj0,one thousand six hundred sixty and seaven and in the twentieth year of this,SPpbhWrFeMVxLEKB,day of February one thousand Six hundred Sixty and Seaven and in the twentieth,77,75,14,0.7142857142857143
2qdcNpQUUHa33I7U,"the yeares rent which hee the said Lewis is then to pay, and the said John Lewis",yuGDloAptWehcqI2,before the expiration of the demise that then the said John Leslye,58,80,17,0.0
j5pSJnzITPaBdYf3,tors and Assignes all that his plantation or plantations,7d6Y22onHRFVI4HR,and Assignes all that my plantation whereon I now live,69,56,9,0.0
cQKL6J1nK2FzODpH,ye third part of ye moyetie of a plantacon wch I lately,w9A4Qhj5SKNBvbJZ,confirme Unto Griffen Rice aforesd all yt my plantacon wch I Cattlye,57,55,12,0.0
CkVloXN4ZVhEWyeN,And Interest of in or to the premisses or any,bFdTs3v5xMsJ1tKS,or tytle in or unto ye premisses or any parte or,67,45,10,0.8
o7KX7MePvy6TVVUy,fullfill and accomplish all and every lawfull act and acts thing and things,sqmcbNfd8MQ51n8M,seale and deliver and all and every other act and acts thinge and things decree,69,75,13,0.0
8lGd2LO84KMYDbiq,"Richard Barrett in this said Capacity, or the said Richard Aley his Ex.^rs. adm.rs or assig",wtvN4dnq59GhNvZ3,& Nine yeares unto the said Thomas Reid his heires Ex^rs adm.^rs assignes,56,91,16,0.0
R6Fry5gVhVpU1KMW,tions us hereunto moveing have given granted bargained,j69inCHPIPEdvQI2,good causes me hereunto moveing Have given granted bargained &,84,54,8,0.5
baTY3OlGskirWgFc,Barbados June 21.^st 1693 Exchange for 100 sterl,N78M3v6GKmUzF7sk,Barbados July: 7:^th 1693 Exchange for 100^p Sterl,84,48,8,0.0
FHXdHOGWUA6TTWBW,of lawfull money of England if the same be lawfully,enrQLaLXBOe0MEMF,and five hundred pounds of Lawfull money of England to him the,57,51,10,0.0
sX9K8N4FRDKfTEJO,England Scotland ffrance and Ireland King Defender of the faith.,KP4J42f1Mtae36Wr,"Scottland , ffrance and Ireland King Defender of the ffa",87,64,10,0.0
dyV6PZfMsMKXLhm6,doe Assigne and sett over unto Francis Wood of the,xJ4ep9Hc9vColhoy,sell assigne and sett over unto y.^e saide James Thorpe his heyre,64,50,10,0.4
jXIRLu3aNdTWwLhX,pcell thereof I the abovenamed Thomas Whitehead of the aforesaid Island,7sHtBcoTymHoL0zT,the bodye of the said Thomas Morley on the bodye of the said Mar,58,71,11,0.36363636363636365
A7BZNIbYOlXDBR4t,"and Singular the houses, Ediffices, buildings, And all othe",to9WMYqr51WiJbSu,all the houses Ediffices and buildings thereon and all,71,59,9,0.0
uzxpvkZrPpEXDWU8,"y.^e prebargained premises, and also ^all Estate right Tytle Interest, Use",3XThBktVRQzNUIHU,any Maner of Estate right tytle and Interest in y^e,59,74,11,0.0
pk57nExaGWnNFphD,Rich:^d Drury his Execut:rs Administ:^rs or Assignes all,woAgiCzLGCzlX3kY,Legard her heires Executors Administrators or Assignes to w^ch,68,56,8,0.0
NIVZ19ou1tg6UfOz,there with fully satisfied and contented and there of and of every part,xkxwnQrS7RPeMOkI,"intended, to be granted, bargained and Sold, and every part &",56,71,13,0.0
C2rgepkuUE8ULE88,& priviledges belonging unto the same or any pte thereof & the sd Jon :,77uJzMj3zpuBbcyP,"assignes , of in or to the Same , or any parte thereof , together",63,71,15,0.26666666666666666
kKpK12yR5IvyWViY,other pson or psons clayninge any right title or interest to ye same or any pte thereof,Qi23YZHBmahei4Y0,any other pson or psons clayming any Right title or interest,73,87,17,0.7647058823529411
h1oa0yGP99A3lqcY,Damages and preducies which hath shall or may accrew or arise,EJdMU1iWEarxip2G,Jones and preduces which hath shall or may be suffered and sustained,73,61,11,0.0
FDwWTjwT3PDjoe0y,ample maner as the said Elinor Northy doth now hould,0UjSzyxS90zIyWkN,Land of the said Stephen Noell to the windward To have & to hould,53,52,10,0.0
eJDgcNQzOHuBtivW,& lawful authority to demise lease and to forme let the afore,MCag8sQOPuxFa23o,did demise grant and to forme let unto the said Richard,59,61,12,0.0
MCanhcJdHnqJUaNI,made among themselves as aforemenconed and are troublesome,XB8v1iKQMbvT5oyZ,made among themselves as aforesaid and that none of them doe,73,58,8,0.0
p43kr4OIsQ6eSUU5,at and before the ensealing & delivery hereof by the said William Sisten the,5mRM4WLOyqEFXhIm,were enterlyned before the ensealinge and delivery hereof in the,69,76,14,0.0
xAcjpX3hdUBtXcCX,Michaells within the Island aforesaid ( Executors to the Last Will,CduRh5IjwfP6hYb8,S:^t Michaells in the Island aforesaid and then and there,67,66,11,0.0
pcV8GSjK9kOqOJiG,lawfully claymeing or prtending any right title to any,uG4NCGRkTtiVx2Ax,"Lawfully claiming or pretending, any right title or",88,54,9,0.0
xXrBXDDjcweCgbDn,administrators shall well and truly pay or cause to be paid unto,IHqrQwinzqL6qeg5,Shall well and truely pay or cause to be paid unto,84,64,12,0.5833333333333334
jXENNwW0up5VdlrP,or some other shipe or shipes w^th shall come from the Barbados to,noLFawSfL4xG51kz,person or persons w^tsoever in the said island of the Barbados or else,57,66,13,0.0
nM9nz3Q6iEygDA60,Sealed signed and delivered in presence of,UUMGGElAnTqRKlfO,Sealed and delivered in the presence of,86,42,7,0.0
7C2xfIU1mdryRMMc,28^th Martii To all Xpian people to whome theis prsents shall come greetinge Wee Morgan,9V044ZsNKfuoC0cp,To all Expian people to whome theis prsents shall come greetinge in o^r,84,87,15,0.7333333333333333
8kVoRTYvFhuU1ZxJ,accompts bound for this Island and in her voyage being in the latitude,76DvW4KJYICu2K3l,of this Island the sd land being found by we within the limitts,56,70,13,0.0
z6PLTV0idHlI4oZi,that wee George Blacklock and Robert Taylor of the Island of Barbados,BCKdGWE6U6bPhHEk,that wee Henry Darby and Henry Longehaw of the Island of Barbados,72,69,12,0.4166666666666667
r1dHVHXv3h85PPBo,Sixth day of July In the yeare One thousand,8kn3TLDy8Pzkhxre,date the Sixth day of July One thousand Six hundred,64,43,9,0.4444444444444444
Jz4fqVSNJsjxc2DN,"things , devises assureunces and convegences in the law bee it by fine comon",kJPtwnLFqNVOLxbC,estate of Inheritance and assurance and conveyance in the simple,54,76,14,0.0
36AzkhiIAEVey953,cotton for the w^ch somme I the aforesaid Capt Alleyn doth confesse my selfe,xWrgiflBCJJGAgbf,pcurement and for the true pformance hereof I the afores'd Richard Habbott doe binde me,53,76,14,0.0
HuvFXfZYDtMQcZxH,executors administrators and Assignes shall peaceably,IQUTEJsjQSEEvguo,Executo^rs administrat.^rs and assignes shall a,84,53,6,0.0
jyTYOjVyuxgfa8tC,his heires exers or assignes To have and to hould forever without lett or hinderance or,oOpKdBkEN2VINP4v,Stroud his heires Ex.^rs adm.^rs and assignes for ever without the lett trouble hinderance,67,87,16,0.5625
tFI91ZC9bcvdvYUc,and admistrs Together with ye storehouse where I now live to pay or cause to be,7i97uwT7kmw69zgD,Condiconed tobacco well made upp in rowle to pay or cause to be paid,57,79,16,0.375
oFBwvqCzeCiCwE8o,"Mary, her heires & Assignes, ags:^t all & Every person & persons Shall & Will Warrant & for",VmrEALeZiP1Y6nF9,his heires & assignes and all & Every other Pson & Psons Lawfully having or Cla,65,91,18,0.0
ZVVPaZ7nTQKMwiXS,Cotton wool to maintayne and make good to the abovemenconed prmisses,rlkjM8EvGLeCdZT4,Richard Smith leward To have and to hould the above demised pmisses,55,68,11,0.0
gEkVz95jGXap8nS4,"Every and either of them, Have given granted bargained Sold aliened",6RfxfZH75ZWfDIGj,especially moveing have given granted bargained sold alienated,71,67,11,0.45454545454545453
W8tTDPj2Gg6io6xy,my heirs exers or assignes in case I the said Thomas Madox or anne of them,2LeOtpJJjp5kuPxS,william Reeves his executors or assignes I the said Thomas Bowen doe,66,74,16,0.25
wWv8kWjsUWkScxMY,which s:^d plantation is bounded upon the Lands,5RbF9LQzXtURcpOO,the Island aforesaid bound upon the lands of,64,47,8,0.0
zHBNAMcc7fMk4nmf,thousand nine hundred thirty & one pounds of Muscovado,M2eXMWK6hHWmXHA4,Nine hundred Thirty & two Pounds of Mchant,71,54,9,0.0
KDplmTJgwsvviD98,a said Michaell Hall for my himself his heir,5qMbB4b2HPlFBhba,"the said Richard Price , for himself his heyr",72,44,9,0.0
au6o6wuP8GHi2n6q,doe : fully and absolutely grante bargaine Sell Enffeofe and,iU8taeqTJQtn7UNM,freely and absolutely give grante bargaine aliene sell enfeoffe assigne,73,60,10,0.0
Ru61iksVggsYjbzA,Ass: for ever free & cleer of & from all maner of Incubrances,m0XxDgjTB1AffdB4,admistrs and assignes forever free and cleere from all former bargaines sales,61,61,13,0.46153846153846156
MaZREv0u3fv1rSvi,peacably to have hold & enjoy all & singular ye prmisses above,Xeym5MC4Oxbx4C0V,have and to hold all and singuler y^e premisses,64,62,12,0.0
eHXjJq4nNKXCtHYy,and Successors on twenty Nineth day of September yea,CdOIRQzW6e3h0Ffn,heires and Successors on the Twenty Nineth day of Sixtene,79,52,9,0.0
3sGK90HG66bXoUgx,in the penall some of six thousand pounds of good cleare cotton woole,RMmejeBpD6PzgUHi,in ye penall some of Eight thousand Pounds of good sound & well condiconed,73,69,13,0.7692307692307693
1YHqj2lEn3zV1iDU,Richard Noke deputy Secretary of the said Island and sole Notary,SiBSBJihCh5N5xwm,Richard Noke Deputy Secretary of the said Island and sole notary publique,91,64,11,0.6363636363636364
IuScGN56J64MF0Fq,for and in consideration of the sume of one hundred pounds,JclfPGRJ7NobyoWw,for and in consideration of the sum of ten thousand pounds of,87,58,11,1.0
snMtxO2mPr5MFnid,Lord God everlasting Know yee that I the said Lucie,kHaLisghwau0bPN9,Lord God Everlasting Know yee that I the said John Ham,86,51,10,0.6
33o5fNcUPwCDiarW,and north upon the plantacon of M^r Jon Johnson and east upon the,WKFGgvxqjy28OcWQ,North upon the lands of the said Mr William Kirton and East upon,62,65,13,0.3076923076923077
GEitygznamZYXspH,& Elizabeth Haynes of ye sd Island widdowe wch we ye sd,0x7CLKlC5bF8QKw4,& layd out for the manadging of the sd land now or wch hereafter shall,54,55,12,0.0
cSKdrih2DDAkWvo4,Capt Thomas Searle his heires and assignes to save and keepe harmlesse the said,QirrDMYOugoobTuo,said Capt James Futter his heires and assignes for ever twentye acres of,64,79,14,0.2857142857142857
Aoii3sHP85gvuq83,any other pson or pson wtoever w^ch shall or may lawfully clayme any,7BZjlemlbtSecskN,other pson or psons wtsoever yt shall instly lay any claime right,71,68,13,0.6153846153846154
frwEdBu7SI5SBXGB,and take the wants issues and profitts thereof,ju2U8QRISooEBXX5,according to the time and Contents there,63,46,8,0.0
3YWtT2uTcrAfF4px,therein or in any pte or pcell thereof w^th th'appertenances by from or under me,oV6iEN8YG4AP3WOk,pte & parcell thereof w^th the appurtenances unto the said M^r Samuell,63,80,15,0.6666666666666666
jL5kxXQ8QIQl34kH,mchantable tobaccoe to pforme the pmisses above Specified,kXXVzJAwWnA5MruX,pounds of machantable tobaccoe for ye better pformance of the above said,64,57,8,0.0
XJgJexw5nQLlxSGI,bargaine sell alienate enfeoffe and Confirmd ; unto the,1LoCqt5P2c0oQ5Lq,grant bargaine sell alien enfeoffe and confirme unto the said Captain,77,55,9,0.0
L7eton0ziLMKq4yO,Entred this lasting Know yea that I the sayd Henry Fee for divers,v13ARsvintlGztXZ,God Everlasting Know ye that I W^m Forster abovesd for divers,67,65,13,0.0
cAiIWPKQlkmHqnx2,"my Meanes, Actt, Consent, or prcurement Dis",Lo17KAICfGBYQFeE,by my meanes Act consent and procurement And I the,69,43,7,0.0
gN8qJ5Nzi68K80XI,the said Solomon Deleon the drawer of the said Bill of Exchange,7BLno0YxfO1QuVGI,against the said John Parish the drawer of the said Bill as alsoe,69,63,12,0.3333333333333333
blV7vY7AZQ3VZprk,& made oath upon the Holy Evangelists that they,PU01tMPGFSrMTmSl,"made oath upon the holy evanglist, that he Sam",84,47,9,0.0
Pf0K2YKuhDew13k9,heires executrs admistrs and assignes for and in respect of any dues,RyHhUXOAoA1apIKR,heires executors administrators and Assignes to and with ye,76,68,12,0.0
8B5kpbZ9mMTeeXgr,same Island Gent: the whole and just summe of twelve hundred weight of,otGSflslVXzBsErj,or assignes the just sum of five hundred pounds,56,70,13,0.0
kjguwKWzp6RCsnKR,my heires executors and administrators for ever and,mr2Tuv1CMNMb6cEl,Selfe my heires Executo:^rs and administrat^rs for ever,85,51,8,0.75
g6gHjpmNHq0wrYzf,Imprimis it is concluded and agreed by and betweene the parties abovesaid that the said,n7KPL9l917bulljK,condiconed concluded and agreed upon betweene me the said seift John,61,87,15,0.0
4nV8tOw4dkMuGzCW,bargained premisses . In witness whereof I the said Francis,rxXp1JPedNETNtg9,meanes and pcuremt In wittness whereof I the said Capt John Burch,69,59,10,0.7
2zLG0JZJsSYnNmWX,Articles of agreement indented concluded covenanted and made the,9eddjquHX2THRWBr,Articles of agreement indented made and agreed,75,64,9,0.0
iEnCexRHzLJHXz3q,pounds of neet cleare cotton woole to be payed at two severall payments as by,lnlfVMq3RgBIbazh,often thousand pounds or neale & well cleared cotton wool to be paid unto the,60,77,15,0.0
tDuwGdmcNOag7zH7,bargaine and sell unto the said William Gibbs his heires and,y4uO6CZklta5lQKO,bargaine and sell unto the said Thomas Applewhaites pasturage and feedinge,67,60,11,0.5454545454545454
l0EQAaTZFsQRhtBq,assigne Set over and to farm Letten and by these presents doth,KbQrml0koVcUlm0n,sold assigned sett over and confirme and by theise prsents doe demise,75,62,12,0.3333333333333333
RkqQpvdPL1FKgT7o,and Lands doth Lye( Being all first Severally Sworen,qabXtpX1I6B7yBGt,and Sealed have sett the day and yeare first above written,55,52,9,0.0
XysIsriRDpLJouUW,the said John Hutton his heires Ex^rs. and adm^.rs and every of them by these,AUTGNr3KuqkF0AV4,his heires and Assignes and Every of them by these,66,77,15,0.4
JEC02trNKktyHCQf,To ye Marshall of ye Count or his lawful deputy,WKQjvXvHXpdamZ1w,to A Bill of Sayle under his hand beare,53,47,10,0.0
cJTod8TqqbR222wI,planters all\ that the plantacon where the said Comme Nelane and Patricke,eNeHAUkUmpMXWl1l,windward and the plantacon of the said Tho Mayer and Peter Bray leeward,58,73,12,0.0
y4uO6CZklta5lQKO,bargaine and sell unto the said Thomas Applewhaites pasturage and feedinge,tDuwGdmcNOag7zH7,bargaine and sell unto the said William Gibbs his heires and,67,74,11,0.6363636363636364
mTy0VKTmfc442vCf,these present Indenture Interchangeably have,slw5ce48zxCxxuEt,to these Presents have: Interchangeably Sett their hand,67,44,5,0.0
UMRld2RXExpS7y4S,Sett my hand and seale this five and twentieth ^day of January 1641,P5QNCc66w9iD4UDr,hereunto sett my hand and seale the five and twentieth day of January one,84,67,13,0.38461538461538464
nUeUuYElF05SSK06,accordinge to the tenor of two bills obligatory bearinge date together with these,PiLIRZm3itST5H6i,accordinge to the tenor and purport of two bills beareinge date of these presents,73,81,13,0.3076923076923077
jupdOYr3i2G9L4Fn,To all xpain people to whome these psents shall come I Levet Richard Fawcett,VSC9FEb3CLpmsK11,To all xpian people to whome these prsents shall come greetinge I Thomas Watt,81,76,14,0.2857142857142857
N26CjmzZhd1IdK4j,granted bargained and sold and doe by theis presents for me my,2tqVGDygRZva0TWs,granted bargained and sold and by these presents,85,62,12,0.4166666666666667
KV7WbJTGDxYrGaj3,interest of one by name given to serve for the full time,JmDPCOtpw6rVd9S2,either of them or theire order the full and just summe,58,56,12,0.0
glE5NMc4YIGWhfEQ,Ye 18^th 1663 Abigail my wife both of the Island abovesd: for divers good causes,xmDTodTYrnD5AnhH,Edward & Anne Porte of the Island of Barbados For divers good caus,63,80,15,0.26666666666666666
tXVhMBUinsQlhNjT,the East Indian Walke before Luinsett according to dues condicons,EHkQzt3GEhocddlv,writting as be his discharge according to ye within -,53,65,10,0.0
gOw35akAEvvP5gl6,part of the said shippe ye Johns Adventure and of her tacke apparell and,aO980ubOx3cZVuRC,of the said shipp the Johns adventure and her tacke furniture and apparrell,78,72,14,0.0
m2vJ0ZU473onTHCG,ly and Clearely acquitted and Exonorated or otherwis,HQ0PKoKTo53SPwcr,and Clearely accquitted Exonerated and discharged of,69,52,8,0.0
MkcRThMSNfI1U0SO,five thousand six hundred pounds of sound merchantable tobaccoe,Zy4Eb89rUP5ucj2p,Crispe two thousand five hundred pounds of good and merchantable cotton,76,63,9,0.0
UpkDyr7OSJoRu1XX,A Schedule of all the houseings premises and utensils what-,ltihQJSWoGu4qxZW,"A Schedule or list of the Negroes, horses, mares, and Cattle, which",60,59,10,0.0
XYpz5ZAUieKxmA9I,Price of the same Island gent I the said Wallis doe hereby for me,N5ETbB8PkM4Bkdgv,unto Thomas Ware of the same Island gent his heires Exrs admrs or assignes ye full &,58,65,14,0.2857142857142857
qpbdzpSeKg3c0B2K,Authority to grant bargaine and give the above given,wh4zzfKbF4zqtr5M,to giue grant bargaine and Sell the Same vnto the ~~,65,52,9,0.0
JnzsFi3ktxuXG6Vg,divers other good & valluable Consideracons Hath given granted,LLuAmVR5uoXhuogp,planters for good and valuable consideracons us thereunto moveinge Have granted,70,62,9,0.0
Q7pgXKzl396CvzSt,at rhe End of euery Six moneths from and after the ^said ffirst,u39hfeqkUqhksSZG,pounds Lik money at the begining of Every Six months from the,55,63,13,0.0
gO6QA6eQGbLZG0Wb,This day Appeared before me George Murray And made,5Ttj4wbDZ6toH2ic,This day psoneally appeared Before mee Henry :fford,61,50,9,0.0
yMH37QycMgL1YP9g,March in the year our Lord God one thousand six hundred sixty and eight,0mbbbshnl0XReeqC,of February in the year of our Lord God one thousand six hundred sixty,82,71,14,0.6428571428571429
bO9QgncZi5axXAKI,the said Mary for herself her heirs Executors and administrators covenant,IcV9e4NMcpsjh92X,the said Bonam Carter his heires executors administrators and,73,73,11,0.0
0Bdi1BTACzPv0kD3,of one hundred and thirty thousand pounds of good dry well cured,MpDLqM2NKu23k7lu,of fourteene thousand pounds of good & mchantable well,64,64,12,0.3333333333333333
ZIgj7KPYIHPy2PYW,Concerned for all wrongs injuries preducies losses Damages and,IVNDje4W6Uv4r8cy,all others there Concerned for all wrongs preducies hindrances injuries,60,62,9,0.4444444444444444
w9A4Qhj5SKNBvbJZ,confirme Unto Griffen Rice aforesd all yt my plantacon wch I Cattlye,cQKL6J1nK2FzODpH,ye third part of ye moyetie of a plantacon wch I lately,57,68,12,0.0
moorrnE6QA1EQZn9,acres et halfe of an acre and seaven pole scituate lieing and,Z3ZqVvHCPVyyNq0L,sale of all those lands and plantations lying and,60,61,12,0.0
4Y7jxETx0tbP95Mc,had made or commytted or by any person or persons whatsoever lawfully clayme-,P2QVXduX4SWC2b9m,other person or persons whatsoever lawfully clayming,74,77,13,0.46153846153846156
LDUIMQ5Q2O1e0itH,the draw of the said bill as alsoe against David Browning on whom,PI50DgflUg697zXB,order the said Bill was drawn as also the said Reid and Collitors on whome,59,65,13,0.0
vXrj3Zoragyoy8gY,shall be in the year of our Lord one thousand sixteen hundred forty and six,VcHSghViBX2b8c8m,be in the yeare of Our Lord God one Thousand Six hundred forty Eight,78,75,15,0.5333333333333333
Lvc0CU5A6R7xXXuD,of him the said Edw^d Laming his heires or Assignes and without any manner,vekk8v80VJ1sADYL,of the said Thomas Hyatt his heires or assignes or any other person Clayme,65,74,14,0.2857142857142857
R8XpdYjnNL7oqryb,Ball the lands late of Cap^t William Thomas Edward Aldin,7KvTQKv4ThtZlM9w,And whereas the said Capt William Fortescue and Capt,54,56,10,0.0
A9wZxXfRRUbivazB,Gent all that my parcell of land being twenty acres,pUIuo5O3ovG3QsKM,one parcell of Land conteyneing two acres two,63,51,10,0.0
Z2eMYy9p0cqvTOmc,said Island Captain Patson Antonio Secruto Condon Frances owner and,3wPbWUgzZFBES3gG,said Island merchant his heires executors administrators and,55,67,10,0.0
AbaV1IM6jgVLYzm1,July 1647 from Willm Powrey Esqr ye some of Three thousand foure hundred,b0h4Wr6FAqXjFG0Z,but more especially for the somme of vallue of foure hundred and,56,72,13,0.0
RSvcsROd2spn6nnW,Jeffe for and in consideracon of one thousand pounds of good merchant,JclfPGRJ7NobyoWw,for and in consideration of the sum of ten thousand pounds of,72,69,12,0.75
9QqpCXY8tJQW63PU,Eithers a marriage intended and by Gods Permissions in Shorline,rCYduDSOqXYknJX3,Singular other the premisses in and by these presents granted bargained,51,63,10,0.0
j7uMdX7ON1QtFYKJ,houses edifices buildings thereupon together with the moyetie or one halfe of three,UeukGvrDOVGRXeTS,fallen and unfallen land or thereaboutes together with the moyetie or one,62,83,13,0.0
NqRJ4Da8BPR8Pd28,To all Xpian people to whome theise prsents shall come John Shakerley of the,VitdyTslriKuAo1m,To all Xpian people to whome theis pnts shall come Charles Harris of the,85,76,14,0.7142857142857143
Vi6GSbdZStQeDE5T,of one Hundred pounds currant money of this Island to be in hand payd by,ntJ8UoHMouQQM6xP,penall sume of foure hundred pounds of good currant money of England,59,72,15,0.0
My0ALCzdVlimyrtK,"Acknowledge, Have given, granted, bargained, Sold",tgFBS1wtAgZqggPX,and Contented Have given granted bargained and Sold,76,49,6,0.0
RrIYgsc0KIZSqfUd,May the first 1663 personally appeared before mee M^r William,Qors7XZio5ZJg1Bl,Anno Dm 1667 psonally appeared before me Will,72,61,10,0.0
vjdAtRf7N6UZgbAg,the said John Shirlock and William Sharp have hereunto set,Can6yHzdv70dzpcz,In witness whereof I the said William Dighton have hereunto set,63,58,10,0.0
hkpHTX1PWi2MRAY8,and delivery hereof Have given granted bargained sould infeoffe and confirmed,qRbdLkX6UWngKw77,"Wadden Have Given Granted, bargained sold and Confirm",72,77,11,0.45454545454545453
jyJM5oor5TGQ72BQ,did it he was Executor In wrong and actionable as a tresspasor,KZTVjVqEg9wEXuA5,did then and there produces a Certaine paper,51,62,12,0.0
JTsliLXyZ3W21Avg,"for that they nor either of them, nor any -",gxLPauNi31vAGDat,"fro: or under them or either of them, Doe & Will",68,43,10,0.0
KbQrml0koVcUlm0n,sold assigned sett over and confirme and by theise prsents doe demise,l0EQAaTZFsQRhtBq,assigne Set over and to farm Letten and by these presents doth,75,69,12,0.0
280Jo59JRJO9lTf9,is scituate lyeing and being in the parish called S^t James in the,svwSsbUP8rjhbaht,Scituate lyeing and being in the parish of S^tt,78,66,13,0.7692307692307693
S3NkJ5R1Zo3n66O0,John Hapcott Nathaniell Silvester Ste: Wiseman),y9ZeBn5riflvsxbI,Heathcott shall give way he having notice thereof Wittness my hand,48,47,6,0.0
ijmRFhIwLje3iy0O,by the Vestrey & Churchwardens of this parish upon ye said y,yyctFtC3pnJL1fqD,Raised and made by the vestries and Church wardens of this,59,60,12,0.0
KcVzW7uqdk4wNUN0,the great damage and Loss of the said appearer and the owners of,WbD9vSK9HINEPIAw,at the request of the said Apperer did then and there protest even,62,64,13,0.0
qduxCj27tFWDkfYo,buildings woods Vnderwoods watters royaltie,rMNmYemAFwO4Fk31,"and timber trees woods and und.^r woods, with all other the -",52,43,5,0.0
yXPPcN2dGvCvoXVD,Sell Aliene release and Confirme unto the Said John,0G7ijRfOZFw7OzkP,sell alienate infeoffe and confirme unto him the said John,77,51,9,0.0
bVoSB9e6pmkvteOO,or admistrs to sue implead and prosecute in any Court in ye Island in prison,msrIuXCQhrjkrha9,the prmises to doe say pursue implead seaze requested attach arrest imprison and,54,76,15,0.0
iDXxVd22E1AZ3NEW,Modyford or one of them Scituate and being in,UP0tYruDR5PQq3Zt,of land be it more or less scytuate lying and being in,63,45,9,0.0
nNMe9jKOFgZajX3t,attorney for me and in my name and to my use to aske sue for leavy recover,hzLcYyMQWyJw2Dqz,deputy and attorney formee and in my name and to and for my owne,68,74,17,0.47058823529411764
Msau6OaqEiWAbNE3,upon the said Judgment in that behalfe provided In Wittness,wWcnh1oLkGctIX80,upon it the said servantes shall to be imployed upon the said,58,59,10,0.0
XcwLLZrZsSDO4XzL,and made Oath on the holy Evangelists of Allmighty God tha,ZbeyngGWxlbaOjpL,in this Island and made oath on the Holy Evangelists of Almighty God that hee did,79,58,11,0.0
lgsriTCUaofjaFnv,of cotton or thereaboutes unto Leiveten^t Maycock had made or commytted by us the,6o0C4w7bAdzGxpyf,or thereabouts to be delivered unto His and W^m and Thomas or their assignes with the said,53,81,14,0.0
YdT9WKs00ed4fblO,Sugar Witness my hand & Seale May the 15^th 1667.,1pjoYKQeTKUoQlvi,Indians witness my hand & seal this 21^st day of 7 ber,60,49,10,0.4
Ni8dhjp9FzmeEDtL,Cicell west of Thomas Blaxer north and south of Richard Robinson,c4scbsTAq2wqNDyH,Williams Patrick Long Thomas Dawden and the sd Jacob English,52,64,11,0.0
ALHUjp89XlcCkOt0,hereby Covenanted granted declared Concluded and agreed,zOYUxc4wvhKgQ0VZ,hereby given granted bargained ~ and sould aliened,63,55,7,0.0
nJRIommgPuYQ84Ug,and quietly have hold use occupy enjoy and reape the proffits,MwFs6Wtw7Trb2BL8,and quietly have hold occupy possess and enjoy the said,72,61,11,0.45454545454545453
zYRwiTpMeJUJAQDz,"hereof, the receipt whereof and of every part and parcell thereof wee doe",r5IlXVv2xrql7HzD,and thereof and of every parte and parcell thereof doe hereby freely,72,73,13,0.38461538461538464
KXUojTUXXUH5Lrce,more fine or fines Sue cognuSance de droit come,ngbzEjrvmbFzkt19,sales guiftes grantes mortages or incumbrances had made donne comitted,51,47,9,0.0
pLFKlwwY4hgyspz9,peaceably and quietly have hold use occupie possess and enjoy all,iyP13zd4RJ63A8LB,peceably and quietly have hold possesse and enjoy th,84,65,11,0.45454545454545453
qSiKl0PLh9QpiTco,of January in the year of our Lord God One thousand six hundred sixty,0mbbbshnl0XReeqC,of February in the year of our Lord God one thousand six hundred sixty,94,69,14,0.8571428571428571
URuJIbnKRvZ64Ywe,xxx James Perkins of the Island xx trees w^th all pfitts & comodities beniefitts,sggAEJI29exYLAOY,Roger McNeads west wth all profitts & commodities ~~,58,80,14,0.0
UjSSQbyL5QHcqkds,Nicholas Butler doe binde myselfe my heires exers and admistrs in the penal Summe,cBwSeId75e7EcsAl,doe hereby binde myselfe my heires excrs and admistrs in the forfeiture of five thousand,69,81,14,0.42857142857142855
t0UrASljcgzvBAnO,1681 Murphey Marcous of the Parrish of St.Phillips in the -- Island aforesaid sends greeting in our Lord God everlasting,5z0BGufzQgliEu7p,6^th June 1645 Island aforesaid sendeth greetinge in our Lord God Everlastinge Knowe yee,63,120,20,0.45
nSBwPZRYsnvS9GJ1,exers admrs and ~assignes~ every of them that it shall and may belawfull,TJPsDVZFBG8z7mql,and remanine in full force and vertue And that it shall and may be lawfull,64,72,13,0.0
fLLq60ebem5PCZif,the afore resitted prmisses and every pte and pcell thereof to the said Edwd Breviter,sKmByvnIaQlDP4QZ,with the appertenances and every pte and pcill thereof unto the said,71,85,15,0.4
4TYcHgCD04c4pHIz,To have and to hould the foremenconed prmissess and every part and pcell thereof,ysDMVtR1CoJAs2Bm,To have and to hould the said demised prmisses and every pte and pcell thereof,87,80,14,0.8571428571428571
kXXIcMZFakaMW1DL,Hereditaments with thappurtenances before in,mRWOIsDzWyMf4MZw,gained premisses with their appurtenances unto him,66,44,5,0.0
BInQlEimJy17x1Aj,their heires exrs admrs & assignes for evr & I the sd Tho Clarke do for my self,BBAbVSVkTadaw7mV,his heires exec^rs Adm^rs or assignes forvevr: the Invacon of the,65,79,18,0.0
6SWprz9vsCZiiAMS,to have any right title or (interest) pperty unto me or any pte or pcell thereof In,ZOu2b2QOtKii1hSD,prtendinge any right title or intent to any pte or pcell of the,70,83,17,0.5882352941176471
7S9DADWQidhMXVRf,whereof I have hereunto sett my hand and seale this fifteenth day of,0z7Z59DyN3LPlqkC,whereof I have hereunto sett my hand & seale this 15^th day of,89,68,13,0.7692307692307693
Gg5opb7EorvpO51R,executors adm^rs or assignes or any claymeing any right,rNLIce5nUCBJo5AF,exceutors Admrs: & assignes or any his or their meanes or ~~~,66,55,9,0.4444444444444444
asUt1LLQF3jCIEwv,unto Christopher Southwell his lawfull attorney exers admistrs or assignes of this Island gent,HqF4fpMhXZuv1LVy,anie or either of our heires exers admistrs or assignes And wee the said John,62,94,14,0.2857142857142857
qYhMWpQKAayfbqD7,purporting a letter Attorney or procuration by him made,qUcGBXZxZslspUJl,or thing had made passed or don or suffered to be had made,57,55,9,0.0
A6kS9NSmmP9Drhw7,for as much as I am none arrived and attained to the,Pr1jVL1Oky1SswWz,to serve six sowes and one boare and six tene ghoatts thirtie,53,52,12,0.0
Tbs70EM6qfiZ6Pp5,hands and seales this eleaventh day of December 1640,qsNVyBKvsi1fVWSE,my hand and seale this eleaventh day of January 1644,81,52,9,0.4444444444444444
x6JKQw64SWnIhuE1,his and theire owne proper Estate and Estates,0MyuuckTr7Vk5Tf2,to his and theire solee proper use and uses for,76,45,8,0.0
DD4bSMia6ChfZw1k,my heires Exectors Adm^rs or assigns or any pson or psons whatsovr,ZfpxRSWNKGMG4XLC,Morrice my heires exec^rs or assignes or any pson or psons whatsovr,86,66,12,0.4166666666666667
7flfT8faBYRondTf,and freely and cleerly belonginge to the said John Burrowes his heires,WFsBqumW7og8BW3r,acquitt and discharge him the said John Berringer his heires,63,70,12,0.0
JNm74xWqztzn0LIS,By this public act and Instrment of protest be it known,eqF93vAKYa4aOeHr,By this public act and Instrument of protest be it known,99,55,11,0.9090909090909091
50yTdPoz2Cnnyerl,upon Edward: Littleton Esq:^r and Samuel Peters and,9Yyul1VsgVuFoeQG,Edw^d. Littleton Esq.^r Guardian of the Said John Burroughs,55,51,8,0.0
WyrZsvhkOu7yj8kj,of Land and Sixteene pearches unto the Said Mathew: Chap,I8LB7Medjt2hKG10,of Land and premisses doth warrant unto the said,58,56,10,0.0
tNUzHGfrrLNcGdn9,and especially for the valluable sume of two thousand,gXd9E6aDhBprJx3Y,especially for ye valluable consideration of three thousand,77,53,9,0.0
l8CbSnyKQlrVRKXj,under their hands & seals bearing date ye 24^th day of mch last past .,mWMqvmu5qzhPsCbC,under his hand and seale beareing date the Fifth day of October in the,70,70,15,0.0
ageXSAHAPsUBklxl,whereof wee the aforesaid Thomas watson and Humphry Symons doe binde us and,OhXmAkpnVVPY9OtC,wee the aforesaid Nicholas John and Damaris doe for us ou,64,75,13,0.0
zN7PENLV9H7CSlwz,"Letter patents or Comission, relacon being thereto",DcNLdUmhCYjgO4eY,tents or Comission relacon being thereto had (more fully may,73,50,7,0.0
Py1yoqfBOpHWZ6NZ,in the parish of S^t James To have and to hould the said three acres of land with,Ahic8ctFhgp4IiyD,John Walford of the parish of S^t James To have and to hould the said two third parts of the,80,81,18,0.9444444444444444
cu7tGz0IEqcWPmsw,halfe of the plantacon wch I lately purchased of Maximilian Greenere being ley estimicon,3sxH9rFtmZzlhTmb,Anthoney Terrell all that my plantacon late purchased of one William,54,88,14,0.0
f12FNNKmltSlc4ks,other pson or psons wt soever clayming or to clayme any right ~,ZiZWgpelxejKZpXf,any other pson or psons whatsovr claymeing or ptending any right title,78,63,13,0.3076923076923077
zBqPlEpI7TBOM2z1,all duties and taxes to this day oweing or belonging,x7mCaoVbWrR6Twmf,the right members and appurtenances to the same plantacon or land belonginge,58,52,10,0.0
WIRPtCHUrGmZaoqH,In obedience to yo^r Comission of the 29 May Wee,Mf9OjERUWYa1AubC,& nowe in the possession of the sd Colonell Woodhouse,51,48,10,0.0
ci0TV5q5lYJBeE1S,his ass & to become frustrate voyd & of none effect 5 Item,JZznAupATPigGLqu,and this present bill to be voyd and of none effect anything in any,56,58,13,0.0
35qNjZwqOmtTv0cj,"of eighty pounds stert, and place it to the accompts",zrpTs5oyM4E9bR7K,or quautily of eight hundred pounds and fiftye of the like Tobaccoe as,56,52,10,0.0
6Qx3gbs34PyoyGTg,fowles all other appurtenances to the said plantacon and house thereto belonginge,sLPTLQQfXbd2tP57,with all appurtences: unto the said land and houses belonging,75,81,12,0.0
w41jGxUP98J3NGzG,to him his heires executors administrators or assignes,OupQzUicx5r0tMmX,heires executors administrators or assignes.,88,54,8,0.625
6TYkTUhfhTCOxfHT,Michaell Davison and either of them their and either of them heires excers admis,Vf0sgib9T70aFqO7,and either of them theire and either of their heyrs of,73,80,14,0.5714285714285714
fgkXxGbttS4odzuR,acres of Land bee the same more or Less as the same,A43EdJbvVHVwJjrR,parcells of Land are now in the Possion of them the said,60,51,12,0.0
FHG7GCU4ywBS6NN1,come I John Smith of the aforesd Island Carpenter sendeth,TM0lt6kgSM4xKDV1,By this second Pt of the aforesaid ~Island and~ of protest,61,57,10,0.0
99oICXJ4dVXY58Tu,hand and seale this 28^th day of May Anno Domi 1640,UiZgW7cVcDXiRQa7,hand and seale the 8^th day of June Ano 1640,82,51,11,0.36363636363636365
mgMCJ0LNM69dffZr,Knowe all men by theis presents that I Capt James Holdipp of the,BYNv4cLpTwuxwSCc,Know all men by theis prsents yt I Captn James Browne,80,64,13,0.6923076923076923
4fgZU3mJya7rE1Lr,deceased & unto ye heires of ye said George Read lawfully,QFCtC8AXmLCQUe9b,whatsoeuer And the Said George Reid and,54,57,11,0.0
XV6n8iWFQH9zzH2B,being had more at Large it doth & may appeare),sEIaS7F8WEtaXBZs,day of October 1640 As both said bills more at large it doth and may appeare Have,63,46,10,0.0
rArRxucDRj5HpgWa,either of theire heyres Exec:^rs adm:^rs and assignes according,fZm2cAMACleXiIgu,for her selfe her heyres Exec:^rs adm:^rs and assignes doth he,77,63,9,0.4444444444444444
XrinnJgazc6VZGNe,sone of his relich Elizabeth Murrow now my wife,W84Lw7FYVOL8tFrx,age portion to and with the Said Elizabeth Vaughan Now in -,49,47,9,0.0
YIR8LOsatnLpXxhz,"and before the Sealeing, and delivery of these p:sents, the receip",pvc9AiedHsceu3E2,"before the Ensealeing and delivery of these p:sents, well and",82,66,11,0.0
WLhHuqJIdyttWi11,In witness whereof wee have hereunto sett our hand and seales this,5KaPaEpFLsNLN2Y8,witness whereof I have hereunto sett my hand and seale,85,66,12,0.3333333333333333
Eh21dBzhzMdoB23D,Compute the tunnage of the said cotton with other Tunnage,qINa3LHvMjCgqoRA,others nominated in the Saide Contract of the other p,60,57,10,0.0
54aEm8ZLLlX1G1Nf,I John Warr of Barbados planter doe assigne and settover all my,VSh0HB1QVB9D2KOd,"heyres Exec:^rs and Adm:^rs assigne, and Sett over, all my right",58,63,12,0.0
mMd6IDI7nQQsWFzD,"to and with the Said John Bayley, and Richard ^Morgan their Executors Adm^rs and as",uxnp0dINUWimSpmP,to and with the said Philipp Chooke his Executors Adm:^rs and Assignes in,65,83,15,0.3333333333333333
GziX2H4Kblm41m1d,"The good above menc""oned I doe acknowledge to have received w^ch I prmiss to deliver",O5EVdjDUuhaa49w5,and month above written doe acknowledge this to,53,84,15,0.0
d75t4snl0VFahJwe,any other pson or psons wtsoevr lawfully having or clayming by from or under,7ZzS1VuuCroe8miX,any other person or persons whatsoever lawfully haveing or claymeing from by or under,91,76,14,0.6428571428571429
qFknTJDwbIkXEzHT,or through my meanes assent consent or pcurm^t and also shall & will,FFKBizRmG6YLy41w,by with or through his meanes act consent pruiety or procurem^t.,61,68,13,0.0
qCDqo1rKdjWSQgfQ,Intr 25 die To all Christian people to whome this prsents writing shall come I Willm,H6MlB7cGEGI4lZ6J,To all Christian People to whome this present writeing shall come,83,84,16,0.6875
6r1Tft4kbgpr1N0Q,Thomas Richardson Gunners Mate of the said,Tx3bgo4Kh6KmHDdC,and Thomas Power Merchant of the said ship,62,42,7,0.0
x7SQuAEZraKYldhU,I John Ryder to Signe and Seale & Deliver their Deed of sale,ne0uZN6X5NHUD8wh,Signed Sealed & delived in the pnce of us,61,60,13,0.0
wCJDmEY8Ifv4Ah14,or heare after to be had made Comitted emitted done,Nkho8hB08VJliyPd,"or here after to bee made or done , either by our Consent or",65,51,10,0.4
F3tXMXZsBStvOrPd,publique in the said Island Gerard Mashart w^ch,isacZcS4VRQjbIzQ,Notary publique in the said Island M^r. James Whitcome which,71,47,8,0.625
3vaz098miVDY18d7,Seale the tenth day of December; 1674: :,Tbs70EM6qfiZ6Pp5,hands and seales this eleaventh day of December 1640,70,40,8,0.5
0aJY5MmeUQLNjuQ0,Island planter all that moytie or one halfe of the plantacon whereon I now,7d6Y22onHRFVI4HR,and Assignes all that my plantation whereon I now live,64,74,14,0.0
Cqslcuqd79Ox5f56,Sixty and eight and in the twentieth yeare of his Re,PGzR1Iv8bh4qlL9q,Sixty and Eight and in the Twentieth year of,88,52,11,0.36363636363636365
ATZy7w7SYz8j2ire,wth all & singuler houses Edifices & other buildings wth all and,to9WMYqr51WiJbSu,all the houses Ediffices and buildings thereon and all,66,64,12,0.0
2NVzNO5gbW69W48I,Said two acres of Land from the begining of the world to,0HagWfv50QnVAbNy,unto the Said twoe parcells of land belonging or in,58,56,12,0.0
hMZZ6CGxXETv2Ixh,protest can as by the present i do publicly and solemnly protest against,Zd27TtDPkKiCSEs5,having heard did protest even as by these presents I do publicly & Solemnly,67,72,13,0.0
pSwSJAZ6VNdQ655e,more att large appeareth sould unto James Parkins And I doe hereby,UpwQWMO0k03nTAgo,before had from Walter Powell of the said Island planter doe hereby,54,66,12,0.0
zv90WTRrFyoZeBMf,"Said John Batt & Charles Collins, have hereunto",gxUU4frRO9Uo8w23,Said Jones Askew and Ann his wife have here unto Sett,60,47,8,0.0
Sq9NjdoeEOwNequa,belonging to the plantation pf the Said Robert,gAIy40YDaZHIuubz,belonging to ye said plantation which Mrs Anne,65,46,8,0.0
VO21eVMkK6yYPNjh,my name & to my owne & sprat: use & behoofe to aske -,LobYyQZqUy4hs8mG,forever to the onely proper use & behoofe of hi,58,53,14,0.0
BCKdGWE6U6bPhHEk,that wee Henry Darby and Henry Longehaw of the Island of Barbados,z6PLTV0idHlI4oZi,that wee George Blacklock and Robert Taylor of the Island of Barbados,72,65,12,0.4166666666666667
Go5yxAEaDOgLOSaw,sume of two hundred pounds of like money as aforesaid & soe successive,qLAsM04P89Hwzbhl,of the sume of six hundred pounds of Tobaccoe in hand received as also for,58,70,13,0.0
bRwiy8MOzm07A7tk,from and against any p^son or p^sons whats,VSeVo1Q76XFJXDyu,or defending against any pson or psons in the said Island of Barbados,61,42,8,0.0
YwshaF7RjDRjH9sN,To all Christian people to whome thiers prsents shall come I Thomas Addis,Y4HzzVFg7wuqrA4b,To all Christian people to whome theis prsents shall come,86,73,13,0.7692307692307693
cy7sbdrCs8HzDMt4,# 8 Coppers with 1930^lles 10 ladles basons and scumers,8WRAnp0vSrlaT5vb,"Three Coppers, Two , two ladles, one head& worms",54,55,10,0.0
zRqAVHYvO7RvVhKb,To all xpian people to whome this present shall,kXCBCqNUYbythYj6,To all Xpian People to whome this presents shall,95,47,9,0.8888888888888888
ZiITMkcEXPsROvLw,"Josias Hart, Joseph Grafton John Coppenger",NOTlft16xFsTsujd,Capt: James Drax south west upon John Downells north,47,42,6,0.0
j6AcIyWMUHkkgaw5,Springe whereof fiftye acres more of the said two hundred acres of land,Py1yoqfBOpHWZ6NZ,in the parish of S^t James To have and to hould the said three acres of land with,62,71,13,0.0
EWp9oeq7xryUVSfx,wch formly did belonge to Capt W^m Castell conteyneing twenty,s5t2kTT7SOlYxGoh,infeoffe and sell unto the said Morgan Powell that my plantacon conteyneinge twenty acres,51,61,10,0.0
XNt6oft5KThqk6ew,"Land & Premisses , Every P:^t thereof To himSelfe",FaZXVwKpNADcg50S,and every part thereof to him the said,60,49,9,0.0
RRNWVqQPkdsfzshw,Streete comonly called Canary Streets fi foote and an,yAQZHe95hQIl1iKY,Canary Streete fifty nine foote and a halfe and,58,53,9,0.0
rWty69pfjUHRrYiR,shall come Michaell Hall of the parish of,8nyC2jUQfe1uyCWU,shall Come I Lucie Mitchell of the parish of St. Phillipp,69,41,8,0.5
qJ710OOaI4SGTB4S,to bee theire free and voluntary Act and deed the said,xiVS42zcHPIwmlMZ,"written to be their free and volentary act and deed, and that it -",77,54,11,0.0
njasp9b2NE1CAJJK,theise psents In consideracon whereof the somes of cotton aforemenconed,WYqtPcC9BzmRtMXm,intendeth to goe in consideracon whereof the sd Leonard Dowden for,63,71,10,0.0
hw0y0Mwyl1XZSahD,or assignes the full and just summe and quantity of one thousand two hundred,9Vg8WnOnqQfkplJe,Island planter the full and just quantity of one thousand two hundred and thirty pounds of the,69,76,14,0.6428571428571429
HWLoLuYn7bKAKZcA,and with the said Robert Gibbs his heirs Executors Administrators,xZZqBxx577puIwe9,to and with the said Richard Fisher his heires executors administrators,82,65,10,0.4
umLHe043IINRc1CV,and having said these with his said ship since his annual full,rPBrSY95z3BVcpn2,Blackman having taken aboard his said ship Island,56,62,12,0.0
6btTkYqcWUjvvvs6,ratification and confirmation by deed and writeing or,4FDahhRvtRNg19DR,causes and considerations me hereunto moveing but,55,53,8,0.0
c86xUC5kFxBjZ453,Merchants for divers good Causes and valua,gLJpzK5eYuCnRDBX,Island Merchant for diverse good causes and more especially,73,42,7,0.0
ULr8XgotFvdKH5HL,given granted bargained aliened enfeoffed assigned and sold and sett over,9kgdxnPmBV4xerAP,given granted bargained sould alienated enfeoffed and confirmed and by,74,73,11,0.0
8CcsjqeAUKQGhsj3,the three and thirty yeare of the reigne of our Sovereigne,lD86mhBbp1wdjSt5,yeare of the Reigne of our Sovereigne Lo,73,58,11,0.5454545454545454
Xm4tfcIvyUUV4iHI,or psons w^tsoevere that is under their command and the said Capt Edmund Read,noLFawSfL4xG51kz,person or persons w^tsoever in the said island of the Barbados or else,57,77,14,0.0
d97kwy9Ydcshm5gA,& appurtenances or thereunto belonging to him the said Daniel,AW4Bcv5coTpCr6BL,wth the appurtennances thereunto belonging unto the said Robert,77,61,10,0.4
705O7VrjXmgilbWN,for evr together with all manner of household stuffs stocks catle servts turkeys,7swjLY3My7twTDtr,forever together wth all & singuler the houseinge,56,80,13,0.0
NhigzxYvJ8xWjmMG,heires exers or assignes forever To have and to hould possesse and enjoy all and singular,jyTYOjVyuxgfa8tC,his heires exers or assignes To have and to hould forever without lett or hinderance or,67,89,16,0.5625
xjTeM1SRykYznnuw,sould into him the said James Edey the said fourth pte of ye aforesaid,jC3LYWViPYtzpjb5,To have and to hold the said parcell of land with the breath aforesaid,59,70,14,0.0
JJH5OKhEHRQPFYNe,sett ov^r unto the s^d Rice Evans and Andrew Williams theire heires,jP8UlChLQ0kAbWi7,hould unto him the sd Richard Vines his heires,58,67,12,0.0
xHKVc0qg7H2OkX3G,This Indenture made the twenty and sixth day of January,maPDcMdzp57pydiF,This Indenture made the the twenty and nineth day of,84,55,10,0.4
UfYEYQNekGyW4PWG,die 9 bris Be it knowne unto all men by theise pr'sents that I Thomas Batson,ndloBtg2ljsWE7qb,Bee ~ it knowne unto all men by theis prnts yt I Thomas,78,76,16,0.4375
PQdfn0i4L5WOZaWj,to me by Thomas Pearson of the Island aforesaid planter before the ensealing and,66CHrT6zq5aWhvCC,unto Thomas Clarke of the Island aforesaid Cooper all that,65,80,14,0.35714285714285715
Xmv7RLL129SILBPl,This Indenture Triptite made the forth day of Octob^r in yeare of,kKdTvlVZtLlkf0L3,This Indenture made the first day of December,71,65,12,0.0
hx3bcgefoNgvtH9a,shall come Greeting in our Lord God Everlasting ~,6Py4cvLdqDownu1j,sendeth greeting in our Lord God Everlasting,82,49,9,0.5555555555555556
tXu9omYGZMbBip2Y,whereas Thomas Witter of Barbados factor Peeter Batson and Lawrence,r1aNILha3nLcLhkd,Whereas I Thomas Winter of this Island of Barbados Mariner have,60,67,10,0.0
sWVYCoIpt9ZYE51m,comodites w^tsoever belonging To have and to hold unto the said Mathews his exers admistrs,Z3HJAl4nmxDcsrrx,whatsoever thereunto belonging To have and to hold the said granted Enfeoffed,66,90,15,0.6
qnW8puo8BDxRCREF,and other the Carribee Islands to Windward of Guardeloop To all,STTTEll5jgZuwpju,this and other the Carribee Islands to Windward of,80,63,11,0.36363636363636365
oF7ZFBBxMN4wNMck,"Dowers titles of Dower, Judgments, Execucons,",hP4s5A01V0Yw3gGn,"title of Dower Judgements, or any maner of",64,45,6,0.0
ufWSnNbalLSwceYV,be it knowne & manifest unto all Christian people,0gWmNaermdMD62tk,it known and manifest unto all Christian people that upon,83,49,9,0.5555555555555556
YBaHhzYrXg8S4JXa,for a quantity of goods all ready received in hand,Z5tVCCfLH7WIGpCr,mchantable Tobaccoe allready received in hand have,64,50,10,0.0
cgHXQVtbKWtO5num,in my place putt my well beloved friend in Christ Robert Ared Gent of the Island,9l5hSlqsDQ7eOD7r,and in my name and stead of all or any such persons or person within the Island,52,80,16,0.0
x7mCaoVbWrR6Twmf,the right members and appurtenances to the same plantacon or land belonginge,DMqXRRRRo0oWFN21,members & apptenances to ye same plantacon & land belonging,83,76,12,0.0
hVrPXG7vv5lqvZ3F,as aforesaid our full and whole power right and authority for us (never,UpNwJuTRuJuklLQt,unto my said attorney my full and whole power and authority deale,68,71,13,0.0
kPkV28rgSNH4Y1Uo,Executors Admrs or assignes forevr and we the sd Capt Tho:,VhbM48YoB1aLPeLr,and Executors Adm^rs & assignes forever and we,75,58,11,0.0
pYoI3weuDBsVAFcP,Wittnesse whereof the sd parties to these p^rsents have hereunto put,QYlFnDLwDjoHUOgB,the Said partyes to these presents have hereunto interchang:,70,68,11,0.0
NSLqdxoMTea76nPF,Intitled to bee the peticon of tenne thousand of His Mat^s subriccts. Inhabitants,wwtC3JfnU4CVAZCs,and unfallen now in the occupacon of the said John Walford or his assignes and,50,81,13,0.0
pvc9AiedHsceu3E2,"before the Ensealeing and delivery of these p:sents, well and",YIR8LOsatnLpXxhz,"and before the Sealeing, and delivery of these p:sents, the receip",82,61,10,0.0
Jw7OQBmnEwK3GSUr,and Grante to and with the Said Walter : Harding,iFSqEaAMW62x9pZe,and grant to and with the Said Girles Duboies and,74,48,10,0.5
jseNQND294DUffHa,"by reason of the Premises, the same to be recovered a",JY0OpAyLZUqNHpwL,the p^rmisses the same to be recovered ag,79,53,11,0.8181818181818182
jutAafJ5Mf99YhnZ,would grant and assure unto ye said Martin Noell his,FUO0E7y7dkKS7MeX,absolutely give grant bargaine and sell unto the said Eliazar Cock -,57,52,10,0.0
82mvtOuzWerUo2hw,"Bargained & Sold, Assigned, and Sett over, and",eFnyuqi5zlsgDIql,granted bargained Sold assigned Confirmed & sett over and by these,66,46,8,0.0
mr2Tuv1CMNMb6cEl,Selfe my heires Executo:^rs and administrat^rs for ever,kjguwKWzp6RCsnKR,my heires executors and administrators for ever and,85,55,8,0.0
ObmAo8tHCqvgiZVy,theire voluntary oathes one the Holly Evengelist to the,blV7vY7AZQ3VZprk,& made oath upon the Holy Evangelists that they,69,55,9,0.0
mpu5A2P6nyMTW15m,Acknowledged before me by the within named Ralph Wyatt to be,B58v1KtVMfQW2IAI,personally appeared before me the within named,60,60,11,0.0
kdmH1TvLprYcf1xn,or some of them were to load or cause to be laden at the said Island,39cqDb2KVfedVp0t,will well and truely pay or cause to be paid unto the said,60,68,16,0.25
07XIMeVcLOC43CNC,And I the s^d Edward Williams for me mine heires executors and,G60ly3eQ50XebPmu,forever & the sd William Drax for him his heires Executors,67,62,12,0.0
ikA6SEyeFtPCLarZ,"pounds of goods Mchantable, Muscovado Sugar,",qZkZtKxZAlK0hE6Q,of good merchantable muscovado sugar uppon or before the,62,44,6,0.0
pTGrA7IKxccKETxh,heires and assignes in the penalty of eight thousand pounds wt of good merchant,RSvcsROd2spn6nnW,Jeffe for and in consideracon of one thousand pounds of good merchant,69,79,14,0.2857142857142857
5OOq9SHy94KQYyY7,Signed sealed and delivered in the pnce of,y4cX8NR9p3eQRAcH,Signed sealed and delivered in the prsence of us,93,42,8,1.0
KQP0GMkA0juYByb9,shall best think fitt in the said two hundred & fforty acres to and for him,mnXyL0hflG6LUHhk,right title or interest unto the aforesd forty acres of land or any pte,59,75,16,0.0
UU7WPdZZtEcX37xS,of August in the yeare of our Lord. 1676 :,xb5vu5PpSOyiKTOf,day of June wch will be in the year of Our Lord 1648,64,42,10,0.5
s3QiiaePbjU4FQBi,pformance hereof I ye sd Joh: Bonner bind my self my heires Exrs admrs & assign,v4V0jo5CDCiKBzRu,Terrell doe binde myselfe my heires exers admistrs and assignes in,65,79,16,0.0
dr2pGIv5Uj33HCe2,nistrato^:rs and assignes from the day of the date,YcEaOlP7sFsG0u5P,"Adm:^rs and assignes from the day of the date hereof, for and",74,50,9,0.7777777777777778
qQb7kITN4Sr5tnJ7,And for and to the onely Proper use Benefitt advantage,ZVVp7BnjglnrCAq3,exers admistrs and assignes to the onely sole proper use benefitt and behoofe,63,54,10,0.0
2Z8pnVcCXbyAAR5F,"keept harmeless, of and fro all form^r: and other bargaines,",UVGvkqDt3t0iamuM,charged of and from all manner of former bargaines (former,63,60,10,0.0
rebdTSFSL1TrgKnk,upon the plantacon of Robert Cooper and the plantacon sometyme in,33o5fNcUPwCDiarW,and north upon the plantacon of M^r Jon Johnson and east upon the,60,65,11,0.36363636363636365
fIuNZkbAnb2qhywi,maner of wise apperteyneing to her the said Allice Smith,Uj98PNlgc0gFiF5r,of Their appurtennces to Them the said William,65,56,10,0.0
NOfaAxCp4Zu2fEtv,unto the sd Alexander Lindsay full possession of ye same,tY96oPJrWQu6cR9S,Plott of land is now in possession of the,58,56,10,0.0
4yZREsb0Y9YSvnyi,his former bargaine and sale & it shall and,TgXMCiOard173KR8,"said Guift, Grant, Bargaine and Sale of the said",59,43,9,0.0
qomJvZp4iU99s8D9,exonat acquite & discharge John Jackson Citizen & draper of London,8xe3LmE4HqLvne1l,clearly acquitted & Discharged from all other former gifts grants,55,66,11,0.0
3Jd9swbwkfejWd1n,Ratifie confirme and Allow without fraud or deceit,AMEjNzwvy0hMlDBF,enfeoffe confirme and sell unto M^r Anthony Lane his heires,53,50,8,0.0
KeBbN1eften1hL5W,& our earnest desire to have our goods delived to us at her aforesd,BGvdCrxgdPyU7Bms,title or Interest in any of the aforegoing prmisses to the true pformance,53,67,14,0.0
CRsjVZSijMs2yqOo,thereof without any maner of lett hinderance disturbance either of me ye,ccb6jE2RlUietluD,without the lett suite trouble hinderance or disturbance of me the,65,72,12,0.0
h2R9mjajbzfSnNZO,"bargaine , Sell & Convey all & Singular the bef",Jtc8PJLiiOEbz35K,"grant, bargaine Sell & Convey all & Singular the before hereby",83,47,10,0.0
fkgRJlc0SMFblme6,Knowe all men by this pnts that we Robert Hollaway W^m Danes and Robert Fitt,yiB41hfs9jqnYAQi,Knowe all men by theis pnts that I the sd Alexander Lindsay doe by,65,76,15,0.26666666666666666
HTQfHh6gZ9MNrlJh,the pemisses granted bargained and sold in These,Z8LokcFZ1YWTcK94,Have given granted bargained and sould and by these,77,48,8,0.5
l3cmgFmgcKP1yQFH,Secretarys office of this Island of Barbados before me Richard Noke Deputy Sectry,H4rKYUX1mFJpdBnN,Office of the Island Barbados before me Richard Noke Deputy Secretary,85,81,13,0.9230769230769231
LFoLBQrgX0TFJM1K,freighter there on and all other persons there in Concerned hath hereby,K5cQe9X4rTsUEmZr,said Millner and all others there in Concerned for all wrongs pruduces,61,71,12,0.0
VuSbNCLXnqR4r3ie,assurances and conveyances for ye more sure makeinge holding,4FDahhRvtRNg19DR,causes and considerations me hereunto moveing but,53,60,9,0.0
j69inCHPIPEdvQI2,good causes me hereunto moveing Have given granted bargained &,R6Fry5gVhVpU1KMW,tions us hereunto moveing have given granted bargained,84,62,10,0.4
U8LVwQbftmErP3VG,sett up or cause to be builded erected and sett up the said house as,tJTuSsoZPjZKHDAL,alsoe all houses that shall be erected and built upon the same . To,59,68,15,0.26666666666666666
Hpbi7Ib2eb5tgNs6,executed in and upon the said William Hagthorpe and his heirs,F7Ff2FSbmcwAGC6d,covenant & grant to & with ye sd William Drax his heires,62,61,11,0.36363636363636365
y87I77YXxaEedYw8,(except before excepted) to the said Christopher Bishopp his heires,GFJbP9EWpEzQORZE,Eviction or Ejection of the said Abraham Chapman his heires,59,67,10,0.0
FhDr4mbP9BZJ9JhY,sume of three thousand pounds of good merchantable cotton wool or,fH6m4Bk1BqStG9IQ,summe of foure thousand five hundred pounds of good merchantable cotton woo,83,65,11,0.45454545454545453
n7KPL9l917bulljK,condiconed concluded and agreed upon betweene me the said seift John,g6gHjpmNHq0wrYzf,Imprimis it is concluded and agreed by and betweene the parties abovesaid that the said,61,68,11,0.0
zrpTs5oyM4E9bR7K,or quautily of eight hundred pounds and fiftye of the like Tobaccoe as,bhgU4jvOaePGz1Oc,penall sume of eight thousand pounds of the like condiconed,62,70,13,0.0
aD3SzU147ibMh3Hr,concerning the sale or disposall of all such cargoes of goods as hath beene,e00ghFMZNoeZmBvZ,attorney in the full some of eleaven thousand of good and merchantable Tobaccoe,52,75,14,0.0
gbIcQ6ecZn0bkl4g,Portsm on Piscataqua Juno 27^o 1668 for 5266,5yWeBTAjKz4Z9wI3,or in any wise appertaining To have and to hold the before,41,44,8,0.0
l4xQdxIpopq8m80c,unto the sd Ens Jackson his heires or assignes forever one acre of,1hIfwyb2v2skEdDM,unto the sd Jon: Burch his heires & assignes one hundred,70,66,13,0.3076923076923077
gfJDEHzpqOersJ5E,sales or other incumbrances whatsoever and,OqCVfww1OZVpr2C6,ingagements or any other incomberances whatsoever,77,42,6,0.0
eQfb4hUuGtxzC1o9,dead shee the Said Richard Hawksworth or his Executo^rs Sha,MWYWih3ZxecP8MJ1,of him the said Richard Seawell his Executors &,68,59,10,0.0
rhTVeFdGjKjidLj0,of their goods or Estates in Time and place as of,bQr93mpSCZaPc3K1,of theire goods or Estates in time and place as right shall appertaine,77,49,11,0.5454545454545454
SSRwj26r6fQ8BM0q,acquitt Exonorat: and for Euer discharge,JMBlXjRtNtO7DAqP,"from, doe clearly acquitt Release and for ever discharge",63,40,6,0.0
vuzXkBdzWcQ7Pj5K,confesses by these pnts to have had and received att severall tymes the summe,IVK2rYz13o38mI95,of these presents have given granted bargained and sold and by these,57,77,14,0.0
eWB1JesEihS3rvHA,or for any matter or cause w^tsoever giveing and by thiese pnts granting unto my,IW54w3ffLLc6zuWz,& wheresoever giveing and by these pr^sents grannt,66,80,15,0.0
qAgNY1M73l7qdyxO,in our Lord God Everlasting knowe ye that I John Dyer of the now -,OK6oTLNp00pFKE4b,in our Lord God Everlastinge Knowe yee that I Paul White of the Island,79,66,15,0.6
pCLLIEaHb3ZS2vpG,of money here before menconed to bee hereby by assign,S7HFCNO6W96psFjs,of them theire or either of theire heyres or assignes,62,53,10,0.0
sehA3rnrWSlt9QT1,or Assignes paying unto Margarett Cagan Daughter of John and,rg41PsSpNebVnl8p,"or assignes or any of us, or of or by any other person or per",50,60,10,0.0
m5UbUbjPg2toyAuW,shipp the Ascention of Genova w^ch Appearer Did,KIOp1Y9WPWuNARA6,Comander of the ship called etu William which Appear did,49,47,8,0.0
9kgdxnPmBV4xerAP,given granted bargained sould alienated enfeoffed and confirmed and by,CcLxUif6suVAlmiY,Have given granted bargained sould aliened enfeoffed and confirmed and by these presents doth,83,70,10,0.8
Z6EiolVSRmaaEaJA,p:^rsents doth for him and his heyes enfeoffe convey,BZDBBS8zWdSNfLhM,"on Estate, in ffoe Simple to him and his heyres or for Ever",56,52,9,0.0
HfOYQS2TRfhUooYE,"costs, execucons, and Incumbrances that may hear",BUwcz5Ky6OhRUXv6,Judgements Execucons & incumbrances whatsoeuer had,63,48,7,0.0
C9K4ImPGDT7fQpvw,in the prsence of us Richard Holdipp,EFmywgHIrXMhNI0A,bounding upon the Land of Richard: Howell and,59,36,7,0.7142857142857143
lXywuFBESAMYOviZ,and sell assure and confirme cleerely and absolutely unto Robert Hales and,tcozMdant8nXiWqs,-firmed and by theis psents doth freely cleer;y and absolutely give grant bargaine and sell,58,74,12,0.3333333333333333
yTWmHPezrpjRejSz,dated the 18^th day of July 1640 - Intr 15 die mensis Septembris 1640,SXNZ5kUCcAxRUpCN,day of July Ano Domi 1640 - Intr XVI die mensis septembris Ano 1640 - And the bill of sale,63,69,14,0.2857142857142857
KZTVjVqEg9wEXuA5,did then and there produces a Certaine paper,FOtNoBz2R7ouETXU,did then and there produce contain paper which he answerd,73,44,8,0.5
U1KWodXFqAtVv1jc,As alsoe for & in consideracon of a comptent and Quantitie of mchantable,RSvcsROd2spn6nnW,Jeffe for and in consideracon of one thousand pounds of good merchant,64,72,13,0.46153846153846156
OgAZKYjCwNkFtA7d,"office of this Island, more fully and att large",xqsfLVcWYqmFD3ck,Michaells In the Island aforesayd the full and Ins,58,47,9,0.0
D4NdO18uVJ0pdqEa,"one Cureinge house, one Still house and all other outhouse",zOHi7v3aKQuijMsy,one breedinge sowe fower ghootes two hens and one cocke for the some,56,58,10,0.0
R8xqGDtHEcvzyjob,affirme and prove by the oaths of the witness,rZvzuCiBEzxRrfXM,and confirmed and doe by these presents give grante,58,45,9,0.0
WC9VbFYSLIUOBzR7,the premisses as throughly wholley and surely as I myselfe could doe,3xcJOXyKiQ1iD283,"presents is thereof Lawfully, Surely, and Solely and",53,68,12,0.0
LJcc3wTxFT9n031m,said Sucred Majesty his Heires and Successors on the,WoR1KxfyO5ycoUkQ,Excellent Majesty his heires and Successors In Witnes,76,52,9,0.0
J7FZ3a98BRG7UiEF,exers and assignes to and with the said Lawrence Beckendorp his exers admis,KlyPyxLP51eHqy6o,admistrs covenant and agree to and with the said Edward his heires excers admistrs,65,75,13,0.38461538461538464
MH9Wr7FEWvMBvxR4,shall be as effectually to all intents and purposes as of wee the said John,Nm5HMMlasx2ESS15,done as fully and effectually to all intents and purposes wtsoever,71,75,15,0.0
kDaQjm4lttflp2nB,reply in all matters and causes touching the premisses to doe say pursue,jlLJjhbNXmxOWjt5,"by these presents, that all and singuler the premises, now are and soe shall forever",53,72,13,0.0
ZrwZjN15lBC381BN,one white storehouse and a percell of land and ground,bQAC5dDF1NTRUUP0,the aforesaid parcell of Land of fourteen,60,53,10,0.0
KlyPyxLP51eHqy6o,admistrs covenant and agree to and with the said Edward his heires excers admistrs,JTuyMHsDGMBgYSh2,doe hereby convenant and agree to and with the said Philip and W^m their heires and assignes,69,82,14,0.5
ueT7zFzXUCazmAOo,I Robert Lea doe hereby accknowledge this day to have delivd,XXVo8pxx2HGwD29j,the receipt whereof I do hereby acknowledge and there,60,60,11,0.0
Nkho8hB08VJliyPd,"or here after to bee made or done , either by our Consent or",wCJDmEY8Ifv4Ah14,or heare after to be had made Comitted emitted done,65,60,14,0.0
pYau2kXrG0bGG5dz,cuntries affaires and shall now forthwith delivere them three bills of,Io8bxxFnDgmI22HE,charges and passage for Tanger aforesaid after there all of,53,70,11,0.0
IUM1u6t3dwIsQEqp,the Enrollment of this p^rsent Indenture with,cUWIqCRu02vxCRFp,to the times of this protest being the da,58,45,7,0.0
bZwxYanfxUHGDJuc,Pemmell for himselfe and his heyres ~ and all other~,xZThV64P8tnr3s7j,and the said Joseph Gay for himselfe his heires Ex^rs and Adm^rs doth further,57,52,10,0.0
1NUV8e9YtVPQo2c3,the said Ketch is not to the great losse and damage of the said,js22NsYIMeGwkZUM,them and theire heyres according to the forme and effectt of this said,60,63,14,0.0
YAVMsUxqfQR1KZ4h,by William Seally of the said parrish of S^tt. Phillips in the,VU5NsNdRsYsqDrlD,of the Parrish of S^t. Phillipp in the said Island gen,62,62,12,0.0
ViUcPo6dyL1x8eBu,during the time of his naturall life and after his,BUtsMqdXwRZIevgM,dureing the time aforesaid free and Cleere and freely and,60,50,10,0.0
V0FccxjiMfHrwD51,consideration of a marriage had and solemenized,xUJyTNWrkDA1Es7H,in coinsideration of a sume goods allready receved from Thomas,57,47,7,0.0
b2nLtjLaqxUGV3Hz,"deniall molesta""con or further suite in have In witness whereof I Edward",75u6pKmwtm0vHRAr,molestacon or further suite in law In wittness whereof I have hereunto,79,72,12,0.3333333333333333
DhHiFWxTsJUcfuFh,in one bill of M^r William Martins of this Island Gent for six thousand pounds,Fu5kdPpStqCBvcrV,& sell unto Willm Martine of the same Island planter the half of three,58,78,15,0.0
cYe2z3PkTdVPzTpD,"Steart, and Majo:^r John: Steart, both of parrish of S.^tt",svwSsbUP8rjhbaht,Scituate lyeing and being in the parish of S^tt,55,58,10,0.0
9nePCK8XoeYQnPt0,"thereon or thereunto belonging, Lyinge, and beinge in the",YtjD7nVrqLTFK0VM,"fifteene Acres, or thereaboutes Scituate, Lyeing, and being in the",68,57,9,0.0
6JCca0D91NsPkad7,20^th Marty Theis prsents binde me Nicholas Lucas and W^m salt of the Island,4Qz2qjTvIwzi6yg2,1642 Theis P^rnts bindeth me Thomas Sewell of the Island aforesaid Gent,57,76,14,0.0
ZZdAR6plUpBut5ag,same Island Blacksmith doe for divs good causes & valuable,vuSwMRQYSdXO6yS4,the sd George Conyners for divs good causes & valuable,71,58,10,0.6
crAhhCkMuLypKbsb,good and valluable consideracons me hereunto especially moveing Have given,LLuAmVR5uoXhuogp,planters for good and valuable consideracons us thereunto moveinge Have granted,75,74,10,0.5
30PyrOPCxahhfhFP,Capt Daniell Fletcher his heires executors administr^s or assignes the full,w41jGxUP98J3NGzG,to him his heires executors administrators or assignes,73,75,11,0.0
YlBIWy3Rfjav87TL,and manifest unto all christian people that upon the three and twentieth,VcwPYC2DK3Hc8z0Z,and manifest unto all christian people that upon the four and twentieth,95,72,12,0.8333333333333334
cFTCJsISFmKlIwuU,of Barbados or of any or either of them or of any other p'son or p'sons wt^soever,QtaVFLNiZRVfy4rw,of them I farther for my Selfe or any other parson or persons whatsoever,68,81,17,0.29411764705882354
mzveuvMFnSVEhrDc,the same to be recovered against him then or any of their goods or Estates,i6NZonvNHVrCZtkk,the same to be recovered against him them or any of them,83,74,15,0.9333333333333333
mR24Tr9zgLYXLtkY,role to be paid att or upon the last day of Aprill or the fifteenth of May,cp7HtvFzVkbwRwwO,of the said good Tobacco on the first day of Aprill wch shal be in Anno Domi 1643,58,74,17,0.4117647058823529
g1CakP8AQ3EhMKye,"presents hath assignes, granted, bargained,",My0ALCzdVlimyrtK,"Acknowledge, Have given, granted, bargained, Sold",61,43,5,0.0
t58smyJCfQUO025y,To all Christian people to whome these ~,18fCCrK19SfhXEBC,To all Christian people to whome these p^rsent shall,85,40,8,0.875
kR1wiT2ugzhGuFxN,and demands to ye same apperteyneing knowe yee therefore that wee,fIuNZkbAnb2qhywi,maner of wise apperteyneing to her the said Allice Smith,56,65,11,0.0
ZBVJjAhegVsDy75k,"of an acre of land, with one full halfe part of all",OgAZKYjCwNkFtA7d,"office of this Island, more fully and att large",57,51,12,0.0
SqEFJ5IqaCaZSSMr,land accendinge to this bill of sale & twoe more yt I,ncdjV2fbQjVZ8D8n,before and acknowledged this bill of sale to be his,65,53,12,0.0
pRM6LJW1hjE2rUnM,or otherwise by the said James Browne my heirs execurs and,IydfuYEg2S4fYFhn,and continue to the said Peter Leare his heires executors and,66,58,11,0.0
VVIZM5oForBFbyvQ,& that freed and cleered from all former sales mortgages dues avearages of dues & other incubrances,7npGfBUDtkUmpBlM,free & cleere from all former bargains Sales Mortgages dues duties Exection,66,99,17,0.0
13h6IcSjyRyOLZh6,kept harmeless and indempnified by the said Christopher,6byNrbNCJZ7D0n09,and kept harmles and indempnifyed by y^e saide Edwyn Stede,73,55,8,0.0
l2jg81lYexVsGQ64,that then this present obligacon to be void or else to be in force,EHyu9lD6IvIwRX3U,thereof yt there this obligacon to be fustrate & of non effecte or else to stand in full,61,66,14,0.0
nDdGD05I2kgfAd1k,without ye lett trouble interrupcon molestacon eviccon or ejecon of,QMg4og8fgDXG8ygM,Without yee lett trouble hinderance molestacon or incumbrance of me,72,67,10,0.0
r8fVtHvd5XkRSDQ6,To all Expion people shall come greetinge,EcguequVLKjbg3zB,To all Xpian people to whom these prsents shall come greeting,73,41,7,0.0
5uGrWvBjEg5PmDdO,Sume of Sugare payable to the said appear,8wN1va4ksj9qPXiA,mencoed to haue and to hold to the Said Samuell,55,41,8,0.0
JSksWWLlka0YlG9Q,interest therein from by or under him whatsoever In witness whereof,peaK10AjWlEViVHS,onclaymeing from by or under mee or them or any of them In witness whereof,67,67,11,0.36363636363636365
y0qX93InnWnB2CRK,and for divers other good causes me especially moveinge Have,gLJpzK5eYuCnRDBX,Island Merchant for diverse good causes and more especially,69,60,10,0.0
Whswh4mCrQ4aXiIP,"and released, free and cleare & freely and clearely",CqDTg3xidpufOKfK,and percell thereof doe hereby freely and fully,63,51,9,0.0
iNpUUWp8zUK39Gnj,promised to make good unto my said daughter Martha,JzAWIcVQ9v6JccdT,promise and grant to and with the said Robert,55,50,9,0.0
8tEAUvCYPSashjd4,and W^m Stede of th'other part this 12^th of February 1640 as followeth :-,C3A7RlNAwd2EZsR3,and date of these presents without any of ye lett -,53,74,14,0.0
TkXLDVTuKfT2r61t,Deliver this Indenture as his act and Deed Sworne before me,ORKkWTLEdtXunH9B,signe seale and as his act and deed deliver th,59,59,11,0.36363636363636365
aoscld96F3oBeFtu,of the p^Rmises by livery and Seizen In,O0YfVSIrZ6xGe3yo,or the premisses thereby assigned In Wittness -,56,39,8,0.0
laBNyxyNmlxQ6MAZ,to the same belonging heareafter all which are in these p^rsents,yovfBGvjPjrDzVEx,to the true intent and meaneing of these presents ~,59,64,11,0.36363636363636365
gASAKtAb4i9Oek69,psonally appeared in the secretaryes office of this Island before,UreeKX6RvvBrbK7Q,personally appeared in the Secretarys office of this Island before,96,65,10,0.4
P8LxYNfU5Z7NbvpW,to Authorized and Impower the saide William Lord W,s2MsNg2IwhtVDwB8,as aforesaid and the said william Martin,60,50,9,0.0
WivHrN13bDm2tjco,and to hould the aforesaid six acres of land together with all,z007TdpNyPWCai6W,and to Hould the said sixty acres of land with all the profitts,75,62,12,0.3333333333333333
KdoYyoQH98xErmoM,not recoreed advice from the charger could not accot,dr2pGIv5Uj33HCe2,nistrato^:rs and assignes from the day of the date,55,52,9,0.0
aXmtMHirZ8z4JM6O,in ye presence of Ens: Robt: Downeman acknowledged,C9K4ImPGDT7fQpvw,in the prsence of us Richard Holdipp,56,50,8,0.0
QlEWkrsPNxlcCyKL,William White and Grace his wife signe seale and,AN58NPhn9jW23OLp,in time and place as of right shall appertaine,55,48,9,0.0
z8BhongwulazPuay,Barbados in the west Indies or of their sevall heries Ex^rs Adm^rs or goods,P08eVRjbDTvcfedl,Emanuell Preston their sevall & rsepective heires Ex^rs & Adm^rs as for other good,61,75,14,0.0
T1q6KGtToB7krfHy,and further wee the aforesaid Peeter Fleetwood and John Pye doth binde our,ageXSAHAPsUBklxl,whereof wee the aforesaid Thomas watson and Humphry Symons doe binde us and,59,74,13,0.0
s5t2kTT7SOlYxGoh,infeoffe and sell unto the said Morgan Powell that my plantacon conteyneinge twenty acres,shKRIy5z0w9XZjsc,Water field of the aforesaid Island planter unto the said Morgan Powell according to the,59,89,14,0.35714285714285715
At9rSOKh69umYjUh,Aprill ye nineteenth 1654 then I gave posses-,zPFZuMVMRpc7beo4,in the nineteenth yeare of the reigne of our most gratious,50,45,8,0.0
g3MD4XDApGxG7zTZ,William : Brockhouse and Stephen : Clay or either,z0XzFCRbN3RxjeG6,"William Dymache, and South upon the Lands of George",56,49,9,0.0
VeEty3Mc38kLV9Hn,or lawfully may from tyme to tyme & at all tymes hereafter forevr-,PsbTrCQPwccc31tv,them shall & will from tyme to tyme & at all tymes hereafter,76,66,13,0.3076923076923077
v9BJ57z06xkt8cyj,heires and assignes forever without anie lett molestation trouble,8rgKAkpPXok5BbVP,heires executors and assignes for ever without any lett moles-,77,65,9,0.5555555555555556
kjcw3052hnxzp27U,havesett the day and yeare first above written,qabXtpX1I6B7yBGt,and Sealed have sett the day and yeare first above written,88,46,8,0.875
24pmw30MZOGPqId1,God one thousand Six hundred Seventy foure,9nTzbpXAGbGPvJQG,"of our Lord God one thousand six hundred seventy & five,",76,42,7,0.7142857142857143
F11cuBXGia2Kji23,Marriner his heires exectors and admr^s & assignes for ever And for,JdAQeZUNdjipeRhz,Johnstone his heires Executors Admrs & assigns forever. with,71,67,12,0.0
X6rKyqYLpctBsZdd,W^m Chapman in the Island of Barbados Gent,4qF3zwG4TSmNQXT2,S:^t Thomas in the Island of Barbados Gent: Sendeth,77,42,8,0.75
6ngD8l5oTueTnFnK,and is indebted unto the said Thomas Barrow Thomas Preston and Phillipp,qqH40JvsIEX8vpgh,bargained p^rmisses to the said Thomas Batson his heires,58,71,12,0.3333333333333333
HOB6EEZcBBFiSfMU,"without any maner of Lawfull Lett, Suite, trouble, deny",EGV4gzx5BaHH9d4R,"without any Lett, Suite, trouble, denyall molestacon or",69,55,9,0.0
TL99t1Mw8fyRUvNL,"for him his Heires the aforesaid pcell of Land , premises shall and will",bQAC5dDF1NTRUUP0,the aforesaid parcell of Land of fourteen,58,72,14,0.0
aqypCWr9vtLUKaqP,"my heires exers adminstrs or assignes or any other p""son or p""sons w^tsoever clayming or",cSTqrOdK0b3T7EMO,Lewis my heires exers or assignes or anie other pson or psons whatsoever,78,88,15,0.3333333333333333
3sJrMg5dku8WylwZ,and to hould the s'd twelve acres of land with the appurtenances to him the,iVqUZJW6l8R5vPfo,To have and to hould the said five and twentie acres of land with appurtenances unto,75,75,15,0.7333333333333333
9axRDdXlpVSE2EZU,of all the clauses conts & agreemts above expressed I the said,nk50DlEWyBLJZPoq,leases Morgages or Ingagements whatsoever also that the said,56,62,12,0.0
gt9vOLbWeYhdCLFQ,dispose of all and evy ~all~ pcell of land which by deed or writing,jC3LYWViPYtzpjb5,To have and to hold the said parcell of land with the breath aforesaid,53,67,14,0.0
JNP2IGx6PkqK9RLe,said fforty acres of Land lying Eastward next and adjoyning on the,jujrl9mvjv0Vy1ca,is to say five acres of land lying and being in ye,60,66,12,0.0
98xFqctb8XxkVQSF,"ner of persons whatsoever, lawfully claymei",P2QVXduX4SWC2b9m,other person or persons whatsoever lawfully clayming,82,43,6,0.0
eKfJXhIkZG22fK7D,1647 Or Lord God Evlasting know ye yt I Hugh Burrows of the Island of ~,OK6oTLNp00pFKE4b,in our Lord God Everlastinge Knowe yee that I Paul White of the Island,70,71,16,0.5
xndf85l6oVLJXq0F,This Indenture made the twelft day of August 1644. Witnesseth that,Lzmiw00NslOpO8iR,This Indenture made this eight day of Aprill 1654 Betweene John Stoe,67,66,11,0.36363636363636365
dhyxDNcxxlPJTeJT,alienated enfeoffed & confirmed & by theis prsents doe freely & absolutelygive,3NQ6EnkaYonf7ZNj,aliened sold enfeoffed and confirmed And by these presents doe fully and,73,78,12,0.0
yXqQdrf7jObOL3gh,Sealed and in the prsence of us - the word ninetenth enterlined before the,WSlmnVErULWHMsg1,Sealed and delivered in the pesence of - with these words vizt: - parcell of land lyenig att the,61,74,14,0.35714285714285715
nUoxp6a47WdtNSZL,This bill of sale was this 21^th of Sept: 1654 acknow -,UL8ikhp4e6Ec55fN,The bill of Sale on the other side was this acknowledged,56,55,12,0.0
ujq1PJepvpFy4rkN,and dureing the full time and terme of ninety and nine yeares from,fxvhF26uHWz5n576,the terme of Ninety and nine yeares from the,71,66,13,0.0
OvbXV946cT5L2fSx,other the above mentioned promises with thappurtenances may be settled,nV9uf9nuPBUmRTso,menconed p:^rmises with the appurtenances and eve,69,70,10,0.0
XqfD3c0ys8Oykw8W,att or upon the day aforesaid and in some convenient storehouse neare,mhHgNx3WIGoDXOQn,bee in the yeare of our Lord God 1642 at a convenient storehouse by the seaside,58,69,12,0.3333333333333333
8rgKAkpPXok5BbVP,heires executors and assignes for ever without any lett moles-,v9BJ57z06xkt8cyj,heires and assignes forever without anie lett molestation trouble,77,62,10,0.5
42YP1QnJp3bRFDv3,suffered or done by us the said Robert Tothill and Ann or,243Efrgr29lBU5si,omitt Suffered or done ^by the said John Bawdon,65,57,12,0.3333333333333333
sawYdJwaQfTpRrEO,"promis, grant and agree to and w^th the said",JzAWIcVQ9v6JccdT,promise and grant to and with the said Robert,74,44,9,0.5555555555555556
YbLF36erPdJAmpln,consent or procurement in witnes whereof I ye said -,yWbHef45aDgsMVl6,my meanes or Procurement. In Wittness whereof I the Said,74,52,10,0.0
kG2FiZcneMx1thM5,Febuary 1639 and five thousand is to be paid the 15^th day of May 1642,XcdqvnvHwTLEnd8i,servantes and stocks dated the 24^th day of July 1640,60,70,15,0.0
7jBbNmf3dyAHtSOo,moveable or unmoveable upon or unto the said plantacon belonging onely some,nyXJ7Vqx9CC9zaUc,"to have or clayme any right title or interest unto the said planta""con or any pte",60,75,12,0.0
TLcJtwqHYjyiCE5n,or before Ffifteenth day of Aprill in the yeare of,vQKErCCBwyXuL5cE,his hand the Eleaventh day of October in the yeare of our,62,50,10,0.4
Ep7XOjODFkBXrIPI,thereof my full power and lawfull authority for me and in my name,isjAKVuE4uo1SIve,Vertu^e of ffull power and Authority unto me granted from his most Sacred,65,65,13,0.46153846153846156
fBZpq2PTo2Rco8gd,Pounds Sterling each for the payment of Five hundred pounds Sterll:,VE514TqfK57aRAzM,the said Thomas Barre the Sume of one hundred pounds Sterling,63,67,11,0.0
Rfjicl9WevPgiPRG,"recognizances, Judgments, Condempnation ~",hP4s5A01V0Yw3gGn,"title of Dower Judgements, or any maner of",51,41,4,0.0
eHKaNPkCwUnOVj6A,any default shall be made upon the sevall days of payment or any part or pcell shal be,LiRXmqiAJmttftK7,syde And in case default shal be made in payment of the said some att the,55,86,18,0.0
gGXi0ZbP0Fa6zyTW,men whom he doubly armed and comanded them to board and lake h,NIVZ19ou1tg6UfOz,there with fully satisfied and contented and there of and of every part,53,62,13,0.0
7BLno0YxfO1QuVGI,against the said John Parish the drawer of the said Bill as alsoe,gN8qJ5Nzi68K80XI,the said Solomon Deleon the drawer of the said Bill of Exchange,69,65,13,0.3076923076923077
dAzOx3yB1d21xbwN,land and all and singular other the premisses,f8QIolG5Xe3f2ZYp,and one rood and all and Singuler other the premises hereby,79,45,8,0.5
XIFI1G3tlZYbWVYQ,find it to Containe Tenn Acres or thereabouts Scituate lying and,YtjD7nVrqLTFK0VM,"fifteene Acres, or thereaboutes Scituate, Lyeing, and being in the",69,64,11,0.0
xpMQh6zdPF0Eadsa,it shall remaine as absolute and effectuall to all purposes and,Nm5HMMlasx2ESS15,done as fully and effectually to all intents and purposes wtsoever,60,63,11,0.0
wx8t1eB82PtoSfPP,first of April except boarding Item:_ It is further agreed upon between,AEbv8xhtpF4F79zL,expended Item it is further Covenanted granted upon by & betweene the,59,71,12,0.0
GNlm2LOOjohizcrm,Edward Addams and John Harper of St.Peters parish hath sould Richard Harvey,MCag8sQOPuxFa23o,did demise grant and to forme let unto the said Richard,51,75,12,0.0
AiMUEU7nKQ0IPX4H,make any other forme and good Conveyance to the land and premisses,ZKDmqs25MncvoFGI,and to hold the afore mentioned parcell of land and the premisses,63,66,12,0.0
1NYoYYtirPO2jsay,the storehouse of the sd Captn: Ham by seaven of ye Clocke,N4n0AEU28HgpZBC2,to the dwelling house of the said Samuel Horsham situate in the town,56,58,12,0.0
zqNBDtgLNfzcuT5R,myself my heirs Executors & Administrators in the penall,mr2Tuv1CMNMb6cEl,Selfe my heires Executo:^rs and administrat^rs for ever,72,56,9,0.0
WoR1KxfyO5ycoUkQ,Excellent Majesty his heires and Successors In Witnes,LJcc3wTxFT9n031m,said Sucred Majesty his Heires and Successors on the,76,53,8,0.0
H857L596Lv4Ck1MI,Barbados planter for dives good causes and valluable consideracons me,JjQrbFo1Sop4oCPZ,Radford for diverse good causes and valluable consideracons me hereunto,81,69,10,0.6
G0JY1qL5SUuMe2ly,them their or either of their or either of theire severall heires,S7HFCNO6W96psFjs,of them theire or either of theire heyres or assignes,69,65,12,0.3333333333333333
71uVMT3MrDuQESBn,"Shall and will pay or cause to bee paid all the debts now owenig , and were",39cqDb2KVfedVp0t,will well and truely pay or cause to be paid unto the said,62,75,17,0.29411764705882354
8cCh6gN3sFudQ8Xw,"boyes,twenty foure women, and twelve Girles, Whose",COF7FrxK3lxs4Thi,Nosse with ye full bredth of my land betweene ye,51,50,7,0.0
kXCBCqNUYbythYj6,To all Xpian People to whome this presents shall,zRqAVHYvO7RvVhKb,To all xpian people to whome this present shall,95,48,9,0.7777777777777778
LtK0F9624Q5liVd8,in the month of August next and further declair that they would,9d3AQIGYHQyCQTYs,Upon the ninth day of August One thousand,54,63,12,0.0
zIfY4PPeIb510QCR,haveing or claymeinge by from or under mee or them or any of them In witness,peaK10AjWlEViVHS,onclaymeing from by or under mee or them or any of them In witness whereof,83,76,16,0.75
4v8ljMY0nliKDQRl,"in y.^e List or Scheduale hereunto annexed, by name, Abba, in",ihXhjbXkNf4STnGf,menconed in a schedule hereunto annexed. To have and,65,61,11,0.0
QYlFnDLwDjoHUOgB,the Said partyes to these presents have hereunto interchang:,pYoI3weuDBsVAFcP,Wittnesse whereof the sd parties to these p^rsents have hereunto put,70,60,9,0.0
dhReAHIbNUkU7uxc,pretendinge to have anie right tytle or interest of and concerninge the,ZOu2b2QOtKii1hSD,prtendinge any right title or intent to any pte or pcell of the,69,71,12,0.0
vsVAVmvhDuFnuWe0,specified in a list or scheduled thereunto annexed To Have and to Hold the aforesaid,ne1WJnLn03ovXjY5,menconed in a schedule and hereunto annexed To have and to hould the said plantacon conteyne,72,84,15,0.3333333333333333
fmGcACgpdDTovfd0,these presents doe give grant bargained and sell assure and confirme,Lc67u18NryL7TMHW,these presents doe give grante bargained for and sell,79,68,11,0.36363636363636365
Izfwo4nQvvxsn8WN,over all our right tytles and interest and claymes of the said Bill of Sale from us,D7zlLklBBBCG1SGa,Herinson all my right title & interest of this Bill of Sale,68,83,17,0.23529411764705882
DoCgLHZTPOxW7RRh,and foure Betweene Thomas Sandiford and Tho: Martin,2AqjwN98FQ7iav2v,fifty and foure Betweene William Baldwin Senior of ye,58,51,8,0.0
vRMEm8wGy9E31061,street path aforesaid standeth ye one halfe of ye,A8rvFQ7H8zuuWWw4,truee pfromance of the aforesaid prmisses the aforesaid Robert,58,49,9,0.0
7QUTqAN28hrkTGta,fore mee and acknowledged the Deed above,ncdjV2fbQjVZ8D8n,before and acknowledged this bill of sale to be his,64,40,7,0.0
K994HGIwPRbfcxxY,of Rich x sign Burch - Edward x sign Worthington,1hIfwyb2v2skEdDM,unto the sd Jon: Burch his heires & assignes one hundred,48,48,10,0.0
ttjajkZqSJjqII1z,mentioned to be thereby granted bargained sould aliened,zOYUxc4wvhKgQ0VZ,hereby given granted bargained ~ and sould aliened,72,55,8,0.0
vCaqnpSewqYgUady,or demding any right title or interest from by or under me or them In witnes whereof,dp8N7j310savSZht,or by them pretendinge any right title or interest therein In witness whereof wee,72,84,17,0.6470588235294118
4IDUX9g16EPOSFu0,will appear now for as much as that it doth appeard ye said Gaurde,cntBfvyPlBjstyR0,till the day of this protest being the day and year aforesaid and always,51,66,14,0.0
yBmKwx5O0eCk4c9G,for me my heires exers admistrs and assignes doe by these prsents covenant,ib10LmS2x9wUy1Ye,his heires exers admistrs and assgnes that them this prsent deed and,72,74,13,0.6153846153846154
maBFo4aUQIoZdoJ5,the said David Delifer my Heires Ex^rs adm^rs the above,xZThV64P8tnr3s7j,and the said Joseph Gay for himselfe his heires Ex^rs and Adm^rs doth further,61,55,10,0.0
3yxEhv5zWT2to5H3,just sume of six thousand pounds of good muscovado suger,zgadFFFmPkeFwdoA,full and just sum of fifty thousand pounds of good merchantable,71,56,10,0.6
RUT8sy3VsPkdgGgW,of the Wittnesses whose names are underwritten that upon,oSVd73Xl2FUzt0Q6,of the Witnesses whose names are under written that upon the thirteenth day,84,56,9,0.0
pfQo1Rk0NIJ35DfY,administrators and Assignes give grante bargaine sell,MtfiGvpET1dcYy38,administrators and Assignes in manner aforesaid and that,73,53,7,0.0
QBptvWq3587sVotT,estate and right without the lawfull let contradiction suit humble,BfxO9sCQpfPv3y0y,of lease granted without any lawfull lett or suite Trouble denial,63,66,10,0.0
yhoWBp0GQuiDFIKw,of plantacon with all th'appurtenances without vexacon molestacon or,RrjCwlnTc5RInCSd,Plantacon with the appurtenances to them the xl Capn Robt Page & Capn Willm,62,68,9,0.0
udO0a0woU9rlqbIQ,Pead for me my heires Executors & Admrs for & in consideracon of ye paymt:,YsJV2oQ87wPJ8BOk,Evan Lloyd my heires Executors or adm^rs or by or. from any,62,74,15,0.6
NedVWfKopxWmINli,or his assignes hee or they paying freight me penny a pound wth,ModMWfT9r71Od6gR,or assignes by me or their assent consent or procurement,57,63,13,0.0
PPgdzUvZ3gpmmICi,"abovenamed Lieut^: Humphrey, do binde my self my heirs",3wK1giuCntNGLK58,conteyned I the sd Willm Harbroh: doe bind myself my heires ex^rs,57,54,9,0.0
76DvW4KJYICu2K3l,of this Island the sd land being found by we within the limitts,6XmBlLjsuZMQIKET,that his parcell of Land Lyeing and being in the Sai,56,63,13,0.0
pDlThTpkOMWceyia,Barbados - This bill bindeth us Peter Warr and Edmund Dowdinge both of,7iEAfPDM0tUJbRir,Barbados - This bill bindeth us Peter Wear and Edmond Dowdinge of,93,70,13,0.3076923076923077
hocBeaMWj54igzJL,make use of any timber or timber trees or other,5GPoqzPnPH0Mg4Bf,houses Ediffices timber and timber trees woods und:^r,60,47,10,0.0
Z5MPAtF8kAHQt2VF,right or title thereunto by from or und^.r him them or any o,KUMdqR0AcbHlSV0p,estate rt title or interest by from or under me or by,69,60,13,0.3076923076923077
Ze7TDLIMTNrHH66w,Dolphin since his arrival with the said Ship here to the tunn,3IVyZNKLBLHGXj44,since his arrivall full twenty eight days and allways ready to have,56,61,12,0.0
2Y7Ud1xzaLPtrOz3,In consideration of the Just Sume of fower,IuScGN56J64MF0Fq,for and in consideration of the sume of one hundred pounds,68,42,8,0.0
G6SmCstI4K5kmWN4,& ffive & in the Seaven & twentieth yeare of the Reigne,m451q8QlFktCZDgh,of May In the Six and twentyeth yeare of the reigne,75,55,12,0.3333333333333333
8A56WcB2SnYqMslN,y^m ye dd Geo Watson Jo Compton & Daniell Leech of & from ye sd,3vO4uEV8rlfzUrpu,yt ye sd Robt Harrison is for to have his diett wth ye sd Jo. :,49,63,15,0.0
7iEAfPDM0tUJbRir,Barbados - This bill bindeth us Peter Wear and Edmond Dowdinge of,pDlThTpkOMWceyia,Barbados - This bill bindeth us Peter Warr and Edmund Dowdinge both of,93,65,12,0.3333333333333333
J3JjhcaKMzIJ8ftn,unto we & I do likewise assigns all my right title & interest unto ye sd land & wy,nyXJ7Vqx9CC9zaUc,"to have or clayme any right title or interest unto the said planta""con or any pte",64,82,19,0.3157894736842105
RtN0sw4gr6FQx7qZ,pish of St Lucyes and Lyeth betweene the plantacon of Captn: Willm Consett,tT9TPrB5y2wDqnDt,lands or thereaboutes scituate ad being between the plantacon of hymon Baker Leeward,54,74,13,0.0
Mc4BVuMqbfo9R13K,their and every of their heires exers & that the plantation servantes and all and singular the,5hdmpWMLpFGWGy8h,John Baker their and every of their heires exers administrators and assignes,66,94,17,0.5294117647058824
E2wmO30KzCnDNqIC,to me also to receive any goods that shall if any shipp or shippes come,97V447T3ePCnrtDL,the pfitts benefitts and comodities that shall arise,54,71,15,0.0
uaHqGukJsA7FCdoY,doe hereby acknowledge and doe acquitt Exonerate and discharge the John Bayley,HQ0PKoKTo53SPwcr,and Clearely accquitted Exonerated and discharged of,63,78,12,0.0
agqoGVHJLSKoCxzD,& James & Martin Noell of the cittye of London gent all yt my pltacon sciatuate in the,JlP2c9UFYbd35fuM,adm^rs & assignes of & wth Thirty foote ~square~ of land Scituate in the pish,58,86,18,0.0
AW4Bcv5coTpCr6BL,wth the appurtennances thereunto belonging unto the said Robert,d97kwy9Ydcshm5gA,& appurtenances or thereunto belonging to him the said Daniel,77,63,9,0.4444444444444444
1qmhlQZK2d2W7JDP,all and evy other act and acts things wtsoever needfull necessary or convenient in,nDoeQ0rPNxce4nAt,in or about the prmisses shall be needfull necessary & convienent as full &,59,82,14,0.2857142857142857
EHyu9lD6IvIwRX3U,thereof yt there this obligacon to be fustrate & of non effecte or else to stand in full,l2jg81lYexVsGQ64,that then this present obligacon to be void or else to be in force,61,88,18,0.2222222222222222
E6pN7TkoUI3vPjci,from the Stones & all other filtte for the be paid upon demand,LFoLBQrgX0TFJM1K,freighter there on and all other persons there in Concerned hath hereby,54,62,13,0.0
IIFtuTS0GCfUQidO,Mortgages debts dues & demands whatsoever from ye,K8ffUF0eWIXiiQE8,Mortgages incumbrances dues & dutyes whatsoever and from,74,49,8,0.0
PfRV9WDohymoisPo,forever To have and to hold unto him the Said ~,8wN1va4ksj9qPXiA,mencoed to haue and to hold to the Said Samuell,70,47,11,0.5454545454545454
BbGqHhGYPCzkaLN7,well & truly pd at three sevall paymts as by pticulers from,yLAsxW8PGM5WlqRt,well and truely paid the receipt whereof I the said William,51,59,12,0.0
IzB9V7t2TzLnBvy4,of & from all & all maner of former guifts former grants sales,LMNgUceV6w8C6AOC,charged of and from all and all maner of former guiftes grantes mortgages,76,62,13,0.46153846153846156
WYhUkxAQvj6pYEnq,of the aforesaid some of money the said good to be conveyned to the said,9uFuM4Im0ZPm97MM,of the said thousand pounds of cotton both to be servant unto the said,62,72,15,0.0
cBwSeId75e7EcsAl,doe hereby binde myselfe my heires excrs and admistrs in the forfeiture of five thousand,2e51ZE8RxlaRFRgz,myself my heires exes and adminstrs in the penaltye and forfeiture of the some,70,88,15,0.26666666666666666
PC5itSrXBdN8xZ9E,hand paid & secured to be paid by Robert Moggs of the,zQCYidSLC38V8wc0,in hand paid and Secured to be paid before the,73,53,12,0.5
CfMMap4JrNOJ00nd,in the penall summe of twenty and eight thousand pounds of neat and well cleered,RMmejeBpD6PzgUHi,in ye penall some of Eight thousand Pounds of good sound & well condiconed,70,80,15,0.3333333333333333
beFmgX7qgjEl9wLl,"Liven and Alice his wife Have given , granted , ba",hYoADSs2yfBgB0au,"in hand sec:uid have given granted, bargain:^d",65,50,11,0.0
YXihu6wNMB3Eiu7B,att the tymes pfixed in the severall bills that then it shall and,WuDkRr2vbcWaXbXQ,yeares and not by the death of either of the said ptyes that then and,54,65,13,0.0
o94Az7TpRpEV11xA,my present Deed of gift doe giue grant and assigne unto,AHMUYSRoLYC56DPc,and by these prsents doe give grant & sell unto Capt,58,55,11,0.0
bVVhhKpYLfap92Ii,or assigns at the day time and plan before recited by limittation,j5pSJnzITPaBdYf3,tors and Assignes all that his plantation or plantations,56,65,12,0.0
ceeKUqXCb5FjPOa7,Wesson with all pviledges pfitts & comodityes whatsoever thereupon or thereunto,W98g7gKXgYs3I4w4,Abbott leeward Together with all the profitts and commodities thereupon or thereunto,66,79,11,0.0
0w5KNUgXh5FmKcYz,written being first interlined ; . allso,K3wkW2JO57HZNxMr,Scituate & beinge in the pish of St Peters in the Barbados,49,40,7,0.0
SHu0IZg2GThcsud4,Woolfe or his certane attorney his heirs executors administrators,DnNQujp3jIx9xwJb,place bordwinder hime his heires executors administrators,74,65,9,0.0
1C9RlZ46PTW6FeIA,Easements profitts priviledges and comodities thereon,OW8LN9cCzfLhWOGh,profitts priviledges and appurtenances unto the same,63,53,6,0.0
ayQaqwTUhRNNdGf1,our privityes or consent In wittness whereof,3COir8VRRrXF7TM0,"act, to a sent, privity or procurement, In witness where of",70,44,7,0.0
7SUEVOQOpMAx7kE7,and demand whatsoever of him the Said George Hannay of in or to,0uBeAe2LDmJqYq9X,and demands. whatsoever In wittness whereof. I the said,59,63,13,0.3076923076923077
VhbM48YoB1aLPeLr,and Executors Adm^rs & assignes forever and we,2WuwF8h57zBZol9G,heires Executors & Adm^rs & assignes forevr all yt tene,77,46,8,0.5
u3b4JNo5bqpfE7Js,was given and delivered by the above named James,Z4R7IsiBH3x1hF9L,signed and delivered in the prsence of,63,48,9,0.4444444444444444
XBosP1YYbKqflZTf,seale this two & twentith day of 7 ber: Ano Dom 1643,ozyA3WwzaaR9Cy9T,eight and twentieth day of November Anno Dom 1640,71,52,12,0.0
7swjLY3My7twTDtr,forever together wth all & singuler the houseinge,1vRG2yH4TcqSmMqj,Nicholas Rice North togeather with all the houses,61,49,8,0.0
46E1O3apKBZ5M39B,to be paid unto Peerce Power of the same Island his heires,5IgPYtsrksWJ32rj,being unto W^m Morgan of ye same Island planter his heires,69,58,12,0.6666666666666666
AUTGNr3KuqkF0AV4,his heires and Assignes and Every of them by these,UQdAdYYp7KH2edCK,administrs and assignes and for every of them,69,50,10,1.0
qGewAMU0JVuDSbWd,From 3 bills obligatory debts and demands whatsoever due from the said Josias,IIFtuTS0GCfUQidO,Mortgages debts dues & demands whatsoever from ye,59,77,13,0.0
XwfESp9Qk3ILwfrw,and acknowledged the within Instrument of writing to be his vol,5W5FSWMGkLobvuFE,before mee and acknowledged the above Instrument of writeing to be his volu,83,63,11,0.0
5hPYf7Fz46fDbygn,"all the houses, Edifices, w^th all other profitts, priviledgs",QXsgKYaACO5YQ3eb,"houses Edifices, buildings Easem:^ts Profitts priviledges",66,61,9,0.0
muPFoSF3ql6YgR5t,use and uses of him the Said Richard his heyres and assignes,jIz3HVEOkYUP2Ojd,use and behoofe of y^e Saide Richard fford his heyres,67,60,12,0.0
GbgzzrI0akpBiId3,herein before contained to the Contrary thereof in any wise -,JTsliLXyZ3W21Avg,"for that they nor either of them, nor any -",56,61,11,0.0
QiKpnXS0gnizGKmE,and Euery yeare on y^e ffeast day of S:^t Michaells one Eare of,br16vIpIFxca3VFV,"ffeaste day of S:^t Michaell, one eare of Indyan corne at the",61,63,13,0.0
Y9GsTDYv2epVWqXc,To have and to hold all those three acres of Land more,d9EJFpa42vRmLb2c,To Have and to Hold the Said P:cells of Lands with the,67,54,12,0.5
eEvPnphCdiQ2w5np,queitly permitt and suffer the said Henry __,TaMBRpw36g11RuNe,Lawfull to and for the said henry Harvey his,59,44,8,0.0
VA3my5oeELFd4Bjn,too make seale and deliver and attorney or attorneyes one or more under them or,iuW7izXu5s0RU3BM,deliver and procurators or attorney one or more under them to substitute,70,79,15,0.0
t9RgSV9n66pFA7GC,and the same to deteyne for my use and whatever:,x6JKQw64SWnIhuE1,his and theire owne proper Estate and Estates,56,48,10,0.0
VSh0HB1QVB9D2KOd,"heyres Exec:^rs and Adm:^rs assigne, and Sett over, all my right",2WuwF8h57zBZol9G,heires Executors & Adm^rs & assignes forevr all yt tene,67,64,11,0.0
pbRmgyFSJEgLYk1A,ye Just some of one thousand two hundred & three pounds,8zPd20EvRCHNUY1U,Just sum of two thousand two hundred pounds of merchantable,70,55,11,0.45454545454545453
raBSw7wWCJSkbVgO,the Island of Barbados send greeting in or Lord God Everlastinge Know,XujX3g08HRinUcDy,of the Island of Barbados Gent send greetinge in our Lord God Everlastinge Knowe,93,69,12,0.6666666666666666
QpO9iM9FDTrsPXso,and the said Thomas ^Maxwell for himselfe is Ex^rs adm^rs,xZThV64P8tnr3s7j,and the said Joseph Gay for himselfe his heires Ex^rs and Adm^rs doth further,69,57,10,0.0
gQKyaXjubNUTQjFb,all the right title interest property claime and demand of,Pg8vHX272R3vRh1g,"All the right title interest, Clayme and de",77,58,10,0.0
siuiSUEPG6ymaXMd,grants Mortgages leases evicons damages troubles and in cum-,K8ffUF0eWIXiiQE8,Mortgages incumbrances dues & dutyes whatsoever and from,52,60,9,0.0
UVGvkqDt3t0iamuM,charged of and from all manner of former bargaines (former,LMNgUceV6w8C6AOC,charged of and from all and all maner of former guiftes grantes mortgages,75,58,10,0.7
JY58PuTT5jK3ryWL,Memorad That I Peter Emersone doe assigne and turne over unto John,qWTcMzVv7Wi7RA0e,Memorand: that on the day of the Date of the above,52,66,12,0.0
A5DaidVD9OeXwmDJ,Wittness John Ackland: John Stone John:Frere,GmLW0M416cgx4aXQ,witnesses whose names are on the other side written,51,44,6,0.0
azPlROYpxdSr4bQ5,houses ediffices buildings profitts benefitts commoditys easements ~,13pQPV2nSeeFdnaQ,houses outhouses edefices and buildings profitts and comodities there unto,69,68,8,0.0
PnSZuAxgjBPLqq2I,Request of the said Appearer did protest som as by these presents I do publicly,Zd27TtDPkKiCSEs5,having heard did protest even as by these presents I do publicly & Solemnly,71,79,15,0.4
Pcxkzmwedc12Zqyl,we ratifie & confirme by theis pnts In witness whereof I the sd Henry,Yid6ZCdtNOBegRdJ,the premisses by vertue of these presents In witness whereof I have hereunto,65,69,14,0.42857142857142855
0UjSzyxS90zIyWkN,Land of the said Stephen Noell to the windward To have & to hould,CV4viruPYWcHYAP0,of Eighty & eight yeares from the day of the date hereof To have & to hould,59,65,14,0.35714285714285715
RNBSl5DBIAflFps0,the Land of Major John Hawkeridge deceased south and,TB94EpdVwJvIleNB,"the Lands of John Peers Esq.E ,South upon",60,52,9,0.0
OAGbSSJrB0MUaagv,"ing by, from or und:^r mee or them. In Witness where",exmvmM2zho1BUFrW,-ing by from or under mee them or any of them In witness whereof I have here -,72,52,11,0.0
VAYhFhKkJZ9eE1aD,debts and any of them or any of them or any pte thereof but shall,KACX04e8SrH9bmTX,against hime them or any of them or against of them goods,62,65,15,0.7333333333333333
uCE3ViqlRL0uZsmf,To all Xpian people to whome theis pnts shall come Thomas Symon of the Island,FWAXypQCUOknKU1w,To all Xpian people to whome theise pnts shall come Philip Lovell of the Island,87,77,15,0.6666666666666666
WfgqNjfP74ytopVs,that I Francis Portch of the Island of Barbados Gent Have given granted bargained,tFJglPMf1r20i5Im,Thomas Bennett before theise alinge of theise prsents Have given granted bargained,64,81,14,0.7142857142857143
COiiH1kbcQw36u3E,more or lesse with th'appurtenances as aforesaid Together with all such goods and,Gk6JNu4U4YradfFH,acres of land with the appurtenances as aforesaid unto William Lees,65,81,13,0.0
wtvN4dnq59GhNvZ3,& Nine yeares unto the said Thomas Reid his heires Ex^rs adm.^rs assignes,buiofUS8irrEm9fw,unto him the aforesaid Thomas Bacon his heires exers admistrs and assignes,69,73,13,0.3076923076923077
Io8bxxFnDgmI22HE,charges and passage for Tanger aforesaid after there all of,vcHTnF8sxTXzchDb,his heires and Assignes for ever as aforesaid and further,66,59,10,0.0
IUFvwMO5JF7uK7Vl,S.^t Michaell the Archangell and the Birth of our Saviour,CduRh5IjwfP6hYb8,S:^t Michaells in the Island aforesaid and then and there,56,57,10,0.0
4kGBhajHwOvW1gqp,Heires and Assignes that they the said ffrancis & John -,icFv4Q6icqzY5L6d,"his heyres and assignes, That I the said Thomas: Reade",62,56,11,0.0
WKFGgvxqjy28OcWQ,North upon the lands of the said Mr William Kirton and East upon,HEbMU8OlL2vgARkJ,"upon the Land of the s^d: Nicholas Campion, East upon",68,64,13,0.3076923076923077
hTxIj3BIAIFzt5ag,said Francis Tobast have hereunto put my hand and seale the 28^th,8AEEISYk9SBw6SKy,whereof I the s^d John Tobin have hereunto set my hand and seale the 30^th,72,65,12,0.6666666666666666
q3Oft3cwVOIdyOEb,pemissess without the lett hindrance molestation or eviction,jmVKhLTfIqzv7x3d,"for Ever, without, lett, hindrance, Molestation o",68,60,8,0.5
PPlOCYPiazmOtuKf,according to the severall agreements with him and unto the true and faithfull,XHtvcSDP11Jybspx,now dwellinge house of the sd Read and for the true & faithfull,59,77,13,0.0
QXsgKYaACO5YQ3eb,"houses Edifices, buildings Easem:^ts Profitts priviledges",5hPYf7Fz46fDbygn,"all the houses, Edifices, w^th all other profitts, priviledgs",66,57,6,0.0
O6lNrKRW2Bu4knYN,Tho: Leon and John Hill not only I shew to them or Such Pson as they shall,VAYhFhKkJZ9eE1aD,debts and any of them or any of them or any pte thereof but shall,53,74,17,0.0
q4kxVbBZtjcDAT4I,thereof Together with all houses edifices & buildings which he the said,4UGS9c9zz7tUEb7Z,Surveyor Together with all houses Edifices & buildings thereon,78,71,12,0.3333333333333333
rEiyj3K8cujNfG0X,lands of Patrick Fox westward on the lands of William Sandiford Esqr,l1FKZyakrkxCdpWn,lands of Wilson Clarke and leeward on the land of John Pattin,59,68,12,0.3333333333333333
7IoyRTyEqjH3Bas7,and chattells as are menconed and expressed in a schedule hereunto annexed unto,syVe0NKvUpKrA4YF,said plantacon as is sett in a schedule hereunto annexed for ye,68,79,13,0.38461538461538464
vxbSQYcrm0FvP3mV,"Judgements, and executions, and all other incumbran",EfSiVMeHrlSOPxeU,"Comdemns, Execucons, and all other titles, troubles, Charges,",61,51,7,0.0
JP5jNnH1qsV9chpt,the mayetie of a Plantacon late in the occupation of the sd Michaell,gN8qJ5Nzi68K80XI,the said Solomon Deleon the drawer of the said Bill of Exchange,56,68,13,0.0
F5QqfPIylx4yxlCc,Intr 21 ^o die I John Maslin within named for good Consideracons to me in hand pd by,OJhRQ83sCjOmDnwA,Gent for a valuable consideracon to me in hand paid and,58,84,18,0.2222222222222222
EMV9gMy14NZQdM3e,Late Wife of the said Thomas Bartlett bounded North,7sHtBcoTymHoL0zT,the bodye of the said Thomas Morley on the bodye of the said Mar,64,51,9,0.4444444444444444
x2ebSR0ZWMT3F96j,hoofe of him ye said Edward Shamon his heires,jP8UlChLQ0kAbWi7,hould unto him the sd Richard Vines his heires,66,45,9,0.0
Ahic8ctFhgp4IiyD,John Walford of the parish of S^t James To have and to hould the said two third parts of the,Py1yoqfBOpHWZ6NZ,in the parish of S^t James To have and to hould the said three acres of land with,80,92,20,0.65
W98g7gKXgYs3I4w4,Abbott leeward Together with all the profitts and commodities thereupon or thereunto,wEIYFw6KGuyrlbuM,every part and pcell thereof Together with all the profitts and comodities whatsoever,66,84,12,0.3333333333333333
s9Tfw7CPqVEnm0Ir,S^t James in the Island of Barbados bounded on the east by Philip Gibbs and on the south,WyjGNFSmwgHMZykj,debts in the Island of Barbados in the parts beyond the,64,88,18,0.3888888888888889
BBAbVSVkTadaw7mV,his heires exec^rs Adm^rs or assignes forvevr: the Invacon of the,vRLYsG33GZlUeHHr,sd John Maycom my heires Exec^rs Adm^rs or assignes or any other,70,65,11,0.0
NsgJafSyRKOw6NNh,aforesaid according to the purporte & true meaning of these,2YImftXDjEBbhk5j,accordinge to the tenor effect intent and true meaninge of the same Indenture,65,59,10,0.0
hJcomjtiVSzaxdGY,not be satisfyed and paid att or before the five and twenteth day of -,P5QNCc66w9iD4UDr,hereunto sett my hand and seale the five and twentieth day of January one,64,70,15,0.0
qSZKCxpE8YVOsbSZ,18^o die Know all men by theis prsents yt on the Second day,0TKWS2TOSrKaupQT,10^o die July Known all men by theis presents ye I Richard Ast have,71,59,13,0.46153846153846156
FFKBizRmG6YLy41w,by with or through his meanes act consent pruiety or procurem^t.,VR9YIJM42zELiqaR,admistrs ~and~ or by or with his leave assent consent privity or p'curement,63,64,11,0.0
qtU33cLzD1yjt6jJ,parcell thereof with the appurtenances to him the,oV6iEN8YG4AP3WOk,pte & parcell thereof w^th the appurtenances unto the said M^r Samuell,76,49,8,0.5
xXWTizigQPcE1sT5,Robert Perie now live on being by estimacon Forty,GkGgCLrFEKwa26Zc,said Francis now liveth conteyning by estimacon one,68,49,9,0.0
fH6m4Bk1BqStG9IQ,summe of foure thousand five hundred pounds of good merchantable cotton woo,Zy4Eb89rUP5ucj2p,Crispe two thousand five hundred pounds of good and merchantable cotton,84,75,12,0.5
T166DhJU0j1gO2Ik,by from or under his their or any of their meanes,S2YPlHHC25tUevTL,"or any of them, or against his, their or any of them",67,49,11,0.8181818181818182
7AmR54qrrnuZMyOP,day of October in the aforesaid yeare of our Lord (one thousand,92Yvo835PZ6a3XKx,day of ffebruary in the yeare of our Lord one thousand six -,76,63,12,0.75
dPod4u6iqggrWkcU,sume of or quantity of fforty six Thousand six,AtgrEYxopz2LSxks,ye said somme or quantity of Six thousand two hundred & Sixty,60,46,9,0.0
w43RV4s4kHGtypEU,and in Considiracon of the Sume or quantity of Seven thousa,aM59jb6dv2YVQzlz,for and in Consideracon of the Sume of Sixty pounds seventeen,73,59,11,0.0
8Xdu6OYd52h5NI78,"every the negroes, horses Cattle and other Stocke whatso",ltihQJSWoGu4qxZW,"A Schedule or list of the Negroes, horses, mares, and Cattle, which",59,56,9,0.0
clMu6Z9NoOKg7Fjv,and lyyles Lawrance his heires exers admistrs or assignes forever or ame of them with,uRaa9Eq5S1Pf4GKY,Sanders his heires executrs admistrs or assignes at some convenient,70,85,15,0.4
gi3c1BbSkeiG3H6y,ptending my right or interest from by or under them their heires or assgs,vCaqnpSewqYgUady,or demding any right title or interest from by or under me or them In witnes whereof,71,73,14,0.2857142857142857
XUnCsc8YYR2xf55m,Island of Barbados gent by his bill of sale under his,GP88oBquqOJCxWNC,in the Island of Barbados Gent. of the one part,62,53,11,0.0
QuRVyODa5n6kCg8I,and other Lawfull and reasonable Actt and Actts thin,gXzGIuLlzzoEOUba,and reasoneable actt and Actts thing and things devis,63,52,9,0.0
1xP4FBMh9FgBkdXs,and there protest even as by these presents I do Solmney Protest,Zd27TtDPkKiCSEs5,having heard did protest even as by these presents I do publicly & Solemnly,75,64,12,0.6666666666666666
4JEeD7eou8R4Mnw5,of ffebruary 1667 Menorandum before y^e sealing,rXvkVgkwT397JBcB,of ffebruary last past for the consideration,59,47,7,0.0
c9yaXO2Fyo1srnnr,Attorneyes his heires Executo.^rs or administrato.^rs,t6ltJZD0pLAkyiwM,Samuell Lapthorne his heires executors or administrators,79,53,6,0.0
IoI36CjYREOjvG37,w^tsoever made by me the said Cooke my exers or assignes or either,VcJyHWO9dmsCz4tX,had made or comytted by mee the said Robert Barker my heires or assignes forever,67,66,13,0.6153846153846154
2OdfQFZuXk2k2ELW,ed the Masters and owners of Shipps Employed in the said Companies service,VU5NsNdRsYsqDrlD,of the Parrish of S^t. Phillipp in the said Island gen,55,74,13,0.0
ZVpObjxibMqvkSmX,Dancaster in Barbados and neare to William Mt Reran one the one,oiUl0McOXb6duLau,sterling to us in hand paid by m^r William Charles of the Towne,57,63,12,0.0
6GHPNDLIHD8Evsrv,John Mosely of ye Island of Barbados Marchant sendeth,EQibNiweKich2JjJ,Entered ye 16^th in ye Island of Barbados marchant as,68,53,9,0.5555555555555556
NzoRleD5sn4YYUxC,said testator Thomas Kid departed this life before his full age his,7RjZGxVckf448wuU,said Thomas Clarke and John Weale theire heires Executors,52,67,12,0.0
HQ0PKoKTo53SPwcr,and Clearely accquitted Exonerated and discharged of,EHBoK6f9thISpuLc,and clearly exonerated acquitted and discharged of and,74,52,7,0.0
LdFIxS8huIBERp9r,of land or thereabouts bounded east on the plantation of ensigne Jon: Jackson,tT9TPrB5y2wDqnDt,lands or thereaboutes scituate ad being between the plantacon of hymon Baker Leeward,61,77,13,0.0
uSKMA3arSnWJYFIF,assignes shall ~yearl~ peaceably & quietly enjoye them with out any Lett,n3U7l64w9ZPRRLqC,and assignes shall or may peaceably and quieltlye Have hold occupie,63,72,12,0.0
HA1JbHZGpvHTVx5w,"thereof, And the the Said Land and premises and",MwUzVCGmj8nKSPVY,Matthew Greene the aforesaid Land & premises and every part & parce,60,47,9,0.0
wUNf4UaoHvltj2Ey,plantation of Bassenborne wholoe westward two third,NrkJehwID4U6zvcK,limitation of any use or uses estate or estates,55,51,7,0.0
rNbtGWDVowUMFxro,in y^e yeare of our Lord 1674: the within men,ZSUU75O17YylVFGP,in the yeare of our Lord 1673: Duly proved & recorded in the,65,45,10,0.4
0z7Z59DyN3LPlqkC,whereof I have hereunto sett my hand & seale this 15^th day of,nwVG0ld1hzYm1cfW,whereof I have hereunto sett my hand & seale this 11th of,94,62,13,0.7692307692307693
7I5YYlA8ok8fHMrZ,"p^rsents , Release Confirmacon or otherwise , or",I8qUb66NZYXfekjv,person againe to release and acquittances or other discharges for mee,55,48,8,0.0
Wnh8FVMwVuAmnfZG,ye that I Robert Lea: of the Island of Barbados Carpenter for divs good,uyr0Yzxh7KmLIlRX,knowe yee that I W^m Stiles of the Island of Barbados planter for divers good considera,73,71,14,0.35714285714285715
TcMpwgeGChGepnuK,same we have hereunto sett our hands and seales this 25^th of Aprill 1643,nEUA5avlpc6quJGg,I have hereunto sett my hand and seale this 28^th day of Febry 1641,77,73,14,0.5714285714285714
sNNyCkSCTzmnKAGb,"as then were, or at any time afterwards should bee",BdpTOWKA3SebIrY8,whatsoever wch I now have or at any times here,56,50,10,0.0
4VGt1SJ3uTV7JOnm,furthermore it is agreed that Matthews may not or his assynes at anie tyme or tymes,0EGwwN5J2iZeCBOy,there fore this appearer hath as will for him self and company and owners,54,83,16,0.0
7gSIGxAVzAKvtfpk,pnt give grant grante bargaine & sell aliene enfeoffe & confirme unto,9e3BFMnceq6Ifgza,Severally to grant bargaine sell aliene enfeoffe and confirme,78,69,12,0.0
qQqHhFR48D8OpOA2,or unto the pr bargaine plantation or appurtenances or,2ooZXGXsfzi7WR0L,unto the same Plantation or parcell of Land belonging,60,54,9,0.0
N5ETbB8PkM4Bkdgv,unto Thomas Ware of the same Island gent his heires Exrs admrs or assignes ye full &,wzfJXuFNdztSDF2P,paid unto Adam Morgan of the same Island Gent his heires exers or assignes,73,84,17,0.47058823529411764
X0qJrVwrVkk5xLvv,excepted interlined before ye delivery hereof,5mRM4WLOyqEFXhIm,were enterlyned before the ensealinge and delivery hereof in the,66,45,6,0.0
d1J5GmKIjku2HChR,Michaell Hobess doth confess himselfe to be indebted unto Arthur Loder the just summe of,9dj4ZPfPQFC4seDq,aforesaid Gent doe confess myself to owe and be justly indebted to,55,88,15,0.0
34eJBM0tG0tzRDsD,wife doe covenant and grante to and with the Saide -,Y3oobQmzvr3e9Xrw,doe Covenant promise and grant to and with the,76,52,11,0.5454545454545454
wwU90P0jpgjqmlMj,To all Christian people to whome theis pnts shall come greeting in our Lord God Everlasting,Jb8UD8TnCZs1Se02,To all Xpian people to whome these pnts shall come greeting in our Lord God Everlasting,94,91,16,1.0
3KGV1V4fxvvfJtLw,whatsoever whereby to change or allter the Esta,xLZXpQJXY7LBCzRp,whatsoever that now can or hereafter claime or that shall,62,47,8,0.0
zOSiFidOvVnz7S2Y,hereafter In witness whereof I have hereunto sett my hand,UAS7vx8koKgEXRb0,thereof In witness whereof I have hereunto sett my hand,95,57,10,0.9
51AjLmd7KZPyhw3d,and the Shipp Called the two Pillgrims the amount of such,28i5Fm0YKNEqhvMj,Comander of the ship called the Thomas William of,62,57,11,0.0
wttU1SjgxFQSIYoD,articles of agreemant made betweene ye said Samuell,rHWImyiAL68AfASm,Articles of agreement made and agreed upon,67,51,8,0.0
TPYcy4OqXINdMdQg,Wool well cleered from the stones and filth with my Plantacon wch I the said Robert,JzAWIcVQ9v6JccdT,promise and grant to and with the said Robert,55,83,16,0.0
jge53Fb3Yj0uq2tY,"all maner of Former and other Gifth, grants",JmWAisJCtGvzln0C,"and all maner of fformer and other giftth , grant ,barg",82,43,8,0.0
av6SGXaFLeWcOZWz,Greeteinge in Our Lord God Everlastinge Now Know,XIMZRt7YnoPiFA2m,Greetinge in Our Lord God Evlastinge Know ye yt I the,81,48,8,0.5
ShpU8GFf3WyjIopw,thereunto belonginge or in any wise apperteyneing To,ofCPDGBv57aYpKPr,thereupon belonging or in any way appertaining,82,52,8,0.75
WYqtPcC9BzmRtMXm,intendeth to goe in consideracon whereof the sd Leonard Dowden for,njasp9b2NE1CAJJK,theise psents In consideracon whereof the somes of cotton aforemenconed,63,66,11,0.0
6sChDStSz8rGIFCf,3100 lb of good and merchantable cotton wooll unto the said Edward Carew Skipwith his excrs or,4BnNG9Zu4R8vOqWT,of good and merchantable cotton wooll well cleered from the seedes to paymts,62,94,17,0.29411764705882354
iG8KbQvyBw6fJmCI,due to Thomas Owines do apraise as followeth Imprs,JU0SngC9joWB43Oz,by vertue of a warrant to appraise a percell of land,51,50,9,0.0
Oz9tea1ybokBWZCw,M^r. Thomas Weit Capt: Robt: Rumballs and partners M^r.,tXu9omYGZMbBip2Y,whereas Thomas Witter of Barbados factor Peeter Batson and Lawrence,48,55,9,0.0
ZVLKT58OQI2Mowts,trees marked with a X Together withall houses edifices pfitts priviledges and,q4kxVbBZtjcDAT4I,thereof Together with all houses edifices & buildings which he the said,64,77,12,0.0
9QrhAFJFZRTiuWWX,full and absolute maner condicon and estate as he is now assigned of before,VhMl6LVjQCxZlqYS,lawfull to and for the said Richard Bert his heires or assignes to reenter upon,57,75,14,0.0
Ua8V8v0Du2jPKzzV,Exonorate & Discharge the S^d John Batt & Charles,R0NHAtbNqzzxZ0rK,Exonerated & Discharge the s:^d Sa:^m Henry his heyres,68,49,9,0.0
maYQjXjJX3TlM7oZ,Memoradm^d that upon the Day & yeare last w^thin written Livery,qWTcMzVv7Wi7RA0e,Memorand: that on the day of the Date of the above,62,63,11,0.0
yZEitA39BmLcpkZ3,xx x for not appearing & to pay charges,TKYZwRg2spCQaVrm,"& or any wise appertayning, to the said Margrett:",55,39,9,0.0
qUcGBXZxZslspUJl,or thing had made passed or don or suffered to be had made,tFx6nWCB2mWCWJ6T,Whatsoever had made done or suffered to bee done,68,58,13,0.3076923076923077
oiUl0McOXb6duLau,sterling to us in hand paid by m^r William Charles of the Towne,nQmK2stLS9x3obaz,sterling-money of England to mee in hand paid by John Milles of the,65,63,13,0.46153846153846156
Rb4vL1OWJciQBakT,signe seale and deliver the above written deed of sale for and,odr6AICuazmvf4KZ,Henry Hartland signe seale and deliver the aforesaid writinge as his act and,67,62,12,0.3333333333333333
9mkgAzx0X5zK4gcV,Have giuen granted bargained Sould aliened Enfeoffed and-,Mvlhl0gRwyc0pGCe,Have given granted bargained Sold aliened conveyed,84,57,8,0.0
1IQ3BZVPaFSGf1Wp,Ensealeinge of these p^esents (the reciept whereof the,dGNYoOwfTS34omVW,meaning of these presents and the sayd parlys to the,64,54,8,0.0
ZNQNAyo5zvIc9Q4C,houses buildings pfitts pvisions & advantages thereunto belonginge or in any,jwPso64RyR4T05hF,pfitts and advantages whatsovr: thereunto belonging or any ways appteyneth,63,76,11,0.45454545454545453
R2pIu3TFBVlWy31t,he or they should happen to be in minoritye or nowage) yet,JY0OpAyLZUqNHpwL,the p^rmisses the same to be recovered ag,53,58,12,0.0
8iO3WFg3aKsEECvl,To all Xpian people to whome these prsents shall come James Tedder and W^m Catlyn of the Island,uCE3ViqlRL0uZsmf,To all Xpian people to whome theis pnts shall come Thomas Symon of the Island,80,95,18,0.5555555555555556
JHmacWLZLvriJG8D,& their heires for ever provided alway that if ye sd Edgar,uSaaRnyLguxN3qlJ,the said Capt James Futter his heires and assignes forever provided always that in,60,58,12,0.0
A4PZcbhOWnBx4Shd,belonginge beinge of the sixtie ackers of land that Jno Grenehill,EgRt7NnKRjukmXzY,thereunto belonginge To have and to hould the said twentie acres of land,55,65,11,0.0
rHWImyiAL68AfASm,Articles of agreement made and agreed upon,9eddjquHX2THRWBr,Articles of agreement indented made and agreed,84,42,7,0.0
HoNnFFE5iVXCVhxq,and Pcell thereof w^thout and lett interuption -,C3A7RlNAwd2EZsR3,and date of these presents without any of ye lett -,57,48,8,0.0
dUX2tnyHkZEuzGqL,the appurtinances thereunto belonging according,AW4Bcv5coTpCr6BL,wth the appurtennances thereunto belonging unto the said Robert,73,47,5,0.0
2InsqdtKzZoNV9fT,acts thing & things whatsoevr with in or aboute the pmisses shall be needfull,yakxcIlR15AgfWkn,maner of thing +things whatsoever now thereon growinge + being or any,55,77,14,0.0
PuQrT7KQ0b429iKt,have sett their hands and seales the day and yeare first above written,BpxlqhpP8bjTlZ7H,their heires and Seales the day and yeare first above written,85,70,13,0.8461538461538461
UP0tYruDR5PQq3Zt,of land be it more or less scytuate lying and being in,R2KvElU31GpMCHma,teene acres be itt more or Less scituate Lyeing and -,71,54,12,0.6666666666666666
AYjbsqpNC6pxLRPD,other wayes or meanes howsoever or for any matter or cause w^tsoever giveinge,eWB1JesEihS3rvHA,or for any matter or cause w^tsoever giveing and by thiese pnts granting unto my,57,77,13,0.0
6vKa40bVYNQ6391U,Deputy Secretary at the instance and request of the said appearer,IOxDWxCLb4oZUozO,Secretary did at the same time in the said Secretaryes,62,65,11,0.36363636363636365
WpauETXxStmDS3da,ministrators that he ye sayd Robert Jarrard his,09ZWIIhy3aQm4xZp,administrato:^rs of the Estate of James: White Esq:^r,56,47,8,0.0
8xe3LmE4HqLvne1l,clearly acquitted & Discharged from all other former gifts grants,9ysnosQHeDdxHaku,freely and cleerly acquitted and discharged of and from all former bargaines,68,65,10,0.0
fvj7AEm0PCheaCWa,Which Said Plantation or Parcell of Land Soe bounding,2ooZXGXsfzi7WR0L,unto the same Plantation or parcell of Land belonging,74,53,9,0.0
td8YAjp8lg1xhS91,the Said Bryant and my heires and all and Ove,spfNiCspZflABAwz,said John Burrows and my heires ye said granted,59,45,10,0.0
EuneR10nT6yJxMmg,country England returne to the sd Island and give,imjJw6qgqi7kA0oO,Secretary of the said Island and sole notary,58,49,9,0.0
ni0Uilo2k6cJEYpH,Kent in the Kingdome of England; ) Seend greeting; Wherea,CWX4uIjzHiUPNxdI,King of England Scotland France and Ireland,54,57,10,0.0
9VDKtidUEWjRRiRo,Acknowledged by Henry Andrewes this 17^th of,TPdI4dn8HUGKOWUV,Proved before me by M^r Rich: Andrewes this 26^th March 1659,54,44,7,0.0
vzKgnn4aobomqADC,of six thousand pounds of marchantable tobaccoe In witness whereof,VO8WpcESrIkQWSUa,thousand pounds of sound & marchantable tobaccoe in Roule unto Edward,70,66,10,0.5
z0pfDCZKCf2FCuhF,storehouse at the seaside store age free ; and for the true pformance hereof of all,I1vWDPlR6gyLPAAA,shall appointe or else store free and for the true pformance of the same,70,83,16,0.375
T85PtmjHWp5dZ2ZZ,one plantacon conteyninge by estimacon tenne acres of land or thereabouts That is to,zpB1axciUH4PfPOB,"land conteyning by estimac""on sixteene acres and a halfe to bee",68,84,14,0.2857142857142857
hHuNzJKSCrPbVNwk,Jane Browne & John VInsonn for our Selves & every & either,xqZz4yYi2OlXAvSs,and every other pson and psons in Bdos aforesaid wtsoever their and,51,58,12,0.0
VjpvcFZ0OM1TONpE,Concluded & agreed by and between y^e Parties,g6gHjpmNHq0wrYzf,Imprimis it is concluded and agreed by and betweene the parties abovesaid that the said,61,45,8,0.0
h14ckzi9DczzsJM5,wth the apptenances thereunto belonging or any wise aptening unto,AW4Bcv5coTpCr6BL,wth the appurtennances thereunto belonging unto the said Robert,75,65,10,0.4
T3gCkSt5bcuYdswx,thereunto belonginge or in any wyse appertayneinge To have and to hould all the forebargained,5JewYPldGL3Rwih2,"belonging or in any wise apperteyneing, To have and to hold the sai",79,93,15,0.7333333333333333
SFZCsbViLZU3iIzs,"pt of y^t planta""con whereon ye said William Spight now liveth",Can6yHzdv70dzpcz,In witness whereof I the said William Dighton have hereunto set,58,62,11,0.0
6LVP5uvmZtmmsKRD,whatsoeuer in and vppon the same Standing lyeing,lGFgeDZh9ZBx3n9O,"other whatsoever thereon Standing, Lyeing and",62,48,8,0.0
uvZBztPjmNra8jOy,William Steele Edward Fairehurst Jon: Edwards,QlEWkrsPNxlcCyKL,William White and Grace his wife signe seale and,49,45,6,0.0
QZ4lZa4SjDxwHleq,1647 consideracon me hereunto moveing have bargained given granted,xAaKVrYdZ5yDgsQ0,considerations him thereunto moveing hath given granted,78,66,9,0.0
ZNIAY93G9oOih7ld,and advantages to the said Lands building and other the appurtences by these,3sJrMg5dku8WylwZ,and to hould the s'd twelve acres of land with the appurtenances to him the,61,76,13,0.0
8vVrwu3hnNXh5K9A,for and in divers good causes and considerations him,QRfP8SEpVyMaDVGL,for divers good causes and valluable considerations us here,77,52,9,0.4444444444444444
drcLwoThq5YfYLBh,unto the same belonging arrisinge accrewinge or appteyninge to have,3ijfGIpT0qOZRuS7,in or to the said land any wise belonginge or apptyinge w^th the,64,67,10,0.0
5xWk9kubhmLt6GSP,To all Xpian people to whome theis pnts shall come Know ye y^t I Cap^t.,U7aZFNSmheajM4hH,To all Xpian people to whome theise presents shall come greeting Know yee,81,71,15,0.6666666666666666
BDbcMdaQq4pywOvf,is now in the tenure of me the said Robert and abutteth upon the land,0mMw0RdPTZdCGBCC,"in the Island aforesaid, Bounded East upon the Land",58,69,15,0.26666666666666666
846T0J2zEimR7ned,able Daniell Searle Esq^r of the Island of Barbados the,FEz35iQHIZ9nA7pB,Robert Downeman & William Sheppard of the Island of Barbados,70,55,10,0.5
8pVEIOR0y8ktnVd0,"writeing to bee his free and voluntary act and Deed, Given under my hand the",xiVS42zcHPIwmlMZ,"written to be their free and volentary act and deed, and that it -",76,76,15,0.3333333333333333
PLCIN5unDEde9krK,"William Leacock and John Ashman, mariners",g3MD4XDApGxG7zTZ,William : Brockhouse and Stephen : Clay or either,56,41,6,0.0
0ItHi2DTkmP4b0MM,appeared Before mee John Strede Merc:^tt and,RgWKQPGfBVlx8sMM,appeared before mee this 20th of October 1674 and,62,44,7,0.0
K5cQe9X4rTsUEmZr,said Millner and all others there in Concerned for all wrongs pruduces,zWnpQsPPRVkFkbm3,or factors and all others therin concerned for all wrongs preducies,82,70,12,0.3333333333333333
HSFHB8bewdGTWOZo,the Said Ann Wright and Margrett: Wright for divers,7h9d18xLf696wVD5,"for Ever, And the Said Ann: Wright and Margrett: -",67,51,9,0.0
nywm3Q28QpFF8rBd,absolute estate of inheritance of all and singular the before granted,66nula27BklZydRK,ffor the true p:formance of all and Singular the Articles and,66,69,11,0.36363636363636365
JzAWIcVQ9v6JccdT,promise and grant to and with the said Robert,sawYdJwaQfTpRrEO,"promis, grant and agree to and w^th the said",74,45,9,0.7777777777777778
t3WPSkZ0a6Pul0Ti,"of the said Joseph Hannis deced, ffifteen Acres and ffive",hPRgPskKL6MrGhsh,we the said John Salmon and Elie Amie for and,55,57,10,0.0
2MRYCciepXPxxy8K,Imprimis:- the said Edward Layton hath sould unto th'aforesaid Peeter Halloway his heires,PdY5Y9pFyhpFOMeH,thereof with their and either of their appurtenances unto the said W^m Pead his heires,53,89,13,0.0
h9U6A6a4NRnzxNYw,have hereto sett my hand & seale ye 26th day of Octobr & in the year,mrggexMX2vbpskIg,have hereunto set my hand and seale this 16^th day of June in the yeare of,77,68,16,0.3125
wfibP5q8ITxaFVBB,Enimy Excepted : And for the true pformance of the same I Robert,sMnHngJrTM84Z3Qe,enemye onelye excepted) And for the true pformance of all and singuler the,70,64,13,0.46153846153846156
ZfpxRSWNKGMG4XLC,Morrice my heires exec^rs or assignes or any pson or psons whatsovr,DD4bSMia6ChfZw1k,my heires Exectors Adm^rs or assigns or any pson or psons whatsovr,86,67,12,0.6666666666666666
z5ls99egkrhSjFj3,Exrs & assignes forever from the day & date of their prsents withoout the lett,3dH4nxyz4Mf03Wby,& assignes from the day of the date hereof forever without any cause,64,78,15,0.0
O6zqyg55jSb4NBhC,the same accounts to examine & use approve & allow or disprove &,iiQvY9dftYXjZwDz,date hereof to be accounted if the said John Cooke shall soe longer live,50,64,13,0.0
5W5FSWMGkLobvuFE,before mee and acknowledged the above Instrument of writeing to be his volu,XwfESp9Qk3ILwfrw,and acknowledged the within Instrument of writing to be his vol,83,75,13,0.0
aVTe6fJsU1J6Lww9,unto the said William Thomas his heires exers admistrs and assignes forever and to,sCHwoLcDGNvBCDBA,unto the said fran O'Mulquiny his heires exers admistrs and assignes forever,80,82,14,0.5
Qors7XZio5ZJg1Bl,Anno Dm 1667 psonally appeared before me Will,RrIYgsc0KIZSqfUd,May the first 1663 personally appeared before mee M^r William,72,45,8,0.0
PpgsNe5muFCvNQtS,lawfully clayminge or ptending any right title or interest belonging to the aforsd,Rz92ZJxfYzaqIhDx,lawfully clayminge or pretendinge anie right title or interest therein And for the true pform,81,82,13,0.38461538461538464
zXdnixdP0oVRSXLt,wee ye said Thomas Merrick and Adam Morgan,PT3AenHi7AYJEcNX,for ever and we ye sd Tho Merricks & Adam Morgan doth by,67,42,8,0.0
3vvacXumVuEY62OO,"ing the Said Terme of Tenn yeares, well and true",srFK68qa6HaQmbYZ,"ing the said terme of Tenn yeare to fell, cutt downe,",73,48,10,0.0
xe9HIGYGJby3EcOy,serve as by their Indentures will more plainly appeare To have and to hould the said forty,I7fDan256kRgfMka,as under his hand may and shall appeare To have and to hould all and,61,90,17,0.4117647058823529
IRZ1PJjrfMTLz8iB,Dalby his execrs & administrs shall peaceably and quietly have hold,7QaVlv0iRRxZZOQT,"for ever Lawfully, peaceably and quietly have, hold,",67,67,11,0.36363636363636365
JNTDkDq4aSufqPSp,and seales the tenth day of January Ann:^o D,JmpTPeFLn4ysPFbH,hand and seale this tenth day of June Ano: 1644,73,44,9,0.4444444444444444
eXelfSHf2yD3SMmZ,under written by vertue of an Act made and Con-,ZrwZjN15lBC381BN,one white storehouse and a percell of land and ground,56,47,10,0.0
STTTEll5jgZuwpju,this and other the Carribee Islands to Windward of,qnW8puo8BDxRCREF,and other the Carribee Islands to Windward of Guardeloop To all,80,50,9,0.4444444444444444
MUeLmHEmnDcmtUlZ,in the Year One thousand six hundred Sixty and five (where onto,yMH37QycMgL1YP9g,March in the year our Lord God one thousand six hundred sixty and eight,70,63,12,0.3333333333333333
JbFpBA7V5XTOtK9F,Witness whereof the said Henry Sealy ha,Ih7yfJs1ON43xKmT,"Island, Witnesseth that whereas the said Henry Sealy hath upon",73,39,7,0.0
vb5ScBB5QyBrfea5,which said Robert and Pricilla being privity examed did acknowledge,NCMmv3Htnq5kmgqK,(being privity examined) did acknowledge the,65,67,10,0.0
CDtrEoWxOnwXjtC3,of money goods wares merchanizes as aforesaid and for me and myne,k2lhljsl9WZCB94E,of money goods wares merchandizes effects debts dues and demands as,73,65,12,0.0
XqBPSd9fZO3GcraY,owne names & rights as his or or their lawfull possession,rlnNnuSqn6Wo0O4D,Sealed and delivered in the wth possession,53,57,11,0.0
hFmP9k3P70RbSHAY,therein Witness my hand this eighth day of Aprill one thousand six,Vzg5jk3j6IPpPTOb,Sett my hand & Seale this 20^th day of Aprill Ano Dom,61,66,12,0.3333333333333333
lmbl1q6gb1RiyPY4,well cleared cotton wooll In wittness whereof. I have hereunto set my hand &,UAS7vx8koKgEXRb0,thereof In witness whereof I have hereunto sett my hand,78,76,14,0.35714285714285715
soHgfUM9M3xp32QF,aboard the said ship on the Gould Coast by the said by the said Company,XHjtzIvq24L5kUFQ,load of the said ship in money sugar or other goods the said,61,71,15,0.0
LF0bXgoDhjrmB7wJ,In witness whereof I have hereunto putt my hand and seale the second,5KaPaEpFLsNLN2Y8,witness whereof I have hereunto sett my hand and seale,85,68,13,0.8461538461538461
paN6TWcDWX0qXWcU,shall come greeting know yee that I Richard Newbold,aC6fjed0jT2rjmsR,shall come Greeting Know yee that I John Spence of ye Island,72,51,9,0.4444444444444444
EcguequVLKjbg3zB,To all Xpian people to whom these prsents shall come greeting,1LsMAGOsnBq0wVpH,To all Xpian people to whome theise prsents shall come greetinge Knowe,93,61,11,1.0
963XlsHLeavPxEKK,hand and seale this nineteenth day of September in the ye,Tbs70EM6qfiZ6Pp5,hands and seales this eleaventh day of December 1640,75,57,11,0.36363636363636365
EoHQ7byDN8KyDQoy,bearing date ye first day of June in ye yeare one,i4detMeZh3HOXKsg,beginning of ye world to the twentieth day of June in ye year of Or:,65,49,11,0.36363636363636365
2e51ZE8RxlaRFRgz,myself my heires exes and adminstrs in the penaltye and forfeiture of the some,iAmP4ZHpOZIYbyYT,binde mee my heires exers or admistrs in the penall summe and forfeiture of thirteene,79,78,14,0.0
Zqqe0TRAec5gNSD9,"or Incumbrance whatsoever, had, made, committed Lmitted, Suffered",92J6T9Y27xbF66Sg,whatsoever or had I made comitted suffered or done,63,65,8,0.0
kXuSBTYEizYlbVGr,upon the last day of May wch shall be in Anno Domi 1641 And more,cp7HtvFzVkbwRwwO,of the said good Tobacco on the first day of Aprill wch shal be in Anno Domi 1643,63,64,15,0.3333333333333333
gAIy40YDaZHIuubz,belonging to ye said plantation which Mrs Anne,Sq9NjdoeEOwNequa,belonging to the plantation pf the Said Robert,65,46,8,0.0
SPmViU8ir3MyEnDf,advantages whatsoever to the same belonging To have and,jwPso64RyR4T05hF,pfitts and advantages whatsovr: thereunto belonging or any ways appteyneth,64,55,9,0.7777777777777778
seIKp2H7NGtzNdIS,Island Merchant should at or before the expiration of one and twenty days,hJcomjtiVSzaxdGY,not be satisfyed and paid att or before the five and twenteth day of -,59,73,13,0.0
qprE9NvxlFBnASWx,quietlye possesse and Enjoye the same and every part thereof without anie maner of,5BwizSJpTshv505v,quietly have hold use occupie possesse and enjoye the said plantacon with,58,82,14,0.0
2dGWTiQjCCXvtCX1,bargained or menconed to bargained premisses and,25u5Tk5LU8xHa8Qz,of seventy acres of land or anie of the above barganed premisses or anie,60,48,7,0.0
ly9oRp3bIX6dY8V6,"will without any other prouocation , inticering ,inf",KZTVjVqEg9wEXuA5,did then and there produces a Certaine paper,52,52,8,0.0
c2Lj59DkdNrGcUYm,unto sett my hand seale this third day of Aug:,cvRG47ZPbT7j6O8H,hereunto sett my hand and seale this 20th day of July 1640,77,46,10,0.0
JkquVmebUGfiqzt5,part or pcell thereof by fro from : or und^:r under them the S:^d Said,Z5MPAtF8kAHQt2VF,right or title thereunto by from or und^.r him them or any o,63,70,15,0.0
Hrp7PnLhs5fLTJhW,Past the river of old Calabar fire severall,G0JY1qL5SUuMe2ly,them their or either of their or either of theire severall heires,57,43,8,0.0
ngbzEjrvmbFzkt19,sales guiftes grantes mortages or incumbrances had made donne comitted,Mz0jYpJoG9ssdW67,"Execucons, or other charges or Incumbrances had made Comitted or do",64,70,10,0.0
UlKTlFB6s2bur1ER,Raynes and his heires for ever freed cleared acquitted and,5dloZHc9ze4D3sX2,to the said Richard Davis his heires and assynes forever freely and clearly acquytted,63,58,10,0.0
LMj3szBiuCBdf9mH,1680. and in the three and thirteeth yeare of his aforesaid-,PgDdVwXzrDO3RBVv,and in the ... and twentieth years of his Ma.^ties,67,60,11,0.0
uWQSLzoBpDQUZjPA,soe I doe in the like manner give and bequeath the same abovenamed,efq7cSV2UsiHIA8V,wtsoevr o for the true pformance of all & every the prmiss abovesd &,54,66,13,0.0
r1aNILha3nLcLhkd,Whereas I Thomas Winter of this Island of Barbados Mariner have,wb0zaLRZ2Vv166Gc,come Thomas Ellicott of ye Island of Barbados Mar-,67,63,11,0.45454545454545453
AudVzGHOUGxDTBXc,James Browne did then owe unto the Saide,BvTl2Xitz2NzHZv8,James doth hereby give and grant unto the Said Margre,60,40,8,0.0
QMg4og8fgDXG8ygM,Without yee lett trouble hinderance molestacon or incumbrance of me,1XwDnB73vQsSRa3s,without the Lett molestacon or incombrance of me,75,67,10,0.0
JlP2c9UFYbd35fuM,adm^rs & assignes of & wth Thirty foote ~square~ of land Scituate in the pish,agqoGVHJLSKoCxzD,& James & Martin Noell of the cittye of London gent all yt my pltacon sciatuate in the,58,77,15,0.0
Jr3DGXRYD9fIe2Nm,Said Wharffe of goods wares and mechandizes,KUO2FYpwiUx9Nw05,dues dutys goods wares and marchandizes whatsoever as or hereafter,55,43,7,0.0
KVEfCP12IxyHgDyM,Sealed and delivered in the prsence of the word,BU7IrN4RM2C3UZC0,Sealed and delivered in the prsence of,89,47,9,0.7777777777777778
5uVLnbmlOcDO4xBa,This bill bindeth me Benjamen Read of the Island,J14FwODdOoPbXjLm,In 17^o die This bill bindeth me John Wiseman of the Island,73,48,9,0.8888888888888888
oWOcKIebP06E7KPy,pounds weight more of like good cotton att or upon the last day of Maye,bNx65z9FK6XOCxB5,thousand pounds of cleere cotton wooll upon the last day of May next,68,71,15,0.4666666666666667
jVMxaEAPES1eOAl9,assigns or from by or under mine our or any of our estate,T166DhJU0j1gO2Ik,by from or under his their or any of their meanes,64,57,13,0.3076923076923077
jqDuvvjAD8i5dRpz,Assignes shall well and truly pay and discharge,bomhHnAf3YeSmp0P,administrators or assignes shall well and truely pay or caused to,66,47,8,0.0
8rK9vd3ssp23kCg0,the said Appearer did protest even as by,GBtoxJZpbLFuomSy,having heard did protest even as by the,76,40,8,0.625
vHHSSNgBQUpEwQRP,Shipley of the said Island planter all my right tytle and interest of my share of a,kKpK12yR5IvyWViY,other pson or psons clayninge any right title or interest to ye same or any pte thereof,59,83,17,0.23529411764705882
ne1WJnLn03ovXjY5,menconed in a schedule and hereunto annexed To have and to hould the said plantacon conteyne,fCtxAqjtaaH0W2iw,in a schedule hereunto annexed To have and to hould the said twelve acres of land,77,92,16,0.4375
luDC7yIL1KOSFTEZ,Containeing by Estimacon one Hundred and Eighty Acres,AUbjIBx6U1nJn1KP,containing by Estimacon one hundred twenty and nine,77,53,8,0.0
kKdTvlVZtLlkf0L3,This Indenture made the first day of December,KNLjDvknC5gb4aUj,This Indenture; made the 25^th day of September,85,45,8,0.875
MTpqQiES1gUIzz9V,of the Island of Barbados sendeth greetinge in O^r Lord,sIT2zuknXcIasu1n,The Island of Barbados sendth greeting in our Lord,90,55,10,0.5
zdvagO2TBA2FVLMU,for himselfe his heires excers admistrs and assignes give grant bargaine sell,LE9SfjUUH2WXrDHf,and for the heires exers admrs and assignes of Either of us give grant bargaine,74,77,12,0.3333333333333333
Bc9G3ZuYIFsKvOeV,in inhabitinge within ye pish of St George in the Island aforesd in the,t8xXJs3PpH5ruSIG,Situate lying and being in the parish of St James in the Island aforesaid,68,71,14,0.0
DgI4YduYOemEhCfE,Knowe all men by these pnts that I John Parrot of the Island of Barbados,QeV7TK1FhLMDuJg0,Knowe all men by these presents that I John Simpson of the Island of Barbados in,88,72,15,0.8666666666666667
A9JDzttIQWBFztKC,owners of the said ship as also in the behalf of the freightes and,7sHtBcoTymHoL0zT,the bodye of the said Thomas Morley on the bodye of the said Mar,62,66,14,0.35714285714285715
qOOGssDas0hSStxc,two thousand two hundred sixty and five pounds sterl:,DMkCJDyC8I0kpzaO,thousand six hundred sixty and eight and in,69,53,9,0.0
mWMqvmu5qzhPsCbC,under his hand and seale beareing date the Fifth day of October in the,l8CbSnyKQlrVRKXj,under their hands & seals bearing date ye 24^th day of mch last past .,70,70,14,0.6428571428571429
tBL3M2yCnog2fATC,bargaine sold assynes assume and sell over into the above said Stephen,I3fk5Kh0yowPdtXK,Grant bargain and absolutley sell to the above said Hugh Bayliff,60,70,12,0.0
efq7cSV2UsiHIA8V,wtsoevr o for the true pformance of all & every the prmiss abovesd &,6mUlAcXaOxTvZNxv,and assignes And for the true pformance of all and every the articles,72,68,14,0.42857142857142855
ygBzqLDabRIssYVv,granted bargained sold enfeoffed assured and confirmed,ALAqbhdftzbf4NRm,granted bargained sold aliened released enffeofed and confirm,77,54,7,0.0
rTIOND7IIUfQOqgS,or by reason of the said Denham's not sh,NtrVjAYSfIr20vun,or by reason of the said Tempest and Storme,75,40,9,0.6666666666666666
5M5oR52kZsAEePTP,allso that Corner of his Plantacon lying on the,e6T87shXCg58XyvE,title & interest of & in one plantacon lying & being in the,60,47,9,0.0
yHtAd32jimvAK56D,A true schedule of what is sold with the plantacon unto Richard Lewis Jon Morris and,lZWmq53ACO6Ng3Ok,boare that is thereon the said plantacon being in the whole tenne acres and,53,84,16,0.0
IZoWOOJLunpCyJqh,sd John Lear all wch sd prmisses wee the sd James Fuller,Sz7jfKGZzxxdtLsX,bargain sd prmisses wth apptenances unto ye sd James Cornelius his,54,56,12,0.0
O7jjWrI8DbLUVJEj,To all Xpian people to whome theis psents shall come Capt William,ZncYZQiEOyWN4qDm,To all Xpian people to whome these psents shall come,87,65,12,0.5833333333333334
odr6AICuazmvf4KZ,Henry Hartland signe seale and deliver the aforesaid writinge as his act and,Rb4vL1OWJciQBakT,signe seale and deliver the above written deed of sale for and,67,76,13,0.6153846153846154
YVsAxBXQPxmeEdGF,unto put my seale and subscribed my name this tenth,SrgUdoOFiGWedj6W,have here unto sett my hand and seale this twenty,60,51,10,0.0
kPUj3nUprvchvrhE,or Said Shipp the Same hadd been tendred,eventWQyxdITQAuS,the said shipps hire the said Appearer further,56,40,8,0.0
7RTwDwBDA9ADb6Jb,the said demised primisses and that the other thirtie acres w^ch formerly,ysDMVtR1CoJAs2Bm,To have and to hould the said demised prmisses and every pte and pcell thereof,58,73,12,0.0
fnVHxtsWuCRDbjNL,payments viz^t three thousand pound thereof att or before the fifteeneth,ZnAFa9tOkvOtRNBN,pay ment of elevn thousand pounds of good neat and well cleered cotton,58,72,11,0.0
lpR1anAayCFHEhM3,And I do farther agree with the said Thomas Barry that I will all one,6ngD8l5oTueTnFnK,and is indebted unto the said Thomas Barrow Thomas Preston and Phillipp,56,69,15,0.0
llVd1G8jl4dtsHsQ,M^.r Richard Cartwright and M^.r Mathew Haviland,twBcwQMYx0zntp7W,M^r Richard Gay To have & to hould the sd pcell of land,50,48,7,0.0
KjT0QRO3llU9wzdy,Leare his heires executors and administrators or assignes by these,w41jGxUP98J3NGzG,to him his heires executors administrators or assignes,80,66,10,0.5
PPYJ92BZooqhsfhf,1659 of the month of november An^o one thousand six hundred fifty and eight,yMH37QycMgL1YP9g,March in the year our Lord God one thousand six hundred sixty and eight,71,75,14,0.2857142857142857
byRhIaPUNeWVLcS2,& discharged of & from all manner of former bargains sales guifts grts mortgages -,LMNgUceV6w8C6AOC,charged of and from all and all maner of former guiftes grantes mortgages,75,82,15,0.4666666666666667
Lg2HfQPu6HKKSIHz,a quarter w^th all houses and all what is growinge or standing upon the,ua3sMSZQnj0AX3Bs,as are now standing growing or being upon the before bargained,56,71,14,0.0
PcMWlGkaz1BR84DJ,at or upon the six and twentieth day of March w^ch shal be in the yeare of,Q3ak7HJZPfsfhi1I,upon the one & twentieth day of March 1650 scytuate lying and,64,74,17,0.5882352941176471
JovUywgX7DLZ2ZQQ,Malbury doth hereby covenant pmise & grante to & with the sd Thomas,Y3oobQmzvr3e9Xrw,doe Covenant promise and grant to and with the,65,67,13,0.0
gkdDIcW0TbnFIf2a,and also all right Title Interest and Demand which I,XuuDAV1TBpVZtu4t,and all other rights Title claim and demand whatsoever And,62,52,10,0.0
2HF3nLE1DraUBV3p,Capt Page for securatie ^doe for himselfe his heires exers and assignes assigne,RnBNbzS6guTYSwcQ,further binde himselfe his heyres Adm:^es and Assignes in the sum,64,79,13,0.5384615384615384
3bkcIaQT7gK912kM,of them which said housing and land contain in all by estimation,ppLPLXWGkskyzQjg,Phillips in the said Island and conteyning by estimation two,65,64,12,0.0
LE9SfjUUH2WXrDHf,and for the heires exers admrs and assignes of Either of us give grant bargaine,zdvagO2TBA2FVLMU,for himselfe his heires excers admistrs and assignes give grant bargaine sell,74,79,15,0.0
6gVBMZZe0au2ocjg,"of the within written bill of Sale, that if the within mentioned",sD9kN7kTIsll1TS5,and interest of this within specified bill of sale and all other thinges in it,59,64,12,0.0
nESgBfgxH7yBZHBh,wherewith I the said Francis Kell acknowledge my selfe fully,Xhf29bJraRpNbVKl,where with he acknowledgeth himselfe fully satisfied,66,60,10,0.4
ajJvgyjk7wLWp0OA,Theis are in his Ma^ties name to will and comand you to make a true,Y1yJ4jTNbVxTixzv,These are in his Majesties Name to will and command you to,83,67,15,0.0
rZvzuCiBEzxRrfXM,and confirmed and doe by these presents give grante,RnfSxbpkgMGxWL0R,and confirmed and by Vertue of these presents doe ~,75,51,9,0.6666666666666666
t9DPbpsrZAOnolTs,"by these presents , that at the time of the Executeing of these presents hee the said",lfjerzft3TC3AHnQ,Where As I the said Ralph Wyatt upon the day of the date of these presents,58,85,17,0.0
zbZycsJblY71lqaA,sett their hands and seales the first day of November 1641,MibJx6ArKT1dh3mj,I have sett my hand and seale the xx^th day of November 1640,78,58,11,0.7272727272727273
FMYpONJZafXR4kk7,Act of this Island Giving power to Marshalls So to doe for & towards Satisfaction,11iuHKmFVcYPIuRH,Tobias Foote of the Island of Barbados Planter for full satisfaction,56,81,15,0.0
EFmywgHIrXMhNI0A,bounding upon the Land of Richard: Howell and,C9K4ImPGDT7fQpvw,in the prsence of us Richard Holdipp,59,45,8,0.5
LSSS7AiWO4XKJ4vV,pmission bound to depte this Island shall decease before this,NxaNW56UrkHPeBIo,to an Act of this Island made for the Establishing,56,61,10,0.0
mrggexMX2vbpskIg,have hereunto set my hand and seale this 16^th day of June in the yeare of,nEUA5avlpc6quJGg,I have hereunto sett my hand and seale this 28^th day of Febry 1641,78,74,16,0.9375
FvmjiTF3RN7N21FS,"me to be Done , the Said m^r John Bridges did thereby promise",qISmAlIf3V8mshoY,of me the Said John Redman my heires orassigne,54,61,13,0.0
x35d6f2uroRISVZv,Parrish aforesaid Merchant well and truely,gzpmWl4xo2Y84pTB,"as aforesaid peaceably and quietly, without an",59,42,6,0.0
zQ2uFZs132mLAFEc,"wsoever , hade made comitted done or suffered by mee the said ffrancis",2GVTk6xsn89eHnZ0,whatsoever had made comitted or done by the said Richard Seawell his,68,70,13,0.3076923076923077
TC9hPEleDRnmCYTU,same Island Gent sixteene acres of land fallen and unfallen scituate,JScl7G7twDhRJAK9,newland three acres of Land more or less Scituate,62,68,11,0.36363636363636365
titBJr7Epjx4Y6ud,"Lease the said John Whetstone to my great bennefitt, and wit",t9RgSV9n66pFA7GC,and the same to deteyne for my use and whatever:,54,60,11,0.0
tT9TPrB5y2wDqnDt,lands or thereaboutes scituate ad being between the plantacon of hymon Baker Leeward,LdFIxS8huIBERp9r,of land or thereabouts bounded east on the plantation of ensigne Jon: Jackson,61,84,13,0.0
nXZoDfDV67aIB01t,hand payed Have given granted bargained and sould and by theise,Z8LokcFZ1YWTcK94,Have given granted bargained and sould and by these,89,63,11,0.7272727272727273
3xWyyUNvRDKcbRhk,with an aquittance endorsed there on the said Thomas Rous his heires,qqH40JvsIEX8vpgh,bargained p^rmisses to the said Thomas Batson his heires,66,68,12,0.0
jwGxmr58AXuI0fwn,assure convay and confirme unto ye said Constant Silvester,67aCyQIfCPacBIe5,enfeoff and confirm for ever unto the said henry Sealy his,57,58,9,0.0
gP7kGWfDFYMbZ8nO,To all Xpain people to whome this present printeing shall come Phillipp,k2kNQku9HEPMYAXU,To all Xpian people to whome this presente writeinge shall come I Thomas,85,71,12,0.4166666666666667
BYjohYs0QvMBJQSG,will warrant and defend by these presents And know,yDOQHhRfQZ0bIZ87,warrant and for ever Defend by these pnts And the,73,50,9,0.0
QY0TKRiTyHVpguHL,I the said John Kennicott purchaseth of Thomas Morris scituated lyeinge and,Df4U8pt1RP853mVW,the said John Kempson Thomas Bond and Thomas Jones by severall daies and,59,75,12,0.3333333333333333
Dr31M63JkeHjCs0q,Entd the Know all men by these presnets whereas William Phillips of the Island of,4KErc7eR7r5IKQcl,Barbados Knowe all men by theise pnts that I William Suires of the aforesaid Island doe,69,81,15,0.6
hSOmrgF67O0ddvs9,This affirmed and witnessed upon oath by William,JugSMoVMoiDSkWFl,"This was affirmed and witnessed upon oath by Daniel Emott , Mate",79,48,8,0.0
uquhXz3G0aQ3IDAd,merchantable and well cleared cotton by them the said George and Edward by severall bills made,RH0NzLgaGQ911xJP,between the said parties that the said George Adren and Edward Bailey shall and will,58,94,16,0.0
XbEoDnd9Z4rfwaU4,of two severall writeings under ye hand and seale,DdeGnixORSYzyV3e,Sale before recited under the hand and Seale of,63,49,9,0.0
Uj98PNlgc0gFiF5r,of Their appurtennces to Them the said William,myFAGP8XEN9BEQty,of theire Appurtenances to the Said Samaell,74,46,8,0.0
UiZgW7cVcDXiRQa7,hand and seale the 8^th day of June Ano 1640,JmpTPeFLn4ysPFbH,hand and seale this tenth day of June Ano: 1644,88,44,10,0.4
CRvdkgQZHH4wlfg7,Schedule hereunto annexed And the said Richard Barrett for his a,fCtxAqjtaaH0W2iw,in a schedule hereunto annexed To have and to hould the said twelve acres of land,62,64,11,0.0
Tgfx62G09qIZHOyd,and testament of John Ellison late of London merchant deceased have,OqCVfww1OZVpr2C6,ingagements or any other incomberances whatsoever,52,67,11,0.0
gxsJERja2gjqQdi9,hundred pounds above menconed And it is hereby mutually,ExXxCyDlMNehTvsL,and upon the express condicon and it is the true intent and,54,55,9,0.0
dPesfr1riqzaPEo1,"& now of the said Richard Morrice, and alsoe the remainder and remainders &",muPFoSF3ql6YgR5t,use and uses of him the Said Richard his heyres and assignes,58,75,14,0.0
5Kteiq67Syavf9zq,above boundent Captnt: James Drax his heires Executors ~,FWiyneKLYWwV5Py5,unto ye said Captn Jeremyah Hame his heires Executors Admirs-,63,56,9,0.0
VHiy1LCzKr9hpRyy,By Estimation one Hundred and thirty acres of Land bee,luDC7yIL1KOSFTEZ,Containeing by Estimacon one Hundred and Eighty Acres,65,54,10,0.0
shdKzaXbVB7y0hA4,"his Loading on board this said ship, according to order",rPBrSY95z3BVcpn2,Blackman having taken aboard his said ship Island,60,55,10,0.0
oTlS8jzwjCHkwsyp,"in breadth, with the Store house, Shedd, Cooppershouse Kitchin",ccPugT9HO1r1VqLI,first of Juno next with the corne house above the cliffe with all other houseing,54,62,9,0.0
SVluJ44eOV1581q1,& att all tymes hereafter forev peaceably & quietly have ~,auytbZ5KKx2e9lmO,and att all tymes hereafter forever peacebly and quietly have hould use,84,58,11,0.36363636363636365
5QXHPGkXWezPug3e,whereof I the said Phillip Enos have hereunto put my,Can6yHzdv70dzpcz,In witness whereof I the said William Dighton have hereunto set,71,52,10,0.8
sU7KenthbnHZKFuj,the request of the said Sevanley did with him appear before the,WbD9vSK9HINEPIAw,at the request of the said Apperer did then and there protest even,65,63,12,0.3333333333333333
J2qLXsmQ2V0qV2uD,within mentioned Deed as witness my hand this 17.^th day of July 1684.,XStGH8IjmVWF0Oju,ever as witness myhand this 25^th day of June 1640,72,70,13,0.0
AEbv8xhtpF4F79zL,expended Item it is further Covenanted granted upon by & betweene the,wx8t1eB82PtoSfPP,first of April except boarding Item:_ It is further agreed upon between,59,69,12,0.0
CWGyJXyzMrnlakKn,2d die April To all christian people unto whom theis presents shall come ~,k1Iz3TosZk6xvAnJ,23^o die July To all Christian people to whome these presents shall come,86,74,14,0.5714285714285714
iGkrEhHmbfIhCSLX,By this public act and Instrumt of protest Be it known unto,eqF93vAKYa4aOeHr,By this public act and Instrument of protest be it known,92,59,12,0.4166666666666667
qhNgBuPc3mSsrbYK,servantes stocke and cropp or what is or hereafter shal be upon the,LJ1X9U8YCkrZOuJf,in maner and fforme as heareafter particularly on each of thei,53,67,13,0.0
5O1IEicLNIBPu1Qy,appointment the sum of two thousand one hundred pounds of sugar,QjQCogGz9JXVnTci,consideracon of the sume of two thousand one hundred pounds of,80,63,11,0.36363636363636365
gzUVxuOtiDLpmQLK,of warre bound from London to Jamaica that that he,Y3oobQmzvr3e9Xrw,doe Covenant promise and grant to and with the,52,50,10,0.0
VU5NsNdRsYsqDrlD,of the Parrish of S^t. Phillipp in the said Island gen,uOcRLyNteinukJHI,and being in y^e Parrish of S^:t Phillipps in y^e Island,69,54,11,0.7272727272727273
mAaCshFdYBaklxkv,the Reigne of the Kings Ma:^tie that now is over England,RMdJncAONlxdSTLW,the Raigne of our Lord Charles the second of England,59,56,11,0.0
iUo1aWbtDRUIBIy0,To have and to hould all and singular the before bargained premisses with th'appurtences,P9tEpZZRztDeSdkC,to have and hould all and singular the premises with the apurtenances unto the above said,72,88,14,0.6428571428571429
p6OtVV5wymSp2nXI,"above specified Exprest, Against their and every if their heires and",Vf0sgib9T70aFqO7,and either of them theire and either of their heyrs of,59,68,11,0.0
ga3ULsRukuu4pSKy,For Divers good causes and Valuable Considerati,cXcUcqwnL68TJbrS,Anndell for Divers good causes and valuable considerations mee,81,47,7,0.0
n9UFB4CBMVr0uNgM,1644 and in the 21st yeare of our Soveraigne Lord Kinge Charles his maties,XDoVOQ0ikJw07ZC7,of the reigne of our soveraigne Lord Kinge Charles &c,69,74,14,0.0
FrkKWbzQPMwjlko2,right title or interest from them In witness whereof the sd,vCaqnpSewqYgUady,or demding any right title or interest from by or under me or them In witnes whereof,71,59,11,0.7272727272727273
sKl7bTCqLZkzWMTK,shall refuse to pay according to the rate place & tyme as aforesd ye,NsgJafSyRKOw6NNh,aforesaid according to the purporte & true meaning of these,60,68,14,0.0
BUwcz5Ky6OhRUXv6,Judgements Execucons & incumbrances whatsoeuer had,gfJDEHzpqOersJ5E,sales or other incumbrances whatsoever and,67,50,6,0.0
xR8KCDXsXyGHA9k0,Humphrey Plummer hath sould unto Edward Humphreyes all his right title and interest in one,vHHSSNgBQUpEwQRP,Shipley of the said Island planter all my right tytle and interest of my share of a,55,90,15,0.0
10gOcS95oX0kSphL,appertaineing Warranting that hee y^e said Bartholomew Rees,uNFOlWymq2TFwvZC,appertaining or to any part there of or incident there unto or accepted,54,59,8,0.0
0ZEKS9pLg7MtFroD,now resident in the Island aforesaid Merchant,S3AJk4kwHIvQ8H87,I James Thweat of the Island aforesaid plan,68,45,7,0.5714285714285714
DhleKLK9m2SP3MYf,and did Depose That he was prsent at y^e Seali,sdxjeGwduy3dJ7mV,designed desire that the said protest may bee,57,46,10,0.0
gOlKOJwyCSiqdxxv,"mee thereunto moueinge , but more Especially , for",6yURfWu7pp8cajFa,me^e hereunto moveing but more Especially for,91,50,9,0.0
rPC4VZoIhgoYnCdQ,yeares and Six Months without and Lawfull Lett Suite trouble,BfxO9sCQpfPv3y0y,of lease granted without any lawfull lett or suite Trouble denial,66,60,10,0.0
EfSiVMeHrlSOPxeU,"Comdemns, Execucons, and all other titles, troubles, Charges,",wv2LBCroooQQHtQK,judgements execusions debts tytles troubles charges and,66,61,8,0.0
SUfGVwdgBo1evMXN,exonated and discharged from all former bargaines sales or ingagem^t w^tsoever together,B8SjIneOUrOSPmTx,exonerated and discharged of and from all form.r bargaines & sales had made,72,87,12,0.4166666666666667
E2PaFExaUJJ6X5tK,William sign James Leonard Harber W^m Harvey.,uvZBztPjmNra8jOy,William Steele Edward Fairehurst Jon: Edwards,49,45,7,0.0
KnlH3G7dTKJ7nkjh,ship from Boston in New England on thursday the Three and twentieth,XYRMCyIhVR5yX6a1,pounds of like money upon the three and twentieth day,58,67,12,0.0
bJEjzOhDWA5bPClV,said Robert Lea his heires exec^rs adm^rs & assignes in the Porch of,WQDQfvJci37NaVKb,and ye sd Geo Soley his heires executors adm^rs & assignes that he the,70,68,13,0.0
CF89W3oPEuK6tMmZ,every parte and parcell there of unto ye aforesaid John,J5KfNh4GYWEscu03,and every part and percell thereof to the said Capt:,75,55,10,0.0
kinToK3L1ZH5106k,"Sealed Signed and d""d in the prsentes of",GjteTqbIfCciHqBe,Sealed signed & delived in the prsence of us,79,40,8,0.0
aNZKsgtFwmNINTe5,whatsoevr had made or comited by me the said John Tunpkins,2GVTk6xsn89eHnZ0,whatsoever had made comitted or done by the said Richard Seawell his,68,58,11,0.45454545454545453
4s5B9C1BXqjGhjTR,Sole Notary Publique in the said Island William Condy Comander of,isacZcS4VRQjbIzQ,Notary publique in the said Island M^r. James Whitcome which,66,65,11,0.36363636363636365
x9BUUW3VkWBq4glW,the receipt Have Given bargained Sold & delivered and do by,IVK2rYz13o38mI95,of these presents have given granted bargained and sold and by these,61,59,11,0.0
3n99KD4mXt1xgmRQ,Same Island Merchant The receipt where of he,p8C0lWrzQrXuZzas,of the Island aforesaid Merchant the receipt where,72,44,8,0.0
O0YfVSIrZ6xGe3yo,or the premisses thereby assigned In Wittness -,HTQfHh6gZ9MNrlJh,the pemisses granted bargained and sold in These,59,47,8,0.0
uBxQjLV72cV5ZyOd,be requeste or expedieut to be done as fully and effectually as brought,Nm5HMMlasx2ESS15,done as fully and effectually to all intents and purposes wtsoever,53,71,13,0.0
Ed3OLL8NeE4mGh3R,"the said John Curtis doe here pr""mise and grant for myselfe my heirs Excers admistrs",v4NN5l9IwwWWp6xR,Robert Filkin doe have promise and grant for myself my heires excrs,70,84,15,0.0
cWz5e9hoNbarxPH6,Hereof To be by the S:^d William Rawlin his Exec:^rs,G60ly3eQ50XebPmu,forever & the sd William Drax for him his heires Executors,58,52,10,0.0
LPgcPgsRXD3oKPQR,"lived, which formerly was the plantacon of L.^t Coll:",fvHJi4UUe1H39D9c,Have & To Hold the sd plantacon together with all &,52,53,9,0.0
CV4viruPYWcHYAP0,of Eighty & eight yeares from the day of the date hereof To have & to hould,3dH4nxyz4Mf03Wby,& assignes from the day of the date hereof forever without any cause,66,75,17,0.7058823529411765
kBCuWh1VPhYNNFBq,me them or any of them as alsoe freely & cleerely exnated,UOgcxLnMrURIguaX,"and assignes forever more, and free and Cleer and freely & Cleerly aquitted",58,57,12,0.4166666666666667
xMO15SbHjAITbaMd,To all Expian people to whom this prsent.,dqZ9oGgZDCNM4VG7,To all xpian people to whome these presents,90,41,8,0.5
WoMRbyY6qYZKc9KU,bargained & sold my halfe pt of twenty acres of land wth,LtNd5vIXaEDG5EKU,give grant bargane and sell unto the said W^m Yeomans twenty acres of land with,64,56,12,0.3333333333333333
TKYZwRg2spCQaVrm,"& or any wise appertayning, to the said Margrett:",fIuNZkbAnb2qhywi,maner of wise apperteyneing to her the said Allice Smith,65,49,9,0.0
z9yfA30TQ8l4K116,any persone Claimeing by from or und:^r them or any of,zIfY4PPeIb510QCR,haveing or claymeinge by from or under mee or them or any of them In witness,66,54,11,0.36363636363636365
nKV1PcUwCTNIyy7i,Everlasting Know yee that I the said James Ho,kHaLisghwau0bPN9,Lord God Everlasting Know yee that I the said John Ham,81,45,9,0.6666666666666666
G1cw9x5B7stZeLKV,"Edmund Cole, and Acknowledged the (within Instrument",XwfESp9Qk3ILwfrw,and acknowledged the within Instrument of writing to be his vol,64,52,7,0.0
9Bb67GcVWLcgcf6s,other pte Witnesseth that the said Captn: James Holdipp,E8AKQyIb5POysx2T,other parte Wittnesseth that ye said Tho: Sandiford,72,55,9,0.4444444444444444
FUO0E7y7dkKS7MeX,absolutely give grant bargaine and sell unto the said Eliazar Cock -,tVvovXkeGOhHGm5X,there pnts absolutely gus grant bargaine and sell unto the said Thomas Bassell his heires,70,68,12,0.75
VcwPYC2DK3Hc8z0Z,and manifest unto all christian people that upon the four and twentieth,YlBIWy3Rfjav87TL,and manifest unto all christian people that upon the three and twentieth,95,71,12,0.6666666666666666
yUYGN8kyJycXk6vK,with the plantacon of Capt Houldipp comonly called Locust Hall with the halfe of,oRKzLbru2nVXQL3l,"the plantac""on of Wm: Land all windward and to the Gulle",53,80,14,0.0
KbhzXTpKMrULcWWf,Articles made to Andrew Holdipp gent. from Thomas Evan of the,i6NZonvNHVrCZtkk,the same to be recovered against him them or any of them,55,61,11,0.0
Y3oobQmzvr3e9Xrw,doe Covenant promise and grant to and with the,34eJBM0tG0tzRDsD,wife doe covenant and grante to and with the Saide -,76,46,9,0.6666666666666666
40BA73h3XoVP2M7a,Island aforesaid Esq^r for a full and valluable consideracon in hand already recd,9pnLwddsFM41PREs,this Island planter Have for divers good and valuable consideracons already received Have,65,81,13,0.0
b0LWNTNL1OnV08EH,"thereabouts , w^ch land w^th all the Wood and Tymber",78OwFiWiJODdTmkj,the Board Path and other storehouse wth all the land there,55,52,10,0.0
tgsptsz5klZGbVFq,"before the Ensealing & Delivery of these Presents,",pvc9AiedHsceu3E2,"before the Ensealeing and delivery of these p:sents, well and",81,50,8,0.0
JJEqtKwXTzVi23Qh,said Michael Cooke together with fouer men servants and by for the full terme they,HYZAZH2isRdweAyw,of land with five men servantes and one maid servantes for the,54,82,15,0.0
RBJFdw8PQyYHuSAA,unto Robert Bridges quit: living in ye Island & pish as aforesd his heires Admrs or ass,cC6ZKPmuMEGj9dCg,& Charles Wilson to have and to hold to ye abovesd Jo Gunning his heires Exrs Admrs or ass,55,87,17,0.0
qqH40JvsIEX8vpgh,bargained p^rmisses to the said Thomas Batson his heires,tDuwGdmcNOag7zH7,bargaine and sell unto the said William Gibbs his heires and,67,56,9,0.4444444444444444
Dxd4MRxqBvRsX0bI,before and as hereafter is excepted) shall be clearly aquited Exonerated,3LoqBuSdlWFuG8Bd,"that ffree and Cleare and ffreely and Clearely acquitted, Exonerated",63,72,11,0.0
FGqBCNFdUaJPUobP,"and appurtences to the Said premises belonging or in anywise apperteyneing, as",hQHVQyXkT7SG6OyL,the said messuage or tenement belonging or in any wise apperteyneing,70,78,12,0.0
qrPO3YNO1TAzSpQM,and Deliver the above Deed as their voluntary Act and Deed . _,4BOXvhynMhDkEgXv,written deed as his voluntary act and deeds ~~,65,62,13,0.0
MHvB4Riv5FwWmk86,prviledges comodities & advantages to the same belonging or in any wise appteyneing,ovO0ctCAoK4kInXO,ponds privileges commodities & advantages unto ye Same any ways ariseing,71,83,13,0.6153846153846154
zhUVL8RjnCjRrWua,aliened conveyed assured and confirmed and by these presents doe for my,3NQ6EnkaYonf7ZNj,aliened sold enfeoffed and confirmed And by these presents doe fully and,77,71,12,0.5833333333333334
BPYvK2g5H6con53S,prnts that I the said Richard Gregory doe for mee my heires exers and admnstrs bargaine,65jDI4xojsOUl99y,plantacon And that I the said Henry Chubb my heirs excers adminstrs and,65,87,16,0.625
xfH9BNTuAZfoQtrd,for himselfe his Execut:^rs Executors & Administrat:^rs Administrators Doth -,zqNBDtgLNfzcuT5R,myself my heirs Executors & Administrators in the penall,65,77,10,0.0
C3A7RlNAwd2EZsR3,and date of these presents without any of ye lett -,KFljH24u6I1SjRxJ,day of ye date of these presents) unto M^r William ~,62,51,11,0.36363636363636365
8L7LqwrQ6ULrVMCj,himselfe and M^r. Richard Guy W^ch Appearer then,eventWQyxdITQAuS,the said shipps hire the said Appearer further,51,48,8,0.0
0FDQ9zYT3uCi0uV9,& duties for the same the said land being pte of Twentie acres That I,lZWmq53ACO6Ng3Ok,boare that is thereon the said plantacon being in the whole tenne acres and,63,69,15,0.0
JU0SngC9joWB43Oz,by vertue of a warrant to appraise a percell of land,MRBwBI4V3OJ1WOFY,in or to all that plantacon or percell of land Containin,56,52,11,0.0
Qym0HswizLA6Lsrp,when in the said Cubitt was obliged to saile after his departure from,obFSTrgCKK9PAurA,with the said Capt and Thomas Bright their heires exers,53,69,13,0.0
0EGwwN5J2iZeCBOy,there fore this appearer hath as will for him self and company and owners,j6eS8tpWzt0nIOg8,fore this Appearer as well for him self Company and owners of the said,77,73,14,0.0
WWHAYoiZBA6A5D82,tyme of the said tearine above lymitted as she may bee conveniently Ended and,WYhUkxAQvj6pYEnq,of the aforesaid some of money the said good to be conveyned to the said,54,77,14,0.0
EJdMU1iWEarxip2G,Jones and preduces which hath shall or may be suffered and sustained,h1oa0yGP99A3lqcY,Damages and preducies which hath shall or may accrew or arise,73,68,12,0.0
p4fRXp9utROMSbhs,quantitye of tenne thousand pounds of cotton to me in hand paid,ObzTNx6ou067rS8f,summe of twentye thousand pounds of cotton -dated the 4^th May 1640,68,63,12,0.75
9WYpEyDAJEsbq3jb,Christchurch adjoyneing and abutting n the lands of Robert,svwSsbUP8rjhbaht,Scituate lyeing and being in the parish of S^tt,61,58,9,0.0
68CNOhib0Ck65VUc,negroes and Cattle to Come and Pass in by & through the said,JzAWIcVQ9v6JccdT,promise and grant to and with the said Robert,57,60,13,0.0
Pz6xt3fTfT158osa,This 21^st day of Aug 1667. personally appeared before me the above,HNaxXJWmBAJmsJjy,The thirteenth of Aug 1667 personally appeared before me the within,76,67,12,0.4166666666666667
BZDBBS8zWdSNfLhM,"on Estate, in ffoe Simple to him and his heyres or for Ever",Z6EiolVSRmaaEaJA,p:^rsents doth for him and his heyes enfeoffe convey,56,59,13,0.0
n12ujfTp9wzGdRtq,Entred the 17^th To all Christian people to whome these presents shall come I Michell,BfeqoxfMcUy7zNPH,Entered To all Christian people to whome theise persents shall come Know ye that I,80,85,15,0.6666666666666666
3HXJGaaSpaav7mDI,from henceforth absolutely for Ever. And I the Said -,lTIZ0gVim1eimMj4,from henceforth forever to and for such only use and behoofe as they,55,53,10,0.0
8RFbyc9FW5fEqIff,"where of we do acquitt and discharge the said Peter Hancock, his heirs",WFsBqumW7og8BW3r,acquitt and discharge him the said John Berringer his heires,68,70,13,0.0
FQJmZRFAvKe4v5n6,moveinge doe hereby for myselfe my heires Executors & Adm^rs,XxPL1BKkQWc5zzQ9,of Barbados gent for my selfe my heires Executors,70,60,10,0.0
78ZIDnWZB1mfqKmS,which Shalbee in the yeare of our Lord one thousand Six,h4sjsrlBXaEYWHeL,first day of April which was in the year of our Lord One thousand Six,76,55,11,0.7272727272727273
CAx2gZonvl1KsMxE,selfe and as Attorney to Dame Elizabeth Rawden,hKEIOZXLyI4eiyzA,"Deed, the said Elizabeth acknowledging",55,46,8,0.0
q7lH9zMKOb4UUQ0s,To all that shall see these presents had re them to he reade S^r Richard Chiverton,iGw8dBFykxhv6Rp1,To all Christian people to whome these prsents shall come I John Richardson,59,82,16,0.0
QsoYWbDpit1yQBXH,ove~ name Judith Powrey appeared before mee,Qors7XZio5ZJg1Bl,Anno Dm 1667 psonally appeared before me Will,59,43,7,0.0
xvJpYswwN9v41x7B,of nineteen thousand nine hundred pounds of good,pVGFW0NPc1GUemR8,foure thousand and ffive hundred pounds of Lawfu,71,48,8,0.5
Pl11tq5T0vtV08Eu,and assigns warrant and forever defend by,yDOQHhRfQZ0bIZ87,warrant and for ever Defend by these pnts And the,62,41,7,0.0
DD6YIXesvysCUs1p,Mashart doth bind himselfe together with two sadle mares one,niiVoLq5ygigkTJL,as aforesd either by himselfe or some other able pson or psons,56,60,10,0.0
AkJJOESrS25phQ8j,Witness thereto required Michael Martin Joshua Notstock Richard Clay -,TtNZPHaQ0Jt7Qg84,Witnesseth that the Said Nicholas Blacke and Nicholas,50,70,10,0.0
HuV1H1NtMy4eClgx,unto ye said John Higinbotham his heires executors,FWiyneKLYWwV5Py5,unto ye said Captn Jeremyah Hame his heires Executors Admirs-,70,50,8,0.0
kA6SRqHGeavSbpLf,therein Conteyned bee any way prejudiciall to the right,JHBUYcVNBRLiuX8o,therein Concerned for all wrongs priudices hindrance,56,55,9,0.0
p8C0lWrzQrXuZzas,of the Island aforesaid Merchant the receipt where,3n99KD4mXt1xgmRQ,Same Island Merchant The receipt where of he,72,50,8,0.5
NrkJehwID4U6zvcK,limitation of any use or uses estate or estates,wUNf4UaoHvltj2Ey,plantation of Bassenborne wholoe westward two third,55,47,9,0.0
y0fN5ASPOufNzzkE,"exonerated , and discharged or, otherwise from",XDODdFdx2bCbNx8P,"accquitted ,exonerated and discharged of and from all and",64,46,7,0.0
XKlA6epXFRg4vbsR,in my name and place all and every other act and acts requesett to be done in,sqmcbNfd8MQ51n8M,seale and deliver and all and every other act and acts thinge and things decree,64,77,17,0.47058823529411764
sqkfI0jMQKIEsFH6,above written I the said Francis Comtone doth bunde into the said W^m,7sHtBcoTymHoL0zT,the bodye of the said Thomas Morley on the bodye of the said Mar,59,69,13,0.3076923076923077
iFSqEaAMW62x9pZe,and grant to and with the Said Girles Duboies and,Jw7OQBmnEwK3GSUr,and Grante to and with the Said Walter : Harding,74,49,10,0.7
7rzBetUtECB7fGPW,and doe by these presents for a valluable consideration in,XjXPcxrzrDPZ6vt1,that Hugh Bankroft of this Island plant^r for a valluable consideracon,63,58,10,0.5
zEiQLXkxt7n3XO3u,procurements and now I the said James Townes hath sould with the,d9EJFpa42vRmLb2c,To Have and to Hold the Said P:cells of Lands with the,58,64,12,0.0
UoyBxnNCPHHwHCZt,"belonging to them, when Each of them shall Attaine to the Ag",Sq9NjdoeEOwNequa,belonging to the plantation pf the Said Robert,58,60,12,0.0
H4klGVFJaF6mNdc6,"hereby granted , bargained and sold, or meante,",zOYUxc4wvhKgQ0VZ,hereby given granted bargained ~ and sould aliened,76,47,8,0.0
pc7lfmzFeAdPppGt,That they the Saide Royall Affrican Comp^a at y.^e tyme,sRPnjJlo4MemiQTe,and alsoe against the said Royall Company,52,55,10,0.0
simfQ8IiScWS2y7H,Richardson which is now or was late in ye tennor,BdpTOWKA3SebIrY8,whatsoever wch I now have or at any times here,55,48,10,0.0
qISmAlIf3V8mshoY,of me the Said John Redman my heires orassigne,YP6Oku21gFEsOIwB,of mee the said Thomas Reade my heyres or assignes,79,46,9,0.0
3KPWRokCeZ2csbuq,know ye yt I ye sd Tho Warmull for divers good causes & other valuable consideracons,GvOh4O9I6ZW0Xzlz,& Abraham Symonds for divers good causes & valuable consideracons,70,84,16,0.5
h89NNviMIb8UbZyf,ye sd Jo Barker & Hugh Addison have sett to or: hands & seals ye 20^th -,OOTo1bjmAqWhSOBM,Barker & Hugh Adisson of the Island of Barbados aforsd,56,72,17,0.0
spkBD9q4ItBrOoeX,and freely and clearely aquitt exconerate,X3OwvQCMDOZbUDMY,"and Freely and cleerly acquitted ,exonorated , and",79,41,6,0.0
yhc6bG1OMQ3J6ZRE,so ever and how so ever and did also pay or cause to be paid to the,Tnz6pJuXsyDIPwtq,In consideracon whereof the said Peeter Halloway is to pay or cause to be paid unto the,66,67,17,0.35294117647058826
hBYdzQXYqQ2VqZLc,often good and valuable causes and considerations,8vVrwu3hnNXh5K9A,for and in divers good causes and considerations him,69,49,7,0.0
djN5Xq04IWatSBGH,ccon disturbance interupcon Claime or demand of,gQKyaXjubNUTQjFb,all the right title interest property claime and demand of,55,47,7,0.0
T5PNDHJGtw2GOTUF,Secretary haveing heard doe protest even as by,GBtoxJZpbLFuomSy,having heard did protest even as by the,78,46,8,0.5
3HolfvkK7cd19Fse,and about the only dayes arrived at Eowiffe and,au6o6wuP8GHi2n6q,doe : fully and absolutely grante bargaine Sell Enffeofe and,56,47,9,0.0
iAmP4ZHpOZIYbyYT,binde mee my heires exers or admistrs in the penall summe and forfeiture of thirteene,2e51ZE8RxlaRFRgz,myself my heires exes and adminstrs in the penaltye and forfeiture of the some,79,85,15,0.6
OEK432MiDgO67vSz,his writeing or bill of sale bearing date ye eleaventh,8MP11YZ0hPpCfAYu,writing or Bill of sale as their act & Deed to the use of,61,54,10,0.0
yWbHef45aDgsMVl6,my meanes or Procurement. In Wittness whereof I the Said,YbLF36erPdJAmpln,consent or procurement in witnes whereof I ye said -,74,56,10,0.0
mRWOIsDzWyMf4MZw,gained premisses with their appurtenances unto him,nV9uf9nuPBUmRTso,menconed p:^rmises with the appurtenances and eve,75,50,7,0.0
0MyuuckTr7Vk5Tf2,to his and theire solee proper use and uses for,x6JKQw64SWnIhuE1,his and theire owne proper Estate and Estates,76,47,10,0.0
ZyAi3AlpuSWKy7ax,execucons extents statutes staple and of the merchants and from,xbxZLBlxD2eKD5yb,"execuson dues, duetyes demands and all other incumbrances whatsoevr",54,63,10,0.0
Y1yJ4jTNbVxTixzv,These are in his Majesties Name to will and command you to,ajJvgyjk7wLWp0OA,Theis are in his Ma^ties name to will and comand you to make a true,83,58,12,0.0
BBCgqIvo7oQmXhFW,Entred the 2:^d shall come I Joseph: Warren Marshall of the Courte,KxwfelTXDqEqW4CP,To all to whome these pnts shall come John Machen of the Citty of Bristoll,56,66,12,0.0
3d7lglLZeIkmAm2E,This 16.^th Day of December 1676 M:^r Benjamine,f0hic7FbgHSQbSvO,This 25:^th day of November 1674 made oath,61,47,8,0.0
ofAeh9EDA25ICi2M,Estwicke onely excepting what pte thereof hee the said Richard Estwicke,bvNtQfVwBFheDCun,Eviccon or hinderance whatsoever of him the said Richard Willi,60,71,11,0.0
sqmcbNfd8MQ51n8M,seale and deliver and all and every other act and acts thinge and things decree,o7KX7MePvy6TVVUy,fullfill and accomplish all and every lawfull act and acts thing and things,69,79,15,0.5333333333333333
YVntXQMkEyAJdKOH,upon demd unto ye sd Owen Williams his heires Ex^rs Ad^rs,yfKqf1eO0IYWmMRb,unto the sd Constant Silvester his heires Executors Adm^rs,64,57,11,0.0
TK1QseQdnBFuH8ay,Easteward on the Streete and boundinge westward,gCijUesXvSuLpTEB,Edward Port on the north the lands of John Carson on the west and the,55,47,7,0.0
y9ZeBn5riflvsxbI,Heathcott shall give way he having notice thereof Wittness my hand,UAS7vx8koKgEXRb0,thereof In witness whereof I have hereunto sett my hand,55,66,11,0.0
QjCIsyNKCmnR4utK,him the sd Thomas Hart his heires Executors or Admrs forever have given granted,kIvmIzm3gauOcuZl,premisses unto ye sd Tho wave his heirs Executors & Admrs forever,67,79,14,0.0
YCP9HgrBKwpLup0X,Luceys and Island abovesaid Send Greeteing : Know yee -,gOSvNjpr6SBzuje2,"and Island above Said Send greeting, and Know yee that I the",75,55,10,0.0
RK0I7kFhJjASu94X,Annoq Dom: 1641------ Whereas the above bound en John Greenhill,Qors7XZio5ZJg1Bl,Anno Dm 1667 psonally appeared before me Will,48,63,10,0.0
K1fvJx6TQtPk0ool,one musketts & bandeleers together with now upon the plantacon,n8zeIymEgvK9CO5t,Haynes and Matteew Halery leeward and windward butting upon the plantacon of,57,62,10,0.0
0CCrVKAom8EK53jj,"Please to pay to Cap.^tt Thomas, Woodman or ord.^r One thousand",h4sjsrlBXaEYWHeL,first day of April which was in the year of our Lord One thousand Six,53,63,11,0.0
H9jmm42cKDbfMZLI,the Island aforesaid on the one part & George Henthorne of,5RbF9LQzXtURcpOO,the Island aforesaid bound upon the lands of,67,58,11,0.0
D6VOiydlgneQGSbB,be borne of the Bodies of the said negroes dureing the sai,cUWIqCRu02vxCRFp,to the times of this protest being the da,65,58,12,0.0
FBSkhm8rAWfzrRye,part thereof Cut from all Actions Eight Estate Title Interest and,whKg2IDhBi2IKCtC,"his or theire meanes, Actt, Consent, Title, Interest, privi",55,65,11,0.0
urBljT2akekmVUFR,from all former guifts Mortgages or duties or other Incombrances,VVIZM5oForBFbyvQ,& that freed and cleered from all former sales mortgages dues avearages of dues & other incubrances,61,64,10,0.0
gcoZoTE0XUST4daI,Jn^o Moodye or his Assignes all our right title and,2ozi1Own8zA4ADUC,I John More doe assign & sett ovr: all my whole right title & interest,58,51,10,0.0
jVzFYObHIdSw2cev,Acres of Land with the appurtenances and all and every the,Gk6JNu4U4YradfFH,acres of land with the appurtenances as aforesaid unto William Lees,70,58,11,0.45454545454545453
IhAEG37ayOy9PrQo,Plantacon of W^m Russell and Richard Robotham now in the tenure,oRKzLbru2nVXQL3l,"the plantac""on of Wm: Land all windward and to the Gulle",57,63,11,0.0
Rscke5x07F8infT8,Gent: Deceased for divers good causes me thereunto,oQW1edazs9RNntXU,I Thomas Burke for divers good causes and consideracons me hereunto,67,50,8,0.5
mAl2HLzOK45yVqTY,and Rebecca his wife sendeth greetings in or Lord God everlastinge Know,wvyfJmj08BUj1fnI,"and Jane his wife, Send Greeting in our Lord God everlasting -",81,71,12,0.3333333333333333
65I6eUyKmYrULhaY,and the said Christopher Jarson doth hereby Cou,9Gf8JfyQEf5FCQgh,I the said Christopher Cotherington his,65,47,8,0.0
dUkR6ecLp7AFUU7A,St Johns in the said Island butting and bounding Easterly with upper part,TBQu96WK3Sla3Yk9,of St Peters in the aforesd Island & buting and bounding upon Anthony,65,73,13,0.3076923076923077
EGV4gzx5BaHH9d4R,"without any Lett, Suite, trouble, denyall molestacon or",asclvS0ZVIPNVGJe,"without y^e Lett, trouble , deniall, Molestacon or disturbance",75,55,8,0.0
Rz92ZJxfYzaqIhDx,lawfully clayminge or pretendinge anie right title or interest therein And for the true pform,PpgsNe5muFCvNQtS,lawfully clayminge or ptending any right title or interest belonging to the aforsd,81,93,15,0.6
m0Nv002bd8eyHdNP,To all xpian people to whome theis presents shall come Henry Ricroft,zqaHoco80CpzaBd9,To all Xpian people to whome theis prsents shall come Henry Weston an,88,68,12,0.8333333333333334
061vly0ox61zcjjM,or howses w^tsoever and to make a bill of sale in his name as an attor-,Y9GsTDYv2epVWqXc,To have and to hold all those three acres of Land more,53,71,16,0.0
d0GDhxyZqWPEIPWo,and to hold the aforesaid ninteene acres and a halfe of land and,WivHrN13bDm2tjco,and to hould the aforesaid six acres of land together with all,68,64,13,0.3076923076923077
tJBAEfHAq8rj9BiX,Sealed Signed & delivered in the pnce of us,GjteTqbIfCciHqBe,Sealed signed & delived in the prsence of us,92,43,9,0.6666666666666666
j3NPdohPclRG3CLu,assignes for ev^r w^th out the lett trouble suite hindrance or molestacon,8iVnzNdozl0VJM1e,assignes forever without the lett trouble molestacon or incombrances of me,75,73,12,0.0
qAEKZsb6Wo0XBU2B,also for a valluable consideracon by us receipt whereof we doe,xEqGh8DbayZAz92g,planter for a valuable consideracon already received Have given granted,65,62,11,0.36363636363636365
qNxW3f6K7nxd0P43,I have sett my hand and seale this 13^th day of January 1640,cvRG47ZPbT7j6O8H,hereunto sett my hand and seale this 20th day of July 1640,83,60,13,0.46153846153846156
7GXQHqiSuL9LwLN1,then for me and in my name undsteede to sell put of and dispose of all my,nNMe9jKOFgZajX3t,attorney for me and in my name and to my use to aske sue for leavy recover,63,73,17,0.35294117647058826
t6eMEwn0Ed8Rd2Bp,the said two parcells land with all the profitts,z007TdpNyPWCai6W,and to Hould the said sixty acres of land with all the profitts,76,48,9,0.4444444444444444
C3NGmXzmerBkRt83,ye sd Jo Collier his Heires Exec^rs admrs & ass shall & may at all tyme &,z2i2sdx5J9daTJ0w,W^m that he ye sd W^m Hargrave his heires Exrs admrs & ass shall & may lawfully,68,73,17,0.23529411764705882
kJyoGf9h9bwa8iT3,Franncis Pearson Thomas Panton Tho. Godwin,DoCgLHZTPOxW7RRh,and foure Betweene Thomas Sandiford and Tho: Martin,52,42,6,0.0
aFm4oxbaATq2SuXu,Upon the Lands of the aforesaid Tho:^s Thomas Nevinson,HEbMU8OlL2vgARkJ,"upon the Land of the s^d: Nicholas Campion, East upon",64,54,9,0.0
kQq367x1H50H34pB,the Said Island Cooper for and in his owne behalfe,mUep3DpDetxco8e1,of them ye said Christopher Lyne and Elizabeth his wife,55,50,10,0.0
IDAdn1Ay5XL8Sb24,and Francis Pearson with all profitts and commodities thereunto belonging or any wyse appertayneinge,jwPso64RyR4T05hF,pfitts and advantages whatsovr: thereunto belonging or any ways appteyneth,62,100,14,0.2857142857142857
gWRa8FIM2RcOEIBK,Hundred pounds of Sugar P Acre which amounts to the Sumee of,Fwg9lqEBraadyHCv,hundred pounds of good and well condiconed tobaccoe made up in,56,60,12,0.0
uf4PQjnhe0vqgOeh,and his wife and ould Mary (three Christian,2tqVGDygRZva0TWs,granted bargained and sold and by these presents,57,43,8,0.0
qncg5yvO1wBZioGJ,hundred pounds of good mchantable tobba in hand received-,quoguynXdMpa5XZE,twoe hundred pounds of mchantable Tobaccoe already had & ~,66,57,9,0.4444444444444444
RjevXoIyhg9vhhf6,the Parish of St George in the same Island Esq:^r,VU5NsNdRsYsqDrlD,of the Parrish of S^t. Phillipp in the said Island gen,68,49,10,0.4
d0ZninoI7QZwZqpC,use and behoofe of the said Robert Porter,jIz3HVEOkYUP2Ojd,use and behoofe of y^e Saide Richard fford his heyres,68,41,8,0.625
EoC5ibXpPFyo8JGP,the appurtanances proffits and Benefitts there unto belonging unto me,dUX2tnyHkZEuzGqL,the appurtinances thereunto belonging according,66,69,10,0.0
XRiZ1QYwCM4upYwB,wharfes by the Seaside in the Towne or parish afo,OkjmIPbenQC9clb2,and Effectt of the Said Deed in the presence of us whose,57,49,10,0.0
uysChF10CJqcf97M,that the said Thomas Chapman for and in consideracon of nine,PNOo6fDmqS2kdzNB,that the said Nicholas Chandler for and in consideracon of the summe of foure,76,60,11,0.45454545454545453
7varDbZka3xNRyXG,Lord Gov^r or otherwayes and for the p'formance hereof we the said,qTlaVvYsKRWmlN2O,or to the prmisses or any pte or pcell thereof and for the true pformance hereof I binde,62,66,12,0.0
8XFmoijes2YgGXI1,watter tubbs and a Mabby Tubb with halfe of all p'fitts and comodities thereunto belonging,zFbyRBlwn6lrrC4j,taw howes one axe one bill with manny other withall pfitts and comodities thereunto,64,90,15,0.0
dTlQQMrb1oFxnwOS,Lyeing and being in y^e. Divission of New North Sound in y.^e Island of,XjbjE7dBhxNkEoJF,lyeinge and being in the pish of St. Lucie in the Island of Barbados,65,71,14,0.2857142857142857
3vO4uEV8rlfzUrpu,yt ye sd Robt Harrison is for to have his diett wth ye sd Jo. :,cJdOKPGNYChD5oPo,that is y^e said Robert Hollings shall be minded to Learne off,50,63,16,0.0
Can6yHzdv70dzpcz,In witness whereof I the said William Dighton have hereunto set,c7ij8vKOZM6MK3zy,role In witness whereof I the said William Jarvis have hereunto sett my hand,82,63,11,0.6363636363636364
vVClo8Ov9OdfNrDn,"In manner and form aforesaid , And that the said peece of Land -",QrEjY256VfDhW7ks,"manner and form aforesaid, and that free and cleare, and freely",74,64,14,0.0
PBQMm03hngY2z53t,use and behoofe for Euermore In wittnes whereof the,UYN9Yx3NPymueZXJ,benefitt use and Behoofe for Ever more and that,65,51,9,0.0
od6jHCuZCrcwGNW6,merchant on the other part Witnesseth whereas the said William Barron,BLvb21REZlvMlwcg,Gentl: of the other part: Wittnesseth That the Saide Thomas,70,69,11,0.36363636363636365
i6m0LHT6t8Ftl047,John Burch comander of the James of Bristoll the sume of three,Lsheu7397XAncjLu,one hundred pounds and fiftye of Cotton neett for the use of the,56,62,12,0.0
gICNJLE4AXopRWci,"to be signed Sealed, & Dilivered in the p^rsence of two or",nRvxGECsX83w3iAn,Signed Sealed and delivered in the prsence of us,75,58,12,0.0
sD9kN7kTIsll1TS5,and interest of this within specified bill of sale and all other thinges in it,6gVBMZZe0au2ocjg,"of the within written bill of Sale, that if the within mentioned",59,78,15,0.0
IfQTg5dN4VAxNJtQ,of the said recited Indenture against the said Ralph Wyatt,3zCEGsG5e1Bwlrqq,of the said Island and sole Notary publique in the said Island Capt,59,58,10,0.0
kGAO73ocDQVbDHfV,"being and all wayes pathes, Water Watercoures Lights",EG5bhQ7Il9brYnp1,building Copps timber & timber trees waters & water courses rights benefitts,53,52,8,0.0
KxwfelTXDqEqW4CP,To all to whome these pnts shall come John Machen of the Citty of Bristoll,NqRJ4Da8BPR8Pd28,To all Xpian people to whome theise prsents shall come John Shakerley of the,69,74,15,0.26666666666666666
7gsNzoZwubfLnxn5,Att tenn dayes Sight of this my first of exchange my nor,dHlov1obK7FBBM8Z,At thirty days after sight of this my first bill of Exchange my,76,56,12,0.0
tnojrMXUYhPmwFDK,any of them fifteen acres of land (vizt) that plantacon where upon I now,0aJY5MmeUQLNjuQ0,Island planter all that moytie or one halfe of the plantacon whereon I now,59,72,14,0.0
umDbhVoPETzSVb98,possession of the Land thereby granted and,nHG8uqzC6WToOtUF,menconed or Intended to be herein and hereby granted bargained and,59,42,7,0.0
wZqvr4MS4rJaH8mf,I Morish Ronan doe hereby certify to have delivered possession of tenne acres of land unto Thoma,NI3oKisI2sGeobat,M^r John Forde which were lately in the possession of M^r Thomas,53,96,17,0.0
ZUQxCgjLb3UgvTdD,said Jon: Smith doth hereby covenant and prmsse to and with the said,34eJBM0tG0tzRDsD,wife doe covenant and grante to and with the Saide -,68,68,13,0.38461538461538464
gSRuO29rOsFt1Fpp,of them freely and clearly Exonerated Acquitted & discharged,EHBoK6f9thISpuLc,and clearly exonerated acquitted and discharged of and,74,60,9,0.0
O1MRN1WeBLwo8w7W,"his Horse at his Comand and his Negro, his Horse",MZC9yfhWyyiXUIzB,hereof as wittness my hand and seale this seaventh,55,48,10,0.0
SmE8ZgCY5IPxdYOV,pforme the articles of agreemt that the said M^r Nevinson hath signed,yuGDloAptWehcqI2,before the expiration of the demise that then the said John Leslye,58,69,12,0.0
exmvmM2zho1BUFrW,-ing by from or under mee them or any of them In witness whereof I have here -,peaK10AjWlEViVHS,onclaymeing from by or under mee or them or any of them In witness whereof,79,78,18,0.7777777777777778
JtHEKW0GOMAVmfKB,and soe god send the good shipp to her desired port in safety Amen Dated,2a3w6Toe13fcwRJ8,Land belowe the Rocke to the seaside path in breadth but two,55,72,15,0.0
SuH6wMIGnSgQ0cpc,sell alien enfeoffe and confirme unto the said Christopher Novison all that,WbWUD9VaX1QumiRz,sell alien enffeoffee and confirm to the said Thomas Ellacott his,74,75,12,0.0
lUhwVOKwIsPf6OFr,marchantable tobaccoe or residue of the said seaven thousand ~,ONac7yn5Sh7sa5pQ,merchantable cotton or tobaccoe to assure to the said Arthur Bronce his,65,62,10,0.0
DA0BjbsDhKyaLtcP,the Careeby Islands for mee and in my name and to my proper use to demand,nNMe9jKOFgZajX3t,attorney for me and in my name and to my use to aske sue for leavy recover,64,73,16,0.375
qoL3WcLueOM1vz4z,"heretofore had, made, comitted, Suffered, or done by the Said -",G3iB7r2iLw39gGvl,to be had made committed or done by ye said John,70,63,11,0.0
q8AUesKCruMFPLng,unto Owen Williams of ye aforsaid Island gent his heires Ex^rs,5IgPYtsrksWJ32rj,being unto W^m Morgan of ye same Island planter his heires,62,62,11,0.0
D7Mhgjsq5lfeF2x6,and sedule bearinege date with these prsents Witness whereunto I have sett,Yid6ZCdtNOBegRdJ,the premisses by vertue of these presents In witness whereof I have hereunto,64,74,12,0.0
vpZXxoDuVhSpCU94,clayme to the prbargained prmisses contrary to the true meaninge of these,CGbZE5Gjmv7EU3Ht,Applewhaite his heires exers and assignes accordinge to the true meaninge hereof,60,73,12,0.0
IV1mn6z8vNWCtF4c,p:sone or p:sones whatsoever; In Witt-,xYEOjcHbjs8hbYsf,p:sone or p:sones whatsoever Claimeing or pretending to Claime,66,38,6,0.0
PukGWHlmh8njNNBF,"of God of England , Scottland , ffrance and Irela",L17n22GA39IkEJYq,of God of England Scotland and France and Ireland,88,49,10,0.4
R2KvElU31GpMCHma,teene acres be itt more or Less scituate Lyeing and -,UP0tYruDR5PQq3Zt,of land be it more or less scytuate lying and being in,71,53,11,0.0
B58v1KtVMfQW2IAI,personally appeared before me the within named,HNaxXJWmBAJmsJjy,The thirteenth of Aug 1667 personally appeared before me the within,71,46,7,0.7142857142857143
7d6Y22onHRFVI4HR,and Assignes all that my plantation whereon I now live,j5pSJnzITPaBdYf3,tors and Assignes all that his plantation or plantations,69,54,10,0.4
Q6GobLKKErSVgYLl,I Thomas Radford of the pish of S^t James in the Island of Barbados planter,nD0ymFgvn0LWHG2u,John Smith of the Pish of S^t James in the Island of Barbados carpenter of,78,75,15,0.7333333333333333
e1hq4Eu4sQz8Bjr6,of and the Said Plantacon and Every part and parcell thereof,fHfmC6iWjLVmHVat,negroes and premises and every part and parcell thereof,73,60,11,0.36363636363636365
14IXk49pslIq7TaU,late in ye tennor or occupation of Ms William,g9NIE4MigAvag2H9,the tenure or occupacon of the Said John Wells,59,45,9,0.0
SJoB7R0aR9KOtnHA,St. Lucies in the Island of Barbados planter Send Greeting Know yee that the said -,y3vKE8CoNygX7cQm,Councell of this Island of Barbados now Know yee that wee the said,68,83,16,0.625
MJnAD5fqyEqKc8By,1647 shall come we Capt: James Holdipp of the Island of,4CX8r7WzBUuQovnJ,shall come I Sargt: Major W^m Hilliard of ye Island abovesaid,62,55,11,0.36363636363636365
lVZvveUUn17Y9rXs,my right title & enterest of that pte of my plantacon whereon,tOjgQGfuqqXFJGLn,right title and interest that now apperteyne unto mee and,64,61,12,0.3333333333333333
3aNjJcp5oCZfqjRh,To all Xpain People to whome this p^rsent writeing,WFM0BApCMYPuHfRS,To all Xpian people to whom this prsent writing,93,50,9,0.4444444444444444
3nmWKVVt1SRn4L0t,The above named Katherine Darrell appeared before me this 15^th day of,zecb2UkogQgF7REu,"John Mercer , came and appeared before me this eighteenth day of May 1659",62,70,12,0.0
ZjCUgHoi2j7Rr5bk,To Mr John Reid This Collector In Barbados,wb0zaLRZ2Vv166Gc,come Thomas Ellicott of ye Island of Barbados Mar-,52,42,8,0.0
WJmMffgx1nlckzsd,assignes in the penalty of fower thousand pounds,pTGrA7IKxccKETxh,heires and assignes in the penalty of eight thousand pounds wt of good merchant,69,48,8,0.0
euxcjMUOZ4gyGUfv,"and assignes by these presents that he the said Isaac , his Executors ad",xAB86eNAZzUDRyYa,"and assignes by these presents, That hee the Said Thomas:",76,72,14,0.42857142857142855
WKQjvXvHXpdamZ1w,to A Bill of Sayle under his hand beare,p7eThK8uN965960O,ffebruary Theire Bill of Sale under theire hands and Seales,65,39,9,0.0
WIcw0CgN3RVJ3oVP,other pson or psons w^tsoever lawfully clayminge and right title or interest in the,jivfEKVdJzqfzGBX,maner of person or persons w^tsoever lawfully clayming any right or title therein,80,83,14,0.7142857142857143
Ij8EjOnuKcMXyd7Z,and manifest unto all Christian people that upon the third day of March in,2D6vMD3J62nousGG,and manifest unto all Christian people that on the first day,85,74,14,0.6428571428571429
6RfxfZH75ZWfDIGj,especially moveing have given granted bargained sold alienated,n3UK573fbXjPKkX7,thereunto espetially moveinge Have given granted bargained alienated,85,62,8,0.5
xmDTodTYrnD5AnhH,Edward & Anne Porte of the Island of Barbados For divers good caus,cXQyS96TFprMLydg,Christo Codrington of this Island of Barbados Esqr for divs good causes,70,66,13,0.38461538461538464
FWAXypQCUOknKU1w,To all Xpian people to whome theise pnts shall come Philip Lovell of the Island,uCE3ViqlRL0uZsmf,To all Xpian people to whome theis pnts shall come Thomas Symon of the Island,87,79,15,0.5333333333333333
kcSwAD4Du7Y28zD3,causes and consideracons me thereunto moveinge and more especially for,4FDahhRvtRNg19DR,causes and considerations me hereunto moveing but,74,70,10,0.0
2YTTFF2An3JY8oX8,his Wife ( Administratrix of d Singular the Goods and,nywm3Q28QpFF8rBd,absolute estate of inheritance of all and singular the before granted,54,53,10,0.0
MXZrpYSpDd7lBxCH,And Reversions remainder and remainders of all and Singuler,eTzOlLZJQ8FcZkvj,And Interest of in and to all and Singullar the Lands,59,59,9,0.0
XHjtzIvq24L5kUFQ,load of the said ship in money sugar or other goods the said,WYhUkxAQvj6pYEnq,of the aforesaid some of money the said good to be conveyned to the said,61,60,13,0.3076923076923077
GWq728X2oFCfrZbm,Holdipp and Capt Rich Holdipp their heires executors,obFSTrgCKK9PAurA,with the said Capt and Thomas Bright their heires exers,60,52,8,0.0
4yFnuUaEJWfVdQFl,To have hold occupy enjoy and posses the same to him his heyres,nJRIommgPuYQ84Ug,and quietly have hold use occupy enjoy and reape the proffits,61,63,13,0.0
Clt9zeMgR0MX0yuF,heires exers and assignes forever and for the pformance he binds himselfe in the,Pbsmeb3Zo18HPvAL,his heires exers and assignes for ever and to his and that owne proper use and,67,80,14,0.2857142857142857
V1BsWESiUlUXL607,aforesaid articles above specified Then that these p'sents to be voyd and,XVYxdHAl2IA6Iuys,and for ever confirmed and by these p^rsents by vertue of my said -,56,73,12,0.0
XPY28ckUybV2lHPt,or either of them or any Claimeing any title by from,GprQFnIiU74KKEpY,either of them or of any other person claiming by from,70,52,11,0.5454545454545454
0XlNQGqkURv7DMLe,and all other the estate w^tsoever which were parcell of and belonging to the said,0HagWfv50QnVAbNy,unto the Said twoe parcells of land belonging or in,62,82,15,0.26666666666666666
h6OV8RYb477Elahf,Thomas Cooper of ye Citty of London March^t: ^ sendeth greeting in our,vYmG0yKqCKWakw3s,I Richard Dent of ye Island abovesd plantr: sendeth greeting in,57,70,13,0.3076923076923077
9V044ZsNKfuoC0cp,To all Expian people to whome theis prsents shall come greetinge in o^r,1LsMAGOsnBq0wVpH,To all Xpian people to whome theise prsents shall come greetinge Knowe,92,71,13,0.6153846153846154
nIn82gLotIW9KfJ5,By this publique act and Instrument of protest be it known,NwEJ0QMb2ouSSua6,"By this publique Act and Instrument of protest, be it knowne",97,58,11,0.7272727272727273
09ZWIIhy3aQm4xZp,administrato:^rs of the Estate of James: White Esq:^r,WpauETXxStmDS3da,ministrators that he ye sayd Robert Jarrard his,56,53,8,0.0
cfbIMzPvsAYgkuoz,30^th of May 1654 personally appeared before me and did,8rdcR8BqtPxsPDvV,of March 1653 did personally appeare before mee and did acknowledge,75,55,10,0.4
28i5Fm0YKNEqhvMj,Comander of the ship called the Thomas William of,KIOp1Y9WPWuNARA6,Comander of the ship called etu William which Appear did,72,49,9,0.4444444444444444
N4zbOHsgUSwRJXv4,order and direct of y^e same either by herselfe or any other whom-,gYNNY28g0JcGgkOh,recovery and receipt of my debtes or any other matter or thing wt^soever Have,55,66,13,0.0
OPirApb1YBhVAi22,Knowe all all men by theis prsents that I James Percell,BYNv4cLpTwuxwSCc,Know all men by theis prsents yt I Captn James Browne,78,55,11,0.45454545454545453
fLTAHKXSZVoSfpxa,truly deliver unto M^r Francis Smith or his assignes the just some of five,6o0C4w7bAdzGxpyf,or thereabouts to be delivered unto His and W^m and Thomas or their assignes with the said,56,74,14,0.0
gKVCQDEsIBDxNx98,guifts grantes due debts and demands whatsoever which formerly,IIFtuTS0GCfUQidO,Mortgages debts dues & demands whatsoever from ye,67,62,9,0.0
dp8j5O7gsxdwD6y4,man servant foure breeding sowes with divs other meassaiges hereunder,D7Mhgjsq5lfeF2x6,and sedule bearinege date with these prsents Witness whereunto I have sett,53,69,10,0.0
I3fk5Kh0yowPdtXK,Grant bargain and absolutley sell to the above said Hugh Bayliff,tBL3M2yCnog2fATC,bargaine sold assynes assume and sell over into the above said Stephen,60,64,11,0.0
OukUe5SC1KVcOYb3,Assignses at and Imediately after the end and deter,YYLWa2J8KZyrX9Ly,ssignes and every of them freely and absolutely,61,51,9,0.0
vQKErCCBwyXuL5cE,his hand the Eleaventh day of October in the yeare of our,TnwF5fMlgsKzEKf0,Seaven and twentieth day of November in the Year of our Lord,68,57,12,0.6666666666666666
rat7Ymfb6NaDEgQJ,"Cor leg, at the suit of the item Honu^rble Collo.^ll Edwyn Stede, and Stephen Gascoigne Esq^r",Jq2WcfhGtx9IkB8Q,comeing after the date of theise psents for ever and the said Walton Fenton,49,93,16,0.0
NWgPy4CJ74OCuVS7,Thomas :Wiltshire his Executo^rs admi:strators an,UYExopv1vlBSkdiM,Island his heires executors administrators and,72,49,6,0.0
gKgjPAdqSUIwVHKA,with - a petiton thereunto annexed the tenure,b5vRxXTxTw87Uy0j,thereof hereunto anexed und:^r the hand of Andrew: Nor,57,45,8,0.0
0od9CY9Q4CKZMFue,safty amen Dated in barbados the 30:^th July 1692,X45z2YGR6He46kFL,"Act, and Deed Given under my hand the 31^th. 8 .^ber 1693.",54,49,9,0.0
Kcfai33Zzonq7N1i,Therefrom Exonerate acquitt and discharge . Haue demised,EHBoK6f9thISpuLc,and clearly exonerated acquitted and discharged of and,67,56,8,0.0
oLRXuIDPQmX0K7w5,all timber trees lyinge growinge or being on the sd plantacon wth all ~,eHrCUjyzGdz8nV4M,the timber growing on the s:^d plantat:^n but w:^t shall bee,63,71,14,0.0
fswCOIGD9ZW6cSPC,"woods, groves, timber or timbe trees easements, profitts, comodities",mjt21n9iMJnLwriU,whereon I lived and together with all liberties easmt^s pfitts + comodities,59,68,9,0.0
3dH4nxyz4Mf03Wby,& assignes from the day of the date hereof forever without any cause,2JudIfOqm6l1lTKG,assignes from ye day of ye date hereof for ever,77,68,13,0.6153846153846154
kM0IDYRoPHBYRrcd,then Thomas Barr formerly German he now,Tx3bgo4Kh6KmHDdC,and Thomas Power Merchant of the said ship,52,39,7,0.0
bP7FUhvfg8zKS8Ry,Shal be made by the foresaid p'ties w^th helpe of the fores'd Langline,M9UWA0xXEQxtM5Oj,the Comand of the aforesaid Master as aforesaid,56,70,13,0.0
avXiOqkVCJTBJahe,in any wise belonging appertaining or with the same,lbTdtygujA5uqy80,unto the same belonginge or appertaininge unto them the said William Townes-,66,51,9,0.0
U9msClRel9lVGhyc,pretending any right title or interest therein - Further it is granted by me Edward,dp8N7j310savSZht,or by them pretendinge any right title or interest therein In witness whereof wee,68,83,15,0.4
2jqpwJ9AfFAIkk8u,land of Nicho: Barefoute Marmaduke Farnall and Tho Martin to the,DoCgLHZTPOxW7RRh,and foure Betweene Thomas Sandiford and Tho: Martin,56,64,11,0.0
2Am6SzvKFlFzDBHF,premisses before granted expecting what is before,Bwm4qZqlcdsjfRGB,and her heiers forever excepting what is before,71,49,7,0.0
qZkZtKxZAlK0hE6Q,of good merchantable muscovado sugar uppon or before the,upH1gx2fIkFj3RmW,good and merchantable muscavado suger have given,67,56,9,0.0
BSeyiWakHVhkmC3h,west to the Edge of a greate Rock Leward of a mighty River concluding in,CoUUBxj5EfFlDl03,Mcht & Nathan Gragly of Barbados mchant Ten acres of land lying & being in,49,72,15,0.0
BpxlqhpP8bjTlZ7H,their heires and Seales the day and yeare first above written,PuQrT7KQ0b429iKt,have sett their hands and seales the day and yeare first above written,85,61,11,0.6363636363636364
SmPrS72Ia4Wc4jjQ,"that he might have a sight of it but ye dept ,, all _",ourn8QsAJvGVBpQK,appteyneinge To have have and to hould the sd plantacon & all,51,53,14,0.0
UreeKX6RvvBrbK7Q,personally appeared in the Secretarys office of this Island before,gASAKtAb4i9Oek69,psonally appeared in the secretaryes office of this Island before,96,66,10,0.9
ng2CmSayzl1LnQ9P,of one Acre of wood Land in a place known or called the Valley,ZBVJjAhegVsDy75k,"of an acre of land, with one full halfe part of all",55,62,14,0.0
qM5q4bWpR7YWPR6N,severall Judgement & Execution thereon in y^e name of y^e s^d S^r Jn^o Maynard of,V4fBfllhZvcWpUK0,Sealed & delivered in the pnce of us Joseph Taylor,49,81,15,0.0
TaMBRpw36g11RuNe,Lawfull to and for the said henry Harvey his,67aCyQIfCPacBIe5,enfeoff and confirm for ever unto the said henry Sealy his,63,44,9,0.4444444444444444
Na07mYk5z0FgrLsN,wch hereafter shall or may hereon come growe increase accrew or be or,hTfSt1GltO42f1Vt,shall or may hereafter and from thence come,54,69,13,0.0
eTzOlLZJQ8FcZkvj,And Interest of in and to all and Singullar the Lands,nywm3Q28QpFF8rBd,absolute estate of inheritance of all and singular the before granted,64,53,11,0.0
6mUlAcXaOxTvZNxv,and assignes And for the true pformance of all and every the articles,efq7cSV2UsiHIA8V,wtsoevr o for the true pformance of all & every the prmiss abovesd &,72,69,13,0.7692307692307693
NEPwl39BHzA7xdIn,hee the said William: James doth acknowledge by these p:^rsen,hKEIOZXLyI4eiyzA,"Deed, the said Elizabeth acknowledging",61,61,10,0.0
yatSlFGxSFYZgWdp,the intent that W:^ch the proffitts frome the same ar,U0Atr2bqDPJmXRWk,the sd Kinge but that he hath from tyme to tyme,58,53,10,0.0
7nneMYN2EgZhR2xo,sell alienate enfeoffe & confirme unto him the sd,0G7ijRfOZFw7OzkP,sell alienate infeoffe and confirme unto him the said John,88,49,9,0.0
R37EK4pEtfz52TcG,Thomas Rouse of the same Island Barbados gent of th' other party Witnesseth that the,zFqR3L87KNdjd0oQ,Sonn of the aforesaid William Merchant on the other part witnesseth wherea,62,84,15,0.26666666666666666
B91D6rYSd5HRKgkR,of our Lord God one thousand Six hundred Seventy and Six ;,9nTzbpXAGbGPvJQG,"of our Lord God one thousand six hundred seventy & five,",86,58,12,0.6666666666666666
ArnWGhwBhsRRLFHQ,Record 25^th To all Xpian people to whome this prsent writeing shall come Francis Dickinson,k2kNQku9HEPMYAXU,To all Xpian people to whome this presente writeinge shall come I Thomas,77,91,15,0.4666666666666667
fPQsGsRu9rt73mba,"and Sell the Same, unto my Loveing Brother Nic",RlSZEwc1lFOeMjyt,and Seales the day and year above written,57,46,9,0.0
TXxdUAseaneIteOP,March Anno Dom: one thousand six hundred and Seventy -,t78qy0NnYKNTvpfZ,Ano Dom one thousand six hundred forty & seaven,75,54,10,0.4
bfI2CRQ9fGzmFuMM,the lands of Francis Rainsbury northest and our John Morris and Arthur Warwick,NE87QeXu74dBz0Bj,the lands of Henry Murrey windward of John Hopcott Leeward the Sea on,53,78,13,0.0
qvCMjoizFerVQIvG,of sugar and one asneko to us in hand paid and delivered,OJhRQ83sCjOmDnwA,Gent for a valuable consideracon to me in hand paid and,58,56,12,0.5
X3OwvQCMDOZbUDMY,"and Freely and cleerly acquitted ,exonorated , and",spkBD9q4ItBrOoeX,and freely and clearely aquitt exconerate,79,50,8,0.0
UJWwVHbmobHAOq0g,informed that the said Codringtons Sloops have madmade any Voya,gllj5F8yVqpoJDlk,fore that we the said Capt Reynold Allen and Capt David Bix and by,54,63,10,0.0
6ZzbooUinUbLGkhx,~ted~ prmise and grant to and with the said Jon Dobly his heires exers and assignes,VatdLIm2yBuXxZR7,promise and grante to and with ye said Tobyas Frere Esq^r his executors and,70,83,16,0.75
GprQFnIiU74KKEpY,either of them or of any other person claiming by from,XPY28ckUybV2lHPt,or either of them or any Claimeing any title by from,70,54,11,0.36363636363636365
aptc88H5YsQICiKF,Merch : tobaccoe well made up in wreath & Role to us paid by Ralph Harrison,TD9rf9ReTOsHyR47,mchantable Tobaccoe well made upp in wreath & Role Witnes,65,75,16,0.25
qXaumRPVuACdVEGM,he take them at eighteen pounds sterling one with an other which,Rjcz7IiK8PL5UqvX,of the Sume of five pounds Sterl: money to him in,55,64,12,0.0
ymqcM0eJYwGawwIV,Anne Carsbrick her heirs Executors administrators whatsoever or,OPkstD33wAm3eZZg,John Parris his heires executors administrators and ~,71,63,8,0.0
90PHXq5Yks2nSVSh,and equall moiety or halfe part of the said plantation lands and,0aJY5MmeUQLNjuQ0,Island planter all that moytie or one halfe of the plantacon whereon I now,61,64,12,0.0
u66mQQfmqVfCAllI,"or anyway Concerne , That Stephen toller of the Citty of",Vf0sgib9T70aFqO7,and either of them theire and either of their heyrs of,53,56,11,0.0
PGzR1Iv8bh4qlL9q,Sixty and Eight and in the Twentieth year of,Cqslcuqd79Ox5f56,Sixty and eight and in the twentieth yeare of his Re,88,44,9,0.0
D5XSEvJceRvI0r7B,administrators and assignes and doth by these presents fully,YYf3GK1Vh1g0LZZN,Administrators and Assignes against any other person or,71,60,9,0.0
Mf9OjERUWYa1AubC,& nowe in the possession of the sd Colonell Woodhouse,bGQWFIHtTEC2KIG6,soever now in the peceable possession of the said Richard,62,53,10,0.4
39cqDb2KVfedVp0t,will well and truely pay or cause to be paid unto the said,IHqrQwinzqL6qeg5,Shall well and truely pay or cause to be paid unto,87,58,13,0.8461538461538461
mTTGusap5mALLMvi,1640 - Signed Sealed and delivered in the prsence of,nRvxGECsX83w3iAn,Signed Sealed and delivered in the prsence of us,90,52,10,0.8
jOkYRBMeyyMDHqJ3,-tages to the same any way belonging or in anywise apper-,hQHVQyXkT7SG6OyL,the said messuage or tenement belonging or in any wise apperteyneing,67,57,11,0.0
LiRXmqiAJmttftK7,syde And in case default shal be made in payment of the said some att the,WuDkRr2vbcWaXbXQ,yeares and not by the death of either of the said ptyes that then and,58,73,16,0.0
J5GjDUWzL8Q72EQO,Land wch must be fifty poles in breadth Lying & bounded upon George,wWv8kWjsUWkScxMY,which s:^d plantation is bounded upon the Lands,51,67,13,0.0
Rhv4PHL3WW56dgyP,Plantacon take and possesse those servantes above named withall,Pjhws4deTpf6vnvd,contained and expressed in this present giante to ye Contrary,55,63,9,0.0
2a3w6Toe13fcwRJ8,Land belowe the Rocke to the seaside path in breadth but two,JtHEKW0GOMAVmfKB,and soe god send the good shipp to her desired port in safety Amen Dated,55,60,12,0.0
OupQzUicx5r0tMmX,heires executors administrators or assignes.,0yzdjCgzJLlDH5OJ,heires executo^rs Administrato^rs or Assign,90,44,5,0.8
FdwaNDvtwgaw4Ulz,said heires exers admistrs or such lands grounds houses tenements servantes,ib10LmS2x9wUy1Ye,his heires exers admistrs and assgnes that them this prsent deed and,63,75,11,0.36363636363636365
CVR2Vu4i90he5kCV,"John Gabbett , Edmund Read , Phillip Pelling",BIJxs2YuQvpX3ORz,the said Edmund Reynall his Executo^rs Admini,47,44,8,0.0
K3wkW2JO57HZNxMr,Scituate & beinge in the pish of St Peters in the Barbados,t8xXJs3PpH5ruSIG,Situate lying and being in the parish of St James in the Island aforesaid,72,58,12,0.4166666666666667
8Q1kahXfPT6yzTL5,of Barbados planter sendeth greeting in our Lord God Everlastinge Knowe yee,ckVIKetfzSh1iUJr,of Barbados planter sendeth greetinge in our Lord God Everlastinge Knowe yee,99,75,12,1.0
2A1FnBz1tHupjb3Q,in ye penall commes of two & thirty thousand pounds of good,3sGK90HG66bXoUgx,in the penall some of six thousand pounds of good cleare cotton woole,69,59,12,0.3333333333333333
TviLw2mCVDYq403b,and grant to and with the said John Barwicke his Executors,n1l3vnF8UyUuDzMW,and agree to and w^th the said Robert Drye his heires Executors Adm^rs,70,58,11,0.6363636363636364
fh6vXk0uuGRB1lDC,George Standfast Edward Pye and Edward Chamberline doe,taGghVXrqZfxClIh,of ye date hereof and further I ye said Edward Crane,53,54,8,0.0
OG85kutgFZAIK9jS,"or Comission, and Severall powere and Authorityes",UpNwJuTRuJuklLQt,unto my said attorney my full and whole power and authority deale,58,49,7,0.0
2V8r8Lwwk2GXUNpG,"trouble hinderance molesta""con vexa""con trouble or deniall of me the said Capt",s28IDBKUKXHqk9yD,ever without the lett molestacon trouble or deniall of me the said Thomas,72,78,12,0.5833333333333334
9edWAijE0kWZ8pzY,assignes one sixteenth parte of the above said ship called the hopewell,qtpAdj0oWts2Y75i,assigne and settover unto him the said Isaac his lawfull attorney,56,71,12,0.0
JLmKe90iL983w3zw,thereunto belonging or any wayes appteyneing to her ye said,ShpU8GFf3WyjIopw,thereunto belonginge or in any wise apperteyneing To,77,59,10,0.4
VfA8Rllc17Tz2PUR,two Sales bearing date and w^th these adults and all the mograge Land Chattles buildings,JTuyMHsDGMBgYSh2,doe hereby convenant and agree to and with the said Philip and W^m their heires and assignes,54,88,15,0.0
vYfu2mBX8SAnCC2J,and John George all the right tittell and interest w^ch I have or might have,Tdug2Ir2mPNVbv1R,all the right tytle and interest w^ch I have in the twenty acres of land,66,76,15,0.0
DMkCJDyC8I0kpzaO,thousand six hundred sixty and eight and in,N4IuDZuixyOnFq86,"thousand six hundred Seaventy and six, and in the Eight and",75,43,8,0.625
r02oKdpvZBVb3iHw,"M^:r Thomas Wright, one of the wittness to the w:^thin writteing p^rsonally",DbjyqbBiZYBayCsT,John Thomas one of the wittnesses to the within Lease personally appeared,70,75,12,0.0
8wN1va4ksj9qPXiA,mencoed to haue and to hold to the Said Samuell,PfRV9WDohymoisPo,forever To have and to hold unto him the Said ~,70,47,10,0.0
SPUs4Tds25E8DiqO,had been & Made party to the said Articles and his said -,90PHXq5Yks2nSVSh,and equall moiety or halfe part of the said plantation lands and,60,57,13,0.0
3zMguIvuDs29L7by,and to condempne and out of prison to deliver and to compound,lstgZJk54jkAhI6N,condempne & out of prison to deliv: & genally to doe all things wch he,63,61,12,0.0
IHNOeqOr7r3sMGou,Whereas I Peter Hay Esqr have sould aliened enfeoffed & confirmed unto,9kgdxnPmBV4xerAP,given granted bargained sould alienated enfeoffed and confirmed and by,67,70,12,0.0
BGlpNQVxVxqmSrqI,and the said Thomas Dowden for the consideration aforesd,uysChF10CJqcf97M,that the said Thomas Chapman for and in consideracon of nine,67,56,9,0.0
oTdHbBKuJer5PA4E,by Capt John Swan and West by Capt Henry Guy Together with all houses edifice,QH8gKPh45OKsJ06R,Cowes Esqr Together with all houses Edifices,64,77,15,0.26666666666666666
T7GOPCBYhgj2qW0L,bought of John Hales Junior as by a bill of sale dated wth these prsents,PiLIRZm3itST5H6i,accordinge to the tenor and purport of two bills beareinge date of these presents,56,72,15,0.0
2tqVGDygRZva0TWs,granted bargained and sold and by these presents,N26CjmzZhd1IdK4j,granted bargained and sold and doe by theis presents for me my,85,48,8,1.0
uipEGmSNbqN96FwE,"inconveniencyes, troubles, and incombrances, w^ch",OqCVfww1OZVpr2C6,ingagements or any other incomberances whatsoever,55,49,5,0.0
k8Jx68hM2AhhxKsc,withstanding and we do hereby in case of such failer and non pformance makee,XpRMATDlCwZDGsr8,w^ch said Island was formerly in the possession of the said Radford and the,53,76,14,0.0
lz0SbzJ0IYZHFeH1,psents for him the said Thomas Hothersall his heires executors & administrs,NBeJqqyP5kzDf8qR,premisses to him the said Thomas Warr his heires executors administrators &,80,75,12,0.0
s2iXzUdT53CJ09j2,and persons to whome the said Messuage and Land and other the,WivHrN13bDm2tjco,and to hould the aforesaid six acres of land together with all,59,61,12,0.0
uxnp0dINUWimSpmP,to and with the said Philipp Chooke his Executors Adm:^rs and Assignes in,nvIX2ptLkT4ymJLX,to and with him the saide Abraham his Executo:^rs and,67,73,13,0.38461538461538464
2AopDNk5l6orgapQ,to pforme the covents above menconed That is to say if W^m Bacon shall,BH8T470otO2f8tAX,p'forme the above menconed cotton or servants then it shall be lawfull upon,55,70,14,0.0
cta9imAKmAZ04jBJ,absolutely give grt: bgaine & sell unto ye sd John & Rich^d Two acres,FUO0E7y7dkKS7MeX,absolutely give grant bargaine and sell unto the said Eliazar Cock -,69,69,14,0.0
9LOWWZHYaqkxw9t5,Ediffices and building and of all and singuler other the,QUi3QTPXo3RN2M7o,edifices and buildings upon ye said land erected -,66,56,10,0.4
JDM5gqB6wLwgfPjb,Seale & as her Act & Deed Deliv^r the Deed hereunto annexed,eBdSEKQgF187Lgn6,at more at large recited in a schedule hereunto annexed being,57,59,12,0.0
GQcMz6lRsraAnbYA,all things therein contained~~~~~~~ I the said Edmund Cullen doe bind me,2BpLwzgiVzW1y7XC,said Piggot not loading of the said Tunnage due in time and,52,72,12,0.0
6kWodZ3gz78rUob6,Sell Enfeoffe confirm and by these presents doe fully and,OjZ3YibcJTPhbYbg,"enfeoffed and confirmed, and by these presents doe fully clearly",83,57,10,0.6
WWAUg2dUnMjF1GHG,in cent it quinquagint melle libr bone et ouchanlabit ~,1IBeZ421t05ilM5o,ing any right title or Interest unto the same lawfully,46,55,10,0.0
UqjctOv1FHWhpgsx,notwithStanding And allSo: the Said John Rous doth,mwMsIlO63Yi6qxis,benefitt and behoofe of the Said John: Holder and his,56,50,8,0.0
V2I3IbflQXkvWzZi,Goodall and his heyres without the Lett Suite hindirance -,X3YabLNZL6GBB5R7,"for Ever, without y^e Lett hindirance, Molest",60,58,10,0.0
HhA9GETIUwfH0Rw7,assignes ye Just some of Tene thousand pounds of good -,otGSflslVXzBsErj,or assignes the just sum of five hundred pounds,67,55,11,0.36363636363636365
FrXIHB1GMLzM3aHX,Lord Charles the Second by the grace of God of England,trQe5eMPRmws6XCS,Charles the Second by the grace of God of England,95,54,11,0.9090909090909091
nH8ObsARI7iEwACV,Placon belonging or any ways appteyning to have & to hold ye sd placon & the -,5JewYPldGL3Rwih2,"belonging or in any wise apperteyneing, To have and to hold the sai",70,78,17,0.29411764705882354
VruDceE3Z999Cpo1,hands Receaved of and from Nicholas Rice,GoNsIWYStkjAPBmf,Suggar in hand Receaved of and from Nicholas,81,40,7,0.0
MCag8sQOPuxFa23o,did demise grant and to forme let unto the said Richard,eTLeR7GdZtoG5tSp,"Did Demise grant , Sett and to ffarme Lett into the Sa",72,55,11,0.0
OqCVfww1OZVpr2C6,ingagements or any other incomberances whatsoever,gfJDEHzpqOersJ5E,sales or other incumbrances whatsoever and,77,49,6,0.0
5QSbZqH67HzLRold,Tonn of Tunnage as afore said to the same to be received against,itLBG9PWwtL4IXjj,appearer or the owners of the said ship the same to be recovered against him,64,64,13,0.3076923076923077
fUpjRJ2XxaEkwgEJ,wares merchandizes effects and other things to a considerable vallue wch,k2lhljsl9WZCB94E,of money goods wares merchandizes effects debts dues and demands as,58,72,11,0.0
ffuyWOTIut9bkyV1,Cheife Governor of this and other the Carribee,F04TJpsiXPaAqmmQ,their owne proper Casts and Charges the Said,58,46,8,0.5
AAUCVW2HAez5oYoW,this Indenture under this thirtieth Day of July in the,AHUUMoprxadqgNxf,This Indenture made the Thirteenth day July,72,54,10,0.0
6uyPGvm01Ma1LgRC,"upon the Lands of John: Pearse Esq.^r , upon the Ca",TB94EpdVwJvIleNB,"the Lands of John Peers Esq.E ,South upon",74,51,11,0.36363636363636365
8s1oFRDjMsjVQ2Z0,of of well cured Muscavado sugar to be delivered him or his Assignes in the,6o0C4w7bAdzGxpyf,or thereabouts to be delivered unto His and W^m and Thomas or their assignes with the said,57,75,15,0.0
Kc1DJCluvcTxthv4,incumbrances whatsoever heretofore had made done,Uy3WIdDJw0Okxq8G,Claimes demands and incomberances whatsoever herefore comitted made,66,48,6,0.0
zQCYidSLC38V8wc0,in hand paid and Secured to be paid before the,PC5itSrXBdN8xZ9E,hand paid & secured to be paid by Robert Moggs of the,73,46,10,0.4
IOxDWxCLb4oZUozO,Secretary did at the same time in the said Secretaryes,6vKa40bVYNQ6391U,Deputy Secretary at the instance and request of the said appearer,62,54,10,0.0
Yq1dCVQMbtOtIRf8,Robert Davers his heires and assignes by these p^rsent that the said Benjamine,yBmKwx5O0eCk4c9G,for me my heires exers admistrs and assignes doe by these prsents covenant,63,78,13,0.46153846153846156
P2QVXduX4SWC2b9m,other person or persons whatsoever lawfully clayming,JwhvDK1SfK7Dfh6f,any other person or persons whatsoever lawfully haveing or claymeinge by,84,52,7,0.8571428571428571
lmHBUTrePa9aMvoG,Addison is for to ship as many goods as shall amount unto ye sd,r9dIh2iSpvBoZfzF,Administrators and Assignes shall and may y,53,63,14,0.0
CxQFISa58rg84b8S,"Edward Munday W^m Boote, Willm Philp Junior",aNZKsgtFwmNINTe5,whatsoevr had made or comited by me the said John Tunpkins,44,43,7,0.0
A7edNqhc2VeCWxMO,A shedule or invoyce of the Negroes and horse in ye Bill of sale hereunto,ltihQJSWoGu4qxZW,"A Schedule or list of the Negroes, horses, mares, and Cattle, which",61,73,15,0.0
sp2zWKo0KOcJMrgn,halfe of what Estate Soeuer the Said Arthur had in England holland,90PHXq5Yks2nSVSh,and equall moiety or halfe part of the said plantation lands and,54,66,12,0.0
PzKYZmjAuDp3ViW7,confirmed by theis prsents doe give grt: bgaine & sell unto ye sd Owen,AHMUYSRoLYC56DPc,and by these prsents doe give grant & sell unto Capt,74,70,14,0.0
jRDeu8Vng8lXnq5v,"barrgained sold aliened enfeoffed & confirmed, and by theis pnts doe",CcLxUif6suVAlmiY,Have given granted bargained sould aliened enfeoffed and confirmed and by these presents doth,78,68,11,0.0
VR9YIJM42zELiqaR,admistrs ~and~ or by or with his leave assent consent privity or p'curement,ModMWfT9r71Od6gR,or assignes by me or their assent consent or procurement,64,75,13,0.0
FT6Ce5fuMjeirNOL,South of Charles Easton Together with a man and two sowes withall the profitts benefitts and,45hJ7ilVlAA42E6K,Island Together wth all houses Emolumts: Isues pfitts benefitts,57,92,16,0.0
kpDU9eaVcRRA3HE3,Lord God Everlastinge Knowe ye that I John Moseley of his Island planter,OK6oTLNp00pFKE4b,in our Lord God Everlastinge Knowe yee that I Paul White of the Island,73,72,13,0.6153846153846154
z73Vmy2diXxp3yGF,"hereby acknowledge and himselfe therewith fully Satisfyed,",Xhf29bJraRpNbVKl,where with he acknowledgeth himselfe fully satisfied,71,58,7,0.0
iOGqwAEUNClpiZcd,Nov. 1668 of November in the year of our Lord One thousand six hundred Sixty,0mbbbshnl0XReeqC,of February in the year of our Lord God one thousand six hundred sixty,81,76,15,0.6666666666666666
tmbcb8VpD1vX6pKW,office in Gold Smiths Hall London then this prsent obligacon,OUq92PlJ8EF47pHm,and to hould with all and singuler other the premisses w^th their and,53,60,10,0.0
SPJhiXny2jrTlsNP,& diliver to the said James Carter & Demaris his wife,IydfuYEg2S4fYFhn,and continue to the said Peter Leare his heires executors and,56,53,11,0.0
rXvkVgkwT397JBcB,of ffebruary last past for the consideration,4JEeD7eou8R4Mnw5,of ffebruary 1667 Menorandum before y^e sealing,59,44,7,0.0
yPkbfC06jLZ9uUhR,yearely and every yeare upon the first day of Aprill,6BG8YK5KoncxnSFr,Seale and dated the tenth day of April: Anno.,60,52,10,0.4
obFSTrgCKK9PAurA,with the said Capt and Thomas Bright their heires exers,GWq728X2oFCfrZbm,Holdipp and Capt Rich Holdipp their heires executors,60,55,10,0.0
WdinJ0Uv7WQ64dpF,George Susack Tunner of the said Vessell Richard Yarslow one of the mates,A9JDzttIQWBFztKC,owners of the said ship as also in the behalf of the freightes and,55,73,13,0.0
QrldR5wwRPwUvWoR,of profitts & comodities upon the same by me,paOW9IJ6AGqpaj45,pfitts & comodities thereupon or thereunto belonginge or any wayes,62,44,9,0.0
xZThV64P8tnr3s7j,and the said Joseph Gay for himselfe his heires Ex^rs and Adm^rs doth further,A9iQeJvm6P9Q3eTg,"the said Joseph Jay , for himselfe his heires Executors and Adm^rs doth",85,77,14,0.2857142857142857
JHBUYcVNBRLiuX8o,therein Concerned for all wrongs priudices hindrance,IVNDje4W6Uv4r8cy,all others there Concerned for all wrongs preducies hindrances injuries,76,52,7,0.7142857142857143
97oKGKOJUAIUh24H,for and towards ye payment of fifteen hundred pounds of cotton to him due,d6XfPKoIVU27c66l,nyne as alsoe another bill of fifteene hundred pounds of cotton beareing date w^th theis,65,73,14,0.2857142857142857
BfxO9sCQpfPv3y0y,of lease granted without any lawfull lett or suite Trouble denial,rPC4VZoIhgoYnCdQ,yeares and Six Months without and Lawfull Lett Suite trouble,66,65,11,0.0
Pjhws4deTpf6vnvd,contained and expressed in this present giante to ye Contrary,KVEfCP12IxyHgDyM,Sealed and delivered in the prsence of the word,59,61,10,0.0
Eul9z9usVSOF9KYp,Willm: Cosser adjoyning and lyeing in ye parish of S^t Lucies bounding east upon Edward,XjbjE7dBhxNkEoJF,lyeinge and being in the pish of St. Lucie in the Island of Barbados,62,87,15,0.0
h3qSpQ0BmETYZgSU,Benjamin Grace carpinter hath sold unto Alexander Nicholl and Richard Smith,bvNtQfVwBFheDCun,Eviccon or hinderance whatsoever of him the said Richard Willi,50,75,11,0.0
htKQu1q2lCDbCaDc,to find pvide & allow to ye s^d Thomas Gardiner untill the aforesaid four,NGbPQJvgmnUgoPIW,to be payed to us the said Thomas Sadler and Millesent my wife our,56,73,14,0.0
B8SjIneOUrOSPmTx,exonerated and discharged of and from all form.r bargaines & sales had made,EZAP4ZkhiSUd82kg,freely and cleerely acquitted and discharged of and from all former bargaines sales,77,75,13,0.46153846153846156
PO7QQLWIFOT65BTz,the marke of Thomas I Mosier Theophelus Lord.,M9UWA0xXEQxtM5Oj,the Comand of the aforesaid Master as aforesaid,52,45,8,0.0
dHlov1obK7FBBM8Z,At thirty days after sight of this my first bill of Exchange my,7gsNzoZwubfLnxn5,Att tenn dayes Sight of this my first of exchange my nor,76,63,13,0.0
RMmejeBpD6PzgUHi,in ye penall some of Eight thousand Pounds of good sound & well condiconed,bhgU4jvOaePGz1Oc,penall sume of eight thousand pounds of the like condiconed,75,74,14,0.0
tx4t9ACne6R7nCe7,of the Respective moiety or halfe Part of and in the premises,MMrz6M319zzRMp3T,The one moyety or halfe parte of all ye wooden suger,60,61,12,0.0
kPNcKPRPz9Wv9YBg,To all Christian people to whom this psent writing shall come or any wise appteying of,VC4fyNsDO9j3kOZ7,To all Christian people to whome this psent writinge shall come know ye yt I John,84,86,16,0.4375
964P0mmTC7ge8INv,sould to Edward Verman and soe to the seasyde Together withall profitts and,9yvlFSFx7ZHrZfUB,land of Edward Harrison and his parties Together with the particulars here under expressed,56,75,13,0.0
PHC1OR1kc81LyjIK,and effectually as the same belongeth unto mee the said Richard Gregorie,MCag8sQOPuxFa23o,did demise grant and to forme let unto the said Richard,60,72,12,0.0
fsfyhrevbLpEFRWg,pay assigne and sett over unto the said Worthy as many bills due to be paid,qtpAdj0oWts2Y75i,assigne and settover unto him the said Isaac his lawfull attorney,66,75,16,0.25
h8AgBbJSGhXNE1ji,immoreables thereunto belonginge or anye wyse appertaininge unto,ShpU8GFf3WyjIopw,thereunto belonginge or in any wise apperteyneing To,76,64,8,0.0
JySqF9qa4X4hM0jO,and negroes of and from the Severall Legatees the,DT8hpS05OChwmqkD,and Assignes and their Severall & Respective Go,60,49,9,0.4444444444444444
QQQbOZQOqg2757I8,assigned over as he doth make or dayne depute constitute & assignes,VwIqQFqxDa0wtTv5,& assignes for the true pformance hereof I bind mysef my heires & assigns,57,67,12,0.0
OSYQZaQGaaTqO8wG,yeare of Our Lord God one thousand Six Hundred and sixty & & fiv,9nTzbpXAGbGPvJQG,"of our Lord God one thousand six hundred seventy & five,",78,64,14,0.35714285714285715
Up8ac2bW8HgGzYFc,priviledges pfitts benefitts & comodities unto ye sd Plantacon belonging,97V447T3ePCnrtDL,the pfitts benefitts and comodities that shall arise,60,72,10,0.0
NJGgnIwJurj8TZsK,Gunning their heires and assignes forever all that plantacon where they now live,7d6Y22onHRFVI4HR,and Assignes all that my plantation whereon I now live,67,80,13,0.3076923076923077
Ym4TxN8Eu760LQIb,and with Every of them that I the said David Delifer am at the,Vf0sgib9T70aFqO7,and either of them theire and either of their heyrs of,62,62,14,0.2857142857142857
WpIvFoB9JbSegK5i,The condicon of this obligacon is such that if the above bound Xpofer,rfsOMe2VudDAXl3O,the condicon of this obligacon is such that if the above named Henry,89,69,13,0.5384615384615384
k2kNQku9HEPMYAXU,To all Xpian people to whome this presente writeinge shall come I Thomas,GpybFUz8xWITgCoK,To all christian people to whom this prsent writing shall come I Charles,86,72,13,0.5384615384615384
OOkbONklvlhlXX0o,Singular the premises with the Appurtenances and,C0BJGnJUYzHLYHjw,Singular the premisses with the Appurtenances,95,48,7,0.0
n1l3vnF8UyUuDzMW,and agree to and w^th the said Robert Drye his heires Executors Adm^rs,HWLoLuYn7bKAKZcA,and with the said Robert Gibbs his heirs Executors Administrators,74,70,13,0.6923076923076923
P8HwYMKT1VzWqH7A,To all Xpian people to whome theis presents shall come me Jon Luchills,hWddOaByuIsGs999,To all Xpian people to whome these presents shall come to-,86,70,13,0.7692307692307693
0lk8Uns6GCrKnMeB,ecutors administrators and assignes firmly by these,5y4unaLjqV9Asnb6,Executors Administrators and assignes all that,80,51,7,0.0
OuwKbsQ35zh4cdDM,Greeting Our Lord God evlastinge Know ye yt I John Morse aforesd,XIMZRt7YnoPiFA2m,Greetinge in Our Lord God Evlastinge Know ye yt I the,80,64,12,0.3333333333333333
7BZjlemlbtSecskN,other pson or psons wtsoever yt shall instly lay any claime right,f12FNNKmltSlc4ks,other pson or psons wt soever clayming or to clayme any right ~,73,65,12,0.3333333333333333
ju2U8QRISooEBXX5,according to the time and Contents there,AG4l1kGDKuTzetXf,heyrs according to the forme and Effectt of,65,40,7,0.0
ZEKHXEk64HFm0ZSe,their or every of their rights members priviledges and -,mNop846dXWAvpmx4,them with all and every of theire rights members & appurtances,68,56,10,0.0
2mWELvGkL6gvI98O,hereof I have hereunto sell my hand and seale dated this,nwVG0ld1hzYm1cfW,whereof I have hereunto sett my hand & seale this 11th of,80,56,11,0.36363636363636365
Tdug2Ir2mPNVbv1R,all the right tytle and interest w^ch I have in the twenty acres of land,vYfu2mBX8SAnCC2J,and John George all the right tittell and interest w^ch I have or might have,66,72,15,0.26666666666666666
tpGrZdOq4y40b8J8,to Peter Richmond or his assignes Witness my hand this 10th day of September 1641,J2qLXsmQ2V0qV2uD,within mentioned Deed as witness my hand this 17.^th day of July 1684.,64,81,15,0.26666666666666666
WgVRi0DQ8lzCaGz2,war^t the sd Robert Renolds his Adm^rs & assignes from all maner,j5P0RRt8vztefLNk,heires Exec Admr^s & assignes of & from all & all maner,64,64,12,0.0
GpybFUz8xWITgCoK,To all christian people to whom this prsent writing shall come I Charles,H6MlB7cGEGI4lZ6J,To all Christian People to whome this present writeing shall come,88,72,13,0.9230769230769231
N50J8aGUyuu2haHA,may be filed in the Sec^rys: office for the future Satt,hapOjZ3aGj2pq6g0,Deed to be enrolled in the Searetaryes office of the,62,55,11,0.0
6DHI4NkeqhIhcdDk,against him them or any of them or against any of them,KACX04e8SrH9bmTX,against hime them or any of them or against of them goods,90,54,12,0.75
o4tac263SYOVgGeT,then on the said fourth of this instant may and being ever ready at,cUWIqCRu02vxCRFp,to the times of this protest being the da,56,67,14,0.0
b7A7jpiDUjoPEhCN,heires or assignes for ever with all profitts and comodities -,8rgKAkpPXok5BbVP,heires executors and assignes for ever without any lett moles-,69,62,11,0.36363636363636365
xWrgiflBCJJGAgbf,pcurement and for the true pformance hereof I the afores'd Richard Habbott doe binde me,jIzCSPkd77jXccMv,and for the true pformance hereof wee the sd W^m Baldwine and Tho,66,87,15,0.4666666666666667
QeV7TK1FhLMDuJg0,Knowe all men by these presents that I John Simpson of the Island of Barbados in,DgI4YduYOemEhCfE,Knowe all men by these pnts that I John Parrot of the Island of Barbados,88,80,16,0.8125
yFxcfTtBHpPhrzxa,By this publique Act and Instrumts of ptest be it knowne,NwEJ0QMb2ouSSua6,"By this publique Act and Instrument of protest, be it knowne",95,56,11,0.45454545454545453
nwVG0ld1hzYm1cfW,whereof I have hereunto sett my hand & seale this 11th of,0z7Z59DyN3LPlqkC,whereof I have hereunto sett my hand & seale this 15^th day of,94,57,12,0.8333333333333334
bGUXJjt8dm0UxR2p,to be void otherwise to stand in full force & virtue,Lhs2kAuja5h1k0Tb,otherwise to remaine in full power and vertue,68,52,11,0.36363636363636365
lGFgeDZh9ZBx3n9O,"other whatsoever thereon Standing, Lyeing and",6LVP5uvmZtmmsKRD,whatsoeuer in and vppon the same Standing lyeing,62,45,6,0.0
esXaLJlfkFclphJM,deced the twenty day of July (1676) and the charges amounting in the whole to the,d0KvUoiQUzFaZJq3,before ye Twenty day of June next ensuing the date hereof,57,81,16,0.0
ObzTNx6ou067rS8f,summe of twentye thousand pounds of cotton -dated the 4^th May 1640,Oy1Km9n4pWkLLJBw,forfeiture of seven thousand pounds of cotton Dated 13 July 1640,72,67,12,0.3333333333333333
whOi8uoG5Pd3PYAm,hereof the Receipt where of hee the said John Toppin doth,GAg3RfvBZ4R1YXWk,These presents the receipt whereof the said Jane: Henry,66,57,11,0.0
v4V0jo5CDCiKBzRu,Terrell doe binde myselfe my heires exers admistrs and assignes in,E4lyNbnRlAPOwugo,Their the said Rowley doth his heires exers admistrs and assignes,72,66,11,0.8181818181818182
ddLEG62Hkd9Gf2le,Town of St: Michaels aforesaid in the Island aforesaid,NkSnbEIhrhi7XXvD,of S.^t Phillipps in the Island aforesaid,69,54,9,0.4444444444444444
GmJt9luZoy6Z6O2t,M^r W^m Phelpes have taken the oath before me that they have made a,JNBBFAduYBqka0Y7,"M^r"" Richard Glascocke made oath before me the 4^th day of February",57,67,14,0.0
tY96oPJrWQu6cR9S,Plott of land is now in possession of the,2eWEY4EM27Q0UU8s,of M^r Bickham and now in the possession of me,67,41,9,0.0
0lw9A7sXGwIB6tFB,"in the Island afores:^d Planter, and Jartiew his",MtCzWngHTnPqlTKb,in the Island of Barbados Planter and Elizabeth his,73,48,8,0.0
ndloBtg2ljsWE7qb,Bee ~ it knowne unto all men by theis prnts yt I Thomas,3FePH8BcvyUTzIGa,Be it known unto all men by theis prsents that I Hugh,83,55,13,0.5384615384615384
BSW4uJhCPNgQxUEJ,his writing as his act and deede Henry Harvey,FqnUnttigcAxe3cZ,side as his act and deed given under my hand,65,45,9,0.4444444444444444
JTuyMHsDGMBgYSh2,doe hereby convenant and agree to and with the said Philip and W^m their heires and assignes,KlyPyxLP51eHqy6o,admistrs covenant and agree to and with the said Edward his heires excers admistrs,69,92,17,0.4117647058823529
9mx4CCCsfQtLcxEf,adm^rs of the pty deced and not to be hidged without his owne,Vf0sgib9T70aFqO7,and either of them theire and either of their heyrs of,54,61,13,0.0
ptuXstzPGsZ5p9Wl,Appearer or any one with him concerned for,ZyrsKODZ6sEaTdai,Sugar is to be recovered against him or any one with him concerned,63,42,8,0.5
kDa9U4UqGWlG6g3O,"and for ever Defend by these presents In Witness whereof,",yDOQHhRfQZ0bIZ87,warrant and for ever Defend by these pnts And the,74,57,10,0.0
iyP13zd4RJ63A8LB,peceably and quietly have hold possesse and enjoy th,pLFKlwwY4hgyspz9,peaceably and quietly have hold use occupie possess and enjoy all,84,52,9,0.4444444444444444
0x7CLKlC5bF8QKw4,& layd out for the manadging of the sd land now or wch hereafter shall,0FDQ9zYT3uCi0uV9,& duties for the same the said land being pte of Twentie acres That I,58,70,15,0.0
tdtUA4VWyJj8hjfv,to warrant & defend the sd Twelve acres of land & evy pte &pcell,jlsaq14SPRnlAggI,and To Hold the said twentie acres of land to them the said James,59,64,14,0.0
Yy1NKXy9jbHmOrFK,"hand seale the 24"" day of May Ano Dm 1643 in the psence of",99oICXJ4dVXY58Tu,hand and seale this 28^th day of May Anno Domi 1640,68,58,14,0.2857142857142857
Kz5iJqbDZBRPQLZv,and noe bills of Exchange sent ^ for England as aforesaid then and in such case the,vPp8Ebgi7VUqkQsQ,of twenty seventy acres of land as aforesaid and all and singular the,59,83,17,0.0
yaIYUvtI18f8236J,hold occupy possess & enjoy ye above bgained primsses & every pt,TjTVl32ifA12hdCO,hold occupie possesse and enjoye the before bargained prmisses and every,79,64,12,0.0
ZmicBfRBm0Oj1Mqu,witness whereof I have hereunto sett my hand and seale this two and twentieth day of,tXHgjWYslgfsbYJR,have hereunto sett my hand and seale this foure and twentieth day of,84,84,16,0.9375
H7hBCkmIzBvQAc7z,"Shall Erect upon the plantacon as aforesaid, Shall be appra",gL0DWPJAcXVg4OWy,shalbe upon the said plantacon Witness our hands and seales this,59,59,10,0.0
18fCCrK19SfhXEBC,To all Christian people to whome these p^rsent shall,RAalP94Vy9npUxzr,To all Christian people to whome these presents shall,97,52,9,0.7777777777777778
UkcAGg0uuJOmNn7I,& by their pnts granting unto his sd attorney full power Comission & Lawful,kZU5BU5Ai1LMfjnt,hereby give and great unto my said attorney my full powerand lawfull authority,61,75,14,0.0
GEondblFO0ypTiZD,"being hereunto had more fully appeareth, Now",od0SyFJbeRKryFcf,being thereunto had may also more plainely and at Large,65,44,7,0.0
ZyrsKODZ6sEaTdai,Sugar is to be recovered against him or any one with him concerned,i6NZonvNHVrCZtkk,the same to be recovered against him them or any of them,70,66,13,0.6923076923076923
zOYUxc4wvhKgQ0VZ,hereby given granted bargained ~ and sould aliened,nZEsC0lF0KoLlOjR,"Have given, granted, bargained, and sold, aliened,",84,50,8,0.0
nWx0gk0IqY3Jny2M,"or any other claimes or incumbrances whatsoever,",OqCVfww1OZVpr2C6,ingagements or any other incomberances whatsoever,72,48,7,0.0
Ju8y4IxbU9BWyr9G,do Save harmless and indemnify the Said Richard Downe,13h6IcSjyRyOLZh6,kept harmeless and indempnified by the said Christopher,69,53,9,0.0
fmUhGrx6AbvN91No,ye Church land west upon ye plantation of Phillipp,q3uPcTOiqbXxpCFk,of are now resident on ye plantation and two more,57,50,9,0.0
SRrsPVIZrAm2elis,pounds of cotton bee fully and compleately satisfied according to the true intent,R6HfPQBGxbxtl8nv,Symon of the Island aforesaid planters their excers or assignes according to the tenor and,56,81,13,0.0
qsATscp6vbC72AM7,James Caust. present and witnesses to ye sealing,YbLF36erPdJAmpln,consent or procurement in witnes whereof I ye said -,54,48,8,0.0
uqRuAzZCBzq6drFU,Inter 13^0 die To all Xpian people to whome theis prsents shall come wee,P0tGZtBQIumAzqNG,18^0 die To all Xpian people to whome theis prsent shall come I Robert Dawson,83,72,14,0.7142857142857143
LVSjwPTLdYBSZFDh,"from the true and Lawfull right and possion, of all and every the",jVzFYObHIdSw2cev,Acres of Land with the appurtenances and all and every the,57,65,13,0.38461538461538464
1xbuBYyuJJVmZnNG,and serve the aforesaid plantacon free from all former bargaines grantes,m0XxDgjTB1AffdB4,admistrs and assignes forever free and cleere from all former bargaines sales,66,72,11,0.36363636363636365
Gk4RVw5UbHuvLlvY,with all the said Negroes in the said list specified vnto the said Richard Barrett,3lSgDEOX5mvP8W7f,& sale shall not or be not pformed unto the sd Richard as-,57,82,15,0.0
VcHSghViBX2b8c8m,be in the yeare of Our Lord God one Thousand Six hundred forty Eight,DrXnvg6YsMiG0Ami,in the yeare of o^r Lord God one Thousand Six hundred,84,68,14,0.35714285714285715
mDcut1Oit1ufRONd,Skinner for the full time of four years from ye day of her,uUl0TMCWNKnTqM2A,March In any of the said yeares from the day,53,58,13,0.0
kPAzLmp1weo98ri5,Esqr. in hand paid and satisfied of and from all which I doe by these ~,OgKEf6IPNVRaheld,"given granted , bargained , and ,Sold and doe by these",56,71,16,0.5
txyZ63mYz3ENGGRZ,yeare one thousand Six hundred & Ninety and Six one,B91D6rYSd5HRKgkR,of our Lord God one thousand Six hundred Seventy and Six ;,72,51,10,0.4
WVTqEoaOJblHk8gn,utensills and Implements More perticullerly,gKVCQDEsIBDxNx98,guifts grantes due debts and demands whatsoever which formerly,48,43,5,0.0
UQdAdYYp7KH2edCK,administrs and assignes and for every of them,pNIBl6jeqdwen4fI,administrators and Assignes for ever without ye lett suite,70,45,8,0.0
k1Iz3TosZk6xvAnJ,23^o die July To all Christian people to whome these presents shall come,Y4HzzVFg7wuqrA4b,To all Christian people to whome theis prsents shall come,87,72,13,0.7692307692307693
vAV1au3Dfi1gMHJX,oweing comeing or belonginge all such manner of dues debts or demands,laBNyxyNmlxQ6MAZ,to the same belonging heareafter all which are in these p^rsents,54,69,12,0.0
yDtDsyJMEeviTEmj,claymeinge or pretendinge to have any interest thereunto In witness whereof,dp8N7j310savSZht,or by them pretendinge any right title or interest therein In witness whereof wee,69,75,11,0.0
C5akFGsEmttD1KYm,All And all manner of any other fformer gifts,jge53Fb3Yj0uq2tY,"all maner of Former and other Gifth, grants",61,45,9,0.0
yNyf3Tp0zc7DFj5F,day of Jan: 1710. .11 _ _ _ _ _ _ _ _ _ _ _ Tho: Beckles,mfQxfOmeRmwBh0g8,0 4 __ Horses ___ ___ ___ ___ ___ ___ ___ ___,44,56,18,0.6111111111111112
GDAdNAC8oCkxcdKp,"bargained Sold, aliened enfeoffed & Confirmed, And",jRDeu8Vng8lXnq5v,"barrgained sold aliened enfeoffed & confirmed, and by theis pnts doe",78,50,7,0.0
uW1HmbRaOUpoS4wt,bound Tho Richold & Tho Doughtie their sevall heires exrs and assignes or either of,aVTe6fJsU1J6Lww9,unto the said William Thomas his heires exers admistrs and assignes forever and to,59,83,15,0.0
Qkew66HYhHK6FUaR,hold stuffe & all other the aforesd prmisses wth the appurtenances,bPsisEL3A9dObUdK,thereof and all other ye premisses with th'appurtenances,74,66,11,0.0
gxa2gi146XRXUo6v,Woolfe his heyres and Assignes from the six a,icFv4Q6icqzY5L6d,"his heyres and assignes, That I the said Thomas: Reade",65,45,9,0.0
k2lhljsl9WZCB94E,of money goods wares merchandizes effects debts dues and demands as,CDtrEoWxOnwXjtC3,of money goods wares merchanizes as aforesaid and for me and myne,73,67,11,0.0
R6HfPQBGxbxtl8nv,Symon of the Island aforesaid planters their excers or assignes according to the tenor and,8S0r6JGJK7KjgcDw,the Island aforesd merchants my heires exers admistrs and assignes in the sume of,64,90,15,0.26666666666666666
NtrVjAYSfIr20vun,or by reason of the said Tempest and Storme,rTIOND7IIUfQOqgS,or by reason of the said Denham's not sh,75,43,9,0.6666666666666666
4B4Tehj47iYmmIyS,services of two men all swine & ffowles one Iron pott and skellett one chest,8rgKAkpPXok5BbVP,heires executors and assignes for ever without any lett moles-,52,76,15,0.0
bTSw8KKjK8m1Z4FI,W^m Jarris and Capt Edmund Read or one of them their exers admistrs or assignes shall,jdRUzCWMKGfoBsYz,ye said Capt Richard Peers and Wm: Morgan their heires exers admistrs or assignes,66,85,16,0.25
QtaVFLNiZRVfy4rw,of them I farther for my Selfe or any other parson or persons whatsoever,1ZNkQXKXNddCzISB,ye sd Gregory Rowe my heires or any other pson or psons wtsoevr &,72,72,14,0.0
ppPtLf6Se3thvkbI,twenty five acres or thereabouts and bounded with the land of Lieut Wm Pead &,oaiVyeVItbixF0J6,or thereaboute And bounded one the land of Walter Fenton one ye,61,77,15,0.0
AzGee4nn9NEm7BCb,Lord God Everlasting Know ye that I John Smith aforesd for,BZsYTf8BnHivfgE2,our Lord God Euerlasting know yee that I the aforesaid,79,58,11,0.7272727272727273
G7WoVUJi8mFdQVIr,"Sold, aliened, infeoffed and, Confirmed,",GDAdNAC8oCkxcdKp,"bargained Sold, aliened enfeoffed & Confirmed, And",76,40,5,0.0
gLJpzK5eYuCnRDBX,Island Merchant for diverse good causes and more especially,c86xUC5kFxBjZ453,Merchants for divers good Causes and valua,73,59,9,0.5555555555555556
aSv0h3BSiEeoyfUZ,Knowe all men by these pnts that I Shymon Broughton of this Island of Barbados planter,DgI4YduYOemEhCfE,Knowe all men by these pnts that I John Parrot of the Island of Barbados,84,86,16,0.875
PFgjIXBnNPg6CTqg,said Allexander Mullins his heirs Executors administrators or assignes for ever,KjT0QRO3llU9wzdy,Leare his heires executors and administrators or assignes by these,73,79,11,0.36363636363636365
zWnpQsPPRVkFkbm3,or factors and all others therin concerned for all wrongs preducies,K5cQe9X4rTsUEmZr,said Millner and all others there in Concerned for all wrongs pruduces,82,67,11,0.0
NEgQ2WPxx6RCNmkX,and release ye said Margarett Harrison her heires,qqH40JvsIEX8vpgh,bargained p^rmisses to the said Thomas Batson his heires,57,49,8,0.0
Fru1svJKiK2FYv5R,assignes for ever without the lett trouble eviccon expulsion or interruption of me the,8iVnzNdozl0VJM1e,assignes forever without the lett trouble molestacon or incombrances of me,76,86,14,0.5
8Vj3aw5va4nWnadb,whereof I have hereunto set my hand & seale this Twentie & eight,nwVG0ld1hzYm1cfW,whereof I have hereunto sett my hand & seale this 11th of,84,64,13,0.7692307692307693
Wuo90X5U6WqtyUc4,other pte Witnesseth that the aforesd Major Fortesque for & in ~,9Bb67GcVWLcgcf6s,other pte Witnesseth that the said Captn: James Holdipp,67,64,12,0.0
MPLhZwrZY1dZlRDn,God of England Scotland France and Ireland Kinge,L17n22GA39IkEJYq,of God of England Scotland and France and Ireland,87,48,8,0.875
KWroX7LP6rrZgdYT,enfeoffe bargaine assigne sell and sett over -,ULr8XgotFvdKH5HL,given granted bargained aliened enfeoffed assigned and sold and sett over,62,46,8,0.0
0Z68C7q1B4zB0jfw,& confirm & by these pnts do give grant bargain alien sell enfeoffe,PzKYZmjAuDp3ViW7,confirmed by theis prsents doe give grt: bgaine & sell unto ye sd Owen,70,67,13,0.0
1r1HsYsEMpBUYQwA,writeing shall come Capt: Humphery Waterman of this -,m6lTRzmvwYrANRcn,writeing shall come Know yee that I John,60,53,9,0.0
hyCu2yCDcclJQ3Xt,doe give grant bargaine and sell unto the Capt James Fulter all that plantacon,Xejl0WsGNYcuyEcG,doe give grant bargaine and sell unto Edward Porte in the same Island,69,78,14,0.5714285714285714
VTISw0JTAOeUHHGf,& Company to pay unto ye sd Mr Peter Kinge or his,jutAafJ5Mf99YhnZ,would grant and assure unto ye said Martin Noell his,57,49,12,0.0
LJ1X9U8YCkrZOuJf,in maner and fforme as heareafter particularly on each of thei,pNMVEq12VgJwA3pa,in an other bond or Specialtie beareing date wth ye of the paymt:,54,62,11,0.0
h945WWsACupQBhlD,east upon tenne acres w^ch the said Abraham Studd reserve for his brother,xOW4Wt1RBjSe15kE,apptenances unto them the said Thomas Whithead and Peeter Gill theire,55,73,13,0.0
vVaj1wCJFcRV0ZMc,them and every of them with theire and eve,YYLWa2J8KZyrX9Ly,ssignes and every of them freely and absolutely,63,42,9,0.4444444444444444
GViYjblidreaAs5K,whatsoever in the name and the way of possession o,6LVP5uvmZtmmsKRD,whatsoeuer in and vppon the same Standing lyeing,59,50,10,0.0
MBfj9Lon0ieWmrKw,hill two have and to hold the said land to him the,d9EJFpa42vRmLb2c,To Have and to Hold the Said P:cells of Lands with the,69,50,12,0.5
Juja4QeoXylzQdGY,thereon now being or that shall be thereon built dureing the sayde,tJTuSsoZPjZKHDAL,alsoe all houses that shall be erected and built upon the same . To,60,66,12,0.0
BdQlRbOM6mfoE6JI,and either of their and their heires the said platation or parcell of Lan,YT9l79SoiGWSa38W,To have and to hold the said plantacon or Parcell of Land with all a,65,73,14,0.2857142857142857
qxxJJ7ZqwbAhw3R9,Wood and purchasee from all manner of clayme title and interest wch I now have or,vYfu2mBX8SAnCC2J,and John George all the right tittell and interest w^ch I have or might have,59,81,16,0.25
hYoADSs2yfBgB0au,"in hand sec:uid have given granted, bargain:^d",R6Fry5gVhVpU1KMW,tions us hereunto moveing have given granted bargained,72,46,7,0.0
SROatAQgQHrNMSiA,and assignes untill the full end and terme of fourescore and nyneteene yeares to be,ujq1PJepvpFy4rkN,and dureing the full time and terme of ninety and nine yeares from,66,83,15,0.0
KbuUYQ8wcMwE6KjG,Monday to-- now is ouer England Scotland & ffrance & Ireland,d6ZWfj6IpmfKvxG8,by the grace of God of England Scotland France & Ireland,71,60,11,0.0
KFflEKofOcIj4ykP,and void to all Intents and purposses in,y0Koco40Qky2tPvY,thereupon to be voyd to all intents & purposes as if noe,67,40,8,0.0
wfnyGrcus1gTyQvk,Richard Clough or his Assignes five pound,VhbM48YoB1aLPeLr,and Executors Adm^rs & assignes forever and we,53,41,7,0.0
QyExylDxWqvR0qao,published And from and Imediately after the Expira,OukUe5SC1KVcOYb3,Assignses at and Imediately after the end and deter,61,50,8,0.0
IFTKtE0bxvRhALtY,in my behalfe Alsoe to sell Carter and dispose of my said goods Either for cotton tobacco,3sGK90HG66bXoUgx,in the penall some of six thousand pounds of good cleare cotton woole,57,89,17,0.0
z0QbEkIoiVzYZ2Is,prmisses wth the apptnes unto ye sd Nath : Ling his heires Exrs Admrs & ass freely,kIvmIzm3gauOcuZl,premisses unto ye sd Tho wave his heirs Executors & Admrs forever,65,82,17,0.0
GNSWseeItON6g9oP,excepted untill such tyme the aforesaid twentie one thousand pounds,1S6xfB2gpBLzHfz3,cotton and upon the nonpayment of thee aforesaid Three thousand pounds of Tobacco or Cotton,57,67,10,0.0
cklXe5xX08t40pNc,done by the said Richard Seawell his Executors administrators or,MWYWih3ZxecP8MJ1,of him the said Richard Seawell his Executors &,76,64,10,0.5
xG4FDgZUEW1u6nxu,Radford and Aurthur Hackett and foure thousand pounds of cotton to be paid by the first,koeGPrnjlkxMT0hQ,this yeare ( except foure thousand pounds of cotton be paid to Charles Stobart out,64,87,16,0.5625
1Zs6KlbsKMnbT9As,and Imadiatly after her Decease then to the Only use,Vf0sgib9T70aFqO7,and either of them theire and either of their heyrs of,55,52,10,0.0
hYRAqHUaC812iOCO,alien infeoffe & confirme unto Howell Williams & Richard Meere of Barbados,7nneMYN2EgZhR2xo,sell alienate enfeoffe & confirme unto him the sd,60,74,12,0.0
GAg3RfvBZ4R1YXWk,These presents the receipt whereof the said Jane: Henry,oXTjLStwRDHB866F,by these presents ; In wittness whereof the said Walter &,68,55,9,0.0
hLiEFJJUWvhNZcY1,thirteenth day of September in ye yeare of our Lord one thousand sixe,92Yvo835PZ6a3XKx,day of ffebruary in the yeare of our Lord one thousand six -,78,69,13,0.46153846153846156
kY87HT8iCX75AFEY,to me in hand allready paid have bargained,P4chgRiCnIo2fQ8H,to and in the said three Acres of Land with the prebargained-,58,42,8,0.5
G8d6QxzjT2Bxyxas,Purdey to pay all his dues and duties dureing the send terme of tyme to church,B5KC2V5tJ1WS4yLF,on the like dayes in Every yeare dureing all the terme of the naturall,55,78,16,0.0
gkYlJzGvQkIMC7w5,& Jo^n Grannte Deft Capt Woodhouse was in peaceable possession of his plantacon,bGQWFIHtTEC2KIG6,soever now in the peceable possession of the said Richard,54,79,13,0.0
iU8taeqTJQtn7UNM,freely and absolutely give grante bargaine aliene sell enfeoffe assigne,mdluwL3VGXFLU6id,freely and absolutely give grante bargaine alliene,81,71,10,0.4
kgTfIMAQHs5skPsy,at this Island of Barbados on the sixth day of December last past,GP88oBquqOJCxWNC,in the Island of Barbados Gent. of the one part,63,65,13,0.3076923076923077
17MomXxIoWG0tmR1,Tho : Hothersall & Captn: John Higinbotham to Impawell a,kk0JN8rBzvlCWvU3,the s^d Thomas Hothersall all for consideracon of the sume of twoe,49,56,10,0.0
VFwAvCFLKZ2dyhG5,of Land together with the Said thirty men and,iFSqEaAMW62x9pZe,and grant to and with the Said Girles Duboies and,62,45,9,0.0
bKBlwI3HRwCBTBMq,for the compleetion abovesaid doe covenant promise agree acknowledge,lBYF2immMMaRZF2z,ministrators doe covenant promise grant and agree,62,68,9,0.0
z2i2sdx5J9daTJ0w,W^m that he ye sd W^m Hargrave his heires Exrs admrs & ass shall & may lawfully,xQ8VS8IALVUj4APg,that the sd Thomas Barnes his heires execrs admistrs and assignes shall or may lawfully from,73,79,17,0.47058823529411764
8Sb22Q4tnHMGmVzs,whereon I now live with all the stocke being upon the same To have possesse and enjoye,5EYrJvKYvSm5i9uY,where on I now live beinge fortie acres of land more or lesse together,58,86,17,0.23529411764705882
3LT3xp7el36dcHXv,of Land or Ground and all houses Ediffices and,TOrixRp7KSS0UZ2z,of and from all and all manner of former and,60,46,9,0.0
2DvJXNMETQxTChgW,Seizin and possession of the within bargaind premises Given and delivered according,KVb7Fh5if65kxFNZ,and possession of the within premisses delivered,72,83,12,0.3333333333333333
VE514TqfK57aRAzM,the said Thomas Barre the Sume of one hundred pounds Sterling,DX6jCOyJkMCWug7r,admistrs or assignes the summe of fourteene hundred pounds of the like,64,61,11,0.36363636363636365
BjpHAKRYlklfN3yN,and every part hereof be not paid at the day appointed that then it shall bee lawfull for the,BH8T470otO2f8tAX,p'forme the above menconed cotton or servants then it shall be lawfull upon,56,93,19,0.0
TWcUdm9Ie0q3ymqi,By this public act and Instrument of protest be it Known &,eqF93vAKYa4aOeHr,By this public act and Instrument of protest be it known,96,58,12,0.8333333333333334
5JewYPldGL3Rwih2,"belonging or in any wise apperteyneing, To have and to hold the sai",5yWeBTAjKz4Z9wI3,or in any wise appertaining To have and to hold the before,80,67,13,0.8461538461538461
pmtDslqAnPgbtoQC,demand of him the said M^r Thomas Lane ffor the pformance of all &,z0pfDCZKCf2FCuhF,storehouse at the seaside store age free ; and for the true pformance hereof of all,59,66,14,0.2857142857142857
WBgZGXZznkmNOEXL,London legally sworne and amitted and that unto such acts instruments,EHBoK6f9thISpuLc,and clearly exonerated acquitted and discharged of and,54,69,11,0.0
6rlLBO0FfEwAvuQg,To all christian people to whome thus present writing shall come I Robert Lee of the island of,GpybFUz8xWITgCoK,To all christian people to whom this prsent writing shall come I Charles,81,94,18,0.5555555555555556
4IKJm3QZcvEtQ0IJ,specialty of ye same date for ye paymt: of ye sume of two hundred,Lu1RYgcamUXbD1Wz,more especially for and in Consideration of the Sume of one hundred,61,65,14,0.0
jHZaupCAWtixvZbE,whereof ye said Nicholas Rice ~~~~~ and Marcus Rice have,zXdnixdP0oVRSXLt,wee ye said Thomas Merrick and Adam Morgan,55,56,10,0.0
ZSUU75O17YylVFGP,in the yeare of our Lord 1673: Duly proved & recorded in the,rNbtGWDVowUMFxro,in y^e yeare of our Lord 1674: the within men,65,60,13,0.46153846153846156
wBcF5JPplFsR5ZSJ,have hereunto sett my hand and seale the 9th ninth day of September,tXHgjWYslgfsbYJR,have hereunto sett my hand and seale this foure and twentieth day of,79,67,13,0.6153846153846154
Kbh2SJ6piaxgfWke,to all intents construccons and purposes as the aforesaid act of this Island &,BHew23WKtXD5SqXD,take unto his use and possession the aforesaid plantacon and,61,78,14,0.0
2D6vMD3J62nousGG,and manifest unto all Christian people that on the first day,UvBCw8Q6znxxXGs4,and manifest unto all Christian people that upon the four and,91,60,11,0.6363636363636364
BcbfnoGMbJmTPSIA,Enfeoffed and confirm & by to these presents give grant bargain,rZvzuCiBEzxRrfXM,and confirmed and doe by these presents give grante,72,63,11,0.36363636363636365
JlzbYfPICETEYNWw,had (More fully may Appeare) By w:^ch Letters Patents or Comis,mWwqCOfSw3q3np7O,"&r Casin and by the Letters Patents or Comission,",61,62,11,0.0
RrjCwlnTc5RInCSd,Plantacon with the appurtenances to them the xl Capn Robt Page & Capn Willm,yhoWBp0GQuiDFIKw,of plantacon with all th'appurtenances without vexacon molestacon or,62,75,14,0.2857142857142857
S2YPlHHC25tUevTL,"or any of them, or against his, their or any of them",i6NZonvNHVrCZtkk,the same to be recovered against him them or any of them,72,52,12,0.4166666666666667
Pr1jVL1Oky1SswWz,to serve six sowes and one boare and six tene ghoatts thirtie,x9pBxKE2rzy7UMXG,the six thousand pounds of Tobaccoe and if in case yt ye said Sixe,55,61,12,0.0
CblDL5T5m4DfquSP,estate without any lett suite molestacon or suite in lawe by us the said Hinkson,s28IDBKUKXHqk9yD,ever without the lett molestacon trouble or deniall of me the said Thomas,61,80,15,0.26666666666666666
94cFv3adbzN2X5NR,Deeds And on the same Day John Brown & Thomas,s6HN2J1KWvNzw7sA,Sealed and delivered in the presence of John Gregory Thomas clarke,56,45,10,0.0
AMEjNzwvy0hMlDBF,enfeoffe confirme and sell unto M^r Anthony Lane his heires,ds2yzgNWAo3MYQNa,grante bargaine confirme and sell unto phillip Jones of this Isle his heires,65,59,10,0.0
IYhLlV7atXIEFcBF,thousand pounds of Tobaccoe to me by William Whittaker and Neale,x9pBxKE2rzy7UMXG,the six thousand pounds of Tobaccoe and if in case yt ye said Sixe,62,64,11,0.0
M9PQGXznlhcyZgV7,fourteenth day February last past before the date of these ye presents,HCtCrb3CmNEjKOAg,Moneths next after the Date of Those presents,63,70,12,0.3333333333333333
tgFBS1wtAgZqggPX,and Contented Have given granted bargained and Sold,My0ALCzdVlimyrtK,"Acknowledge, Have given, granted, bargained, Sold",76,51,8,0.625
RPZSqNEm9prJto8t,9 bris 1647 ye That I Nicholas Foster of this Island of Barbados Gent doe for a valuable,r1aNILha3nLcLhkd,Whereas I Thomas Winter of this Island of Barbados Mariner have,65,88,18,0.3333333333333333
FEVA71vTB460g0kS,and the goods and chattels menconed as aforesaid unto the said Barnaby Martin,CDtrEoWxOnwXjtC3,of money goods wares merchanizes as aforesaid and for me and myne,59,77,13,0.0
bcqSpAqCxHtAA5Zr,longing to the three houses with and singular all ye,Vs0ckUinRP7TW9sQ,them into the round house of the said with armed guards our,56,52,10,0.0
sC2ZI1VF9gxPvVom,purchased of him the said Daniell Dike Butting & bounding,GNRUSgrv2q7IfZeJ,the Said parrish of S:^t Georges Butting and bounding,55,57,10,0.4
McI7v5XugcFOStUb,Thomas Steeve and leeward of the land of John Fynear To have and to,gCijUesXvSuLpTEB,Edward Port on the north the lands of John Carson on the west and the,59,67,14,0.2857142857142857
scTZGPheD0mbRyKY,the ninth of July last part betweene the said,W2KNy3XndBz3Dbaw,itaments holden in Join ~tenancy Betweene the said,59,45,9,0.0
UTTiFe7eijgHk8Tp,effect for the purposes aforesaid And we doe humbly also certifye that,oEgEpa34BSmKc19H,"tofore disposed of as aforesaid, And allso all the right title",56,70,12,0.0
H2hsfWkrC5Gj1Bf8,be paid unto Samuell Farrer of the same island planter to his heires exers and assgnes the,wzfJXuFNdztSDF2P,paid unto Adam Morgan of the same Island Gent his heires exers or assignes,74,90,17,0.23529411764705882
ncdjV2fbQjVZ8D8n,before and acknowledged this bill of sale to be his,5W5FSWMGkLobvuFE,before mee and acknowledged the above Instrument of writeing to be his volu,68,51,10,0.0
0Ygydx9Jb8eKFQY3,the same to bee hold on in free and comon Soccage yeilding,ALw5QuRFFUauhJA3,holden in free & Common Soccage under the Crowne,57,58,12,0.0
KU77yZ2bLhbiDB6Y,"written, quiet and peaceable possession State",bGQWFIHtTEC2KIG6,soever now in the peceable possession of the said Richard,55,45,6,0.0
IUKKNzkyMDYaHoIB,Carlile was likewise for want of due informacon omitted in the said,I1vWDPlR6gyLPAAA,shall appointe or else store free and for the true pformance of the same,53,67,12,0.0
MNmDgita8zv1NyZ3,This bill bindeth mee David Lane my heires excrs or assignes in the penall summe of two,iAmP4ZHpOZIYbyYT,binde mee my heires exers or admistrs in the penall summe and forfeiture of thirteene,65,87,17,0.35294117647058826
eiYnMIfIKoNDPOZk,well and sufficiently warranted and defended,Pl11tq5T0vtV08Eu,and assigns warrant and forever defend by,61,44,6,0.0
Wx97WLWmyZa7hLXs,"by Certaine Articles of agreement Indented had made and agreed upon, -",9eddjquHX2THRWBr,Articles of agreement indented made and agreed,78,70,12,0.0
tyandiRngieFHhCY,and assignes for Ever; all that p:cell of Land or Ground,ZrwZjN15lBC381BN,one white storehouse and a percell of land and ground,59,56,11,0.0
xIhJiUhFUFqGC8sF,his wife the two Children are nott yett named.,WtbRElZ6GfYN1wNG,name in the behalfe of my Said Children aboue name,54,46,9,0.0
VcLTK0mvUToRIOYE,valuable consideracon already by me Edward Vaughan recd doe give freely my moyetye,xEqGh8DbayZAz92g,planter for a valuable consideracon already received Have given granted,59,82,13,0.0
iG2METPxl2yFEikm,Tobias Kidd Henry (Barrett) and Edward (Finch) thier heires exers administrs and,IgAEcrBJSBeefq48,the said William and Mathew theire heires executors administrators and,60,80,12,0.0
mh9qL38iGOLALgHR,Johns was gonn to Spights Bay to see if,WL4KziGK98paXPlJ,people that upon the eightienth day of Septem,50,39,9,0.0
WaRyvzKsjCPAOmJa,the Island of Barbados aforesaid planter Deceas,MtCzWngHTnPqlTKb,in the Island of Barbados Planter and Elizabeth his,67,47,7,0.5714285714285714
BUe23HdIqp5HH4ey,and did Acknowledge this as theire Voluntary,G1cw9x5B7stZeLKV,"Edmund Cole, and Acknowledged the (within Instrument",56,44,7,0.0
fnkzgge74EJdbXzH,and sell unto the said George Milles twenty acres of land or there aboutes fallen,jlsaq14SPRnlAggI,and To Hold the said twentie acres of land to them the said James,66,81,15,0.6666666666666666
Sb3ZUbfukWVZOLff,Hunton Southward bounding of the plantacon of M^R Sutton eastward and,33o5fNcUPwCDiarW,and north upon the plantacon of M^r Jon Johnson and east upon the,57,69,11,0.0
HHNyyLNTFjF92S7o,grace of God of England Scotland France and Ireland King defender of,UqvpH9ZvPQBxpv9l,second of England Scotland France & Ireland Kinge defender,84,68,12,0.75
iq3B7MtOEAT8kLmz,C.P. Sinckler and Vallentine Willdegos,dPbGExFXvDvg8Snh,intended and Soe shall Continue and Rema,49,38,5,0.0
YCLZJobTtWvDAjC3,Clarke Frances Boyce William Barnes and Left: Humphery,q3uPcTOiqbXxpCFk,of are now resident on ye plantation and two more,49,54,8,0.0
xMoMBukg200oIoua,seales this eight and seales this eighteenth day of December 1640,Tbs70EM6qfiZ6Pp5,hands and seales this eleaventh day of December 1640,79,65,11,0.0
2WuwF8h57zBZol9G,heires Executors & Adm^rs & assignes forevr all yt tene,VhbM48YoB1aLPeLr,and Executors Adm^rs & assignes forever and we,77,55,10,0.0
sEIaS7F8WEtaXBZs,day of October 1640 As both said bills more at large it doth and may appeare Have,XV6n8iWFQH9zzH2B,being had more at Large it doth & may appeare),63,81,17,0.0
PozUoS1fWwKlV8jX,due to the seamen that have navigated the said ship dureing,qlri5n1JPoLCkHpp,of the goods and Merchandise aboard the said ship belonging to Capt,57,59,11,0.0
dK1N20oj1OVqDbCK,not Sworne before this 16^th of June 1659-,URzF35gxkcEDPgU8,abovesaid As wittness my hand this 25^th of June 1659,59,42,8,0.0
FpfJWaSUA8niwspP,Seaventy acres of land wth all tymber trees privledges comodities & advantages,AljEeatSmmSgIDvg,halfe of all the Timber trees pfitts comodities & advantages whatsovr: ~,65,78,12,0.0
WzfnjLtbzp8xElqD,John: Seddon; Barbados: . By His Excellency;,XUnCsc8YYR2xf55m,Island of Barbados gent by his bill of sale under his,47,44,7,0.0
taRKyhVCdKLG8Cne,"was present when he owned that he was fully Loaden, as in my",GViYjblidreaAs5K,whatsoever in the name and the way of possession o,55,60,13,0.0
8fqY9qoaO0haZyfr,Rebecca in behalfe of himself & Company and Captn,ibAnWfHUz0shEyeO,Island aforesd Mchant in behalfe of himselfe & Company,68,49,9,0.0
sTrJhkocIpscOj84,Peters on ye Island of Barbados cont: by estimacon nynety acres of land or,WyjGNFSmwgHMZykj,debts in the Island of Barbados in the parts beyond the,62,74,14,0.5714285714285714
CfUGhlXL85SIizAu,heires and assignes for xxx and discharged of and from all former bargaines sale,EZAP4ZkhiSUd82kg,freely and cleerely acquitted and discharged of and from all former bargaines sales,77,80,14,0.8571428571428571
9CAkl2biUpQq8VSV,Edward Browne of the Island aforesaid planter by me the said Thomas Morgan before,PQdfn0i4L5WOZaWj,to me by Thomas Pearson of the Island aforesaid planter before the ensealing and,63,81,14,0.7142857142857143
cdnL2nqtNcDBME5k,neare the seaside windward and for the true pformance,z0pfDCZKCf2FCuhF,storehouse at the seaside store age free ; and for the true pformance hereof of all,65,53,9,0.5555555555555556
Nqv4bpCZ0wrJ38cX,To all Christian People to whome these presents -,0ZvGzksVcRwCqqvb,To all Christian People to whome these presents shall,94,49,9,0.8888888888888888
qRbdLkX6UWngKw77,"Wadden Have Given Granted, bargained sold and Confirm",17EGzd8T7Z4ihxKL,Have given granted bargained & sould and by theis,73,53,8,0.0
XVZP5lXyctlov3RL,forty and three to him ye s^d Adrian his heires executors administ^rs.,xZZqBxx577puIwe9,to and with the said Richard Fisher his heires executors administrators,71,70,12,0.0
A0iS8DqvzBMJoRNO,wherewith I acknowledge myself fully satisfied and,Xhf29bJraRpNbVKl,where with he acknowledgeth himselfe fully satisfied,86,50,7,0.0
S3AJk4kwHIvQ8H87,I James Thweat of the Island aforesaid plan,0ZEKS9pLg7MtFroD,now resident in the Island aforesaid Merchant,68,43,8,0.5
4tKNY2m9l4mgl1XZ,bargained Sold assigned & sett ov: and by these prsents doe bargaine,KbQrml0koVcUlm0n,sold assigned sett over and confirme and by theise prsents doe demise,70,68,12,0.0
ZMTVZcaqGNytzQxi,the law being alwayes saved unto him when he shall improve the office of that,mzveuvMFnSVEhrDc,the same to be recovered against him then or any of their goods or Estates,54,77,15,0.0
95JcLlqkGF7v4Dif,and incase the said negroes goods wares merchandizes effects and other things,wTJFDFh2U3jhwfn3,stock servantes good chattells wares merchandizes or other effects and things,68,77,12,0.0
WIrVADRlBqtRde3M,therein and thereby he left and bequeathed unto his Si,KuHdta2fXsyh1uMY,thereby he left and bequeathed unto his Sister ^Mary Rogers his Es,70,54,10,0.0
7K7gvzkqfRR6ulIW,ten acres or thereabouts lying in thomas pish at the spring betweene,d97kwy9Ydcshm5gA,& appurtenances or thereunto belonging to him the said Daniel,60,68,12,0.0
aW5IagELHzETFJim,and concerning thereof the same i for myself and company doe hereby,0EGwwN5J2iZeCBOy,there fore this appearer hath as will for him self and company and owners,61,67,12,0.0
A7McwOcQLyvzWJIW,claymeinge any right title or interest thereunto or any,JxHf6h08dgsycimX,"Claiming any right, title, or interest for,",76,55,9,0.5555555555555556
CqIayzgeS658l5AY,In truth of ye above menconed particulars the said,ZmJD8hjNwfsvl5TZ,witness or hands the days and years above menconed the s'd,57,50,9,0.0
FDefJQpT8CiE0r1k,Isld of Barbados Esquire Sendeth greeting in Or Ld God Everlasting now know,raBSw7wWCJSkbVgO,the Island of Barbados send greeting in or Lord God Everlastinge Know,81,75,13,0.0
wT4VIBQqeDPI7ju8,Fran Smith John Edward Ellis Steele.,BayKI3G7iytIBi9V,"Maurice Morgan , John Earle , John Seberry",46,36,6,0.0
svwSsbUP8rjhbaht,Scituate lyeing and being in the parish of S^tt,5nSR44wop9nxbh9z,Scituate Lying and being in the Parish of S^t Georges in,83,47,9,0.7777777777777778
DXUacbe6LQd947cC,cleere from all manner of incumbrances whatsoever and the Said abraha,JumTzaXOgEs7oSbq,any other incumbrance or Incumbrances whatsoever and wee the said,66,69,11,0.36363636363636365
SgPLOWVf8Dy3v194,Parcell of Land qauntity Fourteen Acre one Rood and Thirty Peaches and one halfe,p1NwjXgh6fR9QFNa,date hereof and the said Robert Lees covenanteth and granteth and bindeth himselfe,54,80,14,0.0
DbjyqbBiZYBayCsT,John Thomas one of the wittnesses to the within Lease personally appeared,r02oKdpvZBVb3iHw,"M^:r Thomas Wright, one of the wittness to the w:^thin writteing p^rsonally",70,73,12,0.0
FsT9ydZvj0Tn2U7Z,to bring him to an anchor in Speights Bay who imediatly acquainted the said,sJaRUTJxYwD3Gcak,Aprill Middeton Thomas Bright by the said Capt giveinge the said,53,75,14,0.0
xhn3NVSh4HOrfGbw,doth hereby acknowledge and thereof and thereffrom acquitt,bVsOqm5fH2TmPtpB,of them doe hereby respectively acknowledge and thereof and,65,58,8,0.0
6SCbaQ2B5kpRNq8u,other quarter pte & ye sd Captn: Thomas Middleton of,zD9aDrlh9v7peMpO,& comodities whatsovr unto ye sd Captn: Tho Stanhope his,56,52,10,0.0
rWglsEilo32D6jcC,penalty ^or forfeiture action suit pces execu,pU1TO7gDyVvpMEcu,together with all penaltyes forfitures Cost charges damages sum & sume,49,45,7,0.0
y3xaKqzl3aEI4PuB,Knowe ye that the sd W^m Pead as well for & in,opBh4gU1p8Cf7gH4,God Evlastinge Know ye yt I the sd Luiet: Willm Pead as well for,65,46,12,0.0
wVI1b4FQlb1dJOQb,have hereunto put my hand and seale this fifth day of,ztDVKMI39rzbWRuG,have hereunto put my hand and seale this 24th day of July 1641,87,53,11,0.7272727272727273
PGrsVzaCJNX1b1E1,February the Second 1662 appeared before mee L^t John Ham,RrIYgsc0KIZSqfUd,May the first 1663 personally appeared before mee M^r William,61,57,10,0.0
AV1UUCv6WF5q3vhX,of their true & lawfull attorney Giveing & by theis pnts,yovfBGvjPjrDzVEx,to the true intent and meaneing of these presents ~,58,56,11,0.0
bPsisEL3A9dObUdK,thereof and all other ye premisses with th'appurtenances,Qkew66HYhHK6FUaR,hold stuffe & all other the aforesd prmisses wth the appurtenances,74,56,8,0.0
HP2oj8KXGCyZSJfP,"his heyres & Assignes, shall & Will Warrant, & for Ever",bTAWmN4PRvOeTpAJ,Moggs his heyres & Assignes shall & may shall may fro,69,55,11,0.0
PI50DgflUg697zXB,order the said Bill was drawn as also the said Reid and Collitors on whome,LDUIMQ5Q2O1e0itH,the draw of the said bill as alsoe against David Browning on whom,59,74,15,0.0
pw3M1tBJKvmODslv,other whatsoever. In Witness whereof the Parties to -,0uBeAe2LDmJqYq9X,and demands. whatsoever In wittness whereof. I the said,69,53,9,0.0
DNm9Sli1fLeWqpNT,To all xpian people to whome this present writing or deed of,WFM0BApCMYPuHfRS,To all Xpian people to whom this prsent writing,86,60,12,0.6666666666666666
WgOCLhfd6cyu42Se,and eight acres of land lyeing and being in ye pish of St Andrews over hills,ozPB5CPGnWlcmezh,as Signified there by and Lyeing and being in S^t. Andrewes -,63,76,16,0.25
ThfnPfGddjfVrMHd,and England the 9^th Day of November 1693,6re06p0OzvPmiLGu,my hand this 29^th day of September 1641,67,41,8,0.0
4fOk1KG0Pp8ZuHqs,William : Roseman South; Together withall messuages -,1vRG2yH4TcqSmMqj,Nicholas Rice North togeather with all the houses,61,53,8,0.0
MmKKPPIlXswuRGFX,sd pcell of land & all other pfitts comodities & apptenances whatsoevr: to the sd,AljEeatSmmSgIDvg,halfe of all the Timber trees pfitts comodities & advantages whatsovr: ~,65,81,15,0.0
y6DBNH5E1ec1hsNt,"dowers, fines, Issues, Rent charges, or arreara",79hJ8wURdHId7IEu,"Joyntures dowers & bills of dowers, Leases, rent, charges, Rent",56,47,7,0.0
OVXBQ6bnKlbO8vgs,Thirty seaven degrees or there abouts then arose on the same day of his,QaYo1SNJahmoZODO,degrees or thereabouts mett with Contrary winds,58,71,14,0.0
E8AKQyIb5POysx2T,other parte Wittnesseth that ye said Tho: Sandiford,9Bb67GcVWLcgcf6s,other pte Witnesseth that the said Captn: James Holdipp,72,51,8,0.0
wb0zaLRZ2Vv166Gc,come Thomas Ellicott of ye Island of Barbados Mar-,r1aNILha3nLcLhkd,Whereas I Thomas Winter of this Island of Barbados Mariner have,67,50,9,0.5555555555555556
1HuW8bQ2bDjHGQL9,be done either in aresting inpleading dischargeing releasing or,ro7qE721txjtvUw1,before then sealinge and delivery hereof doth remise release and forever,52,63,9,0.0
LINLqDbASgDS22Pb,ye Ld of Geo Englesby Northwd wth all pffitts & comodityes,sggAEJI29exYLAOY,Roger McNeads west wth all profitts & commodities ~~,62,58,11,0.0
ToCVujlK1zVrHqOi,"Street upon the Lands hereto fore of Henry FFisher Dec^d upon Swan Street , And upon",6uyPGvm01Ma1LgRC,"upon the Lands of John: Pearse Esq.^r , upon the Ca",52,84,16,0.0
3j3qquw8Bvlnligt,afores:^d for the fourth part of the house as,yEvswCA0LOdLsfqi,red by them or either of them . Provided alwayes,58,45,9,0.0
xFHDluTxHSET9FEr,of rents dues duties taxes levies inposicions whatsoever hereto had suffered,gKVCQDEsIBDxNx98,guifts grantes due debts and demands whatsoever which formerly,55,76,11,0.0
MeR3pzh84KpLMcNf,Divers good Causes and Considerations them there unto,6SVyPySNfbd5W412,divers good causes and valluable consideracons me hereunto,77,53,8,0.0
v8KlPPDOrfeAIaB7,and Martin Noell of London Esquire on the other part Whereas in,dAzOx3yB1d21xbwN,land and all and singular other the premisses,57,63,12,0.3333333333333333
UaG2IBt0aAVFxWA2,determination of a certayne Demise and grant of a terme of years,v4NN5l9IwwWWp6xR,Robert Filkin doe have promise and grant for myself my heires excrs,56,64,12,0.0
90V8Dr7OIZN2X6B7,Copia Intr 3^o To all people to whom this prsent writinge shall come I Jarvis,k2kNQku9HEPMYAXU,To all Xpian people to whome this presente writeinge shall come I Thomas,78,77,15,0.3333333333333333
Bwm4qZqlcdsjfRGB,and her heiers forever excepting what is before,2Am6SzvKFlFzDBHF,premisses before granted expecting what is before,71,47,8,0.0
18UjwtvDYnHEwEgC,pfitts commodities pvision & apptenances wtsoevr to the sd Twentye acres soe bounded _,J38BJHO9CIzbRlco,proffitts comodities and appurtenances to the said house,63,86,14,0.0
7NDlyxiDUmOwrmvi,Barbados - I Thomas Addis of the Barbados planter for mee my heires exers admrs,Ed3OLL8NeE4mGh3R,"the said John Curtis doe here pr""mise and grant for myselfe my heirs Excers admistrs",59,79,15,0.3333333333333333
lodqBAbdfiJpHjDf,aforesaid Mercht ye full & just quantity or sume of ten thousand,vB6dpofLaoAVW4ZY,in Consideration of the full sum and quanity of Twenty and three thousand,60,64,12,0.0
tpY19KLKjwD4a4LL,yearly in the Councell Roome in the said Island one Eare,KtSXbIWrlK5Va1AM,near the Towne of St Michaells in the Island of Barbados next,58,56,11,0.36363636363636365
EZAmggQBwBAD3UdR,heirs and Assigns doe free & acquitt the said Randolph,vcHTnF8sxTXzchDb,his heires and Assignes for ever as aforesaid and further,63,54,10,0.0
jsaIrEu3jHmwMLMt,and manifest unto all Christian people that upon the Seaventh,ZUQupPMhjID9GGQq,and manifest unto all Christian people that upon the eighteenth day,91,61,10,0.9
p9v1d0vHYp8eXMNC,of Aexse goods wares and merchandizes the said constituants have shipped and,CDtrEoWxOnwXjtC3,of money goods wares merchanizes as aforesaid and for me and myne,62,76,12,0.0
bxiK3it8VaFZQ1wv,doe covenant prmiss and grant to and with Adam Morgan of the same Island for,Y3oobQmzvr3e9Xrw,doe Covenant promise and grant to and with the,70,76,15,0.6
r6MgBlq8FxvthgQa,Franknell and Henery Williamson for thesaid Thomas Sadler from the begining,y4uO6CZklta5lQKO,bargaine and sell unto the said Thomas Applewhaites pasturage and feedinge,54,75,11,0.0
o4sQFFYOzMwIEsgo,These presents bindeth me James Sillester of the aforesaid Island planter,4Qz2qjTvIwzi6yg2,1642 Theis P^rnts bindeth me Thomas Sewell of the Island aforesaid Gent,65,73,11,0.36363636363636365
mdWyeq36zbfFQqXf,"used, as alsoe Seuenty negroes Slaues beinge twenty",T74IZPeQ36gvNsJ7,soe much goods as soe many negroes as the sd Farmer should put,51,51,8,0.0
Jb8UD8TnCZs1Se02,To all Xpian people to whome these pnts shall come greeting in our Lord God Everlasting,WvicwIv0Pl1XRDSE,To all Xpian People to whome theis prsents shall come greeting in our Lord God Everlasting,96,87,16,1.0
IoiXeRbPkMfAR40R,any of us sevally or respectively shall make date privdive or make,bVsOqm5fH2TmPtpB,of them doe hereby respectively acknowledge and thereof and,53,66,12,0.0
m5l4DakhAqWJT7EV,To all Christian people to whome this pesente writinge shall come I Peter,H6MlB7cGEGI4lZ6J,To all Christian People to whome this present writeing shall come,90,73,13,0.5384615384615384
5mRM4WLOyqEFXhIm,were enterlyned before the ensealinge and delivery hereof in the,p43kr4OIsQ6eSUU5,at and before the ensealing & delivery hereof by the said William Sisten the,69,64,10,0.0
mYSNrdDP8aeyQrQ2,the said 24^th day of October did covenant to doe his best endeavor to utter well,vQKErCCBwyXuL5cE,his hand the Eleaventh day of October in the yeare of our,55,81,16,0.0
j1RoXbmUVwHMXjK3,aforesaid bounding upon the lands of M^r John Wossam M^r William Sharpe,0SwQKfck5tvgcLfc,in the Island aforesd . bounding on the lands of Mr Price Gent Leward,59,71,12,0.4166666666666667
pROMG7Hq8r8jDJKw,made that such recovery shall be made good,cJdOKPGNYChD5oPo,that is y^e said Robert Hollings shall be minded to Learne off,52,42,8,0.0
5BwizSJpTshv505v,quietly have hold use occupie possesse and enjoye the said plantacon with,MwFs6Wtw7Trb2BL8,and quietly have hold occupy possess and enjoy the said,78,73,12,0.75
GpdWKDxZtlUXt36F,convenant and agree to & with the sd William Walton,F7Ff2FSbmcwAGC6d,covenant & grant to & with ye sd William Drax his heires,69,51,10,0.0
z007TdpNyPWCai6W,and to Hould the said sixty acres of land with all the profitts,t6eMEwn0Ed8Rd2Bp,the said two parcells land with all the profitts,76,63,13,0.5384615384615384
NBeJqqyP5kzDf8qR,premisses to him the said Thomas Warr his heires executors administrators &,lz0SbzJ0IYZHFeH1,psents for him the said Thomas Hothersall his heires executors & administrs,80,75,12,0.6666666666666666
GDeNTNsjvd3QvKiQ,Executo^rs Administrato^rs and Assignes by these psents that,5y4unaLjqV9Asnb6,Executors Administrators and assignes all that,79,60,8,0.0
YkA0wZ0PXB9vlKo6,sett theire hands and seales the day and yeare firs,T8SgyApXyBlWjHrx,"ably Sett theire hands and Seales, the day and yeare first above -",84,51,10,0.7
paOW9IJ6AGqpaj45,pfitts & comodities thereupon or thereunto belonginge or any wayes,jwPso64RyR4T05hF,pfitts and advantages whatsovr: thereunto belonging or any ways appteyneth,69,66,10,0.0
Cq6Gl8Soa3X8cKTC,and appointed Executors in Trust for; And the said Edmond,HGUACxe3JvWF5gfB,any title or interest in or to the sd Ten acres of Land,54,57,10,0.0
TBQu96WK3Sla3Yk9,of St Peters in the aforesd Island & buting and bounding upon Anthony,dUkR6ecLp7AFUU7A,St Johns in the said Island butting and bounding Easterly with upper part,65,69,13,0.0
JiWKnJ0vqSO6cOQt,"South, on the Lands of Cap:^t John Booke, And West,",APmOaxyMvP9PWA6l,"and on the Lands of the Said John: Booke, together w:^th",62,51,10,0.4
ltihQJSWoGu4qxZW,"A Schedule or list of the Negroes, horses, mares, and Cattle, which",A7edNqhc2VeCWxMO,A shedule or invoyce of the Negroes and horse in ye Bill of sale hereunto,61,67,12,0.0
m0y9JGPFARFAT1CF,hereunto sett my hand and seale this seaven and twentieth day of November A^o Dm: 1640,GwhdWP8hCtKVaDvp,hereunto sett our hands and seales this xvi^th day of November Anno Domi 1639,79,86,16,0.75
5DCjjVWyA8b3iYuy,molestation trouble or hinderance of me the said Richard Isham or anie,bvNtQfVwBFheDCun,Eviccon or hinderance whatsoever of him the said Richard Willi,62,70,12,0.3333333333333333
HNaxXJWmBAJmsJjy,The thirteenth of Aug 1667 personally appeared before me the within,Pz6xt3fTfT158osa,This 21^st day of Aug 1667. personally appeared before me the above,76,67,11,0.45454545454545453
VcJyHWO9dmsCz4tX,had made or comytted by mee the said Robert Barker my heires or assignes forever,IoI36CjYREOjvG37,w^tsoever made by me the said Cooke my exers or assignes or either,67,80,15,0.5333333333333333
3ATzohB15YBNy1JE,Sd Hugh Perry & Abraham Symons or: heires Ex^rs Adm^rs,suaYMkQOGZz4au9k,said John Broadhead & Thomas Smith doe bind us our heires Exec^rs,54,54,10,0.0
s0e1tG2uTDQlydkK,by the lands of William Batson of the south side by the lands of,9EkaqCzEBy6yTcIi,Lyndsay & soe to run to the seaside from the land,57,64,14,0.0
6TGbOgWMsqjwJQ2V,unto Peter Leare of the aforesaid Island of Barbados also merchant,siYC73VEIyiB8ISQ,betweene Ian White off ye Island of Barbados merchant,67,66,11,0.36363636363636365
6LAuYAacY7O6X67o,Said Island by the request of Captaine Richard Barrett and m^r Richard Morris of the,mdN0m6aKAEfnRLFf,Know all men by these presents that I Capt Richard Peers Esq for the,54,84,15,0.0
tHwnSdDqHD8JeZmq,due and oweing to Crispin Hooper marchant now resid,I8LB7Medjt2hKG10,of Land and premisses doth warrant unto the said,53,51,9,0.0
yAQZHe95hQIl1iKY,Canary Streete fifty nine foote and a halfe and,RRNWVqQPkdsfzshw,Streete comonly called Canary Streets fi foote and an,58,47,9,0.0
Y3d8Lu1ROCbYLmqb,of his subject for paying the same that behalf being,HvLmggaMTeLY1m5K,for them before delivery which the said agents on behalf of the said company,52,52,10,0.0
hihszYmLXtYXCzlu,the parrish of S^t Thomas abulting east upon John Tanke south,GNRUSgrv2q7IfZeJ,the Said parrish of S:^t Georges Butting and bounding,60,61,11,0.0
gOSvNjpr6SBzuje2,"and Island above Said Send greeting, and Know yee that I the",YCP9HgrBKwpLup0X,Luceys and Island abovesaid Send Greeteing : Know yee -,75,60,12,0.4166666666666667
6Py4cvLdqDownu1j,sendeth greeting in our Lord God Everlasting,BRVeiQGOK4HLNUoa,wife send greeting in our Lord God Everlasting where ~,84,44,7,1.0
S40LubLi0Kf10HsG,may be suffered or sustayned for or by reason of,NU4wDSLEfgs3MfD6,one with him concerned for or by reason of the,60,48,10,0.5
8S0r6JGJK7KjgcDw,the Island aforesd merchants my heires exers admistrs and assignes in the sume of,yBmKwx5O0eCk4c9G,for me my heires exers admistrs and assignes doe by these prsents covenant,70,81,14,0.5714285714285714
c0r4BZeEu2vgGJCb,Bill and the Debt therein menconed of Two thousand fyve hundred,ftCq5R12ClNKdTwx,In the yeare of our Lord and thousand six hundred,59,63,11,0.0
t78qy0NnYKNTvpfZ,Ano Dom one thousand six hundred forty & seaven,TXxdUAseaneIteOP,March Anno Dom: one thousand six hundred and Seventy -,75,47,9,0.4444444444444444
slSDkKUM6bSsnGJO,of the Court of Comon Pleas hold for the precincts of S^t. Peters,Lsheu7397XAncjLu,one hundred pounds and fiftye of Cotton neett for the use of the,53,65,13,0.0
DRrNfG3VubxS4I49,"wittingly or willingly suffered , or heareafter to bee",8MP11YZ0hPpCfAYu,writing or Bill of sale as their act & Deed to the use of,54,54,9,0.0
VtAbbsulTf3i7HMM,the stock proffitts benefitts utensills necessaries and appurtenances,UW4zAGqT0M94a6Rv,wages proffitts benefitts Comodityes privelidges and advantag,60,69,8,0.0
ua3sMSZQnj0AX3Bs,as are now standing growing or being upon the before bargained,sXe2iqnAezdxaSlM,to have or Clayme of in or to the before mentioned,57,62,11,0.0
GGwWCJCH6lY4H82a,God Euerlasting Know yee That the Said Edward :Yeamons,kHaLisghwau0bPN9,Lord God Everlasting Know yee that I the said John Ham,72,54,9,0.0
JOeej3h27a9peXXY,To all Xpian people to whom these prsents shall comeThomas Bennett of,hWddOaByuIsGs999,To all Xpian people to whome these presents shall come to-,87,69,12,0.75
ZaZibqkBkQaeN3PF,a certain bill of exchange charged by Mr Bent DaCosta upon Jahacob,G8Lbj4koER0KdcT0,the said bill of exchange to which the said Barton made answer,53,66,12,0.0
HGUACxe3JvWF5gfB,any title or interest in or to the sd Ten acres of Land,mnXyL0hflG6LUHhk,right title or interest unto the aforesd forty acres of land or any pte,68,55,13,0.5384615384615384
Fv1ocC4AJ3g55alZ,bargained sold into John chapman and Gabriell Hughes both of the,fWKWQl9cjSv1NV1L,bargained sold and conveyed and every part and parcell there of,61,64,11,0.0
6GcIhrbmnsT1bvcJ,Oath upon the holy Evangelists of almighty God that he did see ma,7WFFMBAd2uq6G15v,on the Holy Evangelists of almighty God that he did see,90,65,13,0.3076923076923077
u9PpuDTEGJ2VUf6g,consideracon us especially moveing Have given granted alliened enfeoffed,n3UK573fbXjPKkX7,thereunto espetially moveinge Have given granted bargained alienated,73,72,9,0.4444444444444444
7QaVlv0iRRxZZOQT,"for ever Lawfully, peaceably and quietly have, hold,",IRZ1PJjrfMTLz8iB,Dalby his execrs & administrs shall peaceably and quietly have hold,67,52,8,0.0
Rjcz7IiK8PL5UqvX,of the Sume of five pounds Sterl: money to him in,VbZcY4RkcIKyFzVc,the Full Sume of FFive hundred pounds Currant mony,59,49,11,0.36363636363636365
2K5sgBY468TW4yCq,parties ye 3^rd of May 1654 Thomas Gibbes,VruDceE3Z999Cpo1,hands Receaved of and from Nicholas Rice,47,41,8,0.0
whKg2IDhBi2IKCtC,"his or theire meanes, Actt, Consent, Title, Interest, privi",cAiIWPKQlkmHqnx2,"my Meanes, Actt, Consent, or prcurement Dis",57,59,9,0.0
FRIAx9BfMq4iv7wP,personally appeared in the Secretary office of this Island of Barbados,1S9BAdOg3Xr1UUr5,personally appeared in the Secretarys office of this Island of Barbados,99,70,11,0.9090909090909091
IUzcfFXz4SPEQ3HC,accepted & received by the best and missing text,u3b4JNo5bqpfE7Js,was given and delivered by the above named James,52,48,9,0.0
OTYAxvEZLi2Xicpa,Charles the second by the grace of God of England Et King defender,lX9s1LYu4gomLBB0,Charles the second by the grace of God of England,85,66,13,0.7692307692307693
LYB29huEpJvuVW63,acknowledge my selfe fully contented and paid and thereof and of,NIVZ19ou1tg6UfOz,there with fully satisfied and contented and there of and of every part,56,64,11,0.0
PdY5Y9pFyhpFOMeH,thereof with their and either of their appurtenances unto the said W^m Pead his heires,VAD5q7U25gBBimRK,and every of their appurtenances unto ye said Wm,67,86,15,0.5333333333333333
OSD7Ybmxq6DBy70Z,Two baggs spanish money in his trunke at the time,XYRMCyIhVR5yX6a1,pounds of like money upon the three and twentieth day,51,49,10,0.0
mM0ygbeDwNRbQ2cW,therefore unto Left: Coll: George Standfast ye quantity ~,sFn4R9dwVQE20SQC,Know all men by these presents that we Capt: George Stanfast,50,57,9,0.0
DY1VIAVi8Malugvm,The two above described figures doe represented ( ) and bounces of two land all,ZAySEi2vlgtwlTB4,admistrs and assignes all our parte of that twenty acres of land fallen,49,79,15,0.0
uVFW8jJ27QOZCdmj,at Barbados severall peels and quantitye of goods amounting to a considerable,fUpjRJ2XxaEkwgEJ,wares merchandizes effects and other things to a considerable vallue wch,55,77,12,0.0
UqvpH9ZvPQBxpv9l,second of England Scotland France & Ireland Kinge defender,HHNyyLNTFjF92S7o,grace of God of England Scotland France and Ireland King defender of,84,58,9,0.4444444444444444
Pxm5ccCmaKwbQ7xP,wtsoever unto them the said Thomas Griffith and Anthony Sandiford and,xOW4Wt1RBjSe15kE,apptenances unto them the said Thomas Whithead and Peeter Gill theire,61,69,11,0.45454545454545453
KJd5sqATAxGLuiV4,To all Christian people to whom these pnts shall come,OpEIfYoh4P1NexgG,To all Christians people to whom these prsents shall Come,95,53,10,1.0
84S5jIc1xLJjBict,sons & also all such personal Estate which the said,XjFjREzxmZe8s0x8,and a way the said Susack together with the said,57,51,10,0.0
3qzKr9H1X0sTU4gk,hereby granted erect build Sett up and bring upon the hereby,pSwSJAZ6VNdQ655e,more att large appeareth sould unto James Parkins And I doe hereby,54,60,11,0.0
Mi2WTVI6qaXts0wY,together withall edificies buildings thereupon now beinge withall emolements,4UGS9c9zz7tUEb7Z,Surveyor Together with all houses Edifices & buildings thereon,61,76,9,0.0
pRIf9rapdPFuu82M,and aldormen of y^e City of London have caused the Seale of y^e office of Majorasty of y^e same City,AlJDTKW6iml1ysJF,and in further testimonery have caused the seale of the office of Maiorallitye,64,100,20,0.0
dB64zH7GewwVDhSu,this either publique Employm:^t he had in this Island then the others of,Vf0sgib9T70aFqO7,and either of them theire and either of their heyrs of,57,72,13,0.0
aO980ubOx3cZVuRC,of the said shipp the Johns adventure and her tacke furniture and apparrell,gOw35akAEvvP5gl6,part of the said shippe ye Johns Adventure and of her tacke apparell and,78,75,13,0.0
vVL7mV8hKxi2u9yK,other things and all and every such debts and debts sume and sumes of money,tbykGkGuYaCkwuol,"assignes , and all and every persone and persones Lawfully",56,75,15,0.26666666666666666
n4bMPSssn88eRkfY,heires Executo:^rs or Administrato^rs In Wittnes wherof,0yzdjCgzJLlDH5OJ,heires executo^rs Administrato^rs or Assign,73,55,7,0.0
lKaiHjiSEWcdMZn3,and assignes forever without anie lett suite in law trouble interrupcon,v9BJ57z06xkt8cyj,heires and assignes forever without anie lett molestation trouble,75,71,11,0.36363636363636365
9uFuM4Im0ZPm97MM,of the said thousand pounds of cotton both to be servant unto the said,p4fRXp9utROMSbhs,quantitye of tenne thousand pounds of cotton to me in hand paid,66,70,14,0.2857142857142857
A7VpyqAOavK4xuhS,Mason and Robert Chapham and on the Lands Late in the possesion of Symon,mWB9qX6WUwGTFOSx,acres of land bounded on the south to the lands lately in the possession of,65,72,14,0.0
NOr4ncE2T6kZg5RG,Witnesseth that the said John ffrith as well for & in Consideracon,eq8InFTV0w562oCT,that the said Jeffery Baker As well ( for and in consideration of the sum,65,66,12,0.3333333333333333
kXXVzJAwWnA5MruX,pounds of machantable tobaccoe for ye better pformance of the above said,jL5kxXQ8QIQl34kH,mchantable tobaccoe to pforme the pmisses above Specified,64,72,12,0.0
L6cEawVQRWBMxTea,Stulo Anglis and in the twenteeth of yeare of,PGzR1Iv8bh4qlL9q,Sixty and Eight and in the Twentieth year of,72,45,9,0.0
ScMutGShr2TKEO1n,and Sustained or shall be suffered or sustained by the said Appearer owners,FEDa5UEwbgmKPRNn,or appointment shall bee made by the said Alice in his,56,75,13,0.0
NOvwLWkOlFRCy24q,Indian bridge at or upon the 30th day of July wch shall be in,PcMWlGkaz1BR84DJ,at or upon the six and twentieth day of March w^ch shal be in the yeare of,59,61,14,0.0
FBY4HvubFGNy1CMn,binde myselfe execrs admistrs and assignes defende and keepe harmlesse,Pf0K2YKuhDew13k9,heires executrs admistrs and assignes for and in respect of any dues,67,70,10,0.0
n7v7VU27ikHT1Eau,Bristoll mchant doe acknowledg myselfe truely Indebted & to pay or cause,AoupA6Uur0eKxhGR,pounds of good mchantbale Tobaccoe well made up in reate & role to pay or to cause to,56,72,12,0.3333333333333333
xHo3ICOLBnm5s7zD,By this publique act and Instrument of protest be,uGI8F9Er0c5XwdnX,By this publique Act and Instrument of protest,95,49,9,0.6666666666666666
2poSTDlcMrJrfVmU,Island aforesaid Gent by the last day of August next ensueinge this date,d0KvUoiQUzFaZJq3,before ye Twenty day of June next ensuing the date hereof,60,72,13,0.3076923076923077
0F76zYMHFOoPemDL,acquited released & discharged of & from all & all manner of former,nkJAR26WhraTXiOs,and Discharged of & fro : all & all manner of former,81,67,13,0.6923076923076923
vQVynWmEcBM6vPg2,By this publique Act and Instruments of protest be it,Zer3bZ5I7YFGoqS6,By this public Act and Instrument of protest be it,95,53,10,0.9
AvDjGKYDjkyRKnsG,very desirous that the sd hundred pounds may be truely &,sdxjeGwduy3dJ7mV,designed desire that the said protest may bee,61,56,11,0.0
Zg0QfulBfV4cVxo8,Pete Braye and Tho Mayer unto the said Mayer his heires executors ~,IydfuYEg2S4fYFhn,and continue to the said Peter Leare his heires executors and,67,67,13,0.0
itLBG9PWwtL4IXjj,appearer or the owners of the said ship the same to be recovered against him,jseNQND294DUffHa,"by reason of the Premises, the same to be recovered a",65,76,15,0.8
5qQyslLM4GClqCUn,County of Devon in the Kingdome of England gents all and all mann^r of Accons,qlMHylk9AKNiayAz,County of Devon Merchants for that they nor any agent or factor,54,77,15,0.0
s8J7dnQVgBmzEHeD,assignes or some of the in shall and will at theire owne propper -,EASNjYXyJK56LqCo,assignes and Every of them shall and Lawfully may by force,63,66,14,0.0
oCLrZ3aWZkSBvrjn,"Priveledges Commodities, rights, members, jurisdictions heredi-",cMKCJsslNGkLKpey,"wayes, Easem:^ts, rights, Members, Profitts, priviledges,",53,63,6,0.0
RUhF8H0w6kj7hfxU,of me William Sweete and Edward Applegate conteyeinge by estimacon,ppLPLXWGkskyzQjg,Phillips in the said Island and conteyning by estimation two,59,66,10,0.0
FTDi9TG3HhSnDEcV,menconed and exprssed in there several schedules or inventories unto ye sd -,VoCYS8kgnGzYvZJN,other the bargained pmises as in the s^d schedule or Inventory hereunto annexed is,61,76,13,0.0
D2Otui6F7SeX7MnB,Smith on or towards ye said eight ackres of land and likewise,z007TdpNyPWCai6W,and to Hould the said sixty acres of land with all the profitts,58,61,12,0.0
qsTf9Bti8mTgywr5,moveing & more especially for a Satisfactory quantitye of goods,vCJ6TAC76h8jyuZE,hereunto moveing but more Especially for the sume of thirty pounds,62,63,10,0.0
rdkMNdCUU9fBB3Lb,w^tsoever And wee the said Mathew Key and Henry Saint our heires and,Pxm5ccCmaKwbQ7xP,wtsoever unto them the said Thomas Griffith and Anthony Sandiford and,61,68,13,0.0
PDj1S5WmTa5YGZgF,Island of Barbados before me Richard Noke Deputy Secretary of the said,H4rKYUX1mFJpdBnN,Office of the Island Barbados before me Richard Noke Deputy Secretary,79,70,12,0.8333333333333334
XjbjE7dBhxNkEoJF,lyeinge and being in the pish of St. Lucie in the Island of Barbados,t8xXJs3PpH5ruSIG,Situate lying and being in the parish of St James in the Island aforesaid,77,68,14,0.7857142857142857
D7jUel63z88qRu8s,Barbardos Containing In Breadth Frosting to,LOPjEfKgGLKZoJ12,of Barbados Conteineing thirty three acres one,61,43,6,0.0
Q3ak7HJZPfsfhi1I,upon the one & twentieth day of March 1650 scytuate lying and,PcMWlGkaz1BR84DJ,at or upon the six and twentieth day of March w^ch shal be in the yeare of,64,61,12,0.3333333333333333
MWkIu3u02RZtrRSS,afors^d Allexander Nicolls for diverse good causes & consideracons me hereunto,JjQrbFo1Sop4oCPZ,Radford for diverse good causes and valluable consideracons me hereunto,75,78,11,0.36363636363636365
iZDQHJMu8W5CN0U5,trees lyeing groweing or fallen together with all profits and benefitts thereunto belonging or in any,IDAdn1Ay5XL8Sb24,and Francis Pearson with all profitts and commodities thereunto belonging or any wyse appertayneinge,61,101,16,0.25
c1xObXYvpF7zBB9Y,1647 Willm Whitaker of the Island Barbados Gent + Neale Gillaspay of,GP88oBquqOJCxWNC,in the Island of Barbados Gent. of the one part,57,68,12,0.3333333333333333
qiA3SF1GYZD399cT,This bill of sale is entered 3 leaves before.,OEK432MiDgO67vSz,his writeing or bill of sale bearing date ye eleaventh,57,45,9,0.0
vUAimd7mMDtq2bG6,the said Richard Fisher his heires executors & administrators &,xZZqBxx577puIwe9,to and with the said Richard Fisher his heires executors administrators,88,63,10,0.0
zu7WyNEAqHCGsLBk,together wth all pfitts hereunto belonginge The sd John Hunt,AW4Bcv5coTpCr6BL,wth the appurtennances thereunto belonging unto the said Robert,62,60,10,0.0
1OZHPQTQ5gyStCdM,covenanted + agreed yt if it shall happen up any of the pties above written,qYvuLyRZ64uRXCQz,hand and seale the day and yeare above written.,56,75,15,0.0
4GtMFxyYwU7CISo1,"behoofe for Ever more, And that fraude Clearely and if",QrEjY256VfDhW7ks,"manner and form aforesaid, and that free and cleare, and freely",60,54,10,0.0
4sUTy9A18RPVxYEZ,sale assignmente and others as shall be need full and required to receive the,eljuMcZ9LYSvyzWI,sellings tradings and doeing as shall be need full and within tene,64,77,14,0.0
WzsPgzrwcHyj4UT7,unto the said Laughlan Consadine his heires and assignes for ever,sCHwoLcDGNvBCDBA,unto the said fran O'Mulquiny his heires exers admistrs and assignes forever,72,65,11,0.5454545454545454
CSjP6sAfQduefc71,grant bargaine sell assure and confirme the same unto,1LoCqt5P2c0oQ5Lq,grant bargaine sell alien enfeoffe and confirme unto the said Captain,72,53,9,0.4444444444444444
EgRt7NnKRjukmXzY,thereunto belonginge To have and to hould the said twentie acres of land,fCtxAqjtaaH0W2iw,in a schedule hereunto annexed To have and to hould the said twelve acres of land,80,72,13,0.8461538461538461
AoMMqNv6MsamJKwu,South on ye land of Rich Yates together with all ye,AnBi72G3gqOqRrDh,"Pinfold west on the Land of John Jopson, together with all houses",66,51,11,0.0
gbEBZbLZO7v1qpgE,goods and chattells out of prison againe to deliver or cause to be delivered,3zMguIvuDs29L7by,and to condempne and out of prison to deliver and to compound,57,76,14,0.2857142857142857
BAd9u3XLGAYWCICr,Severall letters from George Cook Esq^r and Company and told him the,Fbs5fvY9uFI8OgpO,as Well for him Selfe and Company as allsoe in the behalfe,51,68,12,0.0
VLB5LzxoiGFfWd3h,Holdipp and their heirs at and upon the reasonable request,OfuQgiRM8vrxWZJM,hearafter att and upon every reasonable reques,71,58,10,0.0
kepw0KAhGQnd0QDU,Godfrey Stansell for me my heires executors adminis -,ntPunwpG7SeeSvFw,Williamson doe from me my heires executors ad-,67,53,9,0.5555555555555556
JjQrbFo1Sop4oCPZ,Radford for diverse good causes and valluable consideracons me hereunto,6SVyPySNfbd5W412,divers good causes and valluable consideracons me hereunto,90,71,10,0.9
GmFC4yErKMBfWBZx,effect there of and of all actions preceedings extmts and executions that sha,UpkDyr7OSJoRu1XX,A Schedule of all the houseings premises and utensils what-,54,77,13,0.0
CMmUgt3PtqPMrZYZ,or half parte of such debts & sumes of money all Accons &,Do9613kZhc4ERTHH,the other Moyetie or halfe pte of the sd sume of money,58,57,13,0.0
h5xekNhh6ArWFPNl,with the appurtenances without the lett Suite trouble Interruption Molestacon,k1X72nCGxSWCDgR4,without the Lett suite trouble eviction molest,65,77,10,0.0
KAoQXDog96R5bbIP,tenne thousand pounds of the like cotton witness my hand and seale,p4fRXp9utROMSbhs,quantitye of tenne thousand pounds of cotton to me in hand paid,67,66,12,0.75
FSdjngDqO59ciHVe,any matter of Chaleng Claime or Demand of me the said,bKUPLyT0lhJ5mAyC,can hereafter make anie just clayme or demand in the said bill,61,53,11,0.36363636363636365
lhValpJXC0k72H91,"geably set, the day and yeare first above",kjcw3052hnxzp27U,havesett the day and yeare first above written,78,41,8,0.75
eWCKNzFbJaJYMDtR,said Read or his Lawfull Attorney doe pay & deliver unto the said,RFqJwRN2Kszre9Gm,years full to be compleat & ended To have & to hold unto the said,58,65,13,0.0
4yLtUAW47U3fgOKX,assignes thirty acres of land with th'appurtenances bounding upon the lands,3sJrMg5dku8WylwZ,and to hould the s'd twelve acres of land with the appurtenances to him the,64,75,11,0.7272727272727273
oXxLTGasmnphZWxR,Joseph: Skull his heyres Exec:^rs Adm:^es or Assignes make do,1utesWaIOvDN6728,themselves theire heyres Exec:^rs Adm:^rs anf Assignes doe Covenant,67,61,10,0.0
hQteG5BVr6RHUkma,these presents binde my selfe unto ye above said Willm Murffee,o4sQFFYOzMwIEsgo,These presents bindeth me James Sillester of the aforesaid Island planter,61,62,11,0.0
Pbsmeb3Zo18HPvAL,his heires exers and assignes for ever and to his and that owne proper use and,gvtuikU8BYO9FPul,his heires exers and assignes forever In witness whereof I have hereunto sett my hand,71,78,16,0.4375
RLhX5CDQL9Gi9FaH,Morris and Richard Steell or either of us or ours or either of our heires executors,dG5rP4H7lSaCkEej,"aforesaid I or either of us or any other pson or person, by or",62,83,16,0.5
79hJ8wURdHId7IEu,"Joyntures dowers & bills of dowers, Leases, rent, charges, Rent",y6DBNH5E1ec1hsNt,"dowers, fines, Issues, Rent charges, or arreara",56,63,10,0.0
1S6xfB2gpBLzHfz3,cotton and upon the nonpayment of thee aforesaid Three thousand pounds of Tobacco or Cotton,yEPSBtKigueT63YI,for and in consideracon of the some of the some of foure thousand pounds of,58,91,15,0.0
tJTuSsoZPjZKHDAL,alsoe all houses that shall be erected and built upon the same . To,Juja4QeoXylzQdGY,thereon now being or that shall be thereon built dureing the sayde,60,67,14,0.0
wDZbfK5Fs3n9WQQu,Every parte and p:cell of them and Every of them with,yOFIIsuE37o20j6e,"Every parte and pcell thereof, imediately from and after y^.e death",67,53,11,0.36363636363636365
VwIqQFqxDa0wtTv5,& assignes for the true pformance hereof I bind mysef my heires & assigns,6mUlAcXaOxTvZNxv,and assignes And for the true pformance of all and every the articles,69,73,14,0.42857142857142855
TtTnSy5eeAIyhgty,upon ye land of ye said Coll. John Colleton together,APmOaxyMvP9PWA6l,"and on the Lands of the Said John: Booke, together w:^th",63,52,10,0.0
O4NvcCsc91FgWCTm,moveinge Have given granted and confirmed and by these presents doe,zhUVL8RjnCjRrWua,aliened conveyed assured and confirmed and by these presents doe for my,74,67,11,1.0
2clomzf5A9wvGbAW,unto ye said Peter Hancock All which said summe,onqijI8wSzkX8XHo,firme unto ye said Peter Handcock all that ye plan-,69,47,9,0.0
enrQLaLXBOe0MEMF,and five hundred pounds of Lawfull money of England to him the,43ANVj77p3kZZl4A,and four hundred pounds of good And lawful money,64,62,12,0.3333333333333333
aM59jb6dv2YVQzlz,for and in Consideracon of the Sume of Sixty pounds seventeen,YpoQ37N3votJffau,for and in consideracon of the value of Thirty and nine thousand,74,61,11,0.7272727272727273
PsbTrCQPwccc31tv,them shall & will from tyme to tyme & at all tymes hereafter,VeEty3Mc38kLV9Hn,or lawfully may from tyme to tyme & at all tymes hereafter forevr-,76,60,13,0.3076923076923077
uOcRLyNteinukJHI,and being in y^e Parrish of S^:t Phillipps in y^e Island,VU5NsNdRsYsqDrlD,of the Parrish of S^t. Phillipp in the said Island gen,69,56,11,0.0
IXeRCMikOsgQNNYD,annity wherof is Masters under God for this present Voyage,YpjAEkCppj4AiCC6,His Master under God for this present voyage John Philpott and,70,58,10,0.0
udnQeatTPLCMfqaE,Ffeb^ry in the yeare of our Lord one thousand Six Hundred Sixty,0mbbbshnl0XReeqC,of February in the year of our Lord God one thousand six hundred sixty,86,63,12,0.6666666666666666
JugSMoVMoiDSkWFl,"This was affirmed and witnessed upon oath by Daniel Emott , Mate",hSOmrgF67O0ddvs9,This affirmed and witnessed upon oath by William,79,64,12,0.0
qEjF0lUFsimO4f8H,Henry Stevenson their heires exers admistrs and assignes and to their and,ib10LmS2x9wUy1Ye,his heires exers admistrs and assgnes that them this prsent deed and,70,73,12,0.6666666666666666
cOEdAnpAM2NJDNwY,merchantable and neate cotton In witness whereof I have hereunto putt,1OQyYV09ehJBG33b,the same And in witnes whereof I have hereunto,70,69,11,0.5454545454545454
7KvTQKv4ThtZlM9w,And whereas the said Capt William Fortescue and Capt,WKFGgvxqjy28OcWQ,North upon the lands of the said Mr William Kirton and East upon,59,52,9,0.0
5J5pKHkRykirtrFj,afroesaid planters the third part of our plantacon wherein we now his being in quantity,0aJY5MmeUQLNjuQ0,Island planter all that moytie or one halfe of the plantacon whereon I now,57,87,15,0.0
jtylWIEp2ot2TjZD,and advtages thereunto belonging or any waise appetying together to have and to hold ye,T3gCkSt5bcuYdswx,thereunto belonginge or in any wyse appertayneinge To have and to hould all the forebargained,69,87,15,0.6
WaK6yyeR7xNkN4mk,Ben:^a Wadden in his life time and from,beFmgX7qgjEl9wLl,"Liven and Alice his wife Have given , granted , ba",52,39,8,0.0
IgKMWZY92AI3Z87V,"degrees, and Longitude three hundred and forty pound degrees",xS55xsBVei0QZdoW,under the annuall rent of two hundred and fifty pounds,61,60,9,0.0
uRaa9Eq5S1Pf4GKY,Sanders his heires executrs admistrs or assignes at some convenient,KjT0QRO3llU9wzdy,Leare his heires executors and administrators or assignes by these,71,67,10,0.0
8MP11YZ0hPpCfAYu,writing or Bill of sale as their act & Deed to the use of,OEK432MiDgO67vSz,his writeing or bill of sale bearing date ye eleaventh,61,57,14,0.0
lnlfVMq3RgBIbazh,often thousand pounds or neale & well cleared cotton wool to be paid unto the,9uFuM4Im0ZPm97MM,of the said thousand pounds of cotton both to be servant unto the said,65,77,15,0.3333333333333333
yy6d68ZN7v17qERd,w^th in named premisses was given by ye within,EHkQzt3GEhocddlv,writting as be his discharge according to ye within -,55,46,9,0.0
K3LdBxXEseSALJqP,paid the receipt whereof they the said Bird & Margarett,XtLO9GWKpMCxNwvp,"truly paide, the receipt whereof, wee the Said Jo",67,55,10,0.4
xCSSbM0dGxKLTeZs,of partnershipp from the other Then the ptie soe determine to breake,3dH4nxyz4Mf03Wby,& assignes from the day of the date hereof forever without any cause,53,68,12,0.0
TQTPEL8sAVCPCHQY,Rodney of Bristoll Merchant his Agents or facto^rs and all other,TBVUAtdu7OM4KEOR,and John Johnson his Agents or ffacto:^r and all other the,70,64,11,0.0
kt1Dff8Loy2aScA9,from tyme to tyme and att all tymes hereafter forevr: peaceably,K2rVcYAxzwUGjpVs,time to time and at all times for ever hereafter peaceably,76,63,11,0.7272727272727273
jNsuAPuhgHQec18i,the twentieth year of his Majesties Reigne that now is personally appeared in the,yIpUq7NBbrCGtjeC,1635 And in the Eleventh yeare of his Maties: raigne yt now is made,61,81,14,0.2857142857142857
fGd6OPCnL7jbUciw,possion: of Mr Frans Estwick North upon a pcell of land,JU0SngC9joWB43Oz,by vertue of a warrant to appraise a percell of land,54,55,11,0.0
R9gl1wyBnGoAhWuh,Beaden and John Pennicott for themelves theire heires exers admistrs and assgs,xI29vf1DWXsPmlJc,Evan Jones Thomas David and John Price their heires executrs admistrs and assis,69,78,12,0.3333333333333333
BPfTganEeiLoHRCa,thence stand bound unto the said Edward Sharrah his heires exers admistrs and assignes,E4lyNbnRlAPOwugo,Their the said Rowley doth his heires exers admistrs and assignes,72,86,14,0.42857142857142855
EkRIZETw3zQFKJhQ,evlasting know ye yt wee the sd Captn Thos Stanhope,vjCXuOzdakipcio5,lasting know yee that wee the said Patrick and Bridgett,66,51,10,0.0
TJPsDVZFBG8z7mql,and remanine in full force and vertue And that it shall and may be lawfull,nSBwPZRYsnvS9GJ1,exers admrs and ~assignes~ every of them that it shall and may belawfull,64,74,15,0.26666666666666666
QFCtC8AXmLCQUe9b,whatsoeuer And the Said George Reid and,EnSU1hjHkeOgYelz,and Impositions whatsoever. And the Said Henry: Hutchin,60,39,7,0.0
F8DYDDp2AvW9Dytw,"To all Xpian people to whom these presents shall come, David Robertson?",hWddOaByuIsGs999,To all Xpian people to whome these presents shall come to-,87,71,12,0.6666666666666666
kON2zsrtDX1F36lu,the pish of Christ Church south of the lands of Francis north,ST1nH2w8W5BhBlSD,"of Stephen: Gibbs Chirurgion, South on the lands of Thoma",58,61,12,0.0
n8zeIymEgvK9CO5t,Haynes and Matteew Halery leeward and windward butting upon the plantacon of,K1fvJx6TQtPk0ool,one musketts & bandeleers together with now upon the plantacon,57,76,12,0.3333333333333333
2IATTQzag0oGuuVa,"Harman Joyner with all, and singuler the proffitts",Xeym5MC4Oxbx4C0V,have and to hold all and singuler y^e premisses,64,50,8,0.0
fqpdmfISmK05pp0b,Teste - Edward Overton - Intr utsupra -,cdnL2nqtNcDBME5k,neare the seaside windward and for the true pformance,46,39,8,0.0
43ANVj77p3kZZl4A,and four hundred pounds of good And lawful money,ntJ8UoHMouQQM6xP,penall sume of foure hundred pounds of good currant money of England,64,48,9,0.4444444444444444
wvyfJmj08BUj1fnI,"and Jane his wife, Send Greeting in our Lord God everlasting -",mAl2HLzOK45yVqTY,and Rebecca his wife sendeth greetings in or Lord God everlastinge Know,81,62,12,0.3333333333333333
j53xhZ2P6MESmZAA,Sr Jonathan Atkins K.t Captn. Genrell. and cheife Governor of this,nq6RswMVrkfbTtkb,of Parham Cap^t Generall and Governour in Cheife,58,66,11,0.0
yfKqf1eO0IYWmMRb,unto the sd Constant Silvester his heires Executors Adm^rs,FWiyneKLYWwV5Py5,unto ye said Captn Jeremyah Hame his heires Executors Admirs-,72,58,9,0.4444444444444444
NgU23cGHw1osJ6Ip,hundred thousand pounds of Merchantable,MpDLqM2NKu23k7lu,of fourteene thousand pounds of good & mchantable well,69,39,5,0.0
Zyb8D6ntsYy2ETqy,two store houses and land and ffurther the said Sevt Richard ~,Ju8y4IxbU9BWyr9G,do Save harmless and indemnify the Said Richard Downe,57,62,12,0.0
StN9q7WeNT3EhvSF,windward one the land of Peter Palmer and adjoyninge on,ejDLHm5h4lWWqiJR,lyeinge windward of Edward Browne and adjoyninge upon,63,55,10,0.0
3HD1dfdr1PgvMg0s,Exers admistrs and assignes in the penall summe of thirty thousand pounds,iS3ipjTu1pW1RzFj,admistrs and assignes in the penall summe of twenty and two thousand and pounds of the,81,73,12,0.6666666666666666
CGbZE5Gjmv7EU3Ht,Applewhaite his heires exers and assignes accordinge to the true meaninge hereof,1VRzuhRKIiu19YnW,planter his heires exers admistrs & assynes forever this my plantacon whereon I,63,80,12,0.4166666666666667
1eV8c36Mus9MyJAg,singular other titles troubles charges and,Y5uiZta8r58h7uOD,all and Singular other Titles troubles Charges demands,81,42,6,0.0
xZZqBxx577puIwe9,to and with the said Richard Fisher his heires executors administrators,vUAimd7mMDtq2bG6,the said Richard Fisher his heires executors & administrators &,88,71,11,0.8181818181818182
neyVriWyz17oohyg,"Privity on procurem:^t And that ffree, and Cleare, and freely",QrEjY256VfDhW7ks,"manner and form aforesaid, and that free and cleare, and freely",69,61,10,0.0
TM0lt6kgSM4xKDV1,By this second Pt of the aforesaid ~Island and~ of protest,imjJw6qgqi7kA0oO,Secretary of the said Island and sole notary,61,58,11,0.0
k1bMglshIVzkeQWa,yt ye sd Jer: Norris his heires or ass shall & may peaceably & quietly have,VOBXTUIBGh34hetY,assigns yt he shall & may peaceably & quietly possesse,64,75,16,0.4375
1edBIb3eCD44Wb6n,in the habit he was there in the church being neare the sea side,KIgiuvNEEDjBuM1F,with the greate path near the Church & begining at a Slumpe,62,64,14,0.0
amRikgUPCDvNNdiw,Buildings Easments wood water Courses benefitts a,DwtPoCmS3r1E9yrk,Edifices Buildings wayes Easements waters profits benefits comodityes,63,49,7,0.0
e6UEWHDzajGFtMaE,hereof the saide Edwyn Stede hath hereunto put his hand,pAtIveCHkSCRxVFE,the saide Gregory Hallett hath hereunto Sett his ha,68,55,10,0.0
gYA8FtpnJdbw4qwR,servants w^tsoever I shall send or be sent unto the Island of Barbados or in,uKzDWM9cJLIXRrpB,and means w^tsoever of and from Thomas Cooper of the island of B'dos,61,76,15,0.26666666666666666
9nt1exN6uL51CEvT,thereby or any other comodities or advantages yt upon the sd plantacon,nyXJ7Vqx9CC9zaUc,"to have or clayme any right title or interest unto the said planta""con or any pte",60,70,12,0.0
RyHhUXOAoA1apIKR,heires executors administrators and Assignes to and with ye,AMQB9QlyeAJq0wvk,heires executors administrators and assignes for ever without,85,59,9,0.4444444444444444
Bwd3l6Rrj5nXHKmw,an Impost on y.^e Comodityes of the Growth of this Island for soe,gASAKtAb4i9Oek69,psonally appeared in the secretaryes office of this Island before,55,65,13,0.0
vn0SLBYBKYvISplQ,thousand nyne hundred twentie and seaven pounds of the like condiconed comoditie,6jccAhEqemAtq77Y,thousand pounds of the like condiconed Tobaccoe above,65,80,12,0.4166666666666667
asclvS0ZVIPNVGJe,"without y^e Lett, trouble , deniall, Molestacon or disturbance",EGV4gzx5BaHH9d4R,"without any Lett, Suite, trouble, denyall molestacon or",75,62,9,0.0
BOJEICPYOmlWesKM,of land beloning to John Turner was attached,lI7LJVeZlTjPYXoQ,"of land containing two acres, two chaine and an halfe",56,44,8,0.0
RH0NzLgaGQ911xJP,between the said parties that the said George Adren and Edward Bailey shall and will,sbFk0Z9or8ZAgxUc,the said parties that the said Raymond should wth,62,84,15,0.0
lHvpiPOdj7utAf2A,Samuell Bateman is intended shortly by the Grace of God to,lX9s1LYu4gomLBB0,Charles the second by the grace of God of England,58,58,11,0.36363636363636365
VobrWstyKDIOLsjY,Administrators and Assignes All that planta,r9dIh2iSpvBoZfzF,Administrators and Assignes shall and may y,79,43,6,0.0
TGpukDGd2OG546C6,"Captaine John Leslie of the Parrish of S^t Johns in the Island of Barbados, of the one",nD0ymFgvn0LWHG2u,John Smith of the Pish of S^t James in the Island of Barbados carpenter of,74,86,17,0.47058823529411764
ju3TlXfFvOluOdaC,content satisfie and pay or cause to be well and truly contented satisfyed and payed,hJcomjtiVSzaxdGY,not be satisfyed and paid att or before the five and twenteth day of -,56,84,15,0.3333333333333333
OOT3KVdDZMTYK9Bx,By this public act and instrumt of protest be it Known,eqF93vAKYa4aOeHr,By this public act and Instrument of protest be it known,95,54,11,0.8181818181818182
tQAuzSsJimAQ8yRV,Barbados To all Xpian people to whome theise pnts presents shall come William Readye of the Island aforesaid,bNjpiEQhK8nDSqXx,Barbados To all Xpian people to whome theis pnts shall come William Readye of the Island aforesaid,95,108,18,0.6666666666666666
DM6NmIPMu7Ktx45J,mee Thomas: Reade within named and acknow,F4RHudZS46CH3P3B,oath that hee saw the within named John Withing,55,41,7,0.0
U6l8avRSbQ01uEI9,hereunto put my hand and Seale Dated this,2mWELvGkL6gvI98O,hereof I have hereunto sell my hand and seale dated this,74,41,8,0.625
74CasCnRhtU84V45,of Barbados mchant Send greeting in Our Lord God-,sIT2zuknXcIasu1n,The Island of Barbados sendth greeting in our Lord,71,49,9,0.4444444444444444
Zl9hBJ9QnnxY7QES,Imp sold the one halfe of sixteene acres of land,jnFs8dFEKrpo1lWu,that my pte being the one half of twenty acres of land more or less,64,48,10,0.4
i5o3HO09xOK1vS30,mee or my heyres Execut^rs Administrat^rs &,mr2Tuv1CMNMb6cEl,Selfe my heires Executo:^rs and administrat^rs for ever,73,43,7,0.0
LmnlA1Dlq6ryKo2h,intended to proceed on his Voyage Barbados for that the defedant,0Tp3uhMFGX4XJgA4,written to be his free and voluntary Act & deede,52,64,11,0.0
misDdQCoNichU6Un,Ware have hereunto put our hands and seales this xxvii of March 1644.,TcMpwgeGChGepnuK,same we have hereunto sett our hands and seales this 25^th of Aprill 1643,76,69,13,0.38461538461538464
JDlXxmDfFicRhuop,New Stone house for the seruants Lodgeing or,uKAotL71WbWb7fLC,before Rehearsed and thereunto Belonging to,55,44,8,0.0
rFe6WX3tlqRPokfg,Belonging or in any Waies appertaining or the,ofCPDGBv57aYpKPr,thereupon belonging or in any way appertaining,73,45,8,0.0
Okd2gABmprXdhqS4,more Especially for and inconsideration of the sume of ffive shillings good a,Lu1RYgcamUXbD1Wz,more especially for and in Consideration of the Sume of one hundred,79,77,13,0.3076923076923077
XLgjgkCDuAhIw9Xn,pounds whereof I acknowledge the receipt of Paul Wood al^s Dubois before then sealing,uaHqGukJsA7FCdoY,doe hereby acknowledge and doe acquitt Exonerate and discharge the John Bayley,52,85,14,0.0
shKRIy5z0w9XZjsc,Water field of the aforesaid Island planter unto the said Morgan Powell according to the,R6HfPQBGxbxtl8nv,Symon of the Island aforesaid planters their excers or assignes according to the tenor and,61,88,15,0.26666666666666666
ClcLRzhcZlWmDlBt,daughter Elizabeth Heyton wife unto Will^m Heyton,F3A5l57g0TlTmzZc,doe bargain & sell & confirm lett unto Mr William Hathcott,47,49,7,0.0
IVzplfIgiUjOFB5r,Season and peaceable and grant possession was given and delivered by the,1J2dBwmmO6mYevmQ,Subscribed in whose presence the within was sealed and delivered by the wi,58,72,12,0.3333333333333333
F04TJpsiXPaAqmmQ,their owne proper Casts and Charges the Said,W7hYYAfRyLnR9AZl,to the only proper use and behoofe of the S,64,44,8,0.0
Y0s6iwlrTSEFFEqs,"Hen: Warton, Rich: Bickford, Tho Millington",eSC9eMR9O9e5yo7Z,"now or late of Richard: Howard, upon the Lands of",46,43,6,0.0
jFMqnDB6oGiF5sL3,said John George doth covenant yt the sd Nicholas,3lSgDEOX5mvP8W7f,& sale shall not or be not pformed unto the sd Richard as-,56,49,9,0.0
AoupA6Uur0eKxhGR,pounds of good mchantbale Tobaccoe well made up in reate & role to pay or to cause to,7i97uwT7kmw69zgD,Condiconed tobacco well made upp in rowle to pay or cause to be paid,69,85,18,0.2222222222222222
GYeOAWWpHPsKpWVA,of the whole Estate menconed in the afore ~said~ written ~,GmLW0M416cgx4aXQ,witnesses whose names are on the other side written,61,58,11,0.0
pVsqjvhfGcMuqvue,and John Sparke or of either of them their or,Vf0sgib9T70aFqO7,and either of them theire and either of their heyrs of,61,45,10,0.0
wmYBFpx4RYwTHMAc,heires executors administrators and assignes fully freely,AMQB9QlyeAJq0wvk,heires executors administrators and assignes for ever without,83,57,7,0.5714285714285714
GoNsIWYStkjAPBmf,Suggar in hand Receaved of and from Nicholas,VruDceE3Z999Cpo1,hands Receaved of and from Nicholas Rice,81,44,8,0.0
lxjfPzajvln6LrWf,Allen and Capt David Bix have here into pur our hands seales this,WLhHuqJIdyttWi11,In witness whereof wee have hereunto sett our hand and seales this,61,65,13,0.0
m7zsK1AE8qSxgSVt,belonging : and wee ~the~ doe further release and discharge unto the,ro7qE721txjtvUw1,before then sealinge and delivery hereof doth remise release and forever,56,68,12,0.0
SLtjPnq75cnVCarm,see soone as shee shall come to the age of fifteene,9hPjXosn6qrdT3DS,when hee shall arrive to the age of twenty one yeare;,63,51,11,0.0
uNFOlWymq2TFwvZC,appertaining or to any part there of or incident there unto or accepted,A7McwOcQLyvzWJIW,claymeinge any right title or interest thereunto or any,60,71,13,0.0
pTjsBaNwpKAlQQfH,all wch prmisses aforesaid I doe hereby binde over and mortgage unto the said John Belcham,BvTl2Xitz2NzHZv8,James doth hereby give and grant unto the Said Margre,56,90,16,0.0
3LoqBuSdlWFuG8Bd,"that ffree and Cleare and ffreely and Clearely acquitted, Exonerated",spkBD9q4ItBrOoeX,and freely and clearely aquitt exconerate,70,68,10,0.0
5O0IFPPrNuwMfdNj,the Saide Phillip : Bell party to these preSent and -,QYlFnDLwDjoHUOgB,the Said partyes to these presents have hereunto interchang:,60,53,11,0.0
QzaZgLhcMatJHBzU,intents and purposes therein expressed To M^r Tho :,sTyVL2nCeZrDPJFw,written Deede of sale to the use therein expressed,57,51,9,0.0
1utesWaIOvDN6728,themselves theire heyres Exec:^rs Adm:^rs anf Assignes doe Covenant,fZm2cAMACleXiIgu,for her selfe her heyres Exec:^rs adm:^rs and assignes doth he,76,67,9,0.0
0OtMTL8BLzyUdITY,Said John Bawdon his heires and assignes forever in ~n~,WzsPgzrwcHyj4UT7,unto the said Laughlan Consadine his heires and assignes for ever,70,55,10,0.5
to9WMYqr51WiJbSu,all the houses Ediffices and buildings thereon and all,A7BZNIbYOlXDBR4t,"and Singular the houses, Ediffices, buildings, And all othe",71,54,9,0.0
av0mRQeo94gZ11Qk,28^o die Aug. To all Christian people to whome these pnce shall come I John,k1Iz3TosZk6xvAnJ,23^o die July To all Christian people to whome these presents shall come,84,75,15,0.7333333333333333
RZzUk1D6iNIb6zLK,To all Christian people to whome these prsents shall come greeting in Our Lord God Everlasting Know,wwU90P0jpgjqmlMj,To all Christian people to whome theis pnts shall come greeting in our Lord God Everlasting,94,99,17,1.0
ZdMEQHHCurm1Ks6p,assurance and authoritie by deed or deeds letter or letters of Attorney -,eJDgcNQzOHuBtivW,& lawful authority to demise lease and to forme let the afore,54,73,13,0.0
srFK68qa6HaQmbYZ,"ing the said terme of Tenn yeare to fell, cutt downe,",0DTMbt1OZQMK9fv5,said terme of eight yeares to fall cutt downe and,76,53,11,0.0
KUO2FYpwiUx9Nw05,dues dutys goods wares and marchandizes whatsoever as or hereafter,CDtrEoWxOnwXjtC3,of money goods wares merchanizes as aforesaid and for me and myne,60,66,10,0.0
6CgWci4yEyEkXbLS,thereunto belonging unto the sd James Noell Stephen Noell Martin Noell,TgNODagxcUgKBFM2,thereunto belonging To have and to hold the prebargained,65,70,11,0.36363636363636365
Z51vTfGPlcpTCCHH,4 aug 1647 To all Xpian people to whom these prsents shall come I Richd Smith now resident,U7aZFNSmheajM4hH,To all Xpian people to whome theise presents shall come greeting Know yee,75,90,18,0.6111111111111112
8fnCME3Eko1AMjYL,1659 Island to be my lawfull attorney for mee and in my name to aske leavy recover,nNMe9jKOFgZajX3t,attorney for me and in my name and to my use to aske sue for leavy recover,67,82,17,0.23529411764705882
q8h3Sxwe1aKQwr7i,butting and bounding east upon the Land of Collo.^ll Tymothy -,pw8jI2CHNFgxU5mw,A boutting & Bounding on the Lands of Coll Tymothy Thornhiill,73,62,11,0.36363636363636365
EjlbJPOEf3k8WhHL,"Daniel Kempe sign Ja Defed, Fran: Jackson",nM9nz3Q6iEygDA60,Sealed signed and delivered in presence of,46,41,7,0.0
WuDkRr2vbcWaXbXQ,yeares and not by the death of either of the said ptyes that then and,F3keWFupvrdGoJPy,and assignes or any one of them or either of them assignes to reenter upon the said,58,69,15,0.0
4TkFBitTyFWhKRFQ,admistrs and assignes terme acres of land or thereaboutes being part of fortie,ZAySEi2vlgtwlTB4,admistrs and assignes all our parte of that twenty acres of land fallen,63,78,13,0.3076923076923077
ZgfgTMDHDU4YhIdM,2^o Die To all xpian people to whome this present writing shall come,H6MlB7cGEGI4lZ6J,To all Christian People to whome this present writeing shall come,86,68,13,0.8461538461538461
CZZoOwkZAoxMxfEZ,At the Request of Bridgett Usher I have Surveyed and Measured,XXVo8pxx2HGwD29j,the receipt whereof I do hereby acknowledge and there,53,61,11,0.0
pjsm46TWyF7Ljtgv,Know ye yt wee Edward Porte and Ann Porte the relict of Tho :,nRXVpa3NBF7mMCNG,.& to her two children Robert & Ann to them & either of them,55,61,14,0.0
sdxjeGwduy3dJ7mV,designed desire that the said protest may bee,AvDjGKYDjkyRKnsG,very desirous that the sd hundred pounds may be truely &,61,45,8,0.0
FeLiTY30QJJMiWc3,of or by any other pson or psons whatsoev: y^t shall Clayme any Right,7BZjlemlbtSecskN,other pson or psons wtsoever yt shall instly lay any claime right,72,69,14,0.5
Ecq99AlkzRH1gDZf,Island and the said Appeares say that the next day after the arrivall of,AJxszlffy8CaOdAk,goods the Said negroes hadd then aboard the Said,55,72,14,0.0
WtbRElZ6GfYN1wNG,name in the behalfe of my Said Children aboue name,jnFs8dFEKrpo1lWu,that my pte being the one half of twenty acres of land more or less,55,50,10,0.0
dftQVyYbufLbJXvr,place it to the accompt as pr advice from your loving friend,moorrnE6QA1EQZn9,acres et halfe of an acre and seaven pole scituate lieing and,51,60,12,0.0
l5TCfZR92uQwTeJI,or commytted by me the said Philip Lovell my excers or assignes or by any other person or,IoI36CjYREOjvG37,w^tsoever made by me the said Cooke my exers or assignes or either,67,89,18,0.5555555555555556
ZuBYlwpenQxxjXuh,received for the said sev'all bargained lands doth belonge and appteyne to,3ijfGIpT0qOZRuS7,in or to the said land any wise belonginge or apptyinge w^th the,59,74,12,0.0
EqcXS5pEGrSRiT49,by me the said George Hurley my heirs exers admistrs or assignes or,E4lyNbnRlAPOwugo,Their the said Rowley doth his heires exers admistrs and assignes,71,67,13,0.6153846153846154
maSaoMIFGOWcAY9s,hundred and Eighteene pounds two Shillings and,rqyI7OubgQmOIfpG,hundred and Eightie pounds of Muscovadoe,72,46,7,0.0
WWPel8XOFDWKWLCR,Francis Corbin Nicolas Gist and John Binmore their heires exers admistrs and assignes shall,xI29vf1DWXsPmlJc,Evan Jones Thomas David and John Price their heires executrs admistrs and assis,72,91,14,0.42857142857142855
ujp0Labqe9xkt3j4,being in the parrish of S:^t Phillips w:^thin this Island and is bounded,uOcRLyNteinukJHI,and being in y^e Parrish of S^:t Phillipps in y^e Island,69,72,13,0.0
muQbPOaFGInyLkjm,Witnesse hereunto - Henry Chelcott Sign x Thom. Pearce,JbFpBA7V5XTOtK9F,Witness whereof the said Henry Sealy ha,56,54,9,0.0
unX43skIMa8FTHeO,ffifty Acres more or Less Sittuate in the said Parrish of,AVgRduqh3DYfucbY,"twenty Acres of Land, Lying & being in the s^d: parrish of",61,57,11,0.0
3wPbWUgzZFBES3gG,said Island merchant his heires executors administrators and,UYExopv1vlBSkdiM,Island his heires executors administrators and,87,60,8,0.625
JmpTPeFLn4ysPFbH,hand and seale this tenth day of June Ano: 1644,UiZgW7cVcDXiRQa7,hand and seale the 8^th day of June Ano 1640,88,47,10,0.4
vrRJGtOChW8lFau5,Barbados :- This bill bindeth us George Upcher and Thomas Goodwin of the,7iEAfPDM0tUJbRir,Barbados - This bill bindeth us Peter Wear and Edmond Dowdinge of,74,72,13,0.3076923076923077
6BG8YK5KoncxnSFr,Seale and dated the tenth day of April: Anno.,JNTDkDq4aSufqPSp,and seales the tenth day of January Ann:^o D,67,45,9,0.4444444444444444
jJ2QpgzFini2ty1V,Richard Hawksworth his Executors and adm:^rs from this,eQfb4hUuGtxzC1o9,dead shee the Said Richard Hawksworth or his Executo^rs Sha,62,54,8,0.0
9EkaqCzEBy6yTcIi,Lyndsay & soe to run to the seaside from the land,uUl0TMCWNKnTqM2A,March In any of the said yeares from the day,58,49,11,0.0
4OmnsTRPo7WTOc9W,to grant bargaine Sell & Convey the before hereby,Jtc8PJLiiOEbz35K,"grant, bargaine Sell & Convey all & Singular the before hereby",83,49,9,0.0
e5uqF0vLwbhZm2WZ,"Come, know yee that I ffrancis Cockraine of the parish of",GsOTGXABSzfOIINj,God Everlasting know ye that I Francis Coop of the Island of Barbados Mcht for divers,58,57,11,0.7272727272727273
MLxbHPNerTkSoSoa,said Henry Fee or any person or persons whatsoever only ye,4Y7jxETx0tbP95Mc,had made or commytted or by any person or persons whatsoever lawfully clayme-,73,58,11,0.45454545454545453
x4YLIDiOr6UcJVNM,the sd mares together wth the boy of ye said James Mashart,Yq54XCcVRGgagrHS,into his Possesion the sd horses together w^th the Body of y^e sd,63,58,12,0.0
3XThBktVRQzNUIHU,any Maner of Estate right tytle and Interest in y^e,HjhxtxtsFbYjjYLA,or wch shall or may lawfully clayme any estate right title or interest in ye,60,51,10,0.0
kH0SImE7WOwbv2yY,against what soever other pson or psons claymeing or pretending right,ZiZWgpelxejKZpXf,any other pson or psons whatsovr claymeing or ptending any right title,72,69,11,0.36363636363636365
VgJNIQg859aBeFnO,The word September interlyned above the third Lyne next the,AzdQ1Y6mb7KIdw8f,Day of September yearely to the Gover: in Cheife (for,54,59,10,0.0
P08eVRjbDTvcfedl,Emanuell Preston their sevall & rsepective heires Ex^rs & Adm^rs as for other good,z8BhongwulazPuay,Barbados in the west Indies or of their sevall heries Ex^rs Adm^rs or goods,61,82,14,0.0
53I5vDY0A7Vd1HtK,Tobacco To Capt^n Biggs & Capt^n Allen ten negroes paying for them two hundred &,THBj9wz9PD3Bggkx,Tobaccoe well made up in role or Two hundred pounds of,49,80,15,0.0
XRqbvEn65zI52ULg,Barbados : . To all Christian People To whome these p:^rsent shall,18fCCrK19SfhXEBC,To all Christian people to whome these p^rsent shall,85,66,12,0.3333333333333333
JxHf6h08dgsycimX,"Claiming any right, title, or interest for,",A7McwOcQLyvzWJIW,claymeinge any right title or interest thereunto or any,76,43,7,0.0
cTdWXv6pEIWZSM2n,ye sealing & delivered of these pnts have good power and authority,kNHxbkpQQbwO7Vb1,the Ensealing & delivery of these p^rsents & to the sold PP & onely,66,66,12,0.0
rKzVbgEcKjYgCBtv,one Cattle Mill wth rowlers Gridgeons Brasses or all other by appurtenances,Qkew66HYhHK6FUaR,hold stuffe & all other the aforesd prmisses wth the appurtenances,58,75,12,0.0
ycsirrualw12yFOd,us the said Mary Estwick shall by any writing under her,kXuSBTYEizYlbVGr,upon the last day of May wch shall be in Anno Domi 1641 And more,54,55,11,0.0
IMu6t28EGFyW31SL,wth out the lett trouble molestacon denyall or disturbance of the said,ccb6jE2RlUietluD,without the lett suite trouble hinderance or disturbance of me the,74,70,12,0.0
tbykGkGuYaCkwuol,"assignes , and all and every persone and persones Lawfully",114nzU7XAM7nmiFB,selves and against all and every person and persons,73,58,10,0.4
IHqrQwinzqL6qeg5,Shall well and truely pay or cause to be paid unto,39cqDb2KVfedVp0t,will well and truely pay or cause to be paid unto the said,87,50,11,0.9090909090909091
YSgy3c2Eom06Dwt0,"Signed Sealed and Delivered in the Presence of,",ik2J2jh39lYRPIih,Signed Sealed and delivered in the presence of us,92,47,8,0.0
Sz7jfKGZzxxdtLsX,bargain sd prmisses wth apptenances unto ye sd James Cornelius his,mRWOIsDzWyMf4MZw,gained premisses with their appurtenances unto him,66,66,11,0.0
YB3a4Ms8eDvak9YU,"Tho Price Henry Collingwood, Jno : Taylor",lU7fYkVs4saVSlLm,"Sign Tho Gamber, Rich: Jones, mrk: X Hen Collingwood",52,41,7,0.0
W7WkmmiHjNYoaibi,with ye said John Thurbrane his heires executors administrators or,MPzcsDZRRkjbuoM5,to him the said John Bonnor his heires executors administrators,81,66,10,0.5
sozSptQLxEJHwBVJ,land of Capt George Bowyer and Leift George Piggott unto Thomas Stacketon or his assynes for the,nyXJ7Vqx9CC9zaUc,"to have or clayme any right title or interest unto the said planta""con or any pte",52,96,17,0.0
pc45xQeZU8vgnoQi,of November 1692 Authorizeing and requireing us or any,qISmAlIf3V8mshoY,of me the Said John Redman my heires orassigne,50,54,9,0.0
vjSQ7VMxTFJC9Y97,may or might claime have or Demand in,FBafS13DwW9hTVI4,hereafter haue or make claime Challeng or demand any rig,60,37,8,0.0
ngetet4E8dP6SgWj,one pepper corne (if upon the land lawfully demanded As in and,taRKyhVCdKLG8Cne,"was present when he owned that he was fully Loaden, as in my",52,62,12,0.0
KztthBapmWlIJGaE,same know all men by these presents that I John Doughtie,3FePH8BcvyUTzIGa,Be it known unto all men by theis prsents that I Hugh,75,56,11,0.6363636363636364
94t3dQgGikUWEkad,Ja: Ranton Eastwd Hew: Roberts Northwd & Southwd upon ye cliff & -,3X8XLgUVSy8Pq3OO,& Edw: Hollinshead North road upon ye ld of Ja: Eastmond & southwd upon ye,46,66,13,0.0
JypGYYZSsSQd7yyA,the seaside unto w^th payment well and truely to be made and done wee the aforesaid,1NUV8e9YtVPQo2c3,the said Ketch is not to the great losse and damage of the said,56,83,16,0.0
2iDMJd7wTVLRxPb6,the date hereof Now knowe all men by these presents that I the said,KztthBapmWlIJGaE,same know all men by these presents that I John Doughtie,72,67,14,0.6428571428571429
s2tr2CsJMaXrFBbC,Tenement now in the possesion of John Felton one small Tenement,Mf9OjERUWYa1AubC,& nowe in the possession of the sd Colonell Woodhouse,60,63,11,0.0
b3x2DXQwUBnNJ468,the said ten acres of land and every parte and pcell thereof the same to,xgILw0jaiHsxXFAv,the said fower acres & halfe of land & every pt & pcell thereof w^th all the ~,75,72,15,0.0
9ogyciTiCO7tppdn,come know yee that wee W^m Catford administrator unto,e5uqF0vLwbhZm2WZ,"Come, know yee that I ffrancis Cockraine of the parish of",56,53,9,0.0
cSTqrOdK0b3T7EMO,Lewis my heires exers or assignes or anie other pson or psons whatsoever,ZfpxRSWNKGMG4XLC,Morrice my heires exec^rs or assignes or any pson or psons whatsovr,83,72,13,0.7692307692307693
yfR9Q3IiP3whlIzH,land and plantacon of Capt Thomas Gibbs five acres of the foresaid land being over the,CrpQuvnD9Mvb6SiP,lands of Capt^n Thomas Ellis in the parish of S^t James To have and to hould,57,86,16,0.0
og37lvHgiQX81J6D,Interchangeably the day and yeare first above written,kjcw3052hnxzp27U,havesett the day and yeare first above written,83,53,8,0.875
DAixK7a17B1ka1cp,& pcell thereof unto ye sd Php Holman Tho Walker Jo: Webster &,58xuUAeMiieXHJi4,& evry pte & pcell thereof unto the sd Tho: Hawley his,60,62,13,0.0
QcbHemnW2Vt0VLbj,Exonorate and for ever discharge the said Willm Shipton his,p43kr4OIsQ6eSUU5,at and before the ensealing & delivery hereof by the said William Sisten the,61,59,10,0.0
vzzk3kMYRxjhFNFd,Everlastinge Knowe yee that I the said Thomas Hughes for and in,nKV1PcUwCTNIyy7i,Everlasting Know yee that I the said James Ho,78,63,12,0.6666666666666666
wv2LBCroooQQHtQK,judgements execusions debts tytles troubles charges and,EfSiVMeHrlSOPxeU,"Comdemns, Execucons, and all other titles, troubles, Charges,",66,55,7,0.0
vsVI78ZmmaK9xG8F,in hand allready receaved of and from the hands of Cap^t,GoNsIWYStkjAPBmf,Suggar in hand Receaved of and from Nicholas,62,56,11,0.36363636363636365
JL1oKf5gzR0VtxCP,Signed Sealed and dd in the prsence of,nRvxGECsX83w3iAn,Signed Sealed and delivered in the prsence of us,88,38,8,0.5
5JdiwoObGrmEUzNN,condiconed and merchantable tobaccoe well made upon Rowle and,TD9rf9ReTOsHyR47,mchantable Tobaccoe well made upp in wreath & Role Witnes,66,61,9,0.0
lI7LJVeZlTjPYXoQ,"of land containing two acres, two chaine and an halfe",I61wKPcFqjMrftjQ,of land or plantation conteyning fower acres and a,60,53,10,0.0
ztMdG0ZsY4QFsKfO,"shall and may from hereforth forth for ever ,Lawfully peaceably and",JznYIhpa8mjVZAit,"and euery of theire rights whatsoeuer , Lawfully to",53,67,11,0.0
lyh70sdQ9qPILmpY,hereof as aforesaid I binde myselfe mye heires exers and adminstrs,UjSSQbyL5QHcqkds,Nicholas Butler doe binde myselfe my heires exers and admistrs in the penal Summe,68,66,11,0.0
zhrsbNknpX2weDt2,& comodities elce thereunto belonging or appertaining To have,5NUBDy6QlSKgzS8c,all commodities and necessaries whatsoever either belonging or appertaininge,70,61,9,0.0
F6JPT9bRoDJLXhQj,failing to draw the said bills of Exchange that them the said,jlsaq14SPRnlAggI,and To Hold the said twentie acres of land to them the said James,63,61,12,0.0
crVxevBLM61nnZXj,Lawfully claimeing or to claime by from or und:^r him them,z9yfA30TQ8l4K116,any persone Claimeing by from or und:^r them or any of,63,58,11,0.0
GEFkleWBRtg73CvO,This bill bindeth me Richard Allestree of the Barbados planter to pay or,o4sQFFYOzMwIEsgo,These presents bindeth me James Sillester of the aforesaid Island planter,62,72,13,0.3076923076923077
BdpTOWKA3SebIrY8,whatsoever wch I now have or at any times here,1s8Yupy1sNKzgTdF,whatsoever will warrant and by these presents,64,46,10,0.0
1lGxcTsgAjWDva2Z,And in Wittnesse Whereof I have hereunto Sett my,UAS7vx8koKgEXRb0,thereof In witness whereof I have hereunto sett my hand,76,48,9,0.0
KEysBfo9AJrEs6SI,To have & to hould the sd full & whole Estate to her the sd Rebecca John,Ojj6uX95vgCZre1M,To have & to hould the sd plantacon & land wth the prmises,65,72,17,0.4117647058823529
T7RKTt7RYlSyNgw2,Road also being desired by Patron Anthonio,sRPnjJlo4MemiQTe,and alsoe against the said Royall Company,51,42,7,0.0
5EYrJvKYvSm5i9uY,where on I now live beinge fortie acres of land more or lesse together,jnFs8dFEKrpo1lWu,that my pte being the one half of twenty acres of land more or less,63,70,14,0.0
ALw5QuRFFUauhJA3,holden in free & Common Soccage under the Crowne,0Ygydx9Jb8eKFQY3,the same to bee hold on in free and comon Soccage yeilding,57,48,9,0.0
EQibNiweKich2JjJ,Entered ye 16^th in ye Island of Barbados marchant as,siYC73VEIyiB8ISQ,betweene Ian White off ye Island of Barbados merchant,70,53,10,0.4
FKOPnbAgZILi4d5a,keepeing theire accopts ever would make upp theire accopts o,0rQmhnOTWuSRRFta,with theire and Every of theire apportenances,53,60,10,0.0
OpEIfYoh4P1NexgG,To all Christians people to whom these prsents shall Come,kZLBPQwB8giZdY18,To all Christian people to whome these presents shall Co,96,57,10,0.6
lZoOTKZwgbI3P92U,effectually As if I my selfe or my heyeres was,XxPL1BKkQWc5zzQ9,of Barbados gent for my selfe my heires Executors,53,46,10,0.0
NLRY0aR98J4GWWH7,"w:^ch accrued to mee as aforesaid, Either as the saide -",M9UWA0xXEQxtM5Oj,the Comand of the aforesaid Master as aforesaid,60,56,11,0.0
92J6T9Y27xbF66Sg,whatsoever or had I made comitted suffered or done,tFx6nWCB2mWCWJ6T,Whatsoever had made done or suffered to bee done,76,50,9,0.0
XhZYGhcnbZ6VYAJo,profitts comodities priviledges immunities and advantages whatsoever,mQVgQmjTqVvi2SC8,Easements proffitts comodityes Emoluements and advantages whatsoever to,73,68,7,0.0
dzgSkdn0qE1OgCVv,In witness whereof I ye sd John Lewis have hereunto putt my hand & seale ye Tenth,LF0bXgoDhjrmB7wJ,In witness whereof I have hereunto putt my hand and seale the second,79,81,17,0.47058823529411764
ZlB14AiurFXG5dRc,in the aforesaid Towne of S^tt. Michealls. Extending from the present,a2bNd2a8r7atCyUK,dos in the parish of St. Michaells of the other partie Witnesseth that,59,69,11,0.0
25u5Tk5LU8xHa8Qz,of seventy acres of land or anie of the above barganed premisses or anie,CkVloXN4ZVhEWyeN,And Interest of in or to the premisses or any,62,72,14,0.2857142857142857
z8z0LWPaEPGW8j3z,tyme to tyme and ast all tymes hereafter quietly and peaceably hould occupie,kt1Dff8Loy2aScA9,from tyme to tyme and att all tymes hereafter forevr: peaceably,73,76,13,0.0
lTlN2e9SksIMvwID,Grace of God of England Scotland Francis and Ireland,L17n22GA39IkEJYq,of God of England Scotland and France and Ireland,87,52,9,0.6666666666666666
1XwDnB73vQsSRa3s,without the Lett molestacon or incombrance of me,8iVnzNdozl0VJM1e,assignes forever without the lett trouble molestacon or incombrances of me,77,48,8,0.0
Mz0jYpJoG9ssdW67,"Execucons, or other charges or Incumbrances had made Comitted or do",ngbzEjrvmbFzkt19,sales guiftes grantes mortages or incumbrances had made donne comitted,64,67,11,0.0
atIr5I2cLtS3CUZn,Assignes the sd halfe plantacon halfe stocke & household,6hylUeJPmRpWR0oL,the sd land or plantacon as by a liste hereunto anexd,53,56,9,0.0
lzBOQnk84MVuAorl,Memorandum:- That I John Gale of the Island of Barbados Blacksmith,pm4ks2pz6kLBiaZI,know ye that I Leonard Plumer of this Island of Barbados Planter,65,66,11,0.45454545454545453
1VQZ8dS6YQpqJytO,being in S^t Peters parish and if the non payment bee made I binde my planta-,8pVEIOR0y8ktnVd0,"writeing to bee his free and voluntary act and Deed, Given under my hand the",50,77,16,0.0
oEgEpa34BSmKc19H,"tofore disposed of as aforesaid, And allso all the right title",vPp8Ebgi7VUqkQsQ,of twenty seventy acres of land as aforesaid and all and singular the,56,62,11,0.0
OSyR7XSivlOW4Su2,God Everlasting Know ye there fore John Spendlove of the Island of Barbados,sMkYYO8N5kKJ2ofA,Everlastinge Knowe yee that I James Meaxwell of the Island of Barbados merchant,70,75,13,0.6923076923076923
hFN8PwCSBbksUmEw,seale bearinge date the eight and twentieth day of November 1644. To mortgage,ozyA3WwzaaR9Cy9T,eight and twentieth day of November Anno Dom 1640,62,77,13,0.38461538461538464
YtjD7nVrqLTFK0VM,"fifteene Acres, or thereaboutes Scituate, Lyeing, and being in the",UZcwP3NEABicHt0a,Acres or thereabouts Scituate lyeing and being in the pish,84,66,10,0.4
mZMi3qdPE3xJ7gT2,bounding upon Robert Ellis leeward and Addam Lee wyndward at the Tarr River heads with the,g6gHjpmNHq0wrYzf,Imprimis it is concluded and agreed by and betweene the parties abovesaid that the said,50,90,16,0.0
9RY5eiLjfpuggQ4O,death shall have noe other Child or Chilldren then daughters,MBfj9Lon0ieWmrKw,hill two have and to hold the said land to him the,53,60,10,0.0
Gl5sZCEmnT41Ke1i,"and assignes, to the only proper the benefitt and beheof of him the said Captaine William",ZVVp7BnjglnrCAq3,exers admistrs and assignes to the onely sole proper use benefitt and behoofe,65,89,16,0.5
zgadFFFmPkeFwdoA,full and just sum of fifty thousand pounds of good merchantable,8zPd20EvRCHNUY1U,Just sum of two thousand two hundred pounds of merchantable,72,63,11,0.45454545454545453
mfQxfOmeRmwBh0g8,0 4 __ Horses ___ ___ ___ ___ ___ ___ ___ ___,yNyf3Tp0zc7DFj5F,day of Jan: 1710. .11 _ _ _ _ _ _ _ _ _ _ _ Tho: Beckles,44,45,12,0.6666666666666666
JwhvDK1SfK7Dfh6f,any other person or persons whatsoever lawfully haveing or claymeinge by,7ZzS1VuuCroe8miX,any other person or persons whatsoever lawfully haveing or claymeing from by or under,90,72,11,0.8181818181818182
LSfpUIVE4THF3ahJ,"pcell thereof, To have and to hold all and every",puiTYVFR8BZlYZwv,"~Add~ Anderson, To have and to hold the afores",62,48,10,0.6
Wa3GYoo8H4i1VywB,"and his Heires forever, eighteen Acres",Bwm4qZqlcdsjfRGB,and her heiers forever excepting what is before,64,38,6,0.0
Um15UG3VeAFtTUiS,"appartenances, whatsoever to the said plantacon",SPmViU8ir3MyEnDf,advantages whatsoever to the same belonging To have and,63,47,6,0.0
58xuUAeMiieXHJi4,& evry pte & pcell thereof unto the sd Tho: Hawley his,J5KfNh4GYWEscu03,and every part and percell thereof to the said Capt:,66,54,12,0.3333333333333333
vuSwMRQYSdXO6yS4,the sd George Conyners for divs good causes & valuable,WRoSDSc7WAiElI2g,ye we ye sd John & Thomas for divs good causes & a valuable,73,54,10,0.6
g5KRUhoVGac23apc,behaving himself well honestly & dutifully to my brother & other attorney & doing his,nSVUT4xQGwlpOIz7,either in his owne name or in the name of me the said John Johnstown,47,85,15,0.0
dqP2JBWSWeI3zRUC,occupie possesse & enjoye ye sd moyetie or halfe pte of ye said,Gfj5aLLxRPDyuClG,occupye possesse and enjoye the said plantacon and all singuler other the,59,63,13,0.0
cNVpvVWGlEVRh64F,bee recovered against them or any of their,i6NZonvNHVrCZtkk,the same to be recovered against him them or any of them,80,42,8,0.625
mNop846dXWAvpmx4,them with all and every of theire rights members & appurtances,ZEKHXEk64HFm0ZSe,their or every of their rights members priviledges and -,68,62,11,0.0
Pxv0ih2mCAXXap1Z,have hereunto sett our hands and seales interchangeably this twentieth day of,tXHgjWYslgfsbYJR,have hereunto sett my hand and seale this foure and twentieth day of,77,77,12,0.5833333333333334
vorNAwYueXwXPBt4,unto them ye sd Francis Raynes & Robert King their heires,jP8UlChLQ0kAbWi7,hould unto him the sd Richard Vines his heires,56,57,11,0.0
8kSuiV2Q5xjZ7d8D,whole Conteyninge by estimacon forty five acres more,zpB1axciUH4PfPOB,"land conteyning by estimac""on sixteene acres and a halfe to bee",63,52,8,0.0
tUQgU2X9ViRmQqG7,now is or of late was In the tennure and Occupation,LiFHJsXrFONcLJyZ,part whereof is now in the possession and occupation of,57,51,11,0.0
GB16JC5kV3ECqWp1,that in case the abovesaid one ~hundred~ thousand two hundred and thirty pounds of cotton to be paid,9Vg8WnOnqQfkplJe,Island planter the full and just quantity of one thousand two hundred and thirty pounds of the,66,100,18,0.3888888888888889
Z3HJAl4nmxDcsrrx,whatsoever thereunto belonging To have and to hold the said granted Enfeoffed,EgRt7NnKRjukmXzY,thereunto belonginge To have and to hould the said twentie acres of land,77,77,12,0.6666666666666666
t99rGQ75qVQBFVon,Bonner purchased of Henry Harvey & Ens Robert Ludall,Mundfi8Tdo39pKGb,Reade als Hutchinson unto the abovesd Robert Flanill,50,52,9,0.0
mdN0m6aKAEfnRLFf,Know all men by these presents that I Capt Richard Peers Esq for the,mgMCJ0LNM69dffZr,Knowe all men by theis presents that I Capt James Holdipp of the,79,68,14,0.6428571428571429
CT24XlGj00CbNc7I,such other stocke owe and above his equal stocke soe disbursed and layd,Y8q5eGRNcW8Qiss8,"Wormlaton and Easter wife, the above bargained and Sold",51,71,13,0.0
MRBwBI4V3OJ1WOFY,in or to all that plantacon or percell of land Containin,2ooZXGXsfzi7WR0L,unto the same Plantation or parcell of Land belonging,68,56,11,0.0
HsbgVBOEDYzLjSS3,and above the yearly charges of supplying and manageing,UP0tYruDR5PQq3Zt,of land be it more or less scytuate lying and being in,57,55,9,0.0
A9iQeJvm6P9Q3eTg,"the said Joseph Jay , for himselfe his heires Executors and Adm^rs doth",xZThV64P8tnr3s7j,and the said Joseph Gay for himselfe his heires Ex^rs and Adm^rs doth further,85,71,13,0.3076923076923077
vxkSpSkiQYJ7duG1,or passage of Seaven foote broade which lyeth betweene,69p7rZuelMHjMPVq,before the moneth of November which shall bee in,51,54,9,0.0
dixFsmjynPcp7UM8,Yate shall transporte in the sd shipp for ye sd Leonard Dowder soe many men,JtHEKW0GOMAVmfKB,and soe god send the good shipp to her desired port in safety Amen Dated,53,75,15,0.0
L9jxuiM12PdvbN7l,Burrowes eastward and the land of Thomas Greene and the,c4NtZ7rj6nGPAdlc,St Michaels bounded south ward in the land of Mr Thomas Panby,59,55,10,0.0
Slh3EWcEut52Hwms,the whole twigg and turff according to the effect and true meaning,NsgJafSyRKOw6NNh,aforesaid according to the purporte & true meaning of these,59,66,12,0.0
wYuHMWNO9VcPzuI7,Captn John Jphnson and m^r Jeremiah Cooke Personally,PC5P9rdb2TxNFxXH,any act of mine or any other persone or persones,48,52,8,0.0
cvRG47ZPbT7j6O8H,hereunto sett my hand and seale this 20th day of July 1640,ztDVKMI39rzbWRuG,have hereunto put my hand and seale this 24th day of July 1641,88,58,12,0.9166666666666666
t3e59A5xQQ4fz81U,of and from all former and other bargaines sales guiftes grantes heires title,oQjNYvRMswl7o2fu,from all former and other bargaines sailes guifts mortages or,80,77,13,0.38461538461538464
2eWEY4EM27Q0UU8s,of M^r Bickham and now in the possession of me,tY96oPJrWQu6cR9S,Plott of land is now in possession of the,67,46,10,0.5
6nJTFmz4K1Omj8pI,Knightly and ye same received and ye said plantation,5BwizSJpTshv505v,quietly have hold use occupie possesse and enjoye the said plantacon with,56,52,9,0.0
USCuetcZThb2vPgR,18^o die 8 bris Be It Knowne unto all men by these prsents yt I Ben Read of the Island,UfYEYQNekGyW4PWG,die 9 bris Be it knowne unto all men by theise pr'sents that I Thomas Batson,74,86,20,0.5
2BszUvG5I7KLJFlr,of Annie Everlen her Assignee or Assignes,S7HFCNO6W96psFjs,of them theire or either of theire heyres or assignes,57,41,7,0.0
E7Pg7oPRsPBV4YpO,called there Catt Street bounded with the Lands of Andre w,b5vRxXTxTw87Uy0j,thereof hereunto anexed und:^r the hand of Andrew: Nor,57,58,11,0.0
nZEsC0lF0KoLlOjR,"Have given, granted, bargained, and sold, aliened,",zOYUxc4wvhKgQ0VZ,hereby given granted bargained ~ and sould aliened,84,50,7,0.0
58mzM9UOi1mYuorI,Everlasting know ye yt I Tho: M^c Caulley for & in consideration,dPqW0hdkDzEtEV8W,Everlastinge Know yee that I the said Bennett Allett for and in consideracon of,69,64,12,0.3333333333333333
EiydESkX1Xa8grIN,settled and confirmed unto Gedion Goldinge of the same Island,PP4XJU3nBC4oAv0D,bargaine and sell and confirme unto Philip Jones of the same Island planter his heires exers,60,61,10,0.4
eA99xKMTmSaRiVOV,unto the sd Thomas Pead his Exrs admes or assignes or some of them,Np9cR4uy6Y8hyqIU,unto the said Thomas Wall his exers admistrs and assignes att his or their will and,70,66,14,0.0
qCjSOq60vlxDnCJD,Enfeoffed Confirmed & sould and by theis prsents give,eJyM8jG6LE5lZGrv,bgained alienated enfeoff confirmed & sould & doe by theis prsents,71,53,9,0.0
SPpbhWrFeMVxLEKB,day of February one thousand Six hundred Sixty and Seaven and in the twentieth,YiHQMLogzaI2Duj0,one thousand six hundred sixty and seaven and in the twentieth year of this,77,78,14,0.5714285714285714
7npGfBUDtkUmpBlM,free & cleere from all former bargains Sales Mortgages dues duties Exection,VVIZM5oForBFbyvQ,& that freed and cleered from all former sales mortgages dues avearages of dues & other incubrances,66,75,12,0.0
oBGBpAO21tQtUt5L,otherwise called little Bristoll and did then and ~,JzAWIcVQ9v6JccdT,promise and grant to and with the said Robert,54,51,9,0.0
ZKDmqs25MncvoFGI,and to hold the afore mentioned parcell of land and the premisses,jC3LYWViPYtzpjb5,To have and to hold the said parcell of land with the breath aforesaid,67,65,12,0.3333333333333333
oSVd73Xl2FUzt0Q6,of the Witnesses whose names are under written that upon the thirteenth day,RUT8sy3VsPkdgGgW,of the Wittnesses whose names are underwritten that upon,84,75,13,0.0
dVBC8xZ3r8KoNmt9,w^ch land is for to be layd out for the best convenience,epPndgbEvmx8WRcl,Leave and deliver up in Stocke Laid out for the benefitt,57,56,12,0.0
p6dG2MI4epIJfvHI,consideracons me hereunto moveinge doe for myselfe my excers admistrs,eLf2p0U4w5bwTVoU,consideracons me hereunto moveing have absolutely given,68,69,10,0.0
Y5uiZta8r58h7uOD,all and Singular other Titles troubles Charges demands,1eV8c36Mus9MyJAg,singular other titles troubles charges and,81,54,8,0.0
fZm2cAMACleXiIgu,for her selfe her heyres Exec:^rs adm:^rs and assignes doth he,rArRxucDRj5HpgWa,either of theire heyres Exec:^rs adm:^rs and assignes according,77,62,11,0.0
H4rKYUX1mFJpdBnN,Office of the Island Barbados before me Richard Noke Deputy Secretary,l3cmgFmgcKP1yQFH,Secretarys office of this Island of Barbados before me Richard Noke Deputy Sectry,85,69,11,0.9090909090909091
0lb8z2CJVJpgDgZY,Entered the day and manifest unto all Christian people that upon the sixteenth day of,ZUQupPMhjID9GGQq,and manifest unto all Christian people that upon the eighteenth day,84,85,15,0.6
M05k6pw29zwqapbC,challenge or demand to have any manner of Estate,hP4s5A01V0Yw3gGn,"title of Dower Judgements, or any maner of",56,48,9,0.0
8R1oEPzwqnMLLrj1,by the said Henry Clever of London Gent: unto the Said George Adams,QYGDQDZeRUB87KLg,I the said Henry Cleaver have hereunto Sett my hand and Affixed my,59,67,13,0.0
sMkYYO8N5kKJ2ofA,Everlastinge Knowe yee that I James Meaxwell of the Island of Barbados merchant,GsOTGXABSzfOIINj,God Everlasting know ye that I Francis Coop of the Island of Barbados Mcht for divers,72,79,13,0.8461538461538461
OPkstD33wAm3eZZg,John Parris his heires executors administrators and ~,UYExopv1vlBSkdiM,Island his heires executors administrators and,83,53,8,0.625
TimFlG8hCK0nlmdV,the tenor and occupacion of Thomas Ball withall houses edifices buildings ~,OuEGYmMT09IcmEbn,Togeather with all the houses Edifices building eas,62,75,12,0.0
IFoUOxihLMHby8Hq,by the delivery of one of them named Demoyher,vVaj1wCJFcRV0ZMc,them and every of them with theire and eve,60,45,9,0.0
l0NUsQW9lcByevQq,have hould and occupie Enjoye all and singuler the above bargained,Xeym5MC4Oxbx4C0V,have and to hold all and singuler y^e premisses,62,66,11,0.36363636363636365
ourn8QsAJvGVBpQK,appteyneinge To have have and to hould the sd plantacon & all,j2LurOY7wQORapJ7,wise appteyninge To have & to hould the sd Moyetie or halfe,70,61,12,0.5
XDODdFdx2bCbNx8P,"accquitted ,exonerated and discharged of and from all and",HQ0PKoKTo53SPwcr,and Clearely accquitted Exonerated and discharged of,70,57,9,0.7777777777777778
sji9Sx7KUopPT6in,and Hugh newland Shall and may peaceably & quietly,VOBXTUIBGh34hetY,assigns yt he shall & may peaceably & quietly possesse,67,50,9,0.4444444444444444
TgXMCiOard173KR8,"said Guift, Grant, Bargaine and Sale of the said",wh4zzfKbF4zqtr5M,to giue grant bargaine and Sell the Same vnto the ~~,60,48,9,0.0
EBYdY0NQbMmFg6As,to James Thomas his heires executors administrators,t6ltJZD0pLAkyiwM,Samuell Lapthorne his heires executors or administrators,79,51,7,0.5714285714285714
WoNq6jFJK4f3TOeN,"whatsoever of us the said Edward Littleton, and Willia",1BjRNfVdUGFo0Njk,other molestacon whatsoever of us the said James and Debora,60,54,9,0.0
1JIyRk0e5EwTaPId,Sugar to pay the seamen and that as soon as he is discharged of his,PozUoS1fWwKlV8jX,due to the seamen that have navigated the said ship dureing,57,67,15,0.0
QckoVZX9xGNnDDXh,released quit clayme and for ever confirmed and by these by presents by-,XVYxdHAl2IA6Iuys,and for ever confirmed and by these p^rsents by vertue of my said -,68,72,13,0.3076923076923077
Q3W4miBvCja9XFMH,as theire volantary actts and Deeds; Given und:^r my hand,zfmS5d1CVZpZNG9C,her Voluntary Actt and Deed; Given under my,78,57,10,0.0
LGSCjdl1LGfenaWa,after fourteene days right hereof pay thr,tqRqYGyvDrmb5zj0,Appearer further averring that the said,53,41,7,0.0
SrgUdoOFiGWedj6W,have here unto sett my hand and seale this twenty,tXHgjWYslgfsbYJR,have hereunto sett my hand and seale this foure and twentieth day of,82,49,10,0.6
3JyPMRah7BH53ejW,Sealed and Delivered in p^rsence of Tho: Reed,BU7IrN4RM2C3UZC0,Sealed and delivered in the prsence of,80,45,8,0.0
FRfkhhJBd1PeIf5h,to his or there onely proper uses and behoofes any,W7hYYAfRyLnR9AZl,to the only proper use and behoofe of the S,75,50,10,0.0
VukuiT4GWGIQZzty,all and singular the say^d bargained granted and,T5uJz9A7n8LXKQiI,Hould all and singular the said bargained premisses with,73,48,8,0.5
rqyI7OubgQmOIfpG,hundred and Eightie pounds of Muscovadoe,maSaoMIFGOWcAY9s,hundred and Eighteene pounds two Shillings and,72,40,6,0.0
d9EJFpa42vRmLb2c,To Have and to Hold the Said P:cells of Lands with the,jC3LYWViPYtzpjb5,To have and to hold the said parcell of land with the breath aforesaid,74,54,12,0.4166666666666667
hRbpxFMCl93ELJww,Stapey and Edward Drake to and for the onely intent and purpose that y^e said Edward,tKR69yz8TmeLS1Op,moveables and immoveables To have and to hould all these demised premises unto him the said Edward,53,84,16,0.25
GmLW0M416cgx4aXQ,witnesses whose names are on the other side written,RUT8sy3VsPkdgGgW,of the Wittnesses whose names are underwritten that upon,65,51,9,0.4444444444444444
jep8MgoXBSMN8Fvq,or Intended to be granted bargained and Sold and,xkxwnQrS7RPeMOkI,"intended, to be granted, bargained and Sold, and every part &",81,48,9,0.4444444444444444
HhqEOtmx4d3QnhpO,1658 Edward Birdall merchant to bee my true and lawfull attorney or deputy for me,8fnCME3Eko1AMjYL,1659 Island to be my lawfull attorney for mee and in my name to aske leavy recover,54,81,15,0.0
RwbG7xTjBf8dAGNA,is Since Deceased By Meanes whereof the powers,8Mqn9A6okDcxAgq9,true intent and meaneing thereof that ye before,56,46,8,0.0
YT9l79SoiGWSa38W,To have and to hold the said plantacon or Parcell of Land with all a,jC3LYWViPYtzpjb5,To have and to hold the said parcell of land with the breath aforesaid,75,68,15,0.4666666666666667
2U9XCV3ZnyZHoIxQ,Sustaind for or by reason of the Just tempest or sea,2KulvEqEEErpCOkf,"sustamed, for or by Reason of the said Stormed, Gusts, and Seas",70,52,11,0.5454545454545454
9pnLwddsFM41PREs,this Island planter Have for divers good and valuable consideracons already received Have,xEqGh8DbayZAz92g,planter for a valuable consideracon already received Have given granted,71,89,13,0.0
cntBfvyPlBjstyR0,till the day of this protest being the day and year aforesaid and always,Z2mR1OD41ELWIjS3,This done and protested the day and year aforesaid,67,72,14,0.35714285714285715
vvvTOryw6qlVzGpy,sett over and by these presents doe for me my heires,SZdxKEnW7BrVSXlr,sett over and by theise prnts doe fully freely and absolutely give grant,66,52,11,1.0
AtgrEYxopz2LSxks,ye said somme or quantity of Six thousand two hundred & Sixty,pbRmgyFSJEgLYk1A,ye Just some of one thousand two hundred & three pounds,66,61,12,0.0
kZ0lJWotL3hqna8O,merchantable well cured musc^o Sugar to mee in hand at and,RoG6xCT4KjHkzZjV,Sand Four hundred pounds of musc:^o Sugar to mee paid an,60,58,11,0.36363636363636365
ZbeyngGWxlbaOjpL,in this Island and made oath on the Holy Evangelists of Almighty God that hee did,XcwLLZrZsSDO4XzL,and made Oath on the holy Evangelists of Allmighty God tha,79,81,16,0.25
IVK2rYz13o38mI95,of these presents have given granted bargained and sold and by these,Z8LokcFZ1YWTcK94,Have given granted bargained and sould and by these,82,68,12,0.5833333333333334
JScl7G7twDhRJAK9,newland three acres of Land more or less Scituate,TC9hPEleDRnmCYTU,same Island Gent sixteene acres of land fallen and unfallen scituate,62,49,9,0.0
KIgiuvNEEDjBuM1F,with the greate path near the Church & begining at a Slumpe,1edBIb3eCD44Wb6n,in the habit he was there in the church being neare the sea side,62,59,12,0.0
pNIBl6jeqdwen4fI,administrators and Assignes for ever without ye lett suite,UW3knVk6bn3B8yHB,ecutors adminis trators and Assignes for ever ye said,76,58,9,0.4444444444444444
bo08s71qyTwe33k9,Lapthorne of the other partie where in amongst other things was mentioned,OwAlLzxDwXsj0RW4,and Mosses Perrera of Amsterdam aforesaid when in amongst other things,60,73,12,0.0
o2LPHMHZm2cyxdWo,To all Xtian people to whome these prsents shall come I Robt Browne of,hWddOaByuIsGs999,To all Xpian people to whome these presents shall come to-,86,70,14,0.5714285714285714
2AqjwN98FQ7iav2v,fifty and foure Betweene William Baldwin Senior of ye,DoCgLHZTPOxW7RRh,and foure Betweene Thomas Sandiford and Tho: Martin,58,53,9,0.0
IPHTeLyRAtZxkmh0,betweene the said Hilliard and Edward Colle Attorney,cdnL2nqtNcDBME5k,neare the seaside windward and for the true pformance,57,52,8,0.0
XAzkI6PbGYZfiiRO,land of Capt Matthew Wood northward and the land of Joseph ~,l1FKZyakrkxCdpWn,lands of Wilson Clarke and leeward on the land of John Pattin,61,60,12,0.0
i4detMeZh3HOXKsg,beginning of ye world to the twentieth day of June in ye year of Or:,EoHQ7byDN8KyDQoy,bearing date ye first day of June in ye yeare one,65,68,15,0.26666666666666666
ofCPDGBv57aYpKPr,thereupon belonging or in any way appertaining,ShpU8GFf3WyjIopw,thereunto belonginge or in any wise apperteyneing To,82,46,7,0.5714285714285714
BYNv4cLpTwuxwSCc,Know all men by theis prsents yt I Captn James Browne,mgMCJ0LNM69dffZr,Knowe all men by theis presents that I Capt James Holdipp of the,80,53,11,0.5454545454545454
CjqMSdmi9iprEFes,day of the date hereof forever: to his and their owne,3dH4nxyz4Mf03Wby,& assignes from the day of the date hereof forever without any cause,63,53,11,0.45454545454545453
amRVEa1WVL1bCcZp,of our Lord on thousand six hundred sixty and foure,9nTzbpXAGbGPvJQG,"of our Lord God one thousand six hundred seventy & five,",80,51,10,0.5
ihy0YATKtHf6S2Od,M^r Crispin Hooper psonally appeared before me and,cfbIMzPvsAYgkuoz,30^th of May 1654 personally appeared before me and did,69,50,8,0.0
sggAEJI29exYLAOY,Roger McNeads west wth all profitts & commodities ~~,b7A7jpiDUjoPEhCN,heires or assignes for ever with all profitts and comodities -,65,52,9,0.0
7YTsBM2uqHKNw7iN,for recoverye and receipt of the content of the aforesaid Bill and vallue of the,gYNNY28g0JcGgkOh,recovery and receipt of my debtes or any other matter or thing wt^soever Have,59,80,15,0.0
ZmJD8hjNwfsvl5TZ,witness or hands the days and years above menconed the s'd,W8r9lhWCvhGX1XID,summe contrary to the day and ye are above mencoed and expressed that,63,58,11,0.0
msWeoXCpqvrisE13,all Rents and Seruices reserued due or payable upon,3FQcedBxmzcwsYU0,Inmates and other Charges And also payin,51,51,9,0.0
eECXxGLgCGo8NcUY,great and small fur turkey Items one Cocke and foure young turkeys and tenne dunghill fowles,JFMZ8R4DHGG3KCwR,the one halfe of one greate pott the one halfe of the dunghill fowle,54,92,16,0.0
KN3EQ5qMZZRdWnOX,Banfeild hereunto Especially moveing Hath ~,crAhhCkMuLypKbsb,good and valluable consideracons me hereunto especially moveing Have given,62,43,6,0.0
Wh4XLWfNqZPtxq7x,ye said Capt: Henry Colleton his heires executors adminis -,FWiyneKLYWwV5Py5,unto ye said Captn Jeremyah Hame his heires Executors Admirs-,73,59,10,0.0
fWvXFg7Bc5rly880,Deeds Assurance and Assurances as by theire Councill Learned -,6hylUeJPmRpWR0oL,the sd land or plantacon as by a liste hereunto anexd,54,62,10,0.0
AUbjIBx6U1nJn1KP,containing by Estimacon one hundred twenty and nine,luDC7yIL1KOSFTEZ,Containeing by Estimacon one Hundred and Eighty Acres,77,51,8,0.0
k56cjHJ14A2A7hz6,subscribed our names and sett our seales this Seaventh day of,7S9DADWQidhMXVRf,whereof I have hereunto sett my hand and seale this fifteenth day of,59,61,11,0.0
kl035GcZevBhNohJ,"and assignes doth by theise absolutely warrant secure and defend all tha""fore",P860HlkSqTCpfiAe,and his heires for ever warrant and defend all and every the before,61,77,12,0.0
CjV4y2NWybIWrn4R,northeast and the lands of Christopher Parkens on the west the south,65I6eUyKmYrULhaY,and the said Christopher Jarson doth hereby Cou,64,68,12,0.0
VatdLIm2yBuXxZR7,promise and grante to and with ye said Tobyas Frere Esq^r his executors and,JzAWIcVQ9v6JccdT,promise and grant to and with the said Robert,70,75,14,0.35714285714285715
UAS7vx8koKgEXRb0,thereof In witness whereof I have hereunto sett my hand,zOSiFidOvVnz7S2Y,hereafter In witness whereof I have hereunto sett my hand,95,55,10,0.9
CGrFUgbWEpGZlm9l,Christian people that upon the ninth day,ZUQupPMhjID9GGQq,and manifest unto all Christian people that upon the eighteenth day,73,40,7,0.7142857142857143
X8eYlgiffdhHD9Gc,and grant and covenant to deliver unto the said Thomas Applewhaite,y4uO6CZklta5lQKO,bargaine and sell unto the said Thomas Applewhaites pasturage and feedinge,63,66,11,0.36363636363636365
RObestZArY9gN9Ek,Inventory of the Negroes and other goods belong,e9D87KLAlm5wyNL6,them or any of them or against any of their goods or Estates in,58,47,8,0.0
ZXobaKLkQV4I5ru3,wooden trayes one bedstedd one hamachoe one one wooden caske one,LbW5OvygBwwAwdQp,consideracon therein expressed one plantacon conteyneinge fortie acres of land,54,64,11,0.0
CUAk4AF4ywIyg1EY,hereafter be growing or accruing thereupon he the sd Robert Bridges his heires admrs,gK3m6hYNjlUK8rfX,thereupon He the sd Robt Bridges his heires adm^rs. or ass To have &,63,84,14,0.0
G4eFqSu5iDoY6wOm,these pnts And more over from tyme to tyme hereafter there shall,UpD34LSJrrbSKEeU,the Isues and profit there from time to time there upon growing to the,60,64,12,0.3333333333333333
zFbyRBlwn6lrrC4j,taw howes one axe one bill with manny other withall pfitts and comodities thereunto,8XFmoijes2YgGXI1,watter tubbs and a Mabby Tubb with halfe of all p'fitts and comodities thereunto belonging,64,83,14,0.0
akPEDSz3Q9VMUFtN,wittness whereof I have hereunto sett my hand & seale this 13' day of October,so06UKuKMXR0upt4,In witness whereof I have hereunto sett my hand and seale this fifth day of October 1641,87,77,15,0.6666666666666666
OB07He591st3fB5O,appeared p^rsonally before me & did acknowledge the above,8rdcR8BqtPxsPDvV,of March 1653 did personally appeare before mee and did acknowledge,65,57,9,0.0
vjDpg8ThWDl0lzt6,no sugar therefore could pay none but would pay the same,kdmH1TvLprYcf1xn,or some of them were to load or cause to be laden at the said Island,52,56,11,0.0
7zIAHPBrAV1tgsE4,Mary his wife and Willougnby & Chamberlaine dureing -,uf4PQjnhe0vqgOeh,and his wife and ould Mary (three Christian,54,53,9,0.0
wZNLBsjAdOy0dTbN,"full third parts of all and every, her Boate",PyFjlhbZ0qu37TXr,to his owne pper use and behoofe all and every the servants wares,57,44,9,0.0
fcGhNtSIXqTiiB4l,day of May 1645 to be paid & soe on the sameday yearly,WSMdtuELSi1Egr1C,day of June last past to be greate damage and loss of the said ship,53,54,13,0.0
Py5wM51mQnSGcsgT,"Island aforesaide, Conteyneinge by Estimacon foure thousand Six hundred",9W3yiUxodnd4ir2e,Parcell of Land Conteyneing by Estimacon foure and,66,71,9,0.0
ccb6jE2RlUietluD,without the lett suite trouble hinderance or disturbance of me the,QMg4og8fgDXG8ygM,Without yee lett trouble hinderance molestacon or incumbrance of me,74,66,11,0.45454545454545453
50LI0lgOmqH7AkKI,Haydon Browne aged twenty two yeares or thereabouts appred before me,HUV2Ush1Y2DhwLtS,James Fulcher aged twenty four yeares made oath before me that he,57,68,11,0.0
uTHBjqhuciF31rVx,sugers cottons indigoe servants negroes horses debts goods chattels dues owed,EQUdngFutoHbXl4C,me my heires executors and administrators for divers good causes,51,77,11,0.0
TB94EpdVwJvIleNB,"the Lands of John Peers Esq.E ,South upon",6uyPGvm01Ma1LgRC,"upon the Lands of John: Pearse Esq.^r , upon the Ca",74,41,8,0.0
bKUPLyT0lhJ5mAyC,can hereafter make anie just clayme or demand in the said bill,FSdjngDqO59ciHVe,any matter of Chaleng Claime or Demand of me the said,61,62,12,0.0
Afo16hD8hP1jF7Ts,of our estate or estates act or acts or by or with our or either of our assent consent privity,VR9YIJM42zELiqaR,admistrs ~and~ or by or with his leave assent consent privity or p'curement,56,94,20,0.2
T8SgyApXyBlWjHrx,"ably Sett theire hands and Seales, the day and yeare first above -",PuQrT7KQ0b429iKt,have sett their hands and seales the day and yeare first above written,85,66,13,0.46153846153846156
G0mct83aOEEU5VUx,under me or by my assent consent or procurement,ModMWfT9r71Od6gR,or assignes by me or their assent consent or procurement,76,47,9,0.0
PAXZNJnQ1Pqtp3UB,Ramsbury together wth ye moyety or half pte of 4 Ass negoes,Do9613kZhc4ERTHH,the other Moyetie or halfe pte of the sd sume of money,60,59,12,0.0
clfk04xtmQVrfZUl,unto Henry Beare & to his Wife Francis Beaver five acres of land,l4xQdxIpopq8m80c,unto the sd Ens Jackson his heires or assignes forever one acre of,57,64,13,0.0
D3UuOLWU6rXF7Mf1,appearer did then and there Present a Certaine Bill of,yrKBNl9DCfh4OKPw,did then and there did present a Certaine Bill of Exchange charged,73,54,10,0.4
9n5GW4HdhgeZncPw,unto the said Daniell Deusberry or Samuell Mainard,wWcnh1oLkGctIX80,upon it the said servantes shall to be imployed upon the said,54,50,8,0.0
GZwQPAMCD4etmRnS,the sd pties that the sd Robert Compton is to worke wth,sbFk0Z9or8ZAgxUc,the said parties that the said Raymond should wth,69,55,12,0.0
t69EeRfGfn65iQaD,Day of FFebruary in the twenty sixth yeare of the,m451q8QlFktCZDgh,of May In the Six and twentyeth yeare of the reigne,66,49,10,0.0
isacZcS4VRQjbIzQ,Notary publique in the said Island M^r. James Whitcome which,F3tXMXZsBStvOrPd,publique in the said Island Gerard Mashart w^ch,71,60,10,0.5
tGw27fQsPjdjxM0p,frind Samuell Osburne of the Island of Barbados merchant my,siYC73VEIyiB8ISQ,betweene Ian White off ye Island of Barbados merchant,68,59,10,0.6
XYfcXwlDyNH8hSLH,calls for a pistoll and the said Yarslow and both fired at the small,WivHrN13bDm2tjco,and to hould the aforesaid six acres of land together with all,57,68,14,0.0
9EM1zZgBwoEF3XDR,Acknowledgment heareafter in and by these p:rsents menconed,IW54w3ffLLc6zuWz,& wheresoever giveing and by these pr^sents grannt,62,59,8,0.0
o3SovHMYRxgo38Gg,Entred 22^th Marchant send greeting in our Lord God Everlasting Know,raBSw7wWCJSkbVgO,the Island of Barbados send greeting in or Lord God Everlastinge Know,79,68,11,0.7272727272727273
MWTOykz0JnGqJGCA,the said appearer feares and supposses which may be under hold,ssS7mS2JzgiuWYL3,he the said appearer appeared againe on board the said ship and desired the,58,62,11,0.0
j79CYx6adancRwUy,due upon accompt of both pishes the said deebts to be paid by the,D6VOiydlgneQGSbB,be borne of the Bodies of the said negroes dureing the sai,55,65,14,0.2857142857142857
bJHypYsVTzDpLhNa,Plantacon with all & every the appurtenances hereto appteyneinge,yhoWBp0GQuiDFIKw,of plantacon with all th'appurtenances without vexacon molestacon or,62,64,9,0.0
Fe9mdOj8niflLJ1Y,without the lett troble or molestacon of him the sd Willm Foster his heires,IMu6t28EGFyW31SL,wth out the lett trouble molestacon denyall or disturbance of the said,65,75,14,0.0
otCiJpLw4f9VAEnO,will & doe hereby warrant the same free and disingaged of,oRldxGZyKKCk5r6x,William doe by these presents give grant infeoffe,55,57,11,0.0
kBogTZiGhOKYz1WO,all and w^tsoever my said attorneys or any other by them to be substituted,2kNnsSVfQEilmkMF,all and w^tsoever theire attorney or any other by him to be substituted shall,86,74,14,0.0
YtiOsfU0cOEYTtUd,be it more or less wthin the ould Bands Scituate lying & being,UP0tYruDR5PQq3Zt,of land be it more or less scytuate lying and being in,67,62,13,0.3076923076923077
NGbPQJvgmnUgoPIW,to be payed to us the said Thomas Sadler and Millesent my wife our,xOW4Wt1RBjSe15kE,apptenances unto them the said Thomas Whithead and Peeter Gill theire,58,66,14,0.0
R41U5iE6Fh4ACceq,particular agreemt clause or articles and have interchangeably sett to or hands and,s4ZRrORurv2KwRAY,above menconed have interchangeably sett their hands,62,83,13,0.0
9ysnosQHeDdxHaku,freely and cleerly acquitted and discharged of and from all former bargaines,EZAP4ZkhiSUd82kg,freely and cleerely acquitted and discharged of and from all former bargaines sales,96,76,12,0.75
rFCo4ks86qMWg7oQ,these pnts more are large doth appeare untill the aforesaid summe of five,CF89W3oPEuK6tMmZ,every parte and parcell there of unto ye aforesaid John,56,73,13,0.0
koeGPrnjlkxMT0hQ,this yeare ( except foure thousand pounds of cotton be paid to Charles Stobart out,xG4FDgZUEW1u6nxu,Radford and Aurthur Hackett and foure thousand pounds of cotton to be paid by the first,64,82,15,0.3333333333333333
1Uf9NYUG7jEmZtZI,admistratrs and assigns by theise psnts that they or some or one of,GDeNTNsjvd3QvKiQ,Executo^rs Administrato^rs and Assignes by these psents that,65,67,13,0.0
3evlRU96UPHFm1nK,two tonn of Bristoll hogshead in fifty days time after the arrival of the,b7HjDFQcuzrzh7RV,& for ye accompt of Mr Roger Pill & then att ye arrivall of her,54,73,14,0.0
nxyNrHatu6cDnwWX,bargained sold aliened enfeoffed remised released quit claimed,1o7U0DJcqMGF1Bib,Have granted bargained sold aliened enfeoffed remised released,79,62,8,0.0
JUEBOXkOya4l4nvB,Sales Guifte Grant Mortages Leases annuities,ngbzEjrvmbFzkt19,sales guiftes grantes mortages or incumbrances had made donne comitted,60,44,6,0.0
xMdyFadbMPPKtZit,Watson and Humphrey Symons are bound to pay unto me the said Thomas,4s3offmR26jZyygg,neate and cleered cotton wooll to be paid unto the said Thomas.,63,67,13,0.3076923076923077
vcHTnF8sxTXzchDb,his heires and Assignes for ever as aforesaid and further,n38Ncug2Vch791eW,theire heyers and assignes for ever for the use,69,57,10,0.6
2JIoSPp3gIpIbhzL,Discharged of & from all & all manner of former & other Gifts grants bargains,XjuCV0kFpO8tT04A,"of and from all and all manner of forever and other gifts grants, bargaines, sales",77,77,15,0.6
yrKBNl9DCfh4OKPw,did then and there did present a Certaine Bill of Exchange charged,D3UuOLWU6rXF7Mf1,appearer did then and there Present a Certaine Bill of,73,66,12,0.3333333333333333
qqn4uC3PxrT8EHLn,of the cost the 24^th of January in Ano Dmi 1642,99oICXJ4dVXY58Tu,hand and seale this 28^th day of May Anno Domi 1640,59,48,11,0.0
fHfmC6iWjLVmHVat,negroes and premises and every part and parcell thereof,fWKWQl9cjSv1NV1L,bargained sold and conveyed and every part and parcell there of,76,55,9,0.6666666666666666
WSMdtuELSi1Egr1C,day of June last past to be greate damage and loss of the said ship,1NUV8e9YtVPQo2c3,the said Ketch is not to the great losse and damage of the said,58,67,15,0.26666666666666666
WwlTCykxjP3c4kfo,y^e: w^th:in Instrum^t: of writeing as his Vollantary act & Deed Ri: Brewster,0U9WVefldiEnb11P,& deliver this as his voluntary act & deede,53,77,13,0.0
8Z3V3UIIQ06yCH9L,an...Colleton made one and the same Answer,CjuUcIPtu0UVlt7b,ninety ffive one hundred Pounds and in the yeare one,53,42,7,0.0
78OwFiWiJODdTmkj,the Board Path and other storehouse wth all the land there,td8YAjp8lg1xhS91,the Said Bryant and my heires and all and Ove,58,58,11,0.0
LMNgUceV6w8C6AOC,charged of and from all and all maner of former guiftes grantes mortgages,2JIoSPp3gIpIbhzL,Discharged of & from all & all manner of former & other Gifts grants bargains,77,73,13,0.46153846153846156
gllj5F8yVqpoJDlk,fore that we the said Capt Reynold Allen and Capt David Bix and by,rdkMNdCUU9fBB3Lb,w^tsoever And wee the said Mathew Key and Henry Saint our heires and,55,66,14,0.0
EfkPD3PS7A8mVOJ7,Lett trouble hindrance molestacon deniall interrupcon eviccon,ZfIICfPh1tHBcd3P,the lett trouble hinderance or molestacon of by or from any,65,61,7,0.0
Zd27TtDPkKiCSEs5,having heard did protest even as by these presents I do publicly & Solemnly,lR7Lj8nHox79kjnD,haveing heard did protest even as by these p^rsent,77,75,14,0.7857142857142857
D2d30FsScZO7oMjw,priviledges advantages comodities and immunites of nature and kind,Up8ac2bW8HgGzYFc,priviledges pfitts benefitts & comodities unto ye sd Plantacon belonging,58,66,9,0.0
5yWeBTAjKz4Z9wI3,or in any wise appertaining To have and to hold the before,5JewYPldGL3Rwih2,"belonging or in any wise apperteyneing, To have and to hold the sai",80,58,12,0.8333333333333334
O5EVdjDUuhaa49w5,and month above written doe acknowledge this to,AtCiuSrSoSKV3lsv,by these p^rsents acknowledge himselfe to be,59,47,8,0.0
nE3Re77EFxHJwyjT,to ye same halfe moyety of one hundred fifty acres,xS55xsBVei0QZdoW,under the annuall rent of two hundred and fifty pounds,58,50,10,0.0
8r58IpmqA5YuIy6S,Executo^rs adm^rs or assignes shall and will well & truely,IQUTEJsjQSEEvguo,Executo^rs administrat.^rs and assignes shall a,67,58,10,0.0
VYrfGXnqnDqc7hHQ,in a schedule thereof made and hereunto annexed mencord and expressed To,W8r9lhWCvhGX1XID,summe contrary to the day and ye are above mencoed and expressed that,60,72,12,0.0
N4n0AEU28HgpZBC2,to the dwelling house of the said Samuel Horsham situate in the town,XHtvcSDP11Jybspx,now dwellinge house of the sd Read and for the true & faithfull,63,68,13,0.3076923076923077
fufQMJPxSqvGjWK9,have & to hould the sd pte or pcell of ye sd plantacon & pmisses,Ojj6uX95vgCZre1M,To have & to hould the sd plantacon & land wth the prmises,67,64,15,0.6666666666666666
Oy1Km9n4pWkLLJBw,forfeiture of seven thousand pounds of cotton Dated 13 July 1640,ObzTNx6ou067rS8f,summe of twentye thousand pounds of cotton -dated the 4^th May 1640,72,64,11,0.36363636363636365
EcxuqKeZl7OQexfB,11^th of January 1652 before mee acknowledged by Thomas mosier and,bVsOqm5fH2TmPtpB,of them doe hereby respectively acknowledge and thereof and,53,66,11,0.0
khog99sweNvhx776,himselfe his heires Exec^rs Adm^rs & assignes unto the sd David made & his,JdAQeZUNdjipeRhz,Johnstone his heires Executors Admrs & assigns forever. with,66,74,14,0.0
vYble4e3h47GEaRc,Chosen by the S.^d Lesson and S^d Thomas,QPaLbzTPwX096gN2,To Barbados by the Mary and Hannah Cap^tt: Thomas,54,40,8,0.0
yjk5KweW1gOaGtHB,as allsoe the reversion and remainder of all that two acres of land,Tdug2Ir2mPNVbv1R,all the right tytle and interest w^ch I have in the twenty acres of land,60,67,13,0.0
Xo1u0E3cUeCb9pAm,my name to appeale and prosecute appeales and forme to appeare,2e51ZE8RxlaRFRgz,myself my heires exes and adminstrs in the penaltye and forfeiture of the some,53,62,11,0.0
msoxltaTIircdJsS,binde our selves our heires execrs and admistrs together with that our plantacon w^ch wee lately,1VRzuhRKIiu19YnW,planter his heires exers admistrs & assynes forever this my plantacon whereon I,59,96,16,0.0
DMqXRRRRo0oWFN21,members & apptenances to ye same plantacon & land belonging,x7mCaoVbWrR6Twmf,the right members and appurtenances to the same plantacon or land belonginge,83,59,10,0.0
u5k0ujRTojrpqSjg,into the S:^d Tho:^s S:^d pemell in all for the same off,kk0JN8rBzvlCWvU3,the s^d Thomas Hothersall all for consideracon of the sume of twoe,56,56,12,0.0
VitdyTslriKuAo1m,To all Xpian people to whome theis pnts shall come Charles Harris of the,NqRJ4Da8BPR8Pd28,To all Xpian people to whome theise prsents shall come John Shakerley of the,85,72,14,0.7142857142857143
Sr3AHbfZSXmh035r,To all Xpian people To whom thise p^rsent writing,WFM0BApCMYPuHfRS,To all Xpian people to whom this prsent writing,96,49,9,0.4444444444444444
7aMEa5aRlAJ5STFW,planter my heires or assignes to pay or cause to bee paid unto Thom: Hodgson,39cqDb2KVfedVp0t,will well and truely pay or cause to be paid unto the said,61,76,15,0.6666666666666666
9npg5bIGzkpd0BUX,Stephen Tho: Nowell: Peter Ams: Luke Jones .,M9wBW3SDiQfFyYXe,ye said Stephen Thody for ye consideration ~,48,44,8,0.0
IXmIF2nyJc93DlMz,before mentioned Appurtenances unto the Same,myFAGP8XEN9BEQty,of theire Appurtenances to the Said Samaell,71,44,6,0.0
F3A5l57g0TlTmzZc,doe bargain & sell & confirm lett unto Mr William Hathcott,wuI2FdZL99rOSdrj,doe give grant bargain sell alien & confirm unto the sd,60,58,11,0.0
AuEDDX3dBfj5NGGM,diet till ye last day of August & to have house roome,2poSTDlcMrJrfVmU,Island aforesaid Gent by the last day of August next ensueinge this date,56,53,12,0.0
d3IR5RXi6O5mfCWe,and others windward To Have and To Hould the said pcell of land,twBcwQMYx0zntp7W,M^r Richard Gay To have & to hould the sd pcell of land,71,63,13,0.0
M2eXMWK6hHWmXHA4,Nine hundred Thirty & two Pounds of Mchant,zHBNAMcc7fMk4nmf,thousand nine hundred thirty & one pounds of Muscovado,71,42,8,0.0
xUJyTNWrkDA1Es7H,in coinsideration of a sume goods allready receved from Thomas,YBaHhzYrXg8S4JXa,for a quantity of goods all ready received in hand,63,62,10,0.0
J1bJkWkzEKLdNAQz,sett our hands and seales the 16th day of June 1640,UiZgW7cVcDXiRQa7,hand and seale the 8^th day of June Ano 1640,80,51,11,0.9090909090909091
6U6ZefyJzJu2rHD6,given granted bargained and sould and by these pnts doe give grant bargaine and sell,wJfMMYu3yasAyXfU,bargained and sould Audley this pnts doe give grant bargaine and sell unto John Holland,75,84,15,0.8666666666666667
zOHi7v3aKQuijMsy,one breedinge sowe fower ghootes two hens and one cocke for the some,zUbnjmuGteIYalNu,send Greetinge Know ye yt I the sd Jon Bonner for & in,56,68,13,0.0
gZau8VWOQ4CE5Qiw,this Grant and Confirmacon nor any thinge herein Conteyned Bee,kQq367x1H50H34pB,the Said Island Cooper for and in his owne behalfe,55,62,10,0.0
0mMw0RdPTZdCGBCC,"in the Island aforesaid, Bounded East upon the Land",5RbF9LQzXtURcpOO,the Island aforesaid bound upon the lands of,80,51,9,0.0
1BlKycOk8YTM2B8P,Sidney at the suite of wee the s:^d John Harvey,GAg3RfvBZ4R1YXWk,These presents the receipt whereof the said Jane: Henry,55,47,10,0.0
n0Wl8s2tHpqnY3G6,"houses , Ediffices and buildings and all that peece or parcell of land or ground",to9WMYqr51WiJbSu,all the houses Ediffices and buildings thereon and all,63,80,15,0.26666666666666666
Xb7GCeGlDrSKyZ7I,Administrators and assignes for ever free and cleere against any perso,m0XxDgjTB1AffdB4,admistrs and assignes forever free and cleere from all former bargaines sales,75,70,11,0.36363636363636365
0VMuvk9KBpJzmNPz,executors administrator^s and assignes and to his and theire owne pper use,RyHhUXOAoA1apIKR,heires executors administrators and Assignes to and with ye,72,74,12,0.3333333333333333
9EHaxoInmUIx7zLm,Susanah Leake our heires executors administrators,UYExopv1vlBSkdiM,Island his heires executors administrators and,76,49,6,0.0
tn2bZWzv4IXFss4S,ye houses edifices and buildings workes mills stills,to9WMYqr51WiJbSu,all the houses Ediffices and buildings thereon and all,70,52,8,0.0
hTfSt1GltO42f1Vt,shall or may hereafter and from thence come,iPWaWN5GgJcRrdPK,"shall or may be had obtained, recovered or -",60,43,8,0.0
nP0aFeBFwmYRSkhy,"w^ch,, was Robert Wilkinson to Have and to Hould to the s^d",d3IR5RXi6O5mfCWe,and others windward To Have and To Hould the said pcell of land,56,59,12,0.0
3zCEGsG5e1Bwlrqq,of the said Island and sole Notary publique in the said Island Capt,kWkdfO4v2jN97SFN,"Island, And Sole Notary publique in his sayd",70,67,13,0.8461538461538461
RlSZEwc1lFOeMjyt,and Seales the day and year above written,qYvuLyRZ64uRXCQz,hand and seale the day and yeare above written.,89,41,8,0.5
mesbSOn5eKS1hzBA,n:grow legg and Joane and Little Robin guien Thomas,75rzCAeDbMKxhfWc,sixty and one made between the said Thomas,52,51,9,0.0
gL0DWPJAcXVg4OWy,shalbe upon the said plantacon Witness our hands and seales this,2uXhwofies5eR2oT,so all the Said Plantacon Messuages Lands,61,64,11,0.45454545454545453
wDSNp60517U0HKDc,their heirs Executors and administrators for ever And also that the said,kjguwKWzp6RCsnKR,my heires executors and administrators for ever and,75,72,12,0.3333333333333333
GsOTGXABSzfOIINj,God Everlasting know ye that I Francis Coop of the Island of Barbados Mcht for divers,sMkYYO8N5kKJ2ofA,Everlastinge Knowe yee that I James Meaxwell of the Island of Barbados merchant,72,85,16,0.3125
oV6iEN8YG4AP3WOk,pte & parcell thereof w^th the appurtenances unto the said M^r Samuell,qtU33cLzD1yjt6jJ,parcell thereof with the appurtenances to him the,76,70,12,0.3333333333333333
GJsLVh4T2uVbGKiP,made on ye said land in full and ample manner as,LlyOzwnUyTh9VNEP,demanded upon ye aforesaid land or ye vallue thereof in,58,48,11,0.0
FDyW22kvuankOw1a,the sd Christopher Herinson ^or Nerinson doth demise grant bargain,NIFyIj2NK6BGFT2j,for the said Christopher Lyne one parcell of ground lyeing and being,58,66,10,0.0
1ZNkQXKXNddCzISB,ye sd Gregory Rowe my heires or any other pson or psons wtsoevr &,QtaVFLNiZRVfy4rw,of them I farther for my Selfe or any other parson or persons whatsoever,72,65,14,0.42857142857142855
3qg0jJo2Yo49pD5j,or any pte or pcell thereof In witness whereof I the sd John Gibson ~,LeHp1iS2EbcdrzAB,"or any pte or pcell thereof except before excepted, onely or any",65,69,15,0.8
WcfzyyJEdOaSkfF2,by any person or persons whatsover lawfully haveing or claymeing by from or under me or,7ZzS1VuuCroe8miX,any other person or persons whatsoever lawfully haveing or claymeing from by or under,87,87,16,0.625
xSiD5pSpPOOgOH1Z,twenty third day of October In the 26:^th yeare of,vQKErCCBwyXuL5cE,his hand the Eleaventh day of October in the yeare of our,65,50,10,0.0
IBcVBCmLJoTq5t7I,ben I brought sence the 21st of April 1653 or any of his plantacons,fufQMJPxSqvGjWK9,have & to hould the sd pte or pcell of ye sd plantacon & pmisses,52,67,14,0.0
aBHuNbYWZUjppdNY,"Ability in the ffaithfull discharge, of the plane and",P4chgRiCnIo2fQ8H,to and in the said three Acres of Land with the prebargained-,53,53,9,0.0
hv7ntDpxZxQk8HZN,to stand in full force and vertue In wittness hereof we have set o^r hands &,joPD57E6xAFEN7r7,full force and vertue . In wittnes whereof,66,76,16,0.4375
P0Q6Yx0ZDGyJRad4,come Greeteing Know that I Thomas Hinderson for,UC6BfBqworx6qEkk,Lord God Everlastinge Knowe yee that wee the said Thomas and Peter for,60,47,8,0.0
Gk6JNu4U4YradfFH,acres of land with the appurtenances as aforesaid unto William Lees,jVzFYObHIdSw2cev,Acres of Land with the appurtenances and all and every the,70,67,11,0.45454545454545453
kNHxbkpQQbwO7Vb1,the Ensealing & delivery of these p^rsents & to the sold PP & onely,pvc9AiedHsceu3E2,"before the Ensealeing and delivery of these p:sents, well and",69,67,14,0.0
bNx65z9FK6XOCxB5,thousand pounds of cleere cotton wooll upon the last day of May next,oWOcKIebP06E7KPy,pounds weight more of like good cotton att or upon the last day of Maye,68,68,13,0.38461538461538464
7i97uwT7kmw69zgD,Condiconed tobacco well made upp in rowle to pay or cause to be paid,AoupA6Uur0eKxhGR,pounds of good mchantbale Tobaccoe well made up in reate & role to pay or to cause to,69,68,14,0.5
noLFawSfL4xG51kz,person or persons w^tsoever in the said island of the Barbados or else,6o52HAS5xDVfLgGi,person or persons whatsoever layeing title or lawfull clayme thereunto this aforesaid,63,70,13,0.0
Mzk8N5UXVbRfb7CN,To all Xpian People To whome these presents Shall come,ZncYZQiEOyWN4qDm,To all Xpian people to whome these psents shall come,92,54,10,0.4
OqihiGiBwGw9MEXd,"and Sixteene thousand pounds of Sugar, Shall & Will allso",MpDLqM2NKu23k7lu,of fourteene thousand pounds of good & mchantable well,61,57,10,0.0
aeekTnoSbhADL0yv,"Land, being p:^t of the plantacon Whereon the said",Sq9NjdoeEOwNequa,belonging to the plantation pf the Said Robert,63,50,9,0.0
0hoCQGQAX4lAGq4N,them soe under theire Respective ages togeather full power,bVsOqm5fH2TmPtpB,of them doe hereby respectively acknowledge and thereof and,58,58,9,0.0
hQHVQyXkT7SG6OyL,the said messuage or tenement belonging or in any wise apperteyneing,ShpU8GFf3WyjIopw,thereunto belonginge or in any wise apperteyneing To,77,68,11,0.45454545454545453
tRXSGpSDjz9JTDWT,hereunto Sett my hand & Seale y^e day & yeare above written,qYvuLyRZ64uRXCQz,hand and seale the day and yeare above written.,72,59,12,0.5
qTlaVvYsKRWmlN2O,or to the prmisses or any pte or pcell thereof and for the true pformance hereof I binde,z0pfDCZKCf2FCuhF,storehouse at the seaside store age free ; and for the true pformance hereof of all,68,88,18,0.7222222222222222
3qORES0hxGUKb2qk,Solemnly protest against the said Nathaniell Durham his Agents and factors how,KO2k1gCDKdxujJ3B,do publicly and solemnly protest against the said Capt John Berry,56,78,12,0.0
pEA7klA2UvMrhTui,before mee William Boughan and Mary Barnsie,njIa6OVNsrJxGyk1,this day appeared before me William Johnes and Nicholas Hollie and did,55,43,7,0.0
PY2Ka6Dsi19zc5I6,shall and will war^t and forever defend by these psents And lastly for the,yDOQHhRfQZ0bIZ87,warrant and for ever Defend by these pnts And the,72,74,14,0.0
go0QNU5TCq765p0U,Robert Hackett his heirs Executors Administrators or assignes,w41jGxUP98J3NGzG,to him his heires executors administrators or assignes,82,61,8,0.0
m0XxDgjTB1AffdB4,admistrs and assignes forever free and cleere from all former bargaines sales,CfUGhlXL85SIizAu,heires and assignes for xxx and discharged of and from all former bargaines sale,76,77,12,0.75
4EivAd0syZD5GkPc,in peeces and destroyed; The number of Hide aforesaid (parcell of,Io8bxxFnDgmI22HE,charges and passage for Tanger aforesaid after there all of,55,65,11,0.0
KH5g92Q3DA5Bo6xi,and forever unto the Said Rachel Mendez her Exe^rs Ad,n1l3vnF8UyUuDzMW,and agree to and w^th the said Robert Drye his heires Executors Adm^rs,59,53,10,0.0
R8rOSVbQCIIajzuk,of Samuell Brand & Paule Painter the other or Cratcht house now,OhbVrpoiVgRV5IfL,"Moveable and Immoveable whatsoever thereon, therein, or thereunto",53,63,12,0.0
gpprydgItkjagpIQ,or Assignes granted or to be ~~~~~~~ performed hath demised,rLcW2ctSM1dpERkM,Reeve and George Read to be performed the abovesaid Richard,53,59,10,0.0
48Ju6NoPeO0D6StP,Island gent or unto his heires exrs admrs or assignes all my right title & interest of forty,J3JjhcaKMzIJ8ftn,unto we & I do likewise assigns all my right title & interest unto ye sd land & wy,62,92,18,0.3888888888888889
KqdOELkKdQsZVNbs,the Island Barbados planters sendeth greeting in our Lord God Everlasting Knowe,ckVIKetfzSh1iUJr,of Barbados planter sendeth greetinge in our Lord God Everlastinge Knowe yee,88,79,12,0.6666666666666666
9Wvgfygw2wMqZcUD,recovery And discharged or otherwise well & Sufficiently Saved,5TTXn3gECMavptc6,recovery discharged also or other wayes well and Sufficiently,80,62,9,0.0
OTnJ8Jg8ekaW6KNB,Length and Tenn foot in Breadth as aforesaid with all advantages build,G4hbQz79mWiYA3CW,Ketch at Barbados aforesaid to the great Damage and,56,70,12,0.0
tFJglPMf1r20i5Im,Thomas Bennett before theise alinge of theise prsents Have given granted bargained,SGoNc4BiqzEjWHCM,bill beareing date to the prsents Have given granted bargained Sold,70,82,12,0.3333333333333333
ecQoXsf2o3gyrDO1,And in default of such issue Male to be begotten as aforesaid,M9UWA0xXEQxtM5Oj,the Comand of the aforesaid Master as aforesaid,54,61,12,0.0
c7ij8vKOZM6MK3zy,role In witness whereof I the said William Jarvis have hereunto sett my hand,Can6yHzdv70dzpcz,In witness whereof I the said William Dighton have hereunto set,82,76,14,0.8571428571428571
4UGS9c9zz7tUEb7Z,Surveyor Together with all houses Edifices & buildings thereon,OuEGYmMT09IcmEbn,Togeather with all the houses Edifices building eas,78,62,9,0.4444444444444444
x017XxFquIzhGVaS,Executors and Adm^rs and Assignes six Acres of land being all my,HuvFXfZYDtMQcZxH,executors administrators and Assignes shall peaceably,62,64,12,0.0
gIsgG41Aja6oboBy,Evlastinge Know ye yt I Thomas Sewell & Garratt Sisters our heires Ex^rs &,v13ARsvintlGztXZ,God Everlasting Know ye that I W^m Forster abovesd for divers,56,74,14,0.35714285714285715
lHrsin9tFQeMLHj4,doth fully & absolutely exonerate & discharge the said Captain,au6o6wuP8GHi2n6q,doe : fully and absolutely grante bargaine Sell Enffeofe and,59,62,10,0.0
jQHoAtrdJ8L4V6lO,comitted or done ~lyeing~ ^lying the sd Luiet: Willm: Pead my heires or assignes or any,DrK1dDNCFLBe9kbJ,molestacon or deniall of me the said John Mills my heirs or assignes or,58,87,16,0.375
0Wg9ew4uHl2l8eJh,and from all maner of dues dutyes and paxacons wh,iFPHKbk2DBqxhmaR,"and all Manner of debts , dues , dutyes , and demands what",71,49,10,0.4
nwOsTMsUaglG6SNE,& Hercules Pescod one Plantacon or pcell of land conteyn by Estim: Fiftie,MRBwBI4V3OJ1WOFY,in or to all that plantacon or percell of land Containin,57,73,13,0.0
KSSmCPzf8z0uklJ6,assignes all my right title & interest of this apraismt ~ &,D7zlLklBBBCG1SGa,Herinson all my right title & interest of this Bill of Sale,76,59,12,0.5833333333333334
U0Atr2bqDPJmXRWk,the sd Kinge but that he hath from tyme to tyme,yatSlFGxSFYZgWdp,the intent that W:^ch the proffitts frome the same ar,58,47,11,0.36363636363636365
hiIXe5C6FvZgioLx,heires covenant and promise that the said Collonel John Colleton,TtTnSy5eeAIyhgty,upon ye land of ye said Coll. John Colleton together,59,64,10,0.0
2cdfCaDJ98giRTNs,to the sd owers & company by breach of his covent &,W7hYYAfRyLnR9AZl,to the only proper use and behoofe of the S,55,51,12,0.0
qREY4lfqBfDlFvId,made personall appearance this day before me and upon,B58v1KtVMfQW2IAI,personally appeared before me the within named,65,53,9,0.0
oaiVyeVItbixF0J6,or thereaboute And bounded one the land of Walter Fenton one ye,LdFIxS8huIBERp9r,of land or thereabouts bounded east on the plantation of ensigne Jon: Jackson,61,63,12,0.0
PUdqLhSHFl5Cs2kc,abovenamed before her departure from the Island Barbados where now she,846T0J2zEimR7ned,able Daniell Searle Esq^r of the Island of Barbados the,58,70,11,0.0
NCMmv3Htnq5kmgqK,(being privity examined) did acknowledge the,vb5ScBB5QyBrfea5,which said Robert and Pricilla being privity examed did acknowledge,65,44,6,0.0
E4lyNbnRlAPOwugo,Their the said Rowley doth his heires exers admistrs and assignes,buiofUS8irrEm9fw,unto him the aforesaid Thomas Bacon his heires exers admistrs and assignes,78,65,11,0.5454545454545454
4CX8r7WzBUuQovnJ,shall come I Sargt: Major W^m Hilliard of ye Island abovesaid,5kTI5aWWhHnjpxnc,shall come I Maroe Edmund Read of the Island aforesd Gent,66,61,11,0.0
9JxJwUvVlbeaR7hO,Doe make knowledge and Suffer or Cause to be done,URtapn2aqxr6qe8b,doe acknowledge and confesse my selfe to owe and stand,62,49,10,0.0
lUfluLO9bXkYanOx,the old bonds being upon record east west north and south but I find the,i6NZonvNHVrCZtkk,the same to be recovered against him them or any of them,55,72,15,0.0
AHMUYSRoLYC56DPc,and by these prsents doe give grant & sell unto Capt,PzKYZmjAuDp3ViW7,confirmed by theis prsents doe give grt: bgaine & sell unto ye sd Owen,74,52,11,0.0
XwgzmvieqOWVfVla,& also take bond & accompt wth the said Ralph,EZAmggQBwBAD3UdR,heirs and Assigns doe free & acquitt the said Randolph,57,45,10,0.0
SQGRLf6d6wY0rI5X,Clorgey Thomas S:^r to John Couburn _ _ _ _ 196,PfRV9WDohymoisPo,forever To have and to hold unto him the Said ~,43,47,11,0.36363636363636365
97N4C4A2ICG22rYN,consideracon of Eighteene thousand pounds of good sound & well ~,xyssAJSwpQa7qxxu,the paymt of Eighteene hundred pounds of good sound ~,74,64,11,0.45454545454545453
xqZz4yYi2OlXAvSs,and every other pson and psons in Bdos aforesaid wtsoever their and,3duQasRWuMWyO2gN,any other persone or persones whatsoeuer whereun,61,67,12,0.0
97V447T3ePCnrtDL,the pfitts benefitts and comodities that shall arise,1C9RlZ46PTW6FeIA,Easements profitts priviledges and comodities thereon,61,52,8,0.0
YoSOfHjNCeBUOIfV,and five with theire increasd In witness whereof I have hereunto sett,RI0lmXgWontGtuXH,of the enemie onely excepted In witness where of I have hereunto sett my,75,69,12,0.5833333333333334
fc6OFtNhQyhYKskp,halfe or all the houses edifices buildings profitts benefitts,OuEGYmMT09IcmEbn,Togeather with all the houses Edifices building eas,68,61,9,0.0
igHczTSQYaTpWApk,Aunna: Ogeo: Abba: Antomia: Ulubunta :Betty---,TXxdUAseaneIteOP,March Anno Dom: one thousand six hundred and Seventy -,40,46,6,0.0
vYmG0yKqCKWakw3s,I Richard Dent of ye Island abovesd plantr: sendeth greeting in,WyB2fW66tMIjJUlq,Whitney of the Island of Barbados planter sendeth greetinge in our Lord God,67,63,11,0.0
RNbd8CGjttzBzyMt,or w^th his their or any of their Assent Consent privity or procurement & also y.^t,ModMWfT9r71Od6gR,or assignes by me or their assent consent or procurement,63,83,16,0.3125
EMMr9Uqpm1hFIkCo,Cotherington his heires and assignes and to the onely Esqr,AUTGNr3KuqkF0AV4,his heires and Assignes and Every of them by these,67,58,10,0.6
ONac7yn5Sh7sa5pQ,merchantable cotton or tobaccoe to assure to the said Arthur Bronce his,lUhwVOKwIsPf6OFr,marchantable tobaccoe or residue of the said seaven thousand ~,65,71,12,0.0
343vUE2H88OizmII,hereby granted without the lett hindrance deniall Interruption of,zl54SNMfCkgFs8kM,"p^rmisses for ever more w^th,, out the lett hindrance deniall",63,65,9,0.4444444444444444
qbHWR1QSJkjodLvG,Come Consigned to us Jointly from any person or persons whatsoever,MLxbHPNerTkSoSoa,said Henry Fee or any person or persons whatsoever only ye,66,66,11,0.45454545454545453
C94Hlq6Rw4vzLA8r,by estimation thirtie acres or thereabouts scituate lyeinge and joyneinge,YtjD7nVrqLTFK0VM,"fifteene Acres, or thereaboutes Scituate, Lyeing, and being in the",69,73,10,0.0
DdPdFWMBX77PVnnS,five and Twentyeth Day of March Yearly as in and,Q3ak7HJZPfsfhi1I,upon the one & twentieth day of March 1650 scytuate lying and,61,48,10,0.0
nTLFf5GCZdDiGADK,Bee it knowne unto all men by these pnts that I Stephen Boston of the Island of Barbados,DgI4YduYOemEhCfE,Knowe all men by these pnts that I John Parrot of the Island of Barbados,81,88,18,0.8888888888888888
tKR69yz8TmeLS1Op,moveables and immoveables To have and to hould all these demised premises unto him the said Edward,ysDMVtR1CoJAs2Bm,To have and to hould the said demised prmisses and every pte and pcell thereof,59,98,17,0.5882352941176471
tJXT2CnNAgaRiL3R,every of them by these presents in manner and forme following (that is,fw7lp5IzCyEmIXQl,63 by these prsents demise grant Lett and to Farme sett all that our,59,70,13,0.3076923076923077
LlyOzwnUyTh9VNEP,demanded upon ye aforesaid land or ye vallue thereof in,GJsLVh4T2uVbGKiP,made on ye said land in full and ample manner as,58,55,10,0.0
k9icK383XZqcQd80,bargaine and sould and per these presents doe here,2tqVGDygRZva0TWs,granted bargained and sold and by these presents,76,50,9,0.0
djbsbqeT5aDZgKei,enffeoffed release and Confirmed unto the above named Peleg,yXPPcN2dGvCvoXVD,Sell Aliene release and Confirme unto the Said John,67,59,9,0.0
wYYpLublqdiVAHhV,to hould as the aforesaid plantacon and Every part and pcell thereof together with all other,e1hq4Eu4sQz8Bjr6,of and the Said Plantacon and Every part and parcell thereof,70,92,16,0.25
3NQ6EnkaYonf7ZNj,aliened sold enfeoffed and confirmed And by these presents doe fully and,OjZ3YibcJTPhbYbg,"enfeoffed and confirmed, and by these presents doe fully clearly",82,72,12,0.5
dgzOvMMwo7daS7RB,finish conclude execute and determine all and every atter thing and,PyFjlhbZ0qu37TXr,to his owne pper use and behoofe all and every the servants wares,58,67,11,0.0
bYlkwgDyBB1INNlh,and being in the aforesaid Parrish and Adjoins ~,MfT9S5oghk9ywNSC,Scituate Lying & being in the pish aforesaid Butting and,60,48,9,0.4444444444444444
Gn503tm7wISRQxNL,at Large appeare ) And it is hereby Likewise furt,gxsJERja2gjqQdi9,hundred pounds above menconed And it is hereby mutually,52,49,10,0.0
eJyM8jG6LE5lZGrv,bgained alienated enfeoff confirmed & sould & doe by theis prsents,jRDeu8Vng8lXnq5v,"barrgained sold aliened enfeoffed & confirmed, and by theis pnts doe",73,66,11,0.0
YnsU9IZCwkxAbs5J,Thousand Six Hundred Seaventy and Seaven one Charles Grimlin,N4IuDZuixyOnFq86,"thousand six hundred Seaventy and six, and in the Eight and",69,60,9,0.0
Y4HzzVFg7wuqrA4b,To all Christian people to whome theis prsents shall come,KJd5sqATAxGLuiV4,To all Christian people to whom these pnts shall come,95,57,10,1.0
xOyPD5ploJUPZmyG,the S:^d Seaven Acres Land w:^th the Appurtenances,3sJrMg5dku8WylwZ,and to hould the s'd twelve acres of land with the appurtenances to him the,62,50,8,0.0
quX3RgfyaJK52w9H,buildings upon the said land erected expecting what is,QUi3QTPXo3RN2M7o,edifices and buildings upon ye said land erected -,67,54,9,0.0
nV9uf9nuPBUmRTso,menconed p:^rmises with the appurtenances and eve,mRWOIsDzWyMf4MZw,gained premisses with their appurtenances unto him,75,49,7,0.0
HicggXrQ3b0yZwkS,of this Island Carpenter for divs good causes & consideracon,MiWiGODWCQCj3Uuf,1647 ye Island Barbados sent for divs good & valuable causes + consirderacon,72,60,10,0.5
oABRWzWXSItuLbKY,knowe all men by these prsents that I Walter Walke of the Island of Barbados,DgI4YduYOemEhCfE,Knowe all men by these pnts that I John Parrot of the Island of Barbados,84,76,15,0.6666666666666666
fT6kfNSJdqfH7qCj,Attorney and the Authoritye thereby given is to be force (and vertue?),AOYNDeh15FMIbOGK,plantacon and halfe of three men (onely one sow to be excepted and Repentance her turkeyes,53,70,12,0.0
OZIW7t7vNxIW98CB,King of England Scotland Ffrance and Ireland Defender,CWX4uIjzHiUPNxdI,King of England Scotland France and Ireland,90,53,8,0.0
9Vlswu1Fe6gXylZS,Shall be fully vested Setled and executed in and upon,DdeGnixORSYzyV3e,Sale before recited under the hand and Seale of,54,53,10,0.0
JznYIhpa8mjVZAit,"and euery of theire rights whatsoeuer , Lawfully to",JCvY3E97yfFzxRFk,and Deliuery of these p^rsents haue full power,68,51,9,0.0
Zm0oK05VdxM8yBRB,ranting and Confirmeing the p:^rmises above granted to the,rZvzuCiBEzxRrfXM,and confirmed and doe by these presents give grante,59,58,9,0.0
8gevk4ykUeJ85fvM,and from there forth this present writing to be void & of use force or effect but if,JZznAupATPigGLqu,and this present bill to be voyd and of none effect anything in any,61,84,18,0.0
fqSf79prKmYh5WE6,Agents ought not to deny payment for the same she bring,NxaNW56UrkHPeBIo,to an Act of this Island made for the Establishing,53,55,11,0.0
Zk12mycgaFhjzgwP,"of all and every the house adiffices ~ buildings, woods underwoods",to9WMYqr51WiJbSu,all the houses Ediffices and buildings thereon and all,63,66,11,0.45454545454545453
eVTSLru10zQstBqX,"HOrses, ass negroes, Cattle &r, Belonging to the within mentioned Estate",b7NCryXe9NeUOQDF,Strange all my right title and Interest of the land within mentioned,53,72,11,0.0
XB8v1iKQMbvT5oyZ,made among themselves as aforesaid and that none of them doe,MCanhcJdHnqJUaNI,made among themselves as aforemenconed and are troublesome,73,60,11,0.0
fCtxAqjtaaH0W2iw,in a schedule hereunto annexed To have and to hould the said twelve acres of land,EgRt7NnKRjukmXzY,thereunto belonginge To have and to hould the said twentie acres of land,80,81,16,0.75
VnKwZVEYK4Bu8BkJ,his heyres Assignes for Euer in manner & forme afores:^d,vcHTnF8sxTXzchDb,his heires and Assignes for ever as aforesaid and further,65,56,10,0.0
OrXXHFOprCeTsprv,Januar: 1640 Barbados planter sendeth greeting in our Lord God Everlasting Knowe yee that I the said,ckVIKetfzSh1iUJr,of Barbados planter sendeth greetinge in our Lord God Everlastinge Knowe yee,82,100,17,0.8235294117647058
fiPZA3D5YSM7BNlD,especially for & in consideracon of a valuable Sume of goods ye receipt whereof,Lu1RYgcamUXbD1Wz,more especially for and in Consideration of the Sume of one hundred,67,79,14,0.42857142857142855
iS3ipjTu1pW1RzFj,admistrs and assignes in the penall summe of twenty and two thousand and pounds of the,3HD1dfdr1PgvMg0s,Exers admistrs and assignes in the penall summe of thirty thousand pounds,81,86,16,0.5
yeUdyvADpoCWrxC5,appurtences for ever without the lett hindrance suite trouble,zl54SNMfCkgFs8kM,"p^rmisses for ever more w^th,, out the lett hindrance deniall",69,61,9,0.6666666666666666
Pzi0V4r3feeGUTWU,of our Estate Interest act or pcuremt and ye freed and cleared of & from,NWc2ehWnqItnoKgm,therein ye foreign Enemy Excepted and yt freed & cleered from,56,72,15,0.0
66CHrT6zq5aWhvCC,unto Thomas Clarke of the Island aforesaid Cooper all that,PQdfn0i4L5WOZaWj,to me by Thomas Pearson of the Island aforesaid planter before the ensealing and,65,58,10,0.4
v4NN5l9IwwWWp6xR,Robert Filkin doe have promise and grant for myself my heires excrs,Ed3OLL8NeE4mGh3R,"the said John Curtis doe here pr""mise and grant for myselfe my heirs Excers admistrs",70,67,12,0.0
E12gV2pyWpvLfWQZ,Elizabeth for and dureing live Naturall life without,1FnhRcitkyZsuMUZ,necessary dureing his said natureall life,54,52,8,0.0
xYEOjcHbjs8hbYsf,p:sone or p:sones whatsoever Claimeing or pretending to Claime,9CvovHkThbE7kJHR,person or persons whatsoever justlye clameinge or prtendinge any,75,62,9,0.0
ozyA3WwzaaR9Cy9T,eight and twentieth day of November Anno Dom 1640,XBosP1YYbKqflZTf,seale this two & twentith day of 7 ber: Ano Dom 1643,71,49,9,0.5555555555555556
0G3BpDRPb1HxQwoZ,"oliver smith or Elizabeth , his wife the said Richard Steeton or ffranc",5DCjjVWyA8b3iYuy,molestation trouble or hinderance of me the said Richard Isham or anie,57,71,13,0.0
J14FwODdOoPbXjLm,In 17^o die This bill bindeth me John Wiseman of the Island,5uVLnbmlOcDO4xBa,This bill bindeth me Benjamen Read of the Island,73,59,12,0.3333333333333333
xdQAW32IaMImGVne,Ent^r:d y^e 21^th of To all Christian People to whome these p^r:sent,Nqv4bpCZ0wrJ38cX,To all Christian People to whome these presents -,77,68,12,0.5833333333333334
0rk1s1XuWmTjbBur,Medyford and Charles: Medyford for themselfes and,6f5M1W5lCUk7C28Z,by force and virtue of these prsents In,55,49,7,0.0
itnTDnze5v7SYYHF,proper use and behoofe without any reckoning or accompt to be had,d0ZninoI7QZwZqpC,use and behoofe of the said Robert Porter,53,65,12,0.0
HUV2Ush1Y2DhwLtS,James Fulcher aged twenty four yeares made oath before me that he,50LI0lgOmqH7AkKI,Haydon Browne aged twenty two yeares or thereabouts appred before me,57,65,12,0.0
AnBi72G3gqOqRrDh,"Pinfold west on the Land of John Jopson, together with all houses",AoMMqNv6MsamJKwu,South on ye land of Rich Yates together with all ye,66,65,12,0.0
ejAgBoS0krTHTJ4R,heretofore had made or done and soe shall & will warrant & defend the,2fgffYVajIBF5f7Y,thereof by from or under me them or any of them & shall & will wait &,59,69,14,0.0
e13Lg8XT1rXdbZMN,"therein Concerned for all Costs, Injuryes, Charges",JHBUYcVNBRLiuX8o,therein Concerned for all wrongs priudices hindrance,71,50,7,0.5714285714285714
cwheEfBRUdo1MIWX,the full sume and quantity of one hundred pounds of the like cotton,bhgU4jvOaePGz1Oc,penall sume of eight thousand pounds of the like condiconed,67,67,13,0.5384615384615384
ySU4ONT9JONcITCz,and being in the Indyan Bridge towne als: the towne,bYlkwgDyBB1INNlh,and being in the aforesaid Parrish and Adjoins ~,57,51,10,0.4
0gWmNaermdMD62tk,it known and manifest unto all Christian people that upon,pW2d1LV7gleGujE5,known and manifest unto all Christian people that upon the,94,57,10,0.8
x6eyEUxWZTJySszT,hereunto set their hands & seales even this twentieth day of May,Pxv0ih2mCAXXap1Z,have hereunto sett our hands and seales interchangeably this twentieth day of,75,64,12,0.0
D3I7rJCi8SIlLMDO,demised aliened and sould and doe by these presents give grant alienate sell unto,6U6ZefyJzJu2rHD6,given granted bargained and sould and by these pnts doe give grant bargaine and sell,70,81,14,0.5
jz8ixQ85YgTEsmhR,# 1 vice 2 holdfast 2 frees and 2 hatchets,MBfj9Lon0ieWmrKw,hill two have and to hold the said land to him the,50,42,10,0.0
hP4s5A01V0Yw3gGn,"title of Dower Judgements, or any maner of",oF7ZFBBxMN4wNMck,"Dowers titles of Dower, Judgments, Execucons,",64,42,8,0.0
qabXtpX1I6B7yBGt,and Sealed have sett the day and yeare first above written,kjcw3052hnxzp27U,havesett the day and yeare first above written,88,58,11,0.6363636363636364
HqOtrddjUF0qXGMq,did attach from Robert: More Dec^d: Lyeing and be,R2KvElU31GpMCHma,teene acres be itt more or Less scituate Lyeing and -,53,49,9,0.0
p5UEZL8qTXZej4G3,imediatly after repairing to the said Thomas Colliton who,WbWUD9VaX1QumiRz,sell alien enffeoffee and confirm to the said Thomas Ellacott his,57,57,9,0.4444444444444444
SvAC1gLOvd0Z1YUp,Said Charles Barrett his Exe^rs Admin^rs or assignes or his or their or,vRLYsG33GZlUeHHr,sd John Maycom my heires Exec^rs Adm^rs or assignes or any other,67,71,13,0.0
JZznAupATPigGLqu,and this present bill to be voyd and of none effect anything in any,LwYAWfEBQ6xvJMkj,Then this Bill of Sale to bee holde and of none Effectt; or elf,62,67,14,0.0
o7ecVjFPbE66NcpS,in respect of the yeare now last expired) And for pformance of all and singuler,sMnHngJrTM84Z3Qe,enemye onelye excepted) And for the true pformance of all and singuler the,69,79,15,0.3333333333333333
mX81tbPnKN0EJnID,wise all his lands Houses goods Chattells Two Negro boyes by Name Tom,5JaYHCXmvtpE3Q6J,And whereas the sd parties to theis prsents are twoe negroes by name,51,69,13,0.0
xI29vf1DWXsPmlJc,Evan Jones Thomas David and John Price their heires executrs admistrs and assis,WWPel8XOFDWKWLCR,Francis Corbin Nicolas Gist and John Binmore their heires exers admistrs and assignes shall,72,79,13,0.0
Mytb5Udd0ULjuARG,"all maner of debts , dues , dutyes and demands what",iFPHKbk2DBqxhmaR,"and all Manner of debts , dues , dutyes , and demands what",92,51,11,0.0
2LeOtpJJjp5kuPxS,william Reeves his executors or assignes I the said Thomas Bowen doe,W8tTDPj2Gg6io6xy,my heirs exers or assignes in case I the said Thomas Madox or anne of them,66,68,12,0.3333333333333333
xAaKVrYdZ5yDgsQ0,considerations him thereunto moveing hath given granted,QZ4lZa4SjDxwHleq,1647 consideracon me hereunto moveing have bargained given granted,78,55,7,0.0
9xS5ZIMO6fgXpQQw,other necessarys unto ye same belonging or in any apptering to have & to hold ye above,T3gCkSt5bcuYdswx,thereunto belonginge or in any wyse appertayneinge To have and to hould all the forebargained,66,86,17,0.5294117647058824
7K3SIt6JQtg5zW7c,executors and administrators covenante promise and grante to and with,Y3oobQmzvr3e9Xrw,doe Covenant promise and grant to and with the,70,69,10,0.5
9T8MhQPkE7dyvMor,Island have not complyed with an agreement or charter party,ZBVJjAhegVsDy75k,"of an acre of land, with one full halfe part of all",51,59,10,0.0
1o7U0DJcqMGF1Bib,Have granted bargained sold aliened enfeoffed remised released,nxyNrHatu6cDnwWX,bargained sold aliened enfeoffed remised released quit claimed,79,62,8,0.0
xcbmmslo4qUlv2Jp,the day of the date thereof and I the said Bennett allett the said landw.^th,kdmH1TvLprYcf1xn,or some of them were to load or cause to be laden at the said Island,58,76,15,0.3333333333333333
EO27lyMGATma5YfS,all Christian People to whome this visiting,ChtGx4491s5eJoNw,To all Christian people to whome this prsent writing,84,43,7,0.8571428571428571
P0tGZtBQIumAzqNG,18^0 die To all Xpian people to whome theis prsent shall come I Robert Dawson,uqRuAzZCBzq6drFU,Inter 13^0 die To all Xpian people to whome theis prsents shall come wee,83,77,15,0.4666666666666667
sKmByvnIaQlDP4QZ,with the appertenances and every pte and pcill thereof unto the said,uF4YSfZPWrtz8Q9M,wth the appurtenances & evy pte & pcell thereof to them the,80,68,12,0.3333333333333333
CzrQs1cv7GouuT5a,Hundred thirty three pounds money to mee in hand paid by Edward Parsons of the,nQmK2stLS9x3obaz,sterling-money of England to mee in hand paid by John Milles of the,58,78,15,0.4
JPb5ggmdHu4ingwz,Attached at M^r Thomas Browne thirteene acres,obFSTrgCKK9PAurA,with the said Capt and Thomas Bright their heires exers,58,45,7,0.0
B5KC2V5tJ1WS4yLF,on the like dayes in Every yeare dureing all the terme of the naturall,aEtfO1mvKORAAvpp,Paying therefore yearly and Every yeare Dureing the Last,59,70,14,0.0
Lhs2kAuja5h1k0Tb,otherwise to remaine in full power and vertue,bGUXJjt8dm0UxR2p,to be void otherwise to stand in full force & virtue,68,45,8,0.0
77uJzMj3zpuBbcyP,"assignes , of in or to the Same , or any parte thereof , together",szL6TXahFyngWMfK,"made, of in , or to the premises , or any parte these of , by his saide",72,65,15,0.3333333333333333
ohbaT1zYspnRjlXW,the lands of John Syemore & Leward of the land of Thomas Hunte,l1FKZyakrkxCdpWn,lands of Wilson Clarke and leeward on the land of John Pattin,63,62,13,0.0
E1ZA3zeU4p6II2Bv,"To l missing text stian people to whom these presents shall come, We",OpEIfYoh4P1NexgG,To all Christians people to whom these prsents shall Come,80,68,13,0.38461538461538464
yyctFtC3pnJL1fqD,Raised and made by the vestries and Church wardens of this,ijmRFhIwLje3iy0O,by the Vestrey & Churchwardens of this parish upon ye said y,59,58,11,0.0
VudjpcG3KPL1Ryrz,wth a nip or cutt on ye forreare & the twoe bigest,gKgjPAdqSUIwVHKA,with - a petiton thereunto annexed the tenure,53,50,12,0.0
nk50DlEWyBLJZPoq,leases Morgages or Ingagements whatsoever also that the said,wDSNp60517U0HKDc,their heirs Executors and administrators for ever And also that the said,61,60,9,0.0
tV9UoqZGTxEemnMX,to have or to clayme or challenge any right title or,ZiZWgpelxejKZpXf,any other pson or psons whatsovr claymeing or ptending any right title,64,52,11,0.36363636363636365
vwal3jKQzejVObfV,Whitehead and Richard Petty of the same Island planters thirteen acres of land all standing,bXNXO8827HliedrZ,Wm Lea and Wm Cave both of the same Island planters their heires exes,63,91,15,0.26666666666666666
IWAv1KhIW9h31KY2,and three. Entitled an Art for Laying an Impost on the -,KACX04e8SrH9bmTX,against hime them or any of them or against of them goods,53,56,12,0.0
kpbnrT68YiciIsDe,the Ten acres of land now in the possession of Christopher Gretham,A43EdJbvVHVwJjrR,parcells of Land are now in the Possion of them the said,66,66,12,0.4166666666666667
EmuCWqijn9nSjj8k,as by the bill of Seale whereunto this is annexed may more largely,4v8ljMY0nliKDQRl,"in y.^e List or Scheduale hereunto annexed, by name, Abba, in",58,66,13,0.0
T5uJz9A7n8LXKQiI,Hould all and singular the said bargained premisses with,VukuiT4GWGIQZzty,all and singular the say^d bargained granted and,73,56,9,0.4444444444444444
cb50eDMQ1lWueoz3,to her in hand paid by the said John the Receipt whereof,p8C0lWrzQrXuZzas,of the Island aforesaid Merchant the receipt where,66,56,12,0.3333333333333333
Kmf58CxA8bZFoal8,"By this publique Act and Instrument of Publick protest, Bee",uGI8F9Er0c5XwdnX,By this publique Act and Instrument of protest,88,59,10,0.7
3gTSyCSYDs80myd1,where being every Minute in Expectation of beeing Maj,ofCPDGBv57aYpKPr,thereupon belonging or in any way appertaining,55,53,9,0.0
G4hbQz79mWiYA3CW,Ketch at Barbados aforesaid to the great Damage and,WaRyvzKsjCPAOmJa,the Island of Barbados aforesaid planter Deceas,63,51,9,0.0
rWL8NcKADIeMtx0Y,"Assignes for Ever, ag:^t us, the saide Sam^ll Thorneby Allexand:^r",6azNwPimvCI4zuXi,Assignes for ever against him the said Edward Cranfield.,62,66,10,0.0
MtCWEd4yKS8U1pRL,Set my hand & Seale the fourth day of August in the Second yeare,TVSDgCBnV9uaA3YW,Set my hand & seale the three & twentie Day of July in ^the yeare,71,64,14,0.2857142857142857
xvG0aNMWz6ePoiFm,whereon I now live and reside which is bounded upon the lands of Richard,5RbF9LQzXtURcpOO,the Island aforesaid bound upon the lands of,66,72,14,0.5714285714285714
OHKJ13lyatfJ2aW8,now know all men that wee the s^d William Tranter and Robert Atkins,fkgRJlc0SMFblme6,Knowe all men by this pnts that we Robert Hollaway W^m Danes and Robert Fitt,60,67,13,0.0
UjaMqlcCMp5EqhxP,"or halfe part, purparte, devident, Share, Estate, right, tit",moorrnE6QA1EQZn9,acres et halfe of an acre and seaven pole scituate lieing and,51,60,9,0.0
XHtvcSDP11Jybspx,now dwellinge house of the sd Read and for the true & faithfull,N4n0AEU28HgpZBC2,to the dwelling house of the said Samuel Horsham situate in the town,63,63,13,0.3076923076923077
I1vWDPlR6gyLPAAA,shall appointe or else store free and for the true pformance of the same,z0pfDCZKCf2FCuhF,storehouse at the seaside store age free ; and for the true pformance hereof of all,70,72,14,0.42857142857142855
iuW7izXu5s0RU3BM,deliver and procurators or attorney one or more under them to substitute,VA3my5oeELFd4Bjn,too make seale and deliver and attorney or attorneyes one or more under them or,70,72,12,0.0
9d3AQIGYHQyCQTYs,Upon the ninth day of August One thousand,8kn3TLDy8Pzkhxre,date the Sixth day of July One thousand Six hundred,65,41,8,0.0
q2vcbApwuSoEmcLV,then the negros should be disposed of to their owners disadvantage,KAoQXDog96R5bbIP,tenne thousand pounds of the like cotton witness my hand and seale,53,66,11,0.0
SEZ3udqaYKnEbf6V,"Buildings , the Cattle Mares and premises aforesaid and that",MtfiGvpET1dcYy38,administrators and Assignes in manner aforesaid and that,62,60,10,0.0
Nm5HMMlasx2ESS15,done as fully and effectually to all intents and purposes wtsoever,MH9Wr7FEWvMBvxR4,shall be as effectually to all intents and purposes as of wee the said John,71,66,11,0.0
6byNrbNCJZ7D0n09,and kept harmles and indempnifyed by y^e saide Edwyn Stede,13h6IcSjyRyOLZh6,kept harmeless and indempnified by the said Christopher,73,58,10,0.0
Td1i9ewd7Pgn4q12,or any pte or pcell thereof ^to be behinde & unpaid in pte or in all after any of the said,M1wF2LuWweK9P0jq,of them shal be behind & unpaid in pte or in all after,67,90,21,0.2857142857142857
G27BsuyuWl9jc08V,in consideracon of sixteene hundred pounds to tobaccoe to us in hand payd,97N4C4A2ICG22rYN,consideracon of Eighteene thousand pounds of good sound & well ~,66,73,13,0.3076923076923077
m07cCHgh74eCgKTW,of ye Midde Temple Esq^r and upon the said bills good -,Hpbi7Ib2eb5tgNs6,executed in and upon the said William Hagthorpe and his heirs,53,55,12,0.3333333333333333
Z8vLvdiAnTvBaFFF,Oaker & Mason theire heirs & assignes forevr: To have,wd0BGJlBKgFO2FBW,their & evy of their heires Ex^rs Adm^rs & assignes forevr: by theis,68,53,10,0.0
yb8YGk8SIMzFUVOf,With appurtenances unto the said Richard Hackford John Smith,iSq0yjrv2AeHxeFt,in the said articles mencond the said Richard Hill and John Horne did,64,60,9,0.4444444444444444
UZcwP3NEABicHt0a,Acres or thereabouts Scituate lyeing and being in the pish,YtjD7nVrqLTFK0VM,"fifteene Acres, or thereaboutes Scituate, Lyeing, and being in the",84,58,10,0.6
NIFyIj2NK6BGFT2j,for the said Christopher Lyne one parcell of ground lyeing and being,mUep3DpDetxco8e1,of them ye said Christopher Lyne and Elizabeth his wife,62,68,12,0.0
kcOVsxdSTK9JaBV1,hereunto Sett my hand & Seale this 5^th of October: 1648,rezrHFNiQ3Sed34r,hereunto sett my hand and seale this 22th of March 1653.,75,56,11,0.5454545454545454
8N7HXIxOkShFJMuv,1 1 2 doz: Pewter dishes or platters 1 1 2 dozen of plates,rhTVeFdGjKjidLj0,of their goods or Estates in Time and place as of,49,58,14,0.0
XRaE6iPlMZaoqMZ8,unto him the said W^m Dallathy the summe of foure and twenty thousand pounds of good,2A1FnBz1tHupjb3Q,in ye penall commes of two & thirty thousand pounds of good,63,84,16,0.5
XiXPUP9Ax5yC366y,payment expressed in certaine bills of the date hereof in w^ch the same ought to be paid,WuDkRr2vbcWaXbXQ,yeares and not by the death of either of the said ptyes that then and,54,88,17,0.23529411764705882
peaK10AjWlEViVHS,onclaymeing from by or under mee or them or any of them In witness whereof,zIfY4PPeIb510QCR,haveing or claymeinge by from or under mee or them or any of them In witness,83,74,15,0.8666666666666667
Uy3WIdDJw0Okxq8G,Claimes demands and incomberances whatsoever herefore comitted made,Kc1DJCluvcTxthv4,incumbrances whatsoever heretofore had made done,66,67,8,0.0
QKMcE1qzz4TAMWF1,and Singular the before granted premises with theire ~appurten~,C0BJGnJUYzHLYHjw,Singular the premisses with the Appurtenances,70,63,9,0.0
z9B6NB4pQnZ1ITZK,Charles Wilson. ye mk of W^m Russell -,lX9s1LYu4gomLBB0,Charles the second by the grace of God of England,48,38,8,0.0
HqF4fpMhXZuv1LVy,anie or either of our heires exers admistrs or assignes And wee the said John,qEjF0lUFsimO4f8H,Henry Stevenson their heires exers admistrs and assignes and to their and,68,77,15,0.6
2z3wHTMzmvLvOR1E,the possescon of M^r Thomas Hothersall. Likewise wee find that the,kk0JN8rBzvlCWvU3,the s^d Thomas Hothersall all for consideracon of the sume of twoe,53,66,11,0.0
eHrCUjyzGdz8nV4M,the timber growing on the s:^d plantat:^n but w:^t shall bee,oLRXuIDPQmX0K7w5,all timber trees lyinge growinge or being on the sd plantacon wth all ~,63,60,11,0.0
e00ghFMZNoeZmBvZ,attorney in the full some of eleaven thousand of good and merchantable Tobaccoe,Zy4Eb89rUP5ucj2p,Crispe two thousand five hundred pounds of good and merchantable cotton,61,79,13,0.3076923076923077
Tnz6pJuXsyDIPwtq,In consideracon whereof the said Peeter Halloway is to pay or cause to be paid unto the,yhc6bG1OMQ3J6ZRE,so ever and how so ever and did also pay or cause to be paid to the,66,87,17,0.5294117647058824
njIa6OVNsrJxGyk1,this day appeared before me William Johnes and Nicholas Hollie and did,gO6QA6eQGbLZG0Wb,This day Appeared before me George Murray And made,58,70,12,0.0
TNj9e2WZsERqMUIr,sayd John Greene have hereunto sett my hand and seale,5KaPaEpFLsNLN2Y8,witness whereof I have hereunto sett my hand and seale,79,53,10,0.7
CFw27iS4gpxTmc5X,Island of Barbados Mchants well & truly paid whereof I the sd John,6XBathpqHldH83Zq,this Island of Barbados have or did tender to the said Appearer,60,66,13,0.3076923076923077
Hm3L8CPAOjdUxoOr,cotton shal be behind and unpaid att theis severall dayes of payment,M1wF2LuWweK9P0jq,of them shal be behind & unpaid in pte or in all after,62,68,12,0.0
DT8hpS05OChwmqkD,and Assignes and their Severall & Respective Go,nM9nz3Q6iEygDA60,Sealed signed and delivered in presence of,61,47,8,0.0
9t5wgtLwgrL2SPwu,"called or Knowne by the name of Wadda, Nick,",7cL8lDtLpRK0cLHf,Charles the Second by the yeare of God of,54,44,9,0.0
92Yvo835PZ6a3XKx,day of ffebruary in the yeare of our Lord one thousand six -,9kN8xcJzIF4Zrsfi,ffebruary; 1674 in the yeare of our Lord God One thousand Six hun,82,60,13,0.6153846153846154
wwtC3JfnU4CVAZCs,and unfallen now in the occupacon of the said John Walford or his assignes and,90PHXq5Yks2nSVSh,and equall moiety or halfe part of the said plantation lands and,58,78,15,0.0
XA7nBLSQ2Gv5YeyD,"ffollowing Have granted,bargained & Sold, aliened",nZEsC0lF0KoLlOjR,"Have given, granted, bargained, and sold, aliened,",73,49,6,0.0
2nuLYXydaa4eJQRj,"all other papers writings Evidences , Escripts",IVNDje4W6Uv4r8cy,all others there Concerned for all wrongs preducies hindrances injuries,50,46,7,0.0
39dak3AWZS6dfuhv,vessell to admitt of the said Hay Johnson as my attorney depute and,titBJr7Epjx4Y6ud,"Lease the said John Whetstone to my great bennefitt, and wit",54,67,13,0.0
4qF3zwG4TSmNQXT2,S:^t Thomas in the Island of Barbados Gent: Sendeth,MO5lseB8OgfMw3rc,"of Octobe 1675 Johns in the Island of Barbados Gent, Sendeth",77,51,9,0.5555555555555556
KuHdta2fXsyh1uMY,thereby he left and bequeathed unto his Sister ^Mary Rogers his Es,WIrVADRlBqtRde3M,therein and thereby he left and bequeathed unto his Si,70,66,12,0.0
A43EdJbvVHVwJjrR,parcells of Land are now in the Possion of them the said,kpbnrT68YiciIsDe,the Ten acres of land now in the possession of Christopher Gretham,66,56,12,0.0
JonvoMhcg9ygkwYX,put their hands and seales dated ye day and yeare first above,YkA0wZ0PXB9vlKo6,sett theire hands and seales the day and yeare firs,82,61,12,0.75
tFx6nWCB2mWCWJ6T,Whatsoever had made done or suffered to bee done,92J6T9Y27xbF66Sg,whatsoever or had I made comitted suffered or done,76,48,9,0.0
JsWJIlzNSemffTM6,and his pteners contayninge one hundred acres or thereabouts beinge one,XIFI1G3tlZYbWVYQ,find it to Containe Tenn Acres or thereabouts Scituate lying and,65,71,11,0.0
Kq6naek2cqUEYeoD,of y^m for ever & to ye heires Exr^s adm^rs & ass of every of ym: all,H7apSyvEOSFqUs0M,their & every of yr: heires Ex^rs & Adm^rs & ye & every of yr: lands,67,69,17,0.0
7BshOS7Qx9FJcMWD,"by the said Ralph Wyatt, or by any other act means possession",lfjerzft3TC3AHnQ,Where As I the said Ralph Wyatt upon the day of the date of these presents,64,61,12,0.3333333333333333
KYgjhPQJFbz60k84,of his Excellency William Lord Willenghley of Parham Magest Present,tgsptsz5klZGbVFq,"before the Ensealing & Delivery of these Presents,",50,67,10,0.0
NwEJ0QMb2ouSSua6,"By this publique Act and Instrument of protest, be it knowne",nIn82gLotIW9KfJ5,By this publique act and Instrument of protest be it known,97,60,11,0.6363636363636364
HqirFgAsKeLhym8R,"Assignes for Ever. All the right, Title, Interest, Claime ,",Pg8vHX272R3vRh1g,"All the right title interest, Clayme and de",67,59,10,0.0
igyGLtke0ct8sDUH,exr^s admrs or assignes at ye pte or pcell of land conteyning twenty acres or there,riOtNIfGPkL8LjkQ,and Stephens Gibbs a certaine pcell of land conteyninge twentye acres of standinge ground,65,83,16,0.25
pcDd6xTmrx0DGzO7,me my heires exers and adminstrs doe give grant bargained and sell unto Edw^d Downes,fmGcACgpdDTovfd0,these presents doe give grant bargained and sell assure and confirme,67,84,15,0.26666666666666666
QPaLbzTPwX096gN2,To Barbados by the Mary and Hannah Cap^tt: Thomas,vYble4e3h47GEaRc,Chosen by the S.^d Lesson and S^d Thomas,54,49,9,0.0
iKSyoundSxLDUalx,Known and manifest unto all Christian people that upon the six and,pW2d1LV7gleGujE5,known and manifest unto all Christian people that upon the,92,66,12,0.75
IriYg7VRBnc5QKda,and th'other threescore and tene pounds residue of ye said some of one,Do9613kZhc4ERTHH,the other Moyetie or halfe pte of the sd sume of money,60,70,13,0.0
xrsbWjDCydhQ3iog,of Robert Hobert Seite of the Island of Barbsdos,FEz35iQHIZ9nA7pB,Robert Downeman & William Sheppard of the Island of Barbados,69,48,9,0.4444444444444444
xVD4mUiLPEEtfWdv,to the said John Springham and George Peers theire heires,HuV1H1NtMy4eClgx,unto ye said John Higinbotham his heires executors,60,57,10,0.0
rh8o7bdCGOIBFPwH,the Island and adjoining upon the pltacon,5RbF9LQzXtURcpOO,the Island aforesaid bound upon the lands of,68,41,7,0.0
TYxkNBqpOuiigEmi,bee found This funerall right and charges together,bZwxYanfxUHGDJuc,Pemmell for himselfe and his heyres ~ and all other~,53,50,8,0.0
js22NsYIMeGwkZUM,them and theire heyres according to the forme and effectt of this said,AG4l1kGDKuTzetXf,heyrs according to the forme and Effectt of,74,70,13,0.0
Yvzd34vuEnHTOW91,fifth of this instant ffeb: being fourteenth Months the,o4tac263SYOVgGeT,then on the said fourth of this instant may and being ever ready at,54,55,9,0.0
F48i2GDrmZhvkUDP,John Jewell lefte in the hands of the s^d Thomas Warr one bill of Capt Phillip Woodhouse,wXKNACbyMleNv0IC,land I the said John Dyer purchased of Capt Phillipp Wood house,58,88,17,0.0
bx2sjjhylyRuRZqL,of the debt faile hereof at you pill Given under my hand the 30^th,X45z2YGR6He46kFL,"Act, and Deed Given under my hand the 31^th. 8 .^ber 1693.",56,66,14,0.35714285714285715
y0Koco40Qky2tPvY,thereupon to be voyd to all intents & purposes as if noe,KFflEKofOcIj4ykP,and void to all Intents and purposses in,67,56,12,0.0
ozPB5CPGnWlcmezh,as Signified there by and Lyeing and being in S^t. Andrewes -,WgOCLhfd6cyu42Se,and eight acres of land lyeing and being in ye pish of St Andrews over hills,63,61,12,0.3333333333333333
rb5FCCMszkdT8C4i,and Leonard Thraites in the penall some of fortie thousand pounds of,3HD1dfdr1PgvMg0s,Exers admistrs and assignes in the penall summe of thirty thousand pounds,71,68,12,0.4166666666666667
68oegBchwy2vp44K,"And by these presents , Doe giue grant bargai",AHMUYSRoLYC56DPc,and by these prsents doe give grant & sell unto Capt,70,45,9,0.4444444444444444
pC3ngYHSSpwL6tgk,made by the Said John Thurnbarne by his Deed beareing,qISmAlIf3V8mshoY,of me the Said John Redman my heires orassigne,59,53,10,0.0
Nh7qyZapCIkJ84bo,Said Richard Bate as aforesaid his heires and Assignes,muPFoSF3ql6YgR5t,use and uses of him the Said Richard his heyres and assignes,61,54,9,0.4444444444444444
wTJFDFh2U3jhwfn3,stock servantes good chattells wares merchandizes or other effects and things,95JcLlqkGF7v4Dif,and incase the said negroes goods wares merchandizes effects and other things,68,77,11,0.0
PMR5TI9MaDsLLpZu,Nathaniell his heires Executor & Adm^rs yt that he the sd -,WQDQfvJci37NaVKb,and ye sd Geo Soley his heires executors adm^rs & assignes that he the,65,59,12,0.0
nPFz46PDjqipVJIq,Buckly which by the consent and request of each party being,6vKa40bVYNQ6391U,Deputy Secretary at the instance and request of the said appearer,58,59,11,0.0
xC7aIldZbqIcAEuE,Willm Stoye doe for me my heires Execrs: Adm^rs & assignes wait the,vRLYsG33GZlUeHHr,sd John Maycom my heires Exec^rs Adm^rs or assignes or any other,69,67,13,0.38461538461538464
3YaxWayIjfQ1kloO,alsoe to compound acquittance release or any other lawfull discharge,JMBlXjRtNtO7DAqP,"from, doe clearly acquitt Release and for ever discharge",60,68,10,0.0
BUtsMqdXwRZIevgM,dureing the time aforesaid free and Cleere and freely and,QrEjY256VfDhW7ks,"manner and form aforesaid, and that free and cleare, and freely",65,57,10,0.0
dWaAi1OoeTjanGDx,to reenter upon ^one plantacon conteyneinge thirty acres with th'appurtenances together,JZOnaOmSsqYettGJ,two shares of the said plantation conteyninge twentye acres more or lesse to the,61,87,11,0.0
YcEaOlP7sFsG0u5P,"Adm:^rs and assignes from the day of the date hereof, for and",2JudIfOqm6l1lTKG,assignes from ye day of ye date hereof for ever,76,61,12,0.5833333333333334
lHzpLKSzktZbQkoG,Sealy his heires and Assignes be not Compelled or,EMMr9Uqpm1hFIkCo,Cotherington his heires and assignes and to the onely Esqr,64,49,9,0.4444444444444444
a2bNd2a8r7atCyUK,dos in the parish of St. Michaells of the other partie Witnesseth that,zFqR3L87KNdjd0oQ,Sonn of the aforesaid William Merchant on the other part witnesseth wherea,64,70,13,0.3076923076923077
tMAnF6JGefK15nH2,Carpenter M^r Arnold Gould M^r John Cole M^r William Bourne,j1RoXbmUVwHMXjK3,aforesaid bounding upon the lands of M^r John Wossam M^r William Sharpe,57,59,10,0.0
ni3ntB0TQEkMK8tL,house of W^m Pead merchant in the same Island to wch payment well and truely,Fu5kdPpStqCBvcrV,& sell unto Willm Martine of the same Island planter the half of three,58,76,15,0.26666666666666666
5snfYRc7DDkkjJDq,That by Virtue of full power and Authority unto,1jkqhkuWYaTn2HRn,"insealing hereof full power, rights Authority to",65,47,9,0.0
LRhUM45y2hkZEzzi,said James Holdipp as Executor above said and beareing date the,gOSvNjpr6SBzuje2,"and Island above Said Send greeting, and Know yee that I the",54,63,11,0.0
ZVy4yTSrn8cJybZs,Memorand:^m the Said Jacob Pretto Promisses to Pay the,bFdTs3v5xMsJ1tKS,or tytle in or unto ye premisses or any parte or,55,54,9,0.0
pT2TyeF4cac9rG0w,and consigned to Anthory Wallenger and Nicholas,jFMqnDB6oGiF5sL3,said John George doth covenant yt the sd Nicholas,54,47,7,0.0
CxcwMgF8Vp9SXKpb,"drye flattes, one table, two formes, one Jarre-",8WRAnp0vSrlaT5vb,"Three Coppers, Two , two ladles, one head& worms",53,47,8,0.0
LKRUyhnHdCeJR48y,and Competent Timber and other wood for the repaireing -,Vf0sgib9T70aFqO7,and either of them theire and either of their heyrs of,56,56,10,0.0
Ah36eonLvAmliq6x,Thomas Townes and Elizabeth Harding have by meanes aforesaid to the same,Z2mR1OD41ELWIjS3,This done and protested the day and year aforesaid,56,72,12,0.0
LAEuvXCLhZib1Mtv,of the date of the Deed within written of and from the,i6NZonvNHVrCZtkk,the same to be recovered against him them or any of them,60,54,12,0.6666666666666666
wWcnh1oLkGctIX80,upon it the said servantes shall to be imployed upon the said,WYhUkxAQvj6pYEnq,of the aforesaid some of money the said good to be conveyned to the said,62,61,12,0.0
OddwPjSIYgiFouJY,Griffith Anthony Standford and Company and whereas alsoe the said Arthur Bartlett,Fbs5fvY9uFI8OgpO,as Well for him Selfe and Company as allsoe in the behalfe,52,81,12,0.0
UvBCw8Q6znxxXGs4,and manifest unto all Christian people that upon the four and,VcwPYC2DK3Hc8z0Z,and manifest unto all christian people that upon the four and twentieth,91,61,11,0.8181818181818182
yy3Iun1lrh9WsGsj,Interest priuity or procurement or by from,3COir8VRRrXF7TM0,"act, to a sent, privity or procurement, In witness where of",59,42,7,0.0
1jkqhkuWYaTn2HRn,"insealing hereof full power, rights Authority to",5snfYRc7DDkkjJDq,That by Virtue of full power and Authority unto,65,48,7,0.0
3SUBokfmU5Zx05Ia,Be it knowne unto all men by these pnts that I Nicolas Butler now resident,UfYEYQNekGyW4PWG,die 9 bris Be it knowne unto all men by theise pr'sents that I Thomas Batson,73,74,15,0.6666666666666666
DrXnvg6YsMiG0Ami,in the yeare of o^r Lord God one Thousand Six hundred,HcXwlH2nZMX4c23v,in the yeare of our Lord Christ One Thousand six hundred,86,53,11,0.36363636363636365
UW4zAGqT0M94a6Rv,wages proffitts benefitts Comodityes privelidges and advantag,zAUguBuQqx9jR7Ee,hereunto annexed is expressed with all other profitts commodities privilidges and advantages,63,61,7,0.0
9yQmtSy5gOSwFf4O,unto Capt James Holdipp or his assignes one pound of merchantable cleere cotton,fH6m4Bk1BqStG9IQ,summe of foure thousand five hundred pounds of good merchantable cotton woo,60,79,13,0.0
K2rVcYAxzwUGjpVs,time to time and at all times for ever hereafter peaceably,kt1Dff8Loy2aScA9,from tyme to tyme and att all tymes hereafter forevr: peaceably,76,58,11,0.0
T9JS47NYwoQL0lyt,admistrs or assignes for the securitie of and payment of Eight thousand fower hundred,0wm1HqLu4ThzUoZj,w^ch are for securaty of the payment of twelve thousand eight hundred,65,85,14,0.0
BvTl2Xitz2NzHZv8,James doth hereby give and grant unto the Said Margre,AudVzGHOUGxDTBXc,James Browne did then owe unto the Saide,60,53,10,0.0
BJFM3na03XmajYGv,thirteene acres of that land to satisfy that debt and charge,jlsaq14SPRnlAggI,and To Hold the said twentie acres of land to them the said James,58,60,11,0.0
eGVxwMtaUCLNZ5jo,ye younger Attorney and factor unto Sr Nicholas Onisigs Kent,tcCABqiaCP5yRnjE,Entred ye Fawcett have bargained and sold unto Nicholas Hide and,55,60,10,0.0
kNwKBAWbWsJVFpy6,Johnson the one three yeares the other six yeares to serve & if the said,5L3bEhqeyOYoRSoZ,also three sowes one bore with other necessaryes To have and to hold unto the said,58,72,15,0.0
gxUU4frRO9Uo8w23,Said Jones Askew and Ann his wife have here unto Sett,zv90WTRrFyoZeBMf,"Said John Batt & Charles Collins, have hereunto",60,53,11,0.0
zo5XLU2siDGGfzxG,hand paid Have given granted bargained aliened and sould And by these presents doe,nXZoDfDV67aIB01t,hand payed Have given granted bargained and sould and by theise,81,82,14,0.6428571428571429
tNCBYalqLGBBmrlV,deniall of me ye aforesd W^m Forster my heires Ex^rs Ad^rs or,TyBLQ7BMlXkKwooI,Anthony Richardson doe for me my heires Exec^rs Adm^rs and,61,61,12,0.0
URtapn2aqxr6qe8b,doe acknowledge and confesse my selfe to owe and stand,9dj4ZPfPQFC4seDq,aforesaid Gent doe confess myself to owe and be justly indebted to,63,54,10,0.0
fbWcVnYOtostMMFx,onely ye Invasion of the forraigne Enimy Excepted,P3BeMsw0GJEc732E,part or parcel thereof the Invacon of the forraigne enimye excepted &,71,49,8,0.0
cXQyS96TFprMLydg,Christo Codrington of this Island of Barbados Esqr for divs good causes,xmDTodTYrnD5AnhH,Edward & Anne Porte of the Island of Barbados For divers good caus,70,71,12,0.75
V4fBfllhZvcWpUK0,Sealed & delivered in the pnce of us Joseph Taylor,tJBAEfHAq8rj9BiX,Sealed Signed & delivered in the pnce of us,77,50,10,0.6
UDTjHvuSOrhCLnS1,"hatchetts, & one Cleaver ffive paires of Iron",Zl9hBJ9QnnxY7QES,Imp sold the one halfe of sixteene acres of land,52,45,8,0.0
XtLO9GWKpMCxNwvp,"truly paide, the receipt whereof, wee the Said Jo",yLAsxW8PGM5WlqRt,well and truely paid the receipt whereof I the said William,74,49,9,0.0
KUMdqR0AcbHlSV0p,estate rt title or interest by from or under me or by,Z5MPAtF8kAHQt2VF,right or title thereunto by from or und^.r him them or any o,69,53,12,0.5
IZmaF10bxns88KBU,A schedule of such goods as are in the storehouse unto Henry Walfree made,mhHgNx3WIGoDXOQn,bee in the yeare of our Lord God 1642 at a convenient storehouse by the seaside,53,73,14,0.0
qsNVyBKvsi1fVWSE,my hand and seale this eleaventh day of January 1644,UMRld2RXExpS7y4S,Sett my hand and seale this five and twentieth ^day of January 1641,81,52,10,0.5
Gfj5aLLxRPDyuClG,occupye possesse and enjoye the said plantacon and all singuler other the,5BwizSJpTshv505v,quietly have hold use occupie possesse and enjoye the said plantacon with,67,73,12,0.4166666666666667
Olicgej41Y1E0ZaU,"Samuell Coward and Cap:^t William Martyn, And West",CuCtPVsBSutTqIjh,of our soveraigne Lord and Lady William and Me,54,50,8,0.0
RsYyA82b8YB8IUKO,Request me the said Richard Noke to draw and,MWYWih3ZxecP8MJ1,of him the said Richard Seawell his Executors &,57,44,9,0.0
9kN8xcJzIF4Zrsfi,ffebruary; 1674 in the yeare of our Lord God One thousand Six hun,92Yvo835PZ6a3XKx,day of ffebruary in the yeare of our Lord one thousand six -,82,65,13,0.6923076923076923
1DpgDn9K3tWBS6jr,heires executors administrators or assignes Hee ye said,OupQzUicx5r0tMmX,heires executors administrators or assignes.,87,55,8,0.5
gXd9E6aDhBprJx3Y,especially for ye valluable consideration of three thousand,tNUzHGfrrLNcGdn9,and especially for the valluable sume of two thousand,77,59,8,0.0
VvrB5JPIFV9pTQdW,true intent and meaneing from and Elfect of these presents. In witnes,yovfBGvjPjrDzVEx,to the true intent and meaneing of these presents ~,72,69,12,0.3333333333333333
NSQD5TpJutr32lZr,Timothy Thornhill Esq^r came and p:sonally appeared,DbjyqbBiZYBayCsT,John Thomas one of the wittnesses to the within Lease personally appeared,52,51,7,0.0
gXzGIuLlzzoEOUba,and reasoneable actt and Actts thing and things devis,sqmcbNfd8MQ51n8M,seale and deliver and all and every other act and acts thinge and things decree,64,53,9,0.0
r5IlXVv2xrql7HzD,and thereof and of every parte and parcell thereof doe hereby freely,fKKE01yCwLVTHmQm,and sold and every part and parcell thereof without the lett,73,68,12,0.0
CuCtPVsBSutTqIjh,of our soveraigne Lord and Lady William and Me,9fDe1m4cWp8TFbND,of our sovereign Lord Charles the Second by the,60,46,9,0.0
0mkR6NdY5gXd4l1M,in any wise acquitted released made Voyd or,B4oK8r9BHsxGnTgZ,and sold alienated released and Confirmed,60,43,8,0.0
h27paD3ripxXTLhr,standing in the fence and wyneinge to the falne ground if the said,js22NsYIMeGwkZUM,them and theire heyres according to the forme and effectt of this said,59,66,13,0.0
JvQhAw3Q8WB36Ud9,the houses edifice & buildings with half of all ye servants stock of hoggs cattells chatles,tn2bZWzv4IXFss4S,ye houses edifices and buildings workes mills stills,57,91,16,0.0
MtCzWngHTnPqlTKb,in the Island of Barbados Planter and Elizabeth his,0lw9A7sXGwIB6tFB,"in the Island afores:^d Planter, and Jartiew his",73,51,9,0.6666666666666666
PgDdVwXzrDO3RBVv,and in the ... and twentieth years of his Ma.^ties,m451q8QlFktCZDgh,of May In the Six and twentyeth yeare of the reigne,67,50,10,0.0
5NUBDy6QlSKgzS8c,all commodities and necessaries whatsoever either belonging or appertaininge,zhrsbNknpX2weDt2,& comodities elce thereunto belonging or appertaining To have,70,76,9,0.0
CoGoL6Rv6M21TQDi,heires and assignes sett over unto John Morgan his heires and assignes all my,Xqbz7HRIqemmmDof,over unto Christian Broeckhaven his heires exers and assignes all my,65,77,14,0.2857142857142857
5qMbB4b2HPlFBhba,"the said Richard Price , for himself his heyr",KDplmTJgwsvviD98,a said Michaell Hall for my himself his heir,72,45,9,0.0
tym5EyycSRrSyvxZ,Bettrice Odiarne all my right title & interest in our plantacon lyinge,b7NCryXe9NeUOQDF,Strange all my right title and Interest of the land within mentioned,65,70,12,0.5
vB6dpofLaoAVW4ZY,in Consideration of the full sum and quanity of Twenty and three thousand,w43RV4s4kHGtypEU,and in Considiracon of the Sume or quantity of Seven thousa,68,73,13,0.0
p1NwjXgh6fR9QFNa,date hereof and the said Robert Lees covenanteth and granteth and bindeth himselfe,USsilUa8S8Kz2X9K,whereof I the said Leut Robert Terrell have to theise presents sett my hand and seale,60,82,13,0.0
TVSDgCBnV9uaA3YW,Set my hand & seale the three & twentie Day of July in ^the yeare,MtCWEd4yKS8U1pRL,Set my hand & Seale the fourth day of August in the Second yeare,71,65,15,0.26666666666666666
3IVyZNKLBLHGXj44,since his arrivall full twenty eight days and allways ready to have,Ze7TDLIMTNrHH66w,Dolphin since his arrival with the said Ship here to the tunn,56,67,12,0.0
5kTI5aWWhHnjpxnc,shall come I Maroe Edmund Read of the Island aforesd Gent,4CX8r7WzBUuQovnJ,shall come I Sargt: Major W^m Hilliard of ye Island abovesaid,66,57,11,0.36363636363636365
nEUA5avlpc6quJGg,I have hereunto sett my hand and seale this 28^th day of Febry 1641,ztDVKMI39rzbWRuG,have hereunto put my hand and seale this 24th day of July 1641,87,67,14,0.6428571428571429
4CXPmLZONWDaqWAM,Should enjoye the same In witness whereof I have putt my hand this 24^th,4W226Jw5xCOTh6Be,except) In witness whereof I have hereunto sett my hand and seale the 24^th,68,72,14,0.35714285714285715
1J2dBwmmO6mYevmQ,Subscribed in whose presence the within was sealed and delivered by the wi,IVzplfIgiUjOFB5r,Season and peaceable and grant possession was given and delivered by the,58,74,13,0.3076923076923077
AEIelHGQpCNOoMPI,of y^e naturall Loue and Affeccon which Shee beareth to,u2GmKpt49cHoxrO0,on y^e. Lands of the said Reece which hee Lately. purchased from,54,55,10,0.0
YqJeK0o6qAyCOzBu,wnt and for ever defend by these prsents & lastly I ye sd Richard Wallis do hereby,kDa9U4UqGWlG6g3O,"and for ever Defend by these presents In Witness whereof,",66,82,17,0.0
QaYo1SNJahmoZODO,degrees or thereabouts mett with Contrary winds,OVXBQ6bnKlbO8vgs,Thirty seaven degrees or there abouts then arose on the same day of his,58,47,7,0.0
G3iB7r2iLw39gGvl,to be had made committed or done by ye said John,2GVTk6xsn89eHnZ0,whatsoever had made comitted or done by the said Richard Seawell his,71,48,11,0.36363636363636365
n38Ncug2Vch791eW,theire heyers and assignes for ever for the use,8rgKAkpPXok5BbVP,heires executors and assignes for ever without any lett moles-,70,47,9,0.4444444444444444
MfT9S5oghk9ywNSC,Scituate Lying & being in the pish aforesaid Butting and,5nSR44wop9nxbh9z,Scituate Lying and being in the Parish of S^t Georges in,73,56,10,0.5
cMKCJsslNGkLKpey,"wayes, Easem:^ts, rights, Members, Profitts, priviledges,",QXsgKYaACO5YQ3eb,"houses Edifices, buildings Easem:^ts Profitts priviledges",63,57,6,0.0
vCJ6TAC76h8jyuZE,hereunto moveing but more Especially for the sume of thirty pounds,ybHdxwIi0RiAjWm7,"him there unto moveing, but more Especially, for and in-",72,66,11,0.0
nd6iA4uyrOD8TEg0,bargaine & sell unto W^m Cox & Thomas Blagge in the,y4uO6CZklta5lQKO,bargaine and sell unto the said Thomas Applewhaites pasturage and feedinge,59,51,11,0.0
x1ARAf3AAJL5tcKp,Sell alien confirme assigne and unto him the said Nicolas Barnes,0G7ijRfOZFw7OzkP,sell alienate infeoffe and confirme unto him the said John,64,64,11,0.36363636363636365
mdluwL3VGXFLU6id,freely and absolutely give grante bargaine alliene,iU8taeqTJQtn7UNM,freely and absolutely give grante bargaine aliene sell enfeoffe assigne,81,50,7,0.5714285714285714
CwfudMPmLHoY7Xrm,former bargaines guiftes sales grantes leases feoffements mortgages judgements,EmgbnkOsfE2htYzE,former bargaines Sales guifts grants leases feoffmts : mortgages Judgmts : Execucons,79,78,9,0.0
URoWXipJITCRADy2,first had and Obtained in Writing Und:^r his or their hands and Seale,p7eThK8uN965960O,ffebruary Theire Bill of Sale under theire hands and Seales,55,69,13,0.0
3hfE3NCj0WALNMNr,that he the sd Jon Darrell his heires Executors Adm^rs & assignes,bfU4V6lm5iKV7OBe,with ye sd Tho : Wager his heires Exec^rs Adm^rs & assigne & evy,73,65,12,0.5
6wrKvNOVPPNiKfWR,Thousand Six hundred Sixty and one made between the,DMkCJDyC8I0kpzaO,thousand six hundred sixty and eight and in,72,51,9,0.0
ZlaiXPyVZHpJFJNc,lately purchased of Mr. Thomas Thomson together with twenty,T3Hhat7cR2M3fvD4,lately purchased of Tho: Whitehead. Together the moyetye of all and singuler the,59,59,9,0.0
0osXjXBzKJ98dANS,know all men by theis pnts that I Ens: Roger Bradley in consideracon,yiB41hfs9jqnYAQi,Knowe all men by theis pnts that I the sd Alexander Lindsay doe by,67,68,13,0.38461538461538464
W2KNy3XndBz3Dbaw,itaments holden in Join ~tenancy Betweene the said,scTZGPheD0mbRyKY,the ninth of July last part betweene the said,59,50,8,0.0
zD9aDrlh9v7peMpO,& comodities whatsovr unto ye sd Captn: Tho Stanhope his,EkRIZETw3zQFKJhQ,evlasting know ye yt wee the sd Captn Thos Stanhope,58,56,10,0.0
Xqbz7HRIqemmmDof,over unto Christian Broeckhaven his heires exers and assignes all my,CoGoL6Rv6M21TQDi,heires and assignes sett over unto John Morgan his heires and assignes all my,65,68,11,0.45454545454545453
EQHCwqh7JfwBnjzG,of ye same Island Gent his heires Execrs or assignes for everall my right,N5ETbB8PkM4Bkdgv,unto Thomas Ware of the same Island gent his heires Exrs admrs or assignes ye full &,68,73,14,0.0
bkGk7t4M9S8Hm8KW,twenty second day of July last past stands indebted unto us for goods by,scTZGPheD0mbRyKY,the ninth of July last part betweene the said,51,72,14,0.0
1VhSU5dvy8Tov9PH,then and in such case and upon the said William Barrons dying and,Hpbi7Ib2eb5tgNs6,executed in and upon the said William Hagthorpe and his heirs,62,65,13,0.3076923076923077
x2zrClKiKRo0gUrZ,in the said Island aforesaid w^ch he lately purchased of John Murcott merchant and,0mMw0RdPTZdCGBCC,"in the Island aforesaid, Bounded East upon the Land",59,82,14,0.2857142857142857
0SwQKfck5tvgcLfc,in the Island aforesd . bounding on the lands of Mr Price Gent Leward,5RbF9LQzXtURcpOO,the Island aforesaid bound upon the lands of,71,69,14,0.2857142857142857
qSC9yKEXpWv9XDRD,or unfallen conteyninge fifteene acres of land being formerly pte of the plantacon,T85PtmjHWp5dZ2ZZ,one plantacon conteyninge by estimacon tenne acres of land or thereabouts That is to,59,82,13,0.0
PC5P9rdb2TxNFxXH,any act of mine or any other persone or persones,rg41PsSpNebVnl8p,"or assignes or any of us, or of or by any other person or per",64,48,10,0.0
vU7El68vyk9Kkz8L,Marmaduke Rawden knight deceased and of Elizabeth Forster of Hodsdon,IuScGN56J64MF0Fq,for and in consideration of the sume of one hundred pounds,48,68,10,0.0
RI0lmXgWontGtuXH,of the enemie onely excepted In witness where of I have hereunto sett my,H7nLSXKRFVK1ITr1,Enemy expected In witness whereof I have hereunto sett my hand,81,72,14,0.35714285714285715
bFdTs3v5xMsJ1tKS,or tytle in or unto ye premisses or any parte or,VYwKACuCFMM2fgRm,in or to the premisses or any parte or percell thereof,71,48,11,0.0
hzLcYyMQWyJw2Dqz,deputy and attorney formee and in my name and to and for my owne,nNMe9jKOFgZajX3t,attorney for me and in my name and to my use to aske sue for leavy recover,68,64,14,0.42857142857142855
sbDHoUUTXb9IodXz,Alsoe the Sold & other Goods are belonging to Mr Robert,0HagWfv50QnVAbNy,unto the Said twoe parcells of land belonging or in,57,55,11,0.0
KmShSWeml2uWokzO,aforesaid Thomas Jordan or his assignes Witness my hand and seale this,gL0DWPJAcXVg4OWy,shalbe upon the said plantacon Witness our hands and seales this,61,70,12,0.4166666666666667
eq8InFTV0w562oCT,that the said Jeffery Baker As well ( for and in consideration of the sum,pFlZH3cvf9jM70j1,Knowe yee that I the said Peeter Parker for and in consideracon of the summe of,74,73,15,0.4
FWiyneKLYWwV5Py5,unto ye said Captn Jeremyah Hame his heires Executors Admirs-,Wh4XLWfNqZPtxq7x,ye said Capt: Henry Colleton his heires executors adminis -,73,61,10,0.0
n7rsVUNPzQyH9BBC,the sd Robert Kinge or my assignes or by my meanes consent,GjqXnDwNzHVzIRBl,"othere pson or psons whatsoever, by my meanes, act, title",57,58,12,0.0
P5QNCc66w9iD4UDr,hereunto sett my hand and seale the five and twentieth day of January one,UMRld2RXExpS7y4S,Sett my hand and seale this five and twentieth ^day of January 1641,84,73,14,0.7857142857142857
NN3iWefN1lrCq9nP,"formed aforesayd, Whereupon I the said Richard Noke",Ju8y4IxbU9BWyr9G,do Save harmless and indemnify the Said Richard Downe,60,51,8,0.0
aP49RqsWkedeFw5U,parrish of St Peters and bounded with assigne John Jackson on the east,hihszYmLXtYXCzlu,the parrish of S^t Thomas abulting east upon John Tanke south,55,70,13,0.0
ibAnWfHUz0shEyeO,Island aforesd Mchant in behalfe of himselfe & Company,8fqY9qoaO0haZyfr,Rebecca in behalfe of himself & Company and Captn,68,54,9,0.0
ekNUUuwvfRTbb9x4,Henry Milles Gent and Tho Jones boath of this Island ~,Kbh2SJ6piaxgfWke,to all intents construccons and purposes as the aforesaid act of this Island &,56,54,11,0.0
fWKWQl9cjSv1NV1L,bargained sold and conveyed and every part and parcell there of,fHfmC6iWjLVmHVat,negroes and premises and every part and parcell thereof,76,63,11,0.45454545454545453
ykECBGNVBWj09YEb,sell assigne & sett over unto Bartholamew Walter of this Island planter his,xJ4ep9Hc9vColhoy,sell assigne and sett over unto y.^e saide James Thorpe his heyre,61,75,13,0.0
eTLeR7GdZtoG5tSp,"Did Demise grant , Sett and to ffarme Lett into the Sa",MCag8sQOPuxFa23o,did demise grant and to forme let unto the said Richard,72,54,12,0.0
1J0VX8ck59Y7022i,Bartholomew: Rees my Said Sonne his heyres and assignes for Ever,WzsPgzrwcHyj4UT7,unto the said Laughlan Consadine his heires and assignes for ever,68,64,11,0.0
nifBSWYhebXEWBcm,assignes or any of us or any other pson or psons w^tsoever clayinge by from or,aqypCWr9vtLUKaqP,"my heires exers adminstrs or assignes or any other p""son or p""sons w^tsoever clayming or",72,78,16,0.6875
bWa40fopd11ROkUh,Richard Pecocke my heires Executors and,ntPunwpG7SeeSvFw,Williamson doe from me my heires executors ad-,66,39,6,0.0
BGvdCrxgdPyU7Bms,title or Interest in any of the aforegoing prmisses to the true pformance,mnXyL0hflG6LUHhk,right title or interest unto the aforesd forty acres of land or any pte,60,73,13,0.0
M9UWA0xXEQxtM5Oj,the Comand of the aforesaid Master as aforesaid,A8rvFQ7H8zuuWWw4,truee pfromance of the aforesaid prmisses the aforesaid Robert,70,47,8,0.0
ydadQfY9Y0hQXVdf,of fifteene hundred pounds of sound well condiconed and,Fwg9lqEBraadyHCv,hundred pounds of good and well condiconed tobaccoe made up in,68,55,9,0.0
TyBLQ7BMlXkKwooI,Anthony Richardson doe for me my heires Exec^rs Adm^rs and,JoCtrXreXFkorwBX,thereof doe for myself my heires exe^rs Ad^rs & ass bgaine sold,68,58,10,0.5
0HagWfv50QnVAbNy,unto the Said twoe parcells of land belonging or in,32605K4Fi1rvjJrh,to the said parcell of land or ground belonging or in any wise,74,51,10,0.0
ektv7klLjqZxyCRb,Whereas the Said Thomas Byfeild is dead and the said,iv0hfiMQH7cV3n9W,by us the said Thomas Grigson and Katherine his,59,52,10,0.0
qYeY5tNhzK7MLpWM,"over unto Richard Budding of the Said Island, Planter his heirs Ex",5IgPYtsrksWJ32rj,being unto W^m Morgan of ye same Island planter his heires,65,66,12,0.0
ktvEjpdISrOIhb0c,have to hould occupie possesse & enjoyed peaceably & quietly the sd fiftye,5BwizSJpTshv505v,quietly have hold use occupie possesse and enjoye the said plantacon with,60,74,13,0.0
A8rvFQ7H8zuuWWw4,truee pfromance of the aforesaid prmisses the aforesaid Robert,M9UWA0xXEQxtM5Oj,the Comand of the aforesaid Master as aforesaid,70,62,9,0.0
jA2oQjwFbpKVSBxn,and sell unto the foresd David made & his heires Exce^rs Adm^rs & to he &,wtvN4dnq59GhNvZ3,& Nine yeares unto the said Thomas Reid his heires Ex^rs adm.^rs assignes,63,73,16,0.25
eLf2p0U4w5bwTVoU,consideracons me hereunto moveing have absolutely given,QZ4lZa4SjDxwHleq,1647 consideracon me hereunto moveing have bargained given granted,76,55,7,0.5714285714285714
o0p4rYL7CkNB1NDb,lat master & comander under God of the Good Shipp,Tx3bgo4Kh6KmHDdC,and Thomas Power Merchant of the said ship,55,49,10,0.0
2BpLwzgiVzW1y7XC,said Piggot not loading of the said Tunnage due in time and,j9o9HyZLE6rRiSgP,not shipping of the said tunnage in due time & place,67,59,12,0.4166666666666667
BnzAM1HpE1wxOPxP,one hundred acres of Land or there about bee y^e Same more,4TkFBitTyFWhKRFQ,admistrs and assignes terme acres of land or thereaboutes being part of fortie,60,58,12,0.0
RdhJeV3xJKgmzIjL,& to hold & peacablye to enjoy all the premisses to Hugh,MaZREv0u3fv1rSvi,peacably to have hold & enjoy all & singular ye prmisses above,58,56,12,0.0
FCbXuoztr99Zp0q9,"thereof, Doe clearely Acquitt, Exonerate, & for Ever",JMBlXjRtNtO7DAqP,"from, doe clearly acquitt Release and for ever discharge",63,52,8,0.0
Zwez3VcBbD6e3uKB,shipp that shall happen to arrive att this island after Christmas next that shall bring men,vwal3jKQzejVObfV,Whitehead and Richard Petty of the same Island planters thirteen acres of land all standing,51,91,16,0.0
1FnhRcitkyZsuMUZ,necessary dureing his said natureall life,ViUcPo6dyL1x8eBu,during the time of his naturall life and after his,55,41,6,0.0
Z5tVCCfLH7WIGpCr,mchantable Tobaccoe allready received in hand have,YBaHhzYrXg8S4JXa,for a quantity of goods all ready received in hand,64,50,7,0.0
slw5ce48zxCxxuEt,to these Presents have: Interchangeably Sett their hand,s4ZRrORurv2KwRAY,above menconed have interchangeably sett their hands,75,55,8,0.0
PvBgyjl1vyTTRrSF,the lett suite trouble molestation or deniall of me the said,IMu6t28EGFyW31SL,wth out the lett trouble molestacon denyall or disturbance of the said,71,60,11,0.9090909090909091
kZU5BU5Ai1LMfjnt,hereby give and great unto my said attorney my full powerand lawfull authority,UpNwJuTRuJuklLQt,unto my said attorney my full and whole power and authority deale,67,78,13,0.0
5c2b19kEWoaaQ2GB,of good sound neett merchantable cotton woole In witness whereof the,vzKgnn4aobomqADC,of six thousand pounds of marchantable tobaccoe In witness whereof,70,68,11,0.0
2q4XL6UQj52PGfva,to the windward and with the lands of Marmaduke Crosley To have,L9jxuiM12PdvbN7l,Burrowes eastward and the land of Thomas Greene and the,56,63,12,0.0
Cnq5UY0iyZ1XvI2E,Barbados To all Christian People to whome this present writeing,ChtGx4491s5eJoNw,To all Christian people to whome this prsent writing,89,63,10,0.9
z2EBoCk8bmPCosXq,whereon the Same ought to be paid as aforesaid that then & in Such cas,Kz5iJqbDZBRPQLZv,and noe bills of Exchange sent ^ for England as aforesaid then and in such case the,56,70,15,0.0
68QwGt2k1Q4JlsgE,clayme to the said land by our or any of our meanes consent or pcurement forevermore,ModMWfT9r71Od6gR,or assignes by me or their assent consent or procurement,54,84,16,0.0
FMEaIydt5PpDWE6w,"and Assignes, To have hould and Continue the",ju2U8QRISooEBXX5,according to the time and Contents there,57,44,8,0.0
br16vIpIFxca3VFV,"ffeaste day of S:^t Michaell, one eare of Indyan corne at the",QiKpnXS0gnizGKmE,and Euery yeare on y^e ffeast day of S:^t Michaells one Eare of,61,61,12,0.0
yeYA9q4TIhTXMPIT,others in whose hands any ye pr'misses shal be and to appeare before all,bFdTs3v5xMsJ1tKS,or tytle in or unto ye premisses or any parte or,57,72,14,0.0
KVb7Fh5if65kxFNZ,and possession of the within premisses delivered,2DvJXNMETQxTChgW,Seizin and possession of the within bargaind premises Given and delivered according,72,48,7,0.5714285714285714
9CsOlh5i9maNWqaD,admistrs and assignes forever without the lett suite trouble molestacon or other,kaACSMEscosTsS3D,admistrs and assignes forever without the lett suite trouble or denyall of mee the said Thomas,80,80,12,0.75
10QrhU8DPSyyasuA,and another servant w^ch is betwixt them,G2uCGWo7RFvAQZJe,man named Antonio w^ch is betwixt W^m Jones & the said,60,40,7,0.0
IW54w3ffLLc6zuWz,& wheresoever giveing and by these pr^sents grannt,1s8Yupy1sNKzgTdF,whatsoever will warrant and by these presents,67,50,8,0.0
EHBoK6f9thISpuLc,and clearly exonerated acquitted and discharged of and,HQ0PKoKTo53SPwcr,and Clearely accquitted Exonerated and discharged of,74,54,8,0.625
ExXxCyDlMNehTvsL,and upon the express condicon and it is the true intent and,P4chgRiCnIo2fQ8H,to and in the said three Acres of Land with the prebargained-,57,59,12,0.0
8w0SwLIwhyciggKQ,then this within specified mortgage to be redelivered unto Hector,sD9kN7kTIsll1TS5,and interest of this within specified bill of sale and all other thinges in it,55,65,10,0.0
xrHsULSu9f33AvE0,country of Tyrone in Ireand my sometime husband,YBaHhzYrXg8S4JXa,for a quantity of goods all ready received in hand,54,47,8,0.0
siYC73VEIyiB8ISQ,betweene Ian White off ye Island of Barbados merchant,EQibNiweKich2JjJ,Entered ye 16^th in ye Island of Barbados marchant as,70,53,9,0.5555555555555556
vYL4qR1bbp07IgGZ,Signed sealed and delivered in prsence of us,y4cX8NR9p3eQRAcH,Signed sealed and delivered in the prsence of us,96,44,8,0.625
3iWJWzFR5Gv6f9wR,of which said Acco^ts and Matters the said James Kendall Esq:^r is found,3bkcIaQT7gK912kM,of them which said housing and land contain in all by estimation,53,72,13,0.0
iv0hfiMQH7cV3n9W,by us the said Thomas Grigson and Katherine his,9Gf8JfyQEf5FCQgh,I the said Christopher Cotherington his,60,47,9,0.4444444444444444
WbD9vSK9HINEPIAw,at the request of the said Apperer did then and there protest even,PnSZuAxgjBPLqq2I,Request of the said Appearer did protest som as by these presents I do publicly,65,66,13,0.6153846153846154
DdeGnixORSYzyV3e,Sale before recited under the hand and Seale of,XbEoDnd9Z4rfwaU4,of two severall writeings under ye hand and seale,63,47,9,0.0
J5TaRgiDEei4CFSg,"hold , use , occupy possess and Enjoy the Said planta",5BwizSJpTshv505v,quietly have hold use occupie possesse and enjoye the said plantacon with,73,53,11,0.0
oWo8j93iGuuyWOQz,constituants as they shall thinke meete moreover upon sale assignement,nzB2pspNZkvkMuLy,long after as they shall think fitting & convenient in manner & forme,55,70,10,0.0
UmfAca6qWdl6EkJ7,assignes to formely by these pr^sents dated this 29^th day of August 168,xAB86eNAZzUDRyYa,"and assignes by these presents, That hee the Said Thomas:",59,72,13,0.0
jbNTI6fKybVUiDOO,"Rich: Jacques, George Frry, W^m Howard, Gawyn Carowe William x Plasterer",ZVpObjxibMqvkSmX,Dancaster in Barbados and neare to William Mt Reran one the one,46,72,11,0.0
CaYVhNs8WwmRNS6g,either of the sd sumes of wood be left behind unpaid at ye -,QjQCogGz9JXVnTci,consideracon of the sume of two thousand one hundred pounds of,56,60,14,0.0
quoguynXdMpa5XZE,twoe hundred pounds of mchantable Tobaccoe already had & ~,qncg5yvO1wBZioGJ,hundred pounds of good mchantable tobba in hand received-,66,58,10,0.0
4dnbGOIcHO5392eD,Court holding before me in the Chamber of y^e Guild hall of the,gN8qJ5Nzi68K80XI,the said Solomon Deleon the drawer of the said Bill of Exchange,54,63,13,0.0
ZncYZQiEOyWN4qDm,To all Xpian people to whome these psents shall come,hWddOaByuIsGs999,To all Xpian people to whome these presents shall come to-,95,52,10,0.7
cLlvehrjWAkSxJkC,A shedule of all the goods moveable and immoveable w^ch Christo: Thompson is to,UpkDyr7OSJoRu1XX,A Schedule of all the houseings premises and utensils what-,52,79,14,0.0
bnoPNHifsCJR1888,pr bargained land wth ye prviledges thereunto belonging from,uKAotL71WbWb7fLC,before Rehearsed and thereunto Belonging to,60,60,9,0.0
BRVeiQGOK4HLNUoa,wife send greeting in our Lord God Everlasting where ~,6Py4cvLdqDownu1j,sendeth greeting in our Lord God Everlasting,84,54,10,0.7
66kgnjGo1mY5JNS1,Townsend have hereunto sett my hand and seale the first day of March Ano 1643.,nEUA5avlpc6quJGg,I have hereunto sett my hand and seale this 28^th day of Febry 1641,77,78,15,0.7333333333333333
EvpaaQf6h1KQFj8f,the profitts and comodities whatsoever standing ariseing or groweinge upon the same,J38BJHO9CIzbRlco,proffitts comodities and appurtenances to the said house,58,83,12,0.0
6qyKnXSTwhb4kVft,by theis prsents as alsoe for divs other good causes and,uJif6kylAqn8MxzE,that I the said Thomas Duranes for divers good causes and,67,56,11,0.0
X3NAdmnvJ4kQy7HB,mens plantacon & on the lewd side on ye plantacon of Wm Craven & Here:,q3uPcTOiqbXxpCFk,of are now resident on ye plantation and two more,54,70,15,0.0
2kNnsSVfQEilmkMF,all and w^tsoever theire attorney or any other by him to be substituted shall,kBogTZiGhOKYz1WO,all and w^tsoever my said attorneys or any other by them to be substituted,86,77,14,0.0
GDHnebmgqZZwW6yr,James Downeman and Ursula his Wife sendeth greetinge in,GhoijlwDxbqeikAz,and Ann my wife sendeth greeing in our Lord,57,55,9,0.0
W8wdFrxaW9VMnV3p,was in y^e possession of my late Dec^d: ffather &now in the possession me y^e. s^d. Robert San,kpbnrT68YiciIsDe,the Ten acres of land now in the possession of Christopher Gretham,53,94,18,0.0
T3Hhat7cR2M3fvD4,lately purchased of Tho: Whitehead. Together the moyetye of all and singuler the,ZlaiXPyVZHpJFJNc,lately purchased of Mr. Thomas Thomson together with twenty,59,80,13,0.38461538461538464
sV3vZhD9ejW9o3RU,aforesaid Gent his heires exers admirs and assignes of and from all dammages suites or troubl,yaTnnrWTZYeKgZ3I,Capt Phillip Bell his heires exers admistrs and assignes and to and with every of them,65,93,16,0.25
EZAP4ZkhiSUd82kg,freely and cleerely acquitted and discharged of and from all former bargaines sales,9ysnosQHeDdxHaku,freely and cleerly acquitted and discharged of and from all former bargaines,96,83,13,0.7692307692307693
d0KvUoiQUzFaZJq3,before ye Twenty day of June next ensuing the date hereof,TLcJtwqHYjyiCE5n,or before Ffifteenth day of Aprill in the yeare of,60,57,11,0.0
75u6pKmwtm0vHRAr,molestacon or further suite in law In wittness whereof I have hereunto,b2nLtjLaqxUGV3Hz,"deniall molesta""con or further suite in have In witness whereof I Edward",79,70,12,0.3333333333333333
bQAC5dDF1NTRUUP0,the aforesaid parcell of Land of fourteen,0HagWfv50QnVAbNy,unto the Said twoe parcells of land belonging or in,61,41,7,0.0
kQKse0luKCNNV0Lc,Entr^d : the 26^th To all Xpian People To whome this present Writeing,3aNjJcp5oCZfqjRh,To all Xpain People to whome this p^rsent writeing,77,69,13,0.3076923076923077
beAivJwhwcRiSSOa,thousand pounds sterl in witness whereof they have hereunto,1OQyYV09ehJBG33b,the same And in witnes whereof I have hereunto,76,59,9,0.0
g9NIE4MigAvag2H9,the tenure or occupacon of the Said John Wells,14IXk49pslIq7TaU,late in ye tennor or occupation of Ms William,59,46,9,0.0
WiGfAv4dAqzmaR0d,followinge wth all prviledges Comodities & Stocke wch now appteyne,ceeKUqXCb5FjPOa7,Wesson with all pviledges pfitts & comodityes whatsoever thereupon or thereunto,57,66,10,0.0
LbW5OvygBwwAwdQp,consideracon therein expressed one plantacon conteyneinge fortie acres of land,I61wKPcFqjMrftjQ,of land or plantation conteyning fower acres and a,63,78,10,0.0
fUVZgu51CqrTZNzQ,administrators in the some of fower thousand pounds of neatt ~~,rb5FCCMszkdT8C4i,and Leonard Thraites in the penall some of fortie thousand pounds of,69,63,11,0.0
3ZxOeKcOr5wUYyk0,x x x bound benige first x x x x x x x,qErfwW1f1BVojNuB,the day and yeare first above written : . the mar,44,38,13,0.5384615384615384
xyssAJSwpQa7qxxu,the paymt of Eighteene hundred pounds of good sound ~,97N4C4A2ICG22rYN,consideracon of Eighteene thousand pounds of good sound & well ~,74,53,10,0.5
9NeEfZ4Zydpm1VZR,profitts Comodityes Emoluments Hereditaments & Appertenances to y^:e Said,J38BJHO9CIzbRlco,proffitts comodities and appurtenances to the said house,64,73,9,0.0
irdmkTgewSo3vwau,leewardwest lyne of the same land withall and singular the wages,eTzOlLZJQ8FcZkvj,And Interest of in and to all and Singullar the Lands,63,64,11,0.0
0qAbkepBWI2IsexF,heyres and all p:sons Claimeing interest to all or to any parte,kKpK12yR5IvyWViY,other pson or psons clayninge any right title or interest to ye same or any pte thereof,59,63,12,0.0
f5cMjlBHvMlRBj5Q,attorney & attorneys & assignes Joyntly & sevally for me & in my name & to,KOeFDGxdF2KkxkqX,their heires & assignes & evy of them yt they the sd Stephen Tho James & Martin Noell,52,74,16,0.0
mUYiTCH9nMAXVLlf,"Andrew sanders, W^m Chiknall. Tho: Jones.",BCZc0CEybtXiN6Um,sole benefit and use of Will^m Coningham sone,47,41,6,0.0
2KW2WCEcogSZEaxB,was borne Same time in the moneth of January In the,JNTDkDq4aSufqPSp,and seales the tenth day of January Ann:^o D,59,51,11,0.0
AJxszlffy8CaOdAk,goods the Said negroes hadd then aboard the Said,4UvcO2ggprq7MyI6,the marriners then aboard) the aforesaid Protest,63,48,9,0.0
Edih44tQyeVyN1VW,the Same to bee recovered against him them or an,uqN7JeJrr9aM3pI8,the same to bee recovered against them or any,92,48,10,0.5
ogDvw4kKCEzchqwG,edifices and buildings thereupon or thereunto in any,dCixtrvUjEJAedMv,"Edifices and buildings thereon with all timber, timber",68,52,8,0.0
E2GxFys3BmMepJY9,the sume of six hundred twenty and five pounds like money att,mTqwzHR4GSr68Hzv,ffor the sume of six Hundred thirty Eight pounds thirteen Shilling,63,61,12,0.3333333333333333
2ooZXGXsfzi7WR0L,unto the same Plantation or parcell of Land belonging,fvj7AEm0PCheaCWa,Which Said Plantation or Parcell of Land Soe bounding,74,53,9,0.0
faKkl4iufUqvwE6L,"read ^heard understood, Know yee that I Robert Stroude Serv^.t and my wife Doroth",snMtxO2mPr5MFnid,Lord God everlasting Know yee that I the said Lucie,52,81,14,0.2857142857142857
fWxwvfAvWeFzIdHA,thereof now knowe yee there fore that wee the said Thomas Griffith and,UC6BfBqworx6qEkk,Lord God Everlastinge Knowe yee that wee the said Thomas and Peter for,60,70,13,0.3076923076923077
kJPtwnLFqNVOLxbC,estate of Inheritance and assurance and conveyance in the simple,CSjP6sAfQduefc71,grant bargaine sell assure and confirme the same unto,55,64,10,0.0
8Mqn9A6okDcxAgq9,true intent and meaneing thereof that ye before,yovfBGvjPjrDzVEx,to the true intent and meaneing of these presents ~,69,47,8,0.5
Xeym5MC4Oxbx4C0V,have and to hold all and singuler y^e premisses,dAzOx3yB1d21xbwN,land and all and singular other the premisses,74,47,9,0.5555555555555556
Ah7PQ8QJULt7Tn5E,pounds six shillings foure pence whereof wth all ye pfitts & increase,j8DBSkipAIpfZlEv,pounds Sixteen Shilling five pence Sterling with all the profits,68,69,12,0.0
HjhxtxtsFbYjjYLA,or wch shall or may lawfully clayme any estate right title or interest in ye,WIcw0CgN3RVJ3oVP,other pson or psons w^tsoever lawfully clayminge and right title or interest in the,70,76,15,0.6
onqijI8wSzkX8XHo,firme unto ye said Peter Handcock all that ye plan-,2clomzf5A9wvGbAW,unto ye said Peter Hancock All which said summe,69,51,10,0.0
ESSDMSv2LK9vNtAv,which shalbe due for the afores^d Pcell of land And I the said Capt Holldipp,TL99t1Mw8fyRUvNL,"for him his Heires the aforesaid pcell of Land , premises shall and will",57,76,15,0.0
H66Ktb4aKQtyv2W3,ay ever and above the Annuall Rent before mentioned all the,7YTsBM2uqHKNw7iN,for recoverye and receipt of the content of the aforesaid Bill and vallue of the,55,59,11,0.0
6o52HAS5xDVfLgGi,person or persons whatsoever layeing title or lawfull clayme thereunto this aforesaid,7ZzS1VuuCroe8miX,any other person or persons whatsoever lawfully haveing or claymeing from by or under,64,85,12,0.3333333333333333
sFn4R9dwVQE20SQC,Know all men by these presents that we Capt: George Stanfast,CtyaslLp7D9gEUJ6,Know all men by these presents that wee Cap^t: George,90,60,11,0.6363636363636364
wpLj5zcN4BF2r7V0,Thomas Bartlett Robert Lea Signed by - Samuell Richardson,Ni8dhjp9FzmeEDtL,Cicell west of Thomas Blaxer north and south of Richard Robinson,51,57,9,0.0
qIlP5XM90ZsmSxcd,"Acknowledgements , to bee thereupon reserved unto his Sai",ogDvw4kKCEzchqwG,edifices and buildings thereupon or thereunto in any,55,57,9,0.0
QirrDMYOugoobTuo,said Capt James Futter his heires and assignes for ever twentye acres of,uSaaRnyLguxN3qlJ,the said Capt James Futter his heires and assignes forever provided always that in,78,72,13,0.46153846153846156
GTjQijyKVrd6UOxT,grant agree to and w^th them the said Thomas and William their exers admers,n1l3vnF8UyUuDzMW,and agree to and w^th the said Robert Drye his heires Executors Adm^rs,68,75,14,0.5714285714285714
MibJx6ArKT1dh3mj,I have sett my hand and seale the xx^th day of November 1640,qNxW3f6K7nxd0P43,I have sett my hand and seale this 13^th day of January 1640,83,60,13,0.46153846153846156
L0rGKAmrdBOFMgEB,"broade howes and two , Item - one game and allye boardes in and abouts",XRSdH1cm8ft5LV5K,To have and to hould ye one halfe or moyetye of ye said land ground and,52,70,15,0.0
ZOu2b2QOtKii1hSD,prtendinge any right title or intent to any pte or pcell of the,6SWprz9vsCZiiAMS,to have any right title or (interest) pperty unto me or any pte or pcell thereof In,70,63,13,0.6923076923076923
cNTmRRUpTn8KBpFL,"Teste - John Hopcott, Tho: Griffine, John Walden",6l9h1ovTqYyNTSkj,"Sealed and dd in the prsence of, John Wilkes -",47,48,8,0.0
vjCXuOzdakipcio5,lasting know yee that wee the said Patrick and Bridgett,UC6BfBqworx6qEkk,Lord God Everlastinge Knowe yee that wee the said Thomas and Peter for,67,55,10,0.5
259Ksw56mJJlnipt,Repaire to the Dwelling house of the said Louis,A0FOd3p5MonyC2RF,Date hereof repaire the Dwelling House of time,65,47,9,0.4444444444444444
oTWJalmBS9kgPYMU,Instruments is a Notri publick dwelling in London by the authority,FUQEsJR1UFDadEJJ,inst rents & dues as shal be come due from the said,48,66,11,0.0
fq16XqCf5Avc2qqX,they will not doe for his and therefore they hold it need less,ffuyWOTIut9bkyV1,Cheife Governor of this and other the Carribee,56,62,13,0.0
XKA2mP9zjbTLeAa8,and John Bawdon ( Called Springhead) on The,zv90WTRrFyoZeBMf,"Said John Batt & Charles Collins, have hereunto",53,43,8,0.0
MIJUdqbNnozUlCjr,more especially for and in Consideration of Twenty,Lu1RYgcamUXbD1Wz,more especially for and in Consideration of the Sume of one hundred,79,50,8,0.625
Jw1pjbJLuWokZ90y,have hereunto put my hand and seale this twelveth day of December 1644,ztDVKMI39rzbWRuG,have hereunto put my hand and seale this 24th day of July 1641,83,70,13,0.6153846153846154
7WFFMBAd2uq6G15v,on the Holy Evangelists of almighty God that he did see,6GcIhrbmnsT1bvcJ,Oath upon the holy Evangelists of almighty God that he did see ma,90,55,11,0.7272727272727273
w4Aq5A2DiR4yWozJ,deniall eviccon expulcon hindrance or contradiccion of me ye sd,ZfIICfPh1tHBcd3P,the lett trouble hinderance or molestacon of by or from any,54,63,10,0.0
EZZYGdgGK3gwBREm,in the condicon menconed the said Thomas Rous hath given severall,3xWyyUNvRDKcbRhk,with an aquittance endorsed there on the said Thomas Rous his heires,60,65,11,0.0
oZSmA6hZ1peEN3Hv,Have and To Hould the said demised land & premises w^th the,d9EJFpa42vRmLb2c,To Have and to Hold the Said P:cells of Lands with the,69,59,12,0.0
ju1xBfrrg7jQ9TWS,"Thomas Mary and Ann, Groues, and theire Heires and",7RjZGxVckf448wuU,said Thomas Clarke and John Weale theire heires Executors,60,50,9,0.0
cQBkqiyhdTppjrJS,unsevered and undevided from the whole Comple,v5Blm9Pi2Z21CFPT,Sealed and delivered in the psence of Daniell Compe,56,45,7,0.0
Yw2t4EqC9ZzSM9vc,yee that I James Drax of Island of Barbados Esq for divers,Wnh8FVMwVuAmnfZG,ye that I Robert Lea: of the Island of Barbados Carpenter for divs good,70,58,12,0.0
R65XbBlJVWGfuUSU,& bounds as about y^e Same Exprest w^:ch is Certified,10QrhU8DPSyyasuA,and another servant w^ch is betwixt them,52,53,10,0.0
8NzDIKPDzcK9HEne,of June in the year of our Lord God one thousand six hundred sixty,0mbbbshnl0XReeqC,of February in the year of our Lord God one thousand six hundred sixty,93,66,14,1.0
YRdcTS1AprPDtOXR,the date hereof In Wittness Whereof the said Benjamin,pw3M1tBJKvmODslv,other whatsoever. In Witness whereof the Parties to -,66,53,9,0.0
FOtNoBz2R7ouETXU,did then and there produce contain paper which he answerd,KZTVjVqEg9wEXuA5,did then and there produces a Certaine paper,73,57,10,0.4
yAaXBC9ZwPhrhqHo,Two Large hanno^es: vats in one pound five Shillings,maSaoMIFGOWcAY9s,hundred and Eighteene pounds two Shillings and,53,52,9,0.0
Pg8vHX272R3vRh1g,"All the right title interest, Clayme and de",gQKyaXjubNUTQjFb,all the right title interest property claime and demand of,77,43,8,0.0
0mqbB5m2yIbe4NMc,Shall have and hath hereby free liberty to Sell or Exchange any timber or wood,yrKBNl9DCfh4OKPw,did then and there did present a Certaine Bill of Exchange charged,54,78,15,0.0
rh29cCzL51kVBiyO,lease being ye over plus not expressed in ye fore men-,zOHi7v3aKQuijMsy,one breedinge sowe fower ghootes two hens and one cocke for the some,54,54,11,0.0
ByMsGK8ModbxgLOS,any agent or agentts factor or factors for him in this Island,nk50DlEWyBLJZPoq,leases Morgages or Ingagements whatsoever also that the said,55,61,12,0.0
GNRUSgrv2q7IfZeJ,the Said parrish of S:^t Georges Butting and bounding,hihszYmLXtYXCzlu,the parrish of S^t Thomas abulting east upon John Tanke south,60,53,9,0.0
j9o9HyZLE6rRiSgP,not shipping of the said tunnage in due time & place,2BpLwzgiVzW1y7XC,said Piggot not loading of the said Tunnage due in time and,67,52,11,0.0
ZSPjdaElcis1xRR6,day of November 1639 as appeareth by the hill of Sale given me by the,XUnCsc8YYR2xf55m,Island of Barbados gent by his bill of sale under his,52,69,15,0.0
mTqwzHR4GSr68Hzv,ffor the sume of six Hundred thirty Eight pounds thirteen Shilling,E2GxFys3BmMepJY9,the sume of six hundred twenty and five pounds like money att,63,66,11,0.36363636363636365
d6ZWfj6IpmfKvxG8,by the grace of God of England Scotland France & Ireland,MazVb1Mh2FXwcDvh,"P the Grace of God of England , Scotland , Ffrance , and",86,56,11,0.8181818181818182
8uO5nvI30O6tA1qc,heirs Executors Administrators and assignes for ever will warrant,AMQB9QlyeAJq0wvk,heires executors administrators and assignes for ever without,86,65,9,0.4444444444444444
lu14jUbWu4A9AtCV,contracts & Incumbrances whatsoev^r: as alsoe from all maner of psons whatsoevr:,AYjbsqpNC6pxLRPD,other wayes or meanes howsoever or for any matter or cause w^tsoever giveinge,55,80,12,0.3333333333333333
CJPd5wE3TjeRwe9U,or to be extended toward the easte untill the said quantity and pporcon,nyXJ7Vqx9CC9zaUc,"to have or clayme any right title or interest unto the said planta""con or any pte",53,71,13,0.0
H9erbIk6Il8sW1zt,Executo.^rs & Administrato.^rs in The Sume of foure hundr,GDeNTNsjvd3QvKiQ,Executo^rs Administrato^rs and Assignes by these psents that,63,57,9,0.0
unP6NNH4FxWPKZhx,reasonably Devised advised and required by the Said John Haggard his heires &,7flfT8faBYRondTf,and freely and cleerly belonginge to the said John Burrowes his heires,56,77,13,0.0
olYXw9BVl7tRJIV2,Sendeth Greeting Know yee that the Said Henry Sealy,kHaLisghwau0bPN9,Lord God Everlasting Know yee that I the said John Ham,65,51,9,0.4444444444444444
VYwKACuCFMM2fgRm,in or to the premisses or any parte or percell thereof,PWwZ5CUmbSywUiq5,title or interest in or unto ye premisses or any part or pcell thereof in witness,73,54,11,0.6363636363636364
xS55xsBVei0QZdoW,under the annuall rent of two hundred and fifty pounds,9Vg8WnOnqQfkplJe,Island planter the full and just quantity of one thousand two hundred and thirty pounds of the,61,54,10,0.0
ywlRQxdJRhxKvMbt,all the Estate Right Title interest use Possession Benefitt,Pg8vHX272R3vRh1g,"All the right title interest, Clayme and de",61,59,9,0.0
Z3ZqVvHCPVyyNq0L,sale of all those lands and plantations lying and,2uXhwofies5eR2oT,so all the Said Plantacon Messuages Lands,60,49,9,0.0
gMPtcUZKyfXd6Xvw,-inge I knowne yee that I the said John Hill for divers good causes and consider-,3KPWRokCeZ2csbuq,know ye yt I ye sd Tho Warmull for divers good causes & other valuable consideracons,67,81,16,0.6875
aks7LkPFI7Yvk2ms,Thomas Phillips his heires Ex^rs adm^rs. & Assignes,3hfE3NCj0WALNMNr,that he the sd Jon Darrell his heires Executors Adm^rs & assignes,66,51,8,0.0
sXe2iqnAezdxaSlM,to have or Clayme of in or to the before mentioned,CkVloXN4ZVhEWyeN,And Interest of in or to the premisses or any,57,50,11,0.45454545454545453
TnwF5fMlgsKzEKf0,Seaven and twentieth day of November in the Year of our Lord,vQKErCCBwyXuL5cE,his hand the Eleaventh day of October in the yeare of our,68,60,12,0.4166666666666667
Fi52OHIUuYFtqJ2K,Barbados - Knowne all men by theise presents that I Capt Thomas Gibbes of the said,85QhQi7IOUFfYSv3,Barbados Knowe all men by these presents that I Captaine Francis Steward of,78,82,16,0.5
cLZBesMYcK62fadM,Crisp or Heires Ex^rs adm^rs or assignes as Witnes my hand,1oHGkWjXggtZVvCF,Benjamin Wright his heires Ex^rs Adm^rs or assignes or assignes or any of,67,58,11,0.0
8iVnzNdozl0VJM1e,assignes forever without the lett trouble molestacon or incombrances of me,1XwDnB73vQsSRa3s,without the Lett molestacon or incombrance of me,77,74,11,0.5454545454545454
sxdZHLh4CWFBWGcQ,& confirmed by ye Govr: Councell & Assembly of this Island Ratified &,RnfSxbpkgMGxWL0R,and confirmed and by Vertue of these presents doe ~,52,69,13,0.0
7hlHU4tL0ZFgHwSK,under his and seale dated second day of January in ye yeare of our Lord God,vQKErCCBwyXuL5cE,his hand the Eleaventh day of October in the yeare of our,62,75,16,0.3125
0TKWS2TOSrKaupQT,10^o die July Known all men by theis presents ye I Richard Ast have,qSZKCxpE8YVOsbSZ,18^o die Know all men by theis prsents yt on the Second day,71,67,14,0.2857142857142857
13pQPV2nSeeFdnaQ,houses outhouses edefices and buildings profitts and comodities there unto,azPlROYpxdSr4bQ5,houses ediffices buildings profitts benefitts commoditys easements ~,69,74,10,0.0
aC6fjed0jT2rjmsR,shall come Greeting Know yee that I John Spence of ye Island,paN6TWcDWX0qXWcU,shall come greeting know yee that I Richard Newbold,72,60,12,0.4166666666666667
RVRqLy0O8xgRoEbN,thereabouts situate lying and beinge in ye pish of St: Phps bounding upon the lands of Richd,t8xXJs3PpH5ruSIG,Situate lying and being in the parish of St James in the Island aforesaid,68,92,17,0.29411764705882354
ysDMVtR1CoJAs2Bm,To have and to hould the said demised prmisses and every pte and pcell thereof,4TYcHgCD04c4pHIz,To have and to hould the foremenconed prmissess and every part and pcell thereof,87,78,15,0.8666666666666667
2m8vSp7Wvl9eweFm,same to be recovered against him them on any,Edih44tQyeVyN1VW,the Same to bee recovered against him them or an,89,44,9,0.7777777777777778
51X1nEewj41TrmYh,or either of theire heyres or assignes for Ever Allw,S7HFCNO6W96psFjs,of them theire or either of theire heyres or assignes,72,52,10,0.5
MPaJUrR1VHNzu4oP,granted bargained allienated enfeoffed and sold ~,9kgdxnPmBV4xerAP,given granted bargained sould alienated enfeoffed and confirmed and by,76,49,7,0.0
gYNNY28g0JcGgkOh,recovery and receipt of my debtes or any other matter or thing wt^soever Have,1ZNkQXKXNddCzISB,ye sd Gregory Rowe my heires or any other pson or psons wtsoevr &,61,77,14,0.0
xQ8VS8IALVUj4APg,that the sd Thomas Barnes his heires execrs admistrs and assignes shall or may lawfully from,z2i2sdx5J9daTJ0w,W^m that he ye sd W^m Hargrave his heires Exrs admrs & ass shall & may lawfully,73,92,16,0.25
9hPjXosn6qrdT3DS,when hee shall arrive to the age of twenty one yeare;,SLtjPnq75cnVCarm,see soone as shee shall come to the age of fifteene,63,53,11,0.0
0rQmhnOTWuSRRFta,with theire and Every of theire apportenances,lbkhCuIKl06JnKSb,and every of theire appurtennces without a,69,45,7,0.0
FU6KMOCDjjkjSBt3,and fifty pounds Sterling Currant and Lawfull,DzEdkxt9ygAGq6sr,and that I have good right full power and Lawfull Authority,52,45,7,0.0
7cL8lDtLpRK0cLHf,Charles the Second by the yeare of God of,trQe5eMPRmws6XCS,Charles the Second by the grace of God of England,84,41,9,0.5555555555555556
h3s3bpBSLzOuTyzy,of the pish of Hollinger als Hollingsheath in ye county of Soffoke yeoman all &,PABzZFZd1Hd6GxbK,of the Pish of maker in the Countie of Cornwall now master of the shipp,51,79,15,0.0
UBCsB4Nv6GYG3hLO,those prsents shall come I Daniell Handlen and Eliz: his wife,IVK2rYz13o38mI95,of these presents have given granted bargained and sold and by these,56,61,11,0.36363636363636365
QrEjY256VfDhW7ks,"manner and form aforesaid, and that free and cleare, and freely",vVClo8Ov9OdfNrDn,"In manner and form aforesaid , And that the said peece of Land -",74,63,11,0.0
szL6TXahFyngWMfK,"made, of in , or to the premises , or any parte these of , by his saide",77uJzMj3zpuBbcyP,"assignes , of in or to the Same , or any parte thereof , together",72,71,18,0.0
ssS7mS2JzgiuWYL3,he the said appearer appeared againe on board the said ship and desired the,WB2IhXfKpNF1Ifr8,to the said appeares according to order of the owners of the said,59,75,14,0.0
0NOtZTooF9xcrF5T,yeere of our Lord God One thousand sixe hundred fourty and this present deed,B91D6rYSd5HRKgkR,of our Lord God one thousand Six hundred Seventy and Six ;,72,76,14,0.42857142857142855
P6MbinkagywgMHJ7,part and parcell these of doth acquitt exonerate and for,CF89W3oPEuK6tMmZ,every parte and parcell there of unto ye aforesaid John,65,56,10,0.0
LacYGRQHLjuX6YI1,yeare of the Raigne of our souveraigne Lord Charles,UxaESJBF8KzKKMKn,of the Raigne of our Soveraigne Lord Charles,91,51,9,0.4444444444444444
JBC2x4zE8x2nXYu8,upon the Broad path That leads Throught Spights Town,aFm4oxbaATq2SuXu,Upon the Lands of the aforesaid Tho:^s Thomas Nevinson,53,52,9,0.0
Ih7yfJs1ON43xKmT,"Island, Witnesseth that whereas the said Henry Sealy hath upon",JbFpBA7V5XTOtK9F,Witness whereof the said Henry Sealy ha,73,62,10,0.0
0G7ijRfOZFw7OzkP,sell alienate infeoffe and confirme unto him the said John,7nneMYN2EgZhR2xo,sell alienate enfeoffe & confirme unto him the sd,88,58,10,0.5
keqOQku3kZyf7gLF,was taken with a violent Storme and tempestuous seas that,xiVS42zcHPIwmlMZ,"written to be their free and volentary act and deed, and that it -",52,57,10,0.0
Id34joOtZXOrwBGs,"Eleaven hamackoes, one Spanish ducke one horse, twoe whipsawes",8Xdu6OYd52h5NI78,"every the negroes, horses Cattle and other Stocke whatso",49,62,9,0.0
bAznl1dWezWkK79R,or to be done by me the aforesaid Harris Ingram my heires excrs,pRM6LJW1hjE2rUnM,or otherwise by the said James Browne my heirs execurs and,63,63,13,0.0
lPtejBQACA5PGbYP,house and Stephen: Clay theire Exec:^rs adm:^rs and,TyBLQ7BMlXkKwooI,Anthony Richardson doe for me my heires Exec^rs Adm^rs and,62,51,8,0.0
FqnUnttigcAxe3cZ,side as his act and deed given under my hand,GVLnO1lH62DXnj7Y,be his Voluntary Act & Deed Given under my hand,73,44,10,0.5
bTAWmN4PRvOeTpAJ,Moggs his heyres & Assignes shall & may shall may fro,HP2oj8KXGCyZSJfP,"his heyres & Assignes, shall & Will Warrant, & for Ever",69,53,11,0.0
qQmJra9K87T1jXFC,"above Exprest and appointed, shall hapen to bee made Conk",J5KfNh4GYWEscu03,and every part and percell thereof to the said Capt:,53,57,10,0.0
iSq0yjrv2AeHxeFt,in the said articles mencond the said Richard Hill and John Horne did,yb8YGk8SIMzFUVOf,With appurtenances unto the said Richard Hackford John Smith,64,69,13,0.0
WL4295AOCQhHHpKE,assignes shall quietlye possesse occupie and enjoye the said twentie acres,5BwizSJpTshv505v,quietly have hold use occupie possesse and enjoye the said plantacon with,61,74,11,0.5454545454545454
YYf3GK1Vh1g0LZZN,Administrators and Assignes against any other person or,r9dIh2iSpvBoZfzF,Administrators and Assignes shall and may y,71,55,8,0.5
cp7HtvFzVkbwRwwO,of the said good Tobacco on the first day of Aprill wch shal be in Anno Domi 1643,kXuSBTYEizYlbVGr,upon the last day of May wch shall be in Anno Domi 1641 And more,63,81,18,0.2222222222222222
jUcte2XP5euTtIGc,some foure yeares according to their Indentures,AG4l1kGDKuTzetXf,heyrs according to the forme and Effectt of,60,47,7,0.0
WFM0BApCMYPuHfRS,To all Xpian people to whom this prsent writing,Sr3AHbfZSXmh035r,To all Xpian people To whom thise p^rsent writing,96,47,9,0.8888888888888888
Zt4a1Tcn2VkEnbnW,five hundred and thirty pounds sterl served by Judgem.t^ to bee paid to,0Bdi1BTACzPv0kD3,of one hundred and thirty thousand pounds of good dry well cured,56,71,13,0.3076923076923077
3cAEKtKC5vYyE1U1,to any of the within pmisses as witnes or hands & seales this 17^th day of -,7Ei4U1aODW1oJ3T2,us hereunder witten as wittnes our hands this 19^th day of ~,66,76,17,0.0
CiTAYq2kOZBejUh6,to have plantation provissions such as the plantation produceth for,rebdTSFSL1TrgKnk,upon the plantacon of Robert Cooper and the plantacon sometyme in,56,67,10,0.0
oQjNYvRMswl7o2fu,from all former and other bargaines sailes guifts mortages or,t3e59A5xQQ4fz81U,of and from all former and other bargaines sales guiftes grantes heires title,80,61,10,0.0
od0SyFJbeRKryFcf,being thereunto had may also more plainely and at Large,GEondblFO0ypTiZD,"being hereunto had more fully appeareth, Now",65,55,10,0.0
4Znn0LMPwczzSzPF,"Administrators, or Assignes yielding and illegible",r9dIh2iSpvBoZfzF,Administrators and Assignes shall and may y,67,50,6,0.0
HXQ2351MEhrRHUOb,8 bris 1647 of Barbados Gent doe confuse myself to owe & to stand truly ~,9dj4ZPfPQFC4seDq,aforesaid Gent doe confess myself to owe and be justly indebted to,60,73,16,0.0
vu0p8xQzyNdw3vZg,wtsoever other name or names the same is or hath beene called soe or knowne,nSVUT4xQGwlpOIz7,either in his owne name or in the name of me the said John Johnstown,57,75,15,0.0
oPlxlHy9hYnkpUMq,of land compleat being a pt of yt land wherein ye sd: Rich^d.,aeekTnoSbhADL0yv,"Land, being p:^t of the plantacon Whereon the said",59,61,13,0.0
ALAqbhdftzbf4NRm,granted bargained sold aliened released enffeofed and confirm,9kgdxnPmBV4xerAP,given granted bargained sould alienated enfeoffed and confirmed and by,79,61,8,0.0
4Y3H0NPUKWow83tR,Knowe all men by theis pnts That I Arthure d,OPirApb1YBhVAi22,Knowe all all men by theis prsents that I James Percell,73,44,10,0.6
XmIJfHjDpa2QBoto,Tobaccoes well & desently made upp in reath & role to be at some,TD9rf9ReTOsHyR47,mchantable Tobaccoe well made upp in wreath & Role Witnes,68,64,14,0.0
84fnxRVetPHuvVYb,appertaineing Together with Six Negroe Slaves commonly called or known by,tFI91ZC9bcvdvYUc,and admistrs Together with ye storehouse where I now live to pay or cause to be,49,73,11,0.0
mfPIBCibEwLgrr1V,"said Peter: Swaine for my selfe, my Executors and Adm:^rs",FQJmZRFAvKe4v5n6,moveinge doe hereby for myselfe my heires Executors & Adm^rs,67,57,10,0.0
Eu1lFwsPlTGT6Q3m,W^m Powrey of the sd Isl^d Esq^r. before the insealing & delivery hereof,5mRM4WLOyqEFXhIm,were enterlyned before the ensealinge and delivery hereof in the,66,72,13,0.0
8zPd20EvRCHNUY1U,Just sum of two thousand two hundred pounds of merchantable,fH6m4Bk1BqStG9IQ,summe of foure thousand five hundred pounds of good merchantable cotton woo,73,59,10,0.0
GVLnO1lH62DXnj7Y,be his Voluntary Act & Deed Given under my hand,zfmS5d1CVZpZNG9C,her Voluntary Actt and Deed; Given under my,80,47,10,0.4
VO4KBHOOIt6wEIoZ,leases feoffments mortgages judgements condempnacons execucons tytles entryes and,nk50DlEWyBLJZPoq,leases Morgages or Ingagements whatsoever also that the said,52,81,9,0.0
IlwUYQ7OzkW4tClJ,pounds of good & mchantable Tobaccoe unto the sd Jno Thomlinson,AoupA6Uur0eKxhGR,pounds of good mchantbale Tobaccoe well made up in reate & role to pay or to cause to,64,63,11,0.0
4DsnLbOz0q6IqEFm,putt yeoven the day & yeare ffirst above written Annog,PEDuA2X7UMMTNVaB,the day and yeare first above written :,75,54,10,0.0
uKzDWM9cJLIXRrpB,and means w^tsoever of and from Thomas Cooper of the island of B'dos,gYA8FtpnJdbw4qwR,servants w^tsoever I shall send or be sent unto the Island of Barbados or in,61,68,13,0.0
BuakYrLhzYpacLYS,buiseness although I am desyrous that all things that I have hereby impowered the,qhNgBuPc3mSsrbYK,servantes stocke and cropp or what is or hereafter shal be upon the,49,81,14,0.0
5FDJ2S72SQUSas6w,of Barbados Indies maker deceased of & for all such servants,H857L596Lv4Ck1MI,Barbados planter for dives good causes and valluable consideracons me,51,60,11,0.0
2FwCdxn0lcKTpyeo,Delivered by y^e within Menconed Edwyn Stede to,6byNrbNCJZ7D0n09,and kept harmles and indempnifyed by y^e saide Edwyn Stede,53,47,8,0.0
7sHtBcoTymHoL0zT,the bodye of the said Thomas Morley on the bodye of the said Mar,EMV9gMy14NZQdM3e,Late Wife of the said Thomas Bartlett bounded North,64,64,14,0.2857142857142857
J38BJHO9CIzbRlco,proffitts comodities and appurtenances to the said house,OW8LN9cCzfLhWOGh,profitts priviledges and appurtenances unto the same,78,56,8,0.0
PNOo6fDmqS2kdzNB,that the said Nicholas Chandler for and in consideracon of the summe of foure,uysChF10CJqcf97M,that the said Thomas Chapman for and in consideracon of nine,76,77,14,0.42857142857142855
8mnOUvSE5RObkS5q,"old Boss, Hippoa, Surianas, Jackuas, Mobea, Jillean, Joan, Arur, young woemen",PI50DgflUg697zXB,order the said Bill was drawn as also the said Reid and Collitors on whome,45,77,11,0.0
4T3KjmXjntlgbIM8,to doe & pforme such other acts & things as shall be necessary tuchinge,1qmhlQZK2d2W7JDP,all and evy other act and acts things wtsoever needfull necessary or convenient in,54,71,14,0.0
FqhTkuo9eQmEQNu2,and twentieth day of March in the nineteenth year of his Reigne,Cqslcuqd79Ox5f56,Sixty and eight and in the twentieth yeare of his Re,64,63,12,0.4166666666666667
Nkxx6syAXvRMdYOP,manner of houses edifices buildings water & water couses ways & eas^mts backsides benefits,fc6OFtNhQyhYKskp,halfe or all the houses edifices buildings profitts benefitts,58,90,14,0.0
BnqtRsnOMqzGXMyV,sd Henry Geery soe yt there remainers due from the sd John,9EkaqCzEBy6yTcIi,Lyndsay & soe to run to the seaside from the land,56,58,12,0.0
gCijUesXvSuLpTEB,Edward Port on the north the lands of John Carson on the west and the,CjV4y2NWybIWrn4R,northeast and the lands of Christopher Parkens on the west the south,63,69,15,0.0
5lZQwhSdHxFoHmJT,have agains repossesse & enjoye as in his form estate & any,yaIYUvtI18f8236J,hold occupy possess & enjoy ye above bgained primsses & every pt,54,59,12,0.0
NkSnbEIhrhi7XXvD,of S.^t Phillipps in the Island aforesaid,ehwrX4Q5pKEI6gxF,1675: of S:^t phillips w^thin the Island abovesaid for and in,71,41,7,0.5714285714285714
sAyihMNSFGQu1BvO,"These p^rsnts , Doe giue grant alyen infeoffe and Confirme",fmGcACgpdDTovfd0,these presents doe give grant bargained and sell assure and confirme,68,58,10,0.0
5RbF9LQzXtURcpOO,the Island aforesaid bound upon the lands of,0mMw0RdPTZdCGBCC,"in the Island aforesaid, Bounded East upon the Land",80,44,8,0.5
eBdSEKQgF187Lgn6,at more at large recited in a schedule hereunto annexed being,ihXhjbXkNf4STnGf,menconed in a schedule hereunto annexed. To have and,69,61,11,0.45454545454545453
JFMZ8R4DHGG3KCwR,the one halfe of one greate pott the one halfe of the dunghill fowle,8RljdKCx8vRbzgDX,the date hereof To the only use & behoofe of them the,56,68,14,0.5714285714285714
yEvswCA0LOdLsfqi,red by them or either of them . Provided alwayes,JTsliLXyZ3W21Avg,"for that they nor either of them, nor any -",64,48,10,0.5
CEbvnVInnIHWqJEN,hinderance me the said W^m Parkes and Thomas Kinge or either of them or either of,V7pi6arZR8rfpXIs,Morgan W^m Bayley & Lewis Koller. or to either of them or either of their,61,81,16,0.4375
yKywAOe71naJEZBg,of the same Island aforesd Mchant the moyetie or halfe part of Sixth,p8C0lWrzQrXuZzas,of the Island aforesaid Merchant the receipt where,66,68,13,0.3076923076923077
hfyzCoYiN7as5Rv9,aforesd I do hereby grant as aforesd & absolutely confirm unto the,h6K4p3CNd3kkPV5M,Likewise I doe freely and absolutely give unto my sonne,58,66,12,0.0
63QHtDP9bdE2zBRg,Jones his heires exers and assynes forever And also I the said John Ledall for mee my heires,Pbsmeb3Zo18HPvAL,his heires exers and assignes for ever and to his and that owne proper use and,65,92,18,0.6666666666666666
3FePH8BcvyUTzIGa,Be it known unto all men by theis prsents that I Hugh,ndloBtg2ljsWE7qb,Bee ~ it knowne unto all men by theis prnts yt I Thomas,83,53,12,0.5
HoaT5mQrRj40OrmD,Interest clayme & demand of in and to the sd sev all ~,bKUPLyT0lhJ5mAyC,can hereafter make anie just clayme or demand in the said bill,60,54,13,0.0
SbthGBN0yaNxyz31,"yeare of our Lord God, one thousand Six",DrXnvg6YsMiG0Ami,in the yeare of o^r Lord God one Thousand Six hundred,78,39,8,0.5
5IgPYtsrksWJ32rj,being unto W^m Morgan of ye same Island planter his heires,wzfJXuFNdztSDF2P,paid unto Adam Morgan of the same Island Gent his heires exers or assignes,70,58,11,0.0
85QhQi7IOUFfYSv3,Barbados Knowe all men by these presents that I Captaine Francis Steward of,Fi52OHIUuYFtqJ2K,Barbados - Knowne all men by theise presents that I Capt Thomas Gibbes of the said,78,75,13,0.6153846153846154
9wh2Tp11XvIV5Di2,and either heires exectors administ^rs or ass^s for ever from the,AMQB9QlyeAJq0wvk,heires executors administrators and assignes for ever without,70,65,11,0.0
uPeCDRHwi41XJOLl,examined the accompts on both sides and consider the same we therefore award ~~abovesaid.,qWTcMzVv7Wi7RA0e,Memorand: that on the day of the Date of the above,55,89,14,0.0
K5PARWBu0ummdZFF,trouble molestacon or interupcon of from or by any pson or psons w^tsoever,cFTCJsISFmKlIwuU,of Barbados or of any or either of them or of any other p'son or p'sons wt^soever,65,74,13,0.38461538461538464
5GPoqzPnPH0Mg4Bf,houses Ediffices timber and timber trees woods und:^r,hocBeaMWj54igzJL,make use of any timber or timber trees or other,60,53,8,0.0
nWVWouw5rGRBrdex,Ex^rs & Adm^rs to pay or cause to be well & truly paid unto Willm Phelp senior,39cqDb2KVfedVp0t,will well and truely pay or cause to be paid unto the said,59,78,17,0.35294117647058826
HCtCrb3CmNEjKOAg,Moneths next after the Date of Those presents,KPUBE47zl7VeGilt,of tenn yeares next Comeing after the date of these,65,45,8,0.0
JZOnaOmSsqYettGJ,two shares of the said plantation conteyninge twentye acres more or lesse to the,5EYrJvKYvSm5i9uY,where on I now live beinge fortie acres of land more or lesse together,61,80,14,0.0
MFkLAHVklUJGQ5vV,In each yeare dureing the terme aforesaid which hee shall Serve in,BUtsMqdXwRZIevgM,dureing the time aforesaid free and Cleere and freely and,59,66,12,0.0
2G5R0gi9WYA6dr3P,heires excers and admists and all and singuler his and their lands tents good chattels,Pf0K2YKuhDew13k9,heires executrs admistrs and assignes for and in respect of any dues,61,86,15,0.0
CtyaslLp7D9gEUJ6,Know all men by these presents that wee Cap^t: George,sFn4R9dwVQE20SQC,Know all men by these presents that we Capt: George Stanfast,90,53,10,0.7
UxaESJBF8KzKKMKn,of the Raigne of our Soveraigne Lord Charles,LacYGRQHLjuX6YI1,yeare of the Raigne of our souveraigne Lord Charles,91,44,8,0.5
cipXfrj8OMaY9a9Y,each of them their heirs exrs and ass wthout the lett suit troube eviction,9CsOlh5i9maNWqaD,admistrs and assignes forever without the lett suite trouble molestacon or other,61,74,14,0.0
zpB1axciUH4PfPOB,"land conteyning by estimac""on sixteene acres and a halfe to bee",T85PtmjHWp5dZ2ZZ,one plantacon conteyninge by estimacon tenne acres of land or thereabouts That is to,68,63,11,0.0
9Gf8JfyQEf5FCQgh,I the said Christopher Cotherington his,65I6eUyKmYrULhaY,and the said Christopher Jarson doth hereby Cou,65,39,6,0.0
UYYE0ehKB9Urjfui,and all other the bargained prmisses and every part and pcell thereof with,2OGnY9jxIkYpI8B9,all and singuler the forebargained primises with every pte and pcell thereof,76,74,13,0.7692307692307693
uWJVE3zJGDTFCNlx,also stored away likewise Severall bags of Cotton most of which,IUKKNzkyMDYaHoIB,Carlile was likewise for want of due informacon omitted in the said,51,63,11,0.0
2ccrKI22oT2ke0Pf,six piggs one boare six ghoatts tenne dunghill fooles two musketts,Pr1jVL1Oky1SswWz,to serve six sowes and one boare and six tene ghoatts thirtie,52,66,11,0.0
oK00i7IpX6ARLQiM,said goods shal be consigned that ye aforesaid some of money is satisfied,FEVA71vTB460g0kS,and the goods and chattels menconed as aforesaid unto the said Barnaby Martin,56,73,13,0.0
K8ffUF0eWIXiiQE8,Mortgages incumbrances dues & dutyes whatsoever and from,IIFtuTS0GCfUQidO,Mortgages debts dues & demands whatsoever from ye,74,56,8,0.0
25QaQd6DRUoZxXOB,By this public act and Instrument of protest be it knowne,eqF93vAKYa4aOeHr,By this public act and Instrument of protest be it known,99,57,11,0.9090909090909091
GBtoxJZpbLFuomSy,having heard did protest even as by the,lR7Lj8nHox79kjnD,haveing heard did protest even as by these p^rsent,88,39,8,0.875
Pu2f8rpvIUc1r1Ef,belonging to Mr Robert Greene Deceased and Collonell Thomas,5JewYPldGL3Rwih2,"belonging or in any wise apperteyneing, To have and to hold the sai",52,59,9,0.0
spu7CIVYP6r2uNbV,presents doth fully Clearely and absolutely grant bargain,d4qfiedDcQ2rR9ne,"Doe fully cleerely & absolutely give, grant bargaine",73,57,8,0.0
0NxSR9SRzZtfiiam,excepted nor reserved and of the receate to give due acqiuttane and discharge,h62ysfYeMN2fSmBx,"reserved and other the covenant, grants, and",53,77,13,0.0
KsteLTWhqDZKUd9x,& shewd us by the Marshall doe appraise them according to,XBS5QXXuqkXerXdy,"the Boston which the said Robert Crocker refuseth to performe, according to the",53,57,11,0.0
qM6httunpFS9w1lb,Same and noe Longer for the Makeing the S:^d,KVEfCP12IxyHgDyM,Sealed and delivered in the prsence of the word,55,44,9,0.0
9fDe1m4cWp8TFbND,of our sovereign Lord Charles the Second by the,nq4AeeHMFHFmCjHl,Dumesnell - to - our Soverigne Lord King Charles the Second of England,67,47,9,0.5555555555555556
SdPy7BVppEc60xOT,Purchased of W^m Gibbs with the half of eight servantes with their severall,G0JY1qL5SUuMe2ly,them their or either of their or either of theire severall heires,53,75,13,0.0
HcXwlH2nZMX4c23v,in the yeare of our Lord Christ One Thousand six hundred,ftCq5R12ClNKdTwx,In the yeare of our Lord and thousand six hundred,86,56,11,0.5454545454545454
5z0BGufzQgliEu7p,6^th June 1645 Island aforesaid sendeth greetinge in our Lord God Everlastinge Knowe yee,HnyADvkxtUuX8KMf,of the Island aforesaid planter sendeth greeting in or Lord God Everlastinge Knowe yee that,84,88,14,0.6428571428571429
5KaPaEpFLsNLN2Y8,witness whereof I have hereunto sett my hand and seale,WLhHuqJIdyttWi11,In witness whereof wee have hereunto sett our hand and seales this,85,54,10,1.0
45hJ7ilVlAA42E6K,Island Together wth all houses Emolumts: Isues pfitts benefitts,OuEGYmMT09IcmEbn,Togeather with all the houses Edifices building eas,60,63,9,0.0
jdRUzCWMKGfoBsYz,ye said Capt Richard Peers and Wm: Morgan their heires exers admistrs or assignes,w8ny1LcQUjyWPf9e,assignes that ye said W^m Daniell his heires exers admistrs and assignes,68,81,14,0.42857142857142855
JRHlvie8k6QHTIyB,and from all and all manner of former bargaines sales,TOrixRp7KSS0UZ2z,of and from all and all manner of former and,82,53,10,0.8
agEX0GmnjvRQ2VVG,said Thomas Grigg and James Chrichlow our heires exers or assignes or,wzfJXuFNdztSDF2P,paid unto Adam Morgan of the same Island Gent his heires exers or assignes,62,69,12,0.4166666666666667
4W226Jw5xCOTh6Be,except) In witness whereof I have hereunto sett my hand and seale the 24^th,LF0bXgoDhjrmB7wJ,In witness whereof I have hereunto putt my hand and seale the second,84,75,14,0.8571428571428571
XDoVOQ0ikJw07ZC7,of the reigne of our soveraigne Lord Kinge Charles &c,UxaESJBF8KzKKMKn,of the Raigne of our Soveraigne Lord Charles,85,53,10,0.5
h1mqRdoFFNeDaX8n,Deliver the Said Deed of Bargaine & Sale as this Act & Deed:,qrPO3YNO1TAzSpQM,and Deliver the above Deed as their voluntary Act and Deed . _,57,60,13,0.0
WyB2fW66tMIjJUlq,Whitney of the Island of Barbados planter sendeth greetinge in our Lord God,MTpqQiES1gUIzz9V,of the Island of Barbados sendeth greetinge in O^r Lord,82,75,13,0.9230769230769231
PEDuA2X7UMMTNVaB,the day and yeare first above written :,qErfwW1f1BVojNuB,the day and yeare first above written : . the mar,89,39,8,0.875
4iYTgLRt720bit5D,and Edward Chamberline or any two of them until further order,pVsqjvhfGcMuqvue,and John Sparke or of either of them their or,57,61,11,0.0
Tx3bgo4Kh6KmHDdC,and Thomas Power Merchant of the said ship,6r1Tft4kbgpr1N0Q,Thomas Richardson Gunners Mate of the said,62,42,8,0.5
CdOIRQzW6e3h0Ffn,heires and Successors on the Twenty Nineth day of Sixtene,eHXjJq4nNKXCtHYy,and Successors on twenty Nineth day of September yea,79,57,10,0.0
TOrixRp7KSS0UZ2z,of and from all and all manner of former and,JRHlvie8k6QHTIyB,and from all and all manner of former bargaines sales,82,44,10,0.9
t8xXJs3PpH5ruSIG,Situate lying and being in the parish of St James in the Island aforesaid,XjbjE7dBhxNkEoJF,lyeinge and being in the pish of St. Lucie in the Island of Barbados,77,73,14,0.9285714285714286
pAtIveCHkSCRxVFE,the saide Gregory Hallett hath hereunto Sett his ha,e6UEWHDzajGFtMaE,hereof the saide Edwyn Stede hath hereunto put his hand,68,51,9,0.0
nq6RswMVrkfbTtkb,of Parham Cap^t Generall and Governour in Cheife,j53xhZ2P6MESmZAA,Sr Jonathan Atkins K.t Captn. Genrell. and cheife Governor of this,58,48,8,0.0
9Qm9OusTY8YfwMZF,acquitted and discharge of and from all former & other titles troubles,EZAP4ZkhiSUd82kg,freely and cleerely acquitted and discharged of and from all former bargaines sales,72,70,12,0.4166666666666667
uMfcaTr1qmzq4nzr,by Edward Sincklare Marshall was appraised are nineteen pounds sterl P acre as is above,Mqjf9xk8KhaTHBX6,any two neighbours shall appause them indifferently betweene both parties and,49,87,15,0.0
cUWIqCRu02vxCRFp,to the times of this protest being the da,D6VOiydlgneQGSbB,be borne of the Bodies of the said negroes dureing the sai,65,41,9,0.0
1BJCFSYqRhJ5BPwl,Hollbrooke or our assignes and aboutinge towards the south upon the land,cdPxsnBqvNZ4WDcg,agents or assignes any thinge for the same with the shipps cables and provision,56,72,12,0.0
HAeGBRWQSOHV9mWa,"chilldren by name Arra , Jacbatong , Bango",9t5wgtLwgrL2SPwu,"called or Knowne by the name of Wadda, Nick,",47,42,8,0.0
NU4wDSLEfgs3MfD6,one with him concerned for or by reason of the,S40LubLi0Kf10HsG,may be suffered or sustayned for or by reason of,60,46,10,1.0
V4HcQv4XNiMyjkl1,menconed without the consent and lysence of the said John Spendlove And if it shall happen,wFDxzNUskXMHtZea,"appointed for payment of the rent as aforesaid, and if it shall happe",58,90,16,0.0
W0fOJITtl2OXtypG,Peter Harris his heires Ex^rs and Adm^rs by these presents Have given granted,QjCIsyNKCmnR4utK,him the sd Thomas Hart his heires Executors or Admrs forever have given granted,65,77,13,0.0
6maa3GUUxFz7A8zV,that when the aforesaid fower bills shall be fully satisfied that then this,cJdOKPGNYChD5oPo,that is y^e said Robert Hollings shall be minded to Learne off,57,75,13,0.0
fNmdSy5qBOKhjyZF,Baldwin Junior and for want of such issue male,hKfKA9LKmnxpRcnO,Baldwin Senior of ye Island of Barbados Gents:,52,46,9,0.0
kyElHcaE8jTFk0aU,& Estate belonginge unto ye children of Captn W^m Rayly,drcLwoThq5YfYLBh,unto the same belonging arrisinge accrewinge or appteyninge to have,52,55,10,0.0
D7zlLklBBBCG1SGa,Herinson all my right title & interest of this Bill of Sale,KSSmCPzf8z0uklJ6,assignes all my right title & interest of this apraismt ~ &,76,59,12,0.5833333333333334
MT0qUtcywTTZOs73,my hand and seale the second day of August 1641,qsNVyBKvsi1fVWSE,my hand and seale this eleaventh day of January 1644,73,47,10,0.5
xdYDV87WtLphzyaH,Seizin and quiett possession of the within menconed p:^rmisses,KVb7Fh5if65kxFNZ,and possession of the within premisses delivered,67,62,9,0.4444444444444444
uAH8MMShR5bJPPxI,of the Same he the said Rich^d Buckworth did deliver -,eQfb4hUuGtxzC1o9,dead shee the Said Richard Hawksworth or his Executo^rs Sha,57,54,11,0.0
wVsxHXvGovSA5903,somme of twelve thousand pounds of good Tobaccoe well made,WvRMZ0cyEWnKAntR,penall sume of Tenne Thousand pounds of very good tobaccoe well,74,58,10,0.4
zwIfjZMibPxKU7kj,difference or by cause of M^r John Quarless his from the begininge,r6MgBlq8FxvthgQa,Franknell and Henery Williamson for thesaid Thomas Sadler from the begining,52,66,12,0.0
JWIyD7u3mSpKyo2X,him hereunto moveing & more especially for ye sum of One thousand pounds of cotton wool & One,vCJ6TAC76h8jyuZE,hereunto moveing but more Especially for the sume of thirty pounds,69,93,18,0.2222222222222222
1LkKJ4P9ajTHr8Pq,Notary publique in this Island Captaine Joh,isacZcS4VRQjbIzQ,Notary publique in the said Island M^r. James Whitcome which,68,43,7,0.0
vIrJvJdvkZzplQhh,Island Gent and William Harvey of the Island aforesaid marchant,0ZEKS9pLg7MtFroD,now resident in the Island aforesaid Merchant,65,63,10,0.4
rezrHFNiQ3Sed34r,hereunto sett my hand and seale this 22th of March 1653.,cvRG47ZPbT7j6O8H,hereunto sett my hand and seale this 20th day of July 1640,82,56,11,0.6363636363636364
0F9UPVFDkUYwkiUI,and foure hundred pounds of merchantable cotton and tobaccoe to be well and truely paid,quoguynXdMpa5XZE,twoe hundred pounds of mchantable Tobaccoe already had & ~,65,87,15,0.0
DxCYNbmkma07JHId,"Geo Dowlinge Testte Estte, George Hosking",9acI3ilidwpiVkcI,Side of these presents before Signeing -,47,41,6,0.0
HIj2uiUAP18MK9dT,Coman pleas within the Said beareing date the Nine and twentieth day,XYRMCyIhVR5yX6a1,pounds of like money upon the three and twentieth day,60,68,12,0.0
15qhODBLk4TS3YFW,said Peter Blater or the parte owners of the said ship for or by Reason,itLBG9PWwtL4IXjj,appearer or the owners of the said ship the same to be recovered against him,61,71,15,0.3333333333333333
4UvcO2ggprq7MyI6,the marriners then aboard) the aforesaid Protest,AJxszlffy8CaOdAk,goods the Said negroes hadd then aboard the Said,63,48,7,0.0
fNdKPYY3938VlsJE,in the summe of 4000^ft of neat cotton dated the 15th day of June 1640,ObzTNx6ou067rS8f,summe of twentye thousand pounds of cotton -dated the 4^th May 1640,61,70,15,0.26666666666666666
u6FvtEn5IGXaIslF,"Stepping StoNes, fronteinge Eastward on the Streete, and -",TK1QseQdnBFuH8ay,Easteward on the Streete and boundinge westward,53,58,9,0.0
NlKMdDkiTAENrcBQ,acres of land parcell ofthe aforesaid plantacon or parcell,BHew23WKtXD5SqXD,take unto his use and possession the aforesaid plantacon and,63,58,9,0.0
IuQEgdM6nmIWxnca,without y^e : Lett Trouble hinderance or deniall of the S^d :Jn:^o Johnson his heires,KJEYpxTGFlD9kNM4,without any the lett hinderance or denyall of him the said John Leslye or a,66,85,15,0.0
9YeE14A7D64MKo7u,convenient storehouse neare the sea syde for the better and securer -,qMBQQmXN4YiZXSsm,convenient storehouse neare the seaside and for the better securitie I,88,69,12,0.0
UUwipoTjKC1a1rKP,times as is before expressed and well and truely observe,x35d6f2uroRISVZv,Parrish aforesaid Merchant well and truely,59,56,10,0.0
YLsuD6VqcvWhMQOK,who upon theire Oathes upon the holy Euangellist of Allmighty,XcwLLZrZsSDO4XzL,and made Oath on the holy Evangelists of Allmighty God tha,72,61,10,0.0
KPgjD4gVhpb5Dlrb,by Hugh Ackerly to mee Robt: Pethelridge & John Grate manner to have & to,CV4viruPYWcHYAP0,of Eighty & eight yeares from the day of the date hereof To have & to hould,51,73,15,0.26666666666666666
daVpziQl8f73e7TX,Meddow for divers good causes me thereunto moveing any especially,gLJpzK5eYuCnRDBX,Island Merchant for diverse good causes and more especially,68,65,10,0.4
1He1NsieDM2qkPXS,Jarvis Greham or to his assignes wch sd Jarvis Gresham is depted this,KmShSWeml2uWokzO,aforesaid Thomas Jordan or his assignes Witness my hand and seale this,56,69,13,0.0
6azNwPimvCI4zuXi,Assignes for ever against him the said Edward Cranfield.,rWL8NcKADIeMtx0Y,"Assignes for Ever, ag:^t us, the saide Sam^ll Thorneby Allexand:^r",62,56,9,0.0
KvjcxyecdA9FK8Ka,measured by a sworne surveyor tenne acres of ground or thereaboutes,fnkzgge74EJdbXzH,and sell unto the said George Milles twenty acres of land or there aboutes fallen,59,67,11,0.0
XJOANO9yBTa2NAnw,yield^ing and paying therefore yearely and every yeare dureing all the rest,aEtfO1mvKORAAvpp,Paying therefore yearly and Every yeare Dureing the Last,78,75,12,0.0
QfmOcnbCXy2yeEay,five months and twelve days from hence next,MCanhcJdHnqJUaNI,made among themselves as aforemenconed and are troublesome,53,43,8,0.0
OhXmAkpnVVPY9OtC,wee the aforesaid Nicholas John and Damaris doe for us ou,ageXSAHAPsUBklxl,whereof wee the aforesaid Thomas watson and Humphry Symons doe binde us and,64,57,11,0.0
epPndgbEvmx8WRcl,Leave and deliver up in Stocke Laid out for the benefitt,UUMGGElAnTqRKlfO,Sealed and delivered in the presence of,59,56,11,0.0
XjFjREzxmZe8s0x8,and a way the said Susack together with the said,WivHrN13bDm2tjco,and to hould the aforesaid six acres of land together with all,62,48,10,0.0
b6oqCngDugcQlL7x,hands and Seales the Seventeenth day of August An,MT0qUtcywTTZOs73,my hand and seale the second day of August 1641,73,49,9,0.0
n3U7l64w9ZPRRLqC,and assignes shall or may peaceably and quieltlye Have hold occupie,auytbZ5KKx2e9lmO,and att all tymes hereafter forever peacebly and quietly have hould use,67,67,11,0.0
tXRZz0pfWEXEeHzl,"the Severall uses, intents, & purposes, aforesaid, and",y0Koco40Qky2tPvY,thereupon to be voyd to all intents & purposes as if noe,62,54,8,0.0
HnZzJDtDEU2FqaDb,have lately brought & purchased of & from Francis,kON2zsrtDX1F36lu,the pish of Christ Church south of the lands of Francis north,49,49,9,0.0
FaZXVwKpNADcg50S,and every part thereof to him the said,J5KfNh4GYWEscu03,and every part and percell thereof to the said Capt:,76,38,8,0.5
Kif0Z6SDgDtRPTXD,Know all men by these pnts that I Enrgue Richard Ednye of the Island of Barbados,DgI4YduYOemEhCfE,Knowe all men by these pnts that I John Parrot of the Island of Barbados,84,80,16,0.8125
4KErc7eR7r5IKQcl,Barbados Knowe all men by theise pnts that I William Suires of the aforesaid Island doe,Fi52OHIUuYFtqJ2K,Barbados - Knowne all men by theise presents that I Capt Thomas Gibbes of the said,75,87,16,0.5625
5y4unaLjqV9Asnb6,Executors Administrators and assignes all that,IQUTEJsjQSEEvguo,Executo^rs administrat.^rs and assignes shall a,88,46,6,0.0
6jccAhEqemAtq77Y,thousand pounds of the like condiconed Tobaccoe above,eNsUTM0DLAOMvIyE,to say fower thousand pounds of the like condiconed cotton att or on the,72,53,8,0.75
kYjEpv3o1p2t5a8y,Eleaven pounds of good lawfull money to mee in hand paid by Lattimer Richards,enrQLaLXBOe0MEMF,and five hundred pounds of Lawfull money of England to him the,58,77,14,0.42857142857142855
vTZOfFoop6wHhoAG,By this publique A A and Instrum^t: of pt est be,xHo3ICOLBnm5s7zD,By this publique act and Instrument of protest be,87,48,11,0.0
5JaYHCXmvtpE3Q6J,And whereas the sd parties to theis prsents are twoe negroes by name,pYoI3weuDBsVAFcP,Wittnesse whereof the sd parties to these p^rsents have hereunto put,68,68,13,0.0
Q6qaOjwc8bArljDA,all to Whom these presents Shall Come Greeting Whereas at,VSC9FEb3CLpmsK11,To all xpian people to whome these prsents shall come greetinge I Thomas Watt,72,57,10,0.0
6f5M1W5lCUk7C28Z,by force and virtue of these prsents In,RnfSxbpkgMGxWL0R,and confirmed and by Vertue of these presents doe ~,69,39,8,0.0
PqQ3smZXin4z9lk0,The goods and ngroes under written being part of the proceede of,fHfmC6iWjLVmHVat,negroes and premises and every part and parcell thereof,57,64,12,0.0
5SBSKp2ISc5ugqwp,Sealed and Delivered after the Interlineing -,BU7IrN4RM2C3UZC0,Sealed and delivered in the prsence of,70,45,7,0.0
zvX1Sb6kx69rWtFj,mee hereunto moveinge Have given granted bargained and sould and by,nXZoDfDV67aIB01t,hand payed Have given granted bargained and sould and by theise,77,67,11,0.8181818181818182
QQbkSrpZ1WxaSMtC,possess & Injoye the former prmisses without ye molestacon,Qkew66HYhHK6FUaR,hold stuffe & all other the aforesd prmisses wth the appurtenances,58,58,9,0.0
BKxNrRzWnAJYJElx,party and the said Richard Seawell of the other party for the Consideration in the,BGlpNQVxVxqmSrqI,and the said Thomas Dowden for the consideration aforesd,59,82,15,0.26666666666666666
Zc8MSUoQ1IBUMTSq,1659 six hundred forty and eight George Morgan of ye Citty of London,DMkCJDyC8I0kpzaO,thousand six hundred sixty and eight and in,56,68,13,0.0
DwtPoCmS3r1E9yrk,Edifices Buildings wayes Easements waters profits benefits comodityes,azPlROYpxdSr4bQ5,houses ediffices buildings profitts benefitts commoditys easements ~,64,69,8,0.0
8l8WnrYo0XH6JH9c,have put the said John Garraway to be my lawfull attorney f,qtpAdj0oWts2Y75i,assigne and settover unto him the said Isaac his lawfull attorney,58,59,12,0.0
wuI2FdZL99rOSdrj,doe give grant bargain sell alien & confirm unto the sd,1LoCqt5P2c0oQ5Lq,grant bargaine sell alien enfeoffe and confirme unto the said Captain,73,55,11,0.0
tVvovXkeGOhHGm5X,there pnts absolutely gus grant bargaine and sell unto the said Thomas Bassell his heires,FUO0E7y7dkKS7MeX,absolutely give grant bargaine and sell unto the said Eliazar Cock -,70,89,15,0.5333333333333333
Y9vUpnwyAGZkiXWH,the same to be Recoured against him them or any,Edih44tQyeVyN1VW,the Same to bee recovered against him them or an,91,47,10,0.9
8rdcR8BqtPxsPDvV,of March 1653 did personally appeare before mee and did acknowledge,cfbIMzPvsAYgkuoz,30^th of May 1654 personally appeared before me and did,75,67,11,0.0
gvPSeD5TFWpWqvsS,necessaryes and househould stuffe as is nominated in a schedule hereunto,dw9ge8uTEMsjpH8F,such house hould stuffe tooles and stocke as are in sehedule exepreped,59,72,11,0.36363636363636365
Qi23YZHBmahei4Y0,any other pson or psons clayming any Right title or interest,WIcw0CgN3RVJ3oVP,other pson or psons w^tsoever lawfully clayminge and right title or interest in the,76,60,11,0.45454545454545453
XBS5QXXuqkXerXdy,"the Boston which the said Robert Crocker refuseth to performe, according to the",GZwQPAMCD4etmRnS,the sd pties that the sd Robert Compton is to worke wth,55,79,13,0.0
0Uk8nMMGjepCrvvA,the sd Sugar worke and Planta : aforesaid and further that there now,CduRh5IjwfP6hYb8,S:^t Michaells in the Island aforesaid and then and there,59,68,13,0.0
lPqvHR04F5aflaVV,And the said Christopher Lyne for himselfe his heires Executors,A9iQeJvm6P9Q3eTg,"the said Joseph Jay , for himselfe his heires Executors and Adm^rs doth",72,63,10,0.4
xpxRRrf1zYbfKMfN,Nicho: Blades sign x Thom Morris sign x Hugh. Jones,1vRG2yH4TcqSmMqj,Nicholas Rice North togeather with all the houses,48,51,10,0.0
JumTzaXOgEs7oSbq,any other incumbrance or Incumbrances whatsoever and wee the said,nWx0gk0IqY3Jny2M,"or any other claimes or incumbrances whatsoever,",69,65,10,0.0
NYZyrSk7iLDhiu3j,the date hereof forever without the lett trouble hinderance or incumbrance,8iVnzNdozl0VJM1e,assignes forever without the lett trouble molestacon or incombrances of me,72,74,11,0.5454545454545454
o8eSPJcwF78zpfR1,Cooper as rightfull owner of one sixth parte of a plan-,Zl9hBJ9QnnxY7QES,Imp sold the one halfe of sixteene acres of land,56,55,11,0.0
v1v7RE6EZcPiEjOD,12 die Junie To all Christian people to whome this presence shall concearne Know,2znD0YmTvgWAc7O1,8 die Junn 1644 To all Christian people to whome theise psents shall concearne Know,88,80,14,0.5
aHIcnv3tANsyBa5t,be paid by my beloved Kingman ye Wor^tt Sir John -,tsVliOumuhe5DHRJ,Sealed and delivered in the presence of John Davis,48,50,11,0.0
Dh6qcbVPqLpIX8Je,1647 God Evlasting And Richard Specke & John Hide all of the Island,eKfJXhIkZG22fK7D,1647 Or Lord God Evlasting know ye yt I Hugh Burrows of the Island of ~,59,67,13,0.0
AEDnvMju3TuU3wzi,time and terme of one compleate years to be fully accomplished from this day forward thus,0DTMbt1OZQMK9fv5,said terme of eight yeares to fall cutt downe and,52,89,16,0.0
QRfP8SEpVyMaDVGL,for divers good causes and valluable considerations us here,6SVyPySNfbd5W412,divers good causes and valluable consideracons me hereunto,87,59,9,0.6666666666666666
hu97IL71fkZBI4zW,said Arthur Yeomans now liveth one Knowe all men by these prsents,0DFBEVC6x3enGEDQ,Bee it knowne unto all men by these presents,66,65,12,0.5
zVt078wWbVRvIhPa,of our Soueraigne Lady Ann (by the Grace of God) Queen of Great,FrXIHB1GMLzM3aHX,Lord Charles the Second by the grace of God of England,55,63,13,0.0
JBBP5cmkribqYZrQ,Intr 23^o die To all Cristian people to whome theis pnce shall come Greetinge,7ZHsmcYMGHSoNkRc,Junii 21st 1644| To all Christian people to whome theise pnts shall come greetinge,82,77,14,0.2857142857142857
66nula27BklZydRK,ffor the true p:formance of all and Singular the Articles and,6mUlAcXaOxTvZNxv,and assignes And for the true pformance of all and every the articles,72,61,11,0.0
XVYxdHAl2IA6Iuys,and for ever confirmed and by these p^rsents by vertue of my said -,rZvzuCiBEzxRrfXM,and confirmed and doe by these presents give grante,68,67,14,0.2857142857142857
LiFHJsXrFONcLJyZ,part whereof is now in the possession and occupation of,dsgpzFDE9yFMxZLQ,as they are now in my possession by name Dick and Joane,60,55,10,0.4
Ia2gBi4qUxWzxczd,mortgages or any other incumbrances w^tsoever and for the pformance that they shall quiet,2YjzLWwIRjBQrfYJ,bills of Sale mortgages or any other Imcumbrance whatsovr: and yt he,61,89,14,0.0
ZSYq25WX8bpr0HOq,here of the said Peter Coffin sorts of Goods towards,LacYGRQHLjuX6YI1,yeare of the Raigne of our souveraigne Lord Charles,56,52,10,0.0
JmWAisJCtGvzln0C,"and all maner of fformer and other giftth , grant ,barg",jge53Fb3Yj0uq2tY,"all maner of Former and other Gifth, grants",82,55,11,0.0
kWkdfO4v2jN97SFN,"Island, And Sole Notary publique in his sayd",3zCEGsG5e1Bwlrqq,of the said Island and sole Notary publique in the said Island Capt,70,44,8,0.0
h4sjsrlBXaEYWHeL,first day of April which was in the year of our Lord One thousand Six,78ZIDnWZB1mfqKmS,which Shalbee in the yeare of our Lord one thousand Six,76,69,15,0.4
DIgJOd9EDN96TZrN,released and for ever quit Claymed and by the,QckoVZX9xGNnDDXh,released quit clayme and for ever confirmed and by these by presents by-,63,45,9,0.0
i1ibtfADI7Xl5hwR,Knowe all men by theise p'sence that I Myles Batersbye of the,mgMCJ0LNM69dffZr,Knowe all men by theis presents that I Capt James Holdipp of the,74,61,12,0.4166666666666667
I8qUb66NZYXfekjv,person againe to release and acquittances or other discharges for mee,3YaxWayIjfQ1kloO,alsoe to compound acquittance release or any other lawfull discharge,60,69,11,0.0
q5OgYhVQd5W3xwVA,thing thererin Conteyned Except onely as to brach of,kA6SRqHGeavSbpLf,therein Conteyned bee any way prejudiciall to the right,56,52,9,0.0
5Ttj4wbDZ6toH2ic,This day psoneally appeared Before mee Henry :fford,O2qGFq562dfOB1rc,This Day personall appeared before me Rob^t. Richard,72,51,8,0.0
6yURfWu7pp8cajFa,me^e hereunto moveing but more Especially for,gOlKOJwyCSiqdxxv,"mee thereunto moueinge , but more Especially , for",91,45,7,0.0
ihXhjbXkNf4STnGf,menconed in a schedule hereunto annexed. To have and,ne1WJnLn03ovXjY5,menconed in a schedule and hereunto annexed To have and to hould the said plantacon conteyne,71,52,9,0.4444444444444444
fxvhF26uHWz5n576,the terme of Ninety and nine yeares from the,ujq1PJepvpFy4rkN,and dureing the full time and terme of ninety and nine yeares from,71,44,9,0.0
MiWiGODWCQCj3Uuf,1647 ye Island Barbados sent for divs good & valuable causes + consirderacon,HicggXrQ3b0yZwkS,of this Island Carpenter for divs good causes & consideracon,72,76,13,0.0
vbmmszaTEtLA2O9G,or Children then to the use and behoofe of the,W7hYYAfRyLnR9AZl,to the only proper use and behoofe of the S,72,46,10,0.5
6Yqpt1KPtWQAvi6B,charge of Stocking building and repaires of his Said two-,DhMVyAAB8eaiuVz6,withall the houseing buildings and edefices that is or shal be,55,57,10,0.0
vekk8v80VJ1sADYL,of the said Thomas Hyatt his heires or assignes or any other person Clayme,eA99xKMTmSaRiVOV,unto the sd Thomas Pead his Exrs admes or assignes or some of them,67,74,14,0.7857142857142857
L27rgpkg9a5WKCid,wood or woods together with the profits priviledges and advantages,zAUguBuQqx9jR7Ee,hereunto annexed is expressed with all other profitts commodities privilidges and advantages,63,66,10,0.0
XnivpIhPEV8WL39S,To all Xpian People to whom this present writing shall come I John Lewis of ye,k2kNQku9HEPMYAXU,To all Xpian people to whome this presente writeinge shall come I Thomas,84,78,16,0.8125
4VrWvM9NAIjirnf6,Executo^rs Administrators and assignes (o,5y4unaLjqV9Asnb6,Executors Administrators and assignes all that,87,41,5,0.0
n9xN4OBKHub47ruW,Articles of agreemt. Indented had made & concluded on this,Wx97WLWmyZa7hLXs,"by Certaine Articles of agreement Indented had made and agreed upon, -",72,58,10,0.0
4qNiElGdNamh3CJ3,wch either are or may growe due with in the sd :,NLRY0aR98J4GWWH7,"w:^ch accrued to mee as aforesaid, Either as the saide -",56,48,12,0.0
nINb9kfKVNrZFhgp,whereas I Michaell Darison have abill of sale under the hand and seale,p7eThK8uN965960O,ffebruary Theire Bill of Sale under theire hands and Seales,67,70,13,0.0
BJNdu54JXecIRb8h,Now Know ye that wee Roger Davis & Roger Proser both,9ogyciTiCO7tppdn,come know yee that wee W^m Catford administrator unto,55,52,11,0.0
Mvlhl0gRwyc0pGCe,Have given granted bargained Sold aliened conveyed,9mkgAzx0X5zK4gcV,Have giuen granted bargained Sould aliened Enfeoffed and-,84,50,7,0.7142857142857143
AljEeatSmmSgIDvg,halfe of all the Timber trees pfitts comodities & advantages whatsovr: ~,FpfJWaSUA8niwspP,Seaventy acres of land wth all tymber trees privledges comodities & advantages,65,72,12,0.0
FBafS13DwW9hTVI4,hereafter haue or make claime Challeng or demand any rig,vjSQ7VMxTFJC9Y97,may or might claime have or Demand in,60,56,10,0.0
np9xlohQDOusGCF8,grant & Agree to & w:^th the s:^d Rob:^t Dowers,sawYdJwaQfTpRrEO,"promis, grant and agree to and w^th the said",59,47,10,0.0
Lzmiw00NslOpO8iR,This Indenture made this eight day of Aprill 1654 Betweene John Stoe,xndf85l6oVLJXq0F,This Indenture made the twelft day of August 1644. Witnesseth that,67,68,12,0.0
GZz5q3NK5n2mQLCr,that the said Land Scituate in the Parrish aforesaid,5nSR44wop9nxbh9z,Scituate Lying and being in the Parish of S^t Georges in,61,52,9,0.0
V216R7BJFcBLauD9,shall come Doctor John Pake and Thomas Lilly of,rWty69pfjUHRrYiR,shall come Michaell Hall of the parish of,55,47,9,0.0
1pjoYKQeTKUoQlvi,Indians witness my hand & seal this 21^st day of 7 ber,L1LR1r9kArcFAbOJ,put my hand & seale this 21^th day of September 1645,70,54,12,0.0
lbkhCuIKl06JnKSb,and every of theire appurtennces without a,VAD5q7U25gBBimRK,and every of their appurtenances unto ye said Wm,80,42,7,0.0
PU01tMPGFSrMTmSl,"made oath upon the holy evanglist, that he Sam",blV7vY7AZQ3VZprk,& made oath upon the Holy Evangelists that they,84,46,9,0.0
qYvuLyRZ64uRXCQz,hand and seale the day and yeare above written.,RlSZEwc1lFOeMjyt,and Seales the day and year above written,89,47,9,0.7777777777777778
XcdqvnvHwTLEnd8i,servantes and stocks dated the 24^th day of July 1640,J1bJkWkzEKLdNAQz,sett our hands and seales the 16th day of June 1640,69,53,10,0.4
RiqyocZf3UMIV9yT,"said Office as the Law of this Island require, and having requested",OgAZKYjCwNkFtA7d,"office of this Island, more fully and att large",58,67,12,0.0
cQyrjSv5zKaGT8XF,"advantages . thereunto belonginge to him the afores^d ,, Capt Robert his heires",d97kwy9Ydcshm5gA,& appurtenances or thereunto belonging to him the said Daniel,63,79,13,0.0
CduRh5IjwfP6hYb8,S:^t Michaells in the Island aforesaid and then and there,IMAXPyAav6pslHfy,St michaells in the Island aforesaid containing in measure thirty,75,57,10,0.4
ipLd6mFhuPx77Hza,the Saide Phillip Bell and ffrancis Bell Severally,5O0IFPPrNuwMfdNj,the Saide Phillip : Bell party to these preSent and -,60,50,8,0.0
CqDTg3xidpufOKfK,and percell thereof doe hereby freely and fully,r5IlXVv2xrql7HzD,and thereof and of every parte and parcell thereof doe hereby freely,64,47,8,0.0
p3B2yAbKFQKFGZu7,"every of them to them the said William Dymock, Joseph Harbin -",bGXbA2Pne8UpLvNP,his Honored ffather the said William James one third pa,55,62,12,0.0
oXTjLStwRDHB866F,by these presents ; In wittness whereof the said Walter &,4nV8tOw4dkMuGzCW,bargained premisses . In witness whereof I the said Francis,69,57,11,0.0
qLwEhZWcZsjQ3vNL,"Doe you not know, or have you not be in informed",iDXxVd22E1AZ3NEW,Modyford or one of them Scituate and being in,52,48,11,0.0
JU7lRwk3jKkus24Z,and defend the said Negro woman to him the said,FaZXVwKpNADcg50S,and every part thereof to him the said,66,47,10,0.4
TcQuwjxCIkIth6bz,To all Christian people to whome theise prsents shall come Wee Edmund Bullocke,Y4HzzVFg7wuqrA4b,To all Christian people to whome theis prsents shall come,84,78,13,0.7692307692307693
gJkn38FLpfjzN1EH,brgnd pltacon & evy pte & pcell thereof to the only and absolute behoofe,uF4YSfZPWrtz8Q9M,wth the appurtenances & evy pte & pcell thereof to them the,64,72,14,0.2857142857142857
iPWaWN5GgJcRrdPK,"shall or may be had obtained, recovered or -",hTfSt1GltO42f1Vt,shall or may hereafter and from thence come,60,44,9,0.0
mwMsIlO63Yi6qxis,benefitt and behoofe of the Said John: Holder and his,UYN9Yx3NPymueZXJ,benefitt use and Behoofe for Ever more and that,64,53,10,0.4
DhMVyAAB8eaiuVz6,withall the houseing buildings and edefices that is or shal be,L11gpEaHwJ4C9HnE,Singular the houses and buildings there on beinge as alsoe a,59,62,11,0.0
Od5TSJCaiEjI9l5c,that wee have in our selves just right full power and lawfull authority to be ),DzEdkxt9ygAGq6sr,and that I have good right full power and Lawfull Authority,71,79,16,0.0
TjTVl32ifA12hdCO,hold occupie possesse and enjoye the before bargained prmisses and every,yaIYUvtI18f8236J,hold occupy possess & enjoy ye above bgained primsses & every pt,79,72,11,0.36363636363636365
gxLPauNi31vAGDat,"fro: or under them or either of them, Doe & Will",JTsliLXyZ3W21Avg,"for that they nor either of them, nor any -",68,48,11,0.36363636363636365
pUIuo5O3ovG3QsKM,one parcell of Land conteyneing two acres two,9W3yiUxodnd4ir2e,Parcell of Land Conteyneing by Estimacon foure and,67,45,8,0.0
vnzULIZIgysXLIbq,neare the Indian Bridge & comonly the signe of the shippe To have,gN8qJ5Nzi68K80XI,the said Solomon Deleon the drawer of the said Bill of Exchange,55,65,13,0.0
OOTo1bjmAqWhSOBM,Barker & Hugh Adisson of the Island of Barbados aforsd,xmDTodTYrnD5AnhH,Edward & Anne Porte of the Island of Barbados For divers good caus,63,54,10,0.5
2z9CHRX74Mqxgg29,in Law shall bee reasoneably devised or advised,Juja4QeoXylzQdGY,thereon now being or that shall be thereon built dureing the sayde,51,47,8,0.0
qHW40pv36jAHdz3r,said will and of every pte and pcell thereof and pson other lawfull,r5IlXVv2xrql7HzD,and thereof and of every parte and parcell thereof doe hereby freely,71,67,13,0.38461538461538464
Fu5kdPpStqCBvcrV,& sell unto Willm Martine of the same Island planter the half of three,5IgPYtsrksWJ32rj,being unto W^m Morgan of ye same Island planter his heires,69,70,14,0.2857142857142857
bGnOHxbCzvZNDwNu,sevally & Joyntly binde ourselves our sevall & Joynt heires Executors,XxPL1BKkQWc5zzQ9,of Barbados gent for my selfe my heires Executors,56,69,11,0.0
NvGXQiMqIApYZdMK,"Of Land & three quarters of an Acre, bee the Same",JScl7G7twDhRJAK9,newland three acres of Land more or less Scituate,61,49,11,0.0
JY0OpAyLZUqNHpwL,the p^rmisses the same to be recovered ag,jseNQND294DUffHa,"by reason of the Premises, the same to be recovered a",79,41,8,0.625
B4oK8r9BHsxGnTgZ,and sold alienated released and Confirmed,G7WoVUJi8mFdQVIr,"Sold, aliened, infeoffed and, Confirmed,",72,41,6,0.0
tsVliOumuhe5DHRJ,Sealed and delivered in the presence of John Davis,UUMGGElAnTqRKlfO,Sealed and delivered in the presence of,88,50,9,0.7777777777777778
Gh9CnJ3UB9Ig6ywl,Lett on the S.^d PremiSses to be in the Place,cUWIqCRu02vxCRFp,to the times of this protest being the da,56,45,10,0.0
nkJAR26WhraTXiOs,and Discharged of & fro : all & all manner of former,0F76zYMHFOoPemDL,acquited released & discharged of & from all & all manner of former,81,52,12,0.5
HR2juRvjapl87R3U,"Edward Littleton, and William Robinson (in our Capacitys",WoNq6jFJK4f3TOeN,"whatsoever of us the said Edward Littleton, and Willia",51,56,8,0.0
D1dAPJP1aj3B0LQm,said foureteene Acres & halfe of land together wth all pfitts,xgILw0jaiHsxXFAv,the said fower acres & halfe of land & every pt & pcell thereof w^th all the ~,66,61,11,0.0
TLbq3fOGULGvBz9S,with the houses boards timber water goods & watter course,nSdanAaCiipucjVP,wth ye house in as good order as it is at the prsent ~,58,57,10,0.0
j6eS8tpWzt0nIOg8,fore this Appearer as well for him self Company and owners of the said,0EGwwN5J2iZeCBOy,there fore this appearer hath as will for him self and company and owners,77,70,14,0.2857142857142857
sLPTLQQfXbd2tP57,with all appurtences: unto the said land and houses belonging,6Qx3gbs34PyoyGTg,fowles all other appurtenances to the said plantacon and house thereto belonginge,75,61,10,0.0
32605K4Fi1rvjJrh,to the said parcell of land or ground belonging or in any wise,0HagWfv50QnVAbNy,unto the Said twoe parcells of land belonging or in,74,62,13,0.6923076923076923
W7hYYAfRyLnR9AZl,to the only proper use and behoofe of the S,LobYyQZqUy4hs8mG,forever to the onely proper use & behoofe of hi,80,43,10,0.9
1hIfwyb2v2skEdDM,unto the sd Jon: Burch his heires & assignes one hundred,l4xQdxIpopq8m80c,unto the sd Ens Jackson his heires or assignes forever one acre of,70,56,11,0.36363636363636365
wQNLK8FDXoUD6YKm,Island Mr John Presman told this depot yt he had sould,jFMqnDB6oGiF5sL3,said John George doth covenant yt the sd Nicholas,56,54,11,0.0
5YpfvklP6KS3gOZb,Knights & Body Island Mr John Knights and Mr Edward Body Appeares did,KlyPyxLP51eHqy6o,admistrs covenant and agree to and with the said Edward his heires excers admistrs,49,69,13,0.0
vDIxSlm9ujMGdbYN,nathaniell Haggatt & Walter Stevens theire heyres &,BqjxsMCIdyroEfN1,"Ever, Against themselves & theire heyres, & all",57,51,8,0.0
UWZaMgyybh0aW1P7,ye sd Mr W^m Powell his heires Exrs Admirs & ass for evr more free & cleer,bfU4V6lm5iKV7OBe,with ye sd Tho : Wager his heires Exec^rs Adm^rs & assigne & evy,61,74,17,0.0
4f0oEdScUSTeQSDr,I the Said Richard Noke Dep:^ty: Secre:^ry did protest Even,y9CQ9E4eD6TDulMA,before me Richard Noke Deputy Secretary of,61,59,10,0.0
H19wBvWYnpXETEEY,attorney or more in my prmisses under him to constitute,iuW7izXu5s0RU3BM,deliver and procurators or attorney one or more under them to substitute,58,55,10,0.0
2fgffYVajIBF5f7Y,thereof by from or under me them or any of them & shall & will wait &,zIfY4PPeIb510QCR,haveing or claymeinge by from or under mee or them or any of them In witness,68,69,17,0.5882352941176471
LhYSi5doVSI82hJE,Johnson of Amsterdame marior or to his assignes the sume of eighteene,A9JDzttIQWBFztKC,owners of the said ship as also in the behalf of the freightes and,56,69,12,0.0
Gk4aEhw7tJfJuhoo,"in considercon of the sume of one Hundred pounds sterl, currant money",IuScGN56J64MF0Fq,for and in consideration of the sume of one hundred pounds,72,69,12,0.4166666666666667
qINa3LHvMjCgqoRA,others nominated in the Saide Contract of the other p,PABzZFZd1Hd6GxbK,of the Pish of maker in the Countie of Cornwall now master of the shipp,60,53,10,0.0
jivfEKVdJzqfzGBX,maner of person or persons w^tsoever lawfully clayming any right or title therein,WIcw0CgN3RVJ3oVP,other pson or psons w^tsoever lawfully clayminge and right title or interest in the,80,81,13,0.0
EOJR7CbyO0EOBnvp,granted bargained & sold & do by theis pnts for we my heires,N26CjmzZhd1IdK4j,granted bargained and sold and doe by theis presents for me my,82,60,13,0.0
5hdmpWMLpFGWGy8h,John Baker their and every of their heires exers administrators and assignes,E4lyNbnRlAPOwugo,Their the said Rowley doth his heires exers admistrs and assignes,75,76,12,0.3333333333333333
yYC8hQJevpxjp90F,of sale for the land therein contained unto M^r Christopher Nevinson of,SuH6wMIGnSgQ0cpc,sell alien enfeoffe and confirme unto the said Christopher Novison all that,60,71,12,0.0
Ej4kqc5u7U7xZ05p,of the aforesaid Island have given Granted Bargained,XqV5OM8HpKeb9nla,of the aforesaid Island Merchant Have given grant,77,52,8,0.5
iu7NukzNV1tLvG1G,doe absolutely give grant bargaine and sell unto Robert Humphreys of the Island aforesaid,FUO0E7y7dkKS7MeX,absolutely give grant bargaine and sell unto the said Eliazar Cock -,70,89,14,0.7857142857142857
9XuqchsLQ2RpJR82,"Covenant, grant, and agree, to and with the Said Thomas: Lake",sawYdJwaQfTpRrEO,"promis, grant and agree to and w^th the said",70,61,11,0.45454545454545453
4BnNG9Zu4R8vOqWT,of good and merchantable cotton wooll well cleered from the seedes to paymts,5c2b19kEWoaaQ2GB,of good sound neett merchantable cotton woole In witness whereof the,65,76,13,0.38461538461538464
DcNLdUmhCYjgO4eY,tents or Comission relacon being thereto had (more fully may,zN7PENLV9H7CSlwz,"Letter patents or Comission, relacon being thereto",73,60,10,0.0
0veJ7lEuwn5Krl8V,To all Christian people to whome this pnt writeing shall come send greeting in our,m5l4DakhAqWJT7EV,To all Christian people to whome this pesente writinge shall come I Peter,84,82,15,0.7333333333333333
jXQqoEzxtxB5lIZr,Robt: Browne All these fifteen acres of or thereabutes whereon wee the said,7varDbZka3xNRyXG,Lord Gov^r or otherwayes and for the p'formance hereof we the said,57,75,13,0.0
9AiXepI7aZu6LweN,"his wifes or brother de""ptur from this Island",9EkaqCzEBy6yTcIi,Lyndsay & soe to run to the seaside from the land,57,45,8,0.0
dgUSIE9pftnLfuf8,pformance hereof we the said Robert Watts & Edward Pater als:,BDbcMdaQq4pywOvf,is now in the tenure of me the said Robert and abutteth upon the land,57,61,11,0.0
BqjxsMCIdyroEfN1,"Ever, Against themselves & theire heyres, & all",p6OtVV5wymSp2nXI,"above specified Exprest, Against their and every if their heires and",59,47,8,0.0
S7HFCNO6W96psFjs,of them theire or either of theire heyres or assignes,Vf0sgib9T70aFqO7,and either of them theire and either of their heyrs of,73,53,10,0.5
qopdPRJbdP1SoEcc,in law all and wtsoever my said attorney his substitute or substitutes,kBogTZiGhOKYz1WO,all and w^tsoever my said attorneys or any other by them to be substituted,72,70,12,0.0
l1FKZyakrkxCdpWn,lands of Wilson Clarke and leeward on the land of John Pattin,ohbaT1zYspnRjlXW,the lands of John Syemore & Leward of the land of Thomas Hunte,63,61,12,0.0
IcV9e4NMcpsjh92X,the said Bonam Carter his heires executors administrators and,IgAEcrBJSBeefq48,the said William and Mathew theire heires executors administrators and,82,61,9,0.5555555555555556
fb2nkyXzsPW9Pjht,by these presents for me my heires executors or assignes give grante bargaine,zdvagO2TBA2FVLMU,for himselfe his heires excers admistrs and assignes give grant bargaine sell,66,77,13,0.38461538461538464
m6lTRzmvwYrANRcn,writeing shall come Know yee that I John,aC6fjed0jT2rjmsR,shall come Greeting Know yee that I John Spence of ye Island,62,40,8,0.5
L17n22GA39IkEJYq,of God of England Scotland and France and Ireland,PukGWHlmh8njNNBF,"of God of England , Scottland , ffrance and Irela",88,49,9,0.5555555555555556
VxfYLzkJkll3waWg,to lease unto Capt^n Jeremyah Hawe of Barbados Gent one hundred,4qF3zwG4TSmNQXT2,S:^t Thomas in the Island of Barbados Gent: Sendeth,58,63,11,0.0
m5xky1qivKQPNnhC,to them and theire heyres to the use of the Said Casar: Dum,js22NsYIMeGwkZUM,them and theire heyres according to the forme and effectt of this said,64,59,13,0.0
ovrP9UOFtgzIv4Px,that I the said George Speeke for diverse good causes and,uJif6kylAqn8MxzE,that I the said Thomas Duranes for divers good causes and,81,57,11,0.8181818181818182
yYRvosFyWsfqsYjU,"good Right, full power and Lawfull and absolut Authority",DzEdkxt9ygAGq6sr,and that I have good right full power and Lawfull Authority,73,56,9,0.0
y9CQ9E4eD6TDulMA,before me Richard Noke Deputy Secretary of,ANK6BSVoIFYrsE4F,Barbados before me Richard Noke Deputy Sec:^ry,80,42,7,1.0
mWkFGDF4tFbf8zGD,to the land of Mr Carleton and his owne land with all profitts priviledges and comodities,KCqrk0do3UzdEI6X,the sayd land with all easements profitts and comodities,61,89,16,0.0
BIEQFgv3AZKl8jUa,to the said Articles ) by them the said Tickle and Martin,iSq0yjrv2AeHxeFt,in the said articles mencond the said Richard Hill and John Horne did,62,57,12,0.0
WB2IhXfKpNF1Ifr8,to the said appeares according to order of the owners of the said,js22NsYIMeGwkZUM,them and theire heyres according to the forme and effectt of this said,64,65,13,0.3076923076923077
FAEf3t1KKRIBpjJL,given granted alliened enfeoffed bargained assigned,Fdt7T4Se6Efa2PnS,have given granted alliened enfeoffed confirmed Bar-,74,51,6,0.6666666666666666
myFAGP8XEN9BEQty,of theire Appurtenances to the Said Samaell,Uj98PNlgc0gFiF5r,of Their appurtennces to Them the said William,74,43,7,0.0
ehwrX4Q5pKEI6gxF,1675: of S:^t phillips w^thin the Island abovesaid for and in,NkSnbEIhrhi7XXvD,of S.^t Phillipps in the Island aforesaid,71,61,11,0.0
O1PfDkb8p9uELyw9,Have and doe by vertue of these presents freely and voluntary,RnfSxbpkgMGxWL0R,and confirmed and by Vertue of these presents doe ~,64,61,11,0.36363636363636365
hDfca31A6xA1j6zz,of the aforeSaid Messuage or Dwelling house,p8C0lWrzQrXuZzas,of the Island aforesaid Merchant the receipt where,58,43,7,0.0
MMstRgEevrOu3rqP,James Comerford to serve till the seaventeenth day of March 1642. Christopher Bailey,PcMWlGkaz1BR84DJ,at or upon the six and twentieth day of March w^ch shal be in the yeare of,53,84,13,0.0
iapgXHACB1UY0Drt,yeare of the reigne of our Sovereigne Lord Char,lD86mhBbp1wdjSt5,yeare of the Reigne of our Sovereigne Lo,90,47,9,0.6666666666666666
OZ9JEEEyvqaiot8E,"or late belongeinge to S:^r Paule Paynter Knight, o",ShpU8GFf3WyjIopw,thereunto belonginge or in any wise apperteyneing To,54,51,9,0.0
pNQq47BRKT35Otn8,all dues duties and taxacons and for the true pformance of this bill of,I1vWDPlR6gyLPAAA,shall appointe or else store free and for the true pformance of the same,63,71,14,0.42857142857142855
lmdl9GB3vPS8v6Sb,for divs good causes & for & in consideracon of Twoe thousand,marjZ0np0oSHHOWp,"Swine, (for divers good causes and Consideracons mee there",66,61,12,0.8333333333333334
P860HlkSqTCpfiAe,and his heires for ever warrant and defend all and every the before,6mUlAcXaOxTvZNxv,and assignes And for the true pformance of all and every the articles,62,67,13,0.3076923076923077
wrWfGnmXFJHgtPFW,conditioned to be paid the ffifteenth day of Aprill,6BG8YK5KoncxnSFr,Seale and dated the tenth day of April: Anno.,60,51,9,0.0
SXsuy7Issi0yomn0,to virtuall and man his and are to pay freight on,zQCYidSLC38V8wc0,in hand paid and Secured to be paid before the,55,49,11,0.0
8DWxKDSMxo2hKP0l,surveyed bounded and laid out by Richard Man Surveyor Scituated,jwGxmr58AXuI0fwn,assure convay and confirme unto ye said Constant Silvester,50,63,10,0.0
bNjpiEQhK8nDSqXx,Barbados To all Xpian people to whome theis pnts shall come William Readye of the Island aforesaid,tQAuzSsJimAQ8yRV,Barbados To all Xpian people to whome theise pnts presents shall come William Readye of the Island aforesaid,95,98,17,0.8235294117647058
L165bOibyaFgpVzP,To all xpain People to whome this present ~,HPvWOlCY08BG2lbK,To all xpian People to whome this p^rsent wr,92,43,9,0.5555555555555556
LdOlQ8KSXjoYotv2,take & keepe legall & free possesion & the same & evry pte & pcell,tdtUA4VWyJj8hjfv,to warrant & defend the sd Twelve acres of land & evy pte &pcell,55,66,15,0.0
KPUBE47zl7VeGilt,of tenn yeares next Comeing after the date of these,HCtCrb3CmNEjKOAg,Moneths next after the Date of Those presents,65,51,10,0.4
BfeqoxfMcUy7zNPH,Entered To all Christian people to whome theise persents shall come Know ye that I,Y4HzzVFg7wuqrA4b,To all Christian people to whome theis prsents shall come,82,82,15,0.7333333333333333
Szcz44vSpdVE6r5x,"appertayne, all and singular each tyme a sumes of money debts good were merchandizes",jnnZVmVPaxU2KgRY,posses and every all and singular the premisses and there appurtenances and,53,84,14,0.0
5nSR44wop9nxbh9z,Scituate Lying and being in the Parish of S^t Georges in,svwSsbUP8rjhbaht,Scituate lyeing and being in the parish of S^tt,83,56,11,0.36363636363636365
9E7C4vszxJAhEkJQ,"Morris, shall and will for see long time as the same shall bee for borne as aforesaid",71uVMT3MrDuQESBn,"Shall and will pay or cause to bee paid all the debts now owenig , and were",54,85,17,0.0
ysyrUA18EyqDJ0wy,This Indenture made this 23day of June in the 16th yeare,kKdTvlVZtLlkf0L3,This Indenture made the first day of December,71,56,11,0.36363636363636365
dSgQLeE1M3kbjxjf,bargaines sales guiftes grantes leases feoffements mortgages condempuacons,CwfudMPmLHoY7Xrm,former bargaines guiftes sales grantes leases feoffements mortgages judgements,79,74,8,0.0
mQVKRRMKleLiVeiq,or molestacon due by mee the said Daffe my heires exers or admnstrs and thee,65jDI4xojsOUl99y,plantacon And that I the said Henry Chubb my heirs excers adminstrs and,67,76,15,0.5333333333333333
7ZzS1VuuCroe8miX,any other person or persons whatsoever lawfully haveing or claymeing from by or under,QYjkphcuKiCqxlnJ,other Pson or Psons whatsoever lawfully haveing or claymeinge from by or under,92,85,14,0.9285714285714286
XpRMATDlCwZDGsr8,w^ch said Island was formerly in the possession of the said Radford and the,bGQWFIHtTEC2KIG6,soever now in the peceable possession of the said Richard,59,75,14,0.42857142857142855
kstboOXSpcrVh0Yy,of sale as aforesaid & yt ye sd Daniell Mghee shall quiettly & peaceably,oEgEpa34BSmKc19H,"tofore disposed of as aforesaid, And allso all the right title",52,72,14,0.0
RUZ2Cx1WPPduu9ES,bill of sale to be his volluntary Act and deed,0Tp3uhMFGX4XJgA4,written to be his free and voluntary Act & deede,68,46,10,0.0
Wu4T3ZEd8XWWUKtn,"two, for the Consideracons therein menconed,) did demise and",OJhRQ83sCjOmDnwA,Gent for a valuable consideracon to me in hand paid and,59,60,9,0.0
x9Sv9SXsQUxM4lcu,and M^r John Egron and confirmed to them by the grante,pVsqjvhfGcMuqvue,and John Sparke or of either of them their or,59,54,11,0.0
I3PH4MroJmchtJQx,"the persones above mentioned, ever have had, or Enjoyed",5L3bEhqeyOYoRSoZ,also three sowes one bore with other necessaryes To have and to hold unto the said,53,55,9,0.0
hGPvLBjOUzpchpzF,in the mayne topp for and untill the arrivall and establishm.^t of the said,1NUV8e9YtVPQo2c3,the said Ketch is not to the great losse and damage of the said,57,75,14,0.0
3flKM48wC7Y5a7Zr,such sume or sumes of goods they are or shall be indebted any waies,muPFoSF3ql6YgR5t,use and uses of him the Said Richard his heyres and assignes,52,67,14,0.0
iAhuhbCaVwQxFax9,day of ffebruary Parnell of the Island of Barbados Gents: for and,xmDTodTYrnD5AnhH,Edward & Anne Porte of the Island of Barbados For divers good caus,64,65,12,0.4166666666666667
SXNZ5kUCcAxRUpCN,day of July Ano Domi 1640 - Intr XVI die mensis septembris Ano 1640 - And the bill of sale,yTWmHPezrpjRejSz,dated the 18^th day of July 1640 - Intr 15 die mensis Septembris 1640,63,90,20,0.0
LOPjEfKgGLKZoJ12,of Barbados Conteineing thirty three acres one,D7jUel63z88qRu8s,Barbardos Containing In Breadth Frosting to,61,46,7,0.0
8nyC2jUQfe1uyCWU,shall Come I Lucie Mitchell of the parish of St. Phillipp,rWty69pfjUHRrYiR,shall come Michaell Hall of the parish of,69,57,11,0.36363636363636365
hz044m8fJ2FmiHcE,and seize in thereof by the same possession did fully deliver over unto,aW5IagELHzETFJim,and concerning thereof the same i for myself and company doe hereby,55,71,13,0.0
AnQSwh6VT76gbMAF,title thereunto; dated the xx day of May 1640,XcdqvnvHwTLEnd8i,servantes and stocks dated the 24^th day of July 1640,63,45,9,0.0
hapOjZ3aGj2pq6g0,Deed to be enrolled in the Searetaryes office of the,UreeKX6RvvBrbK7Q,personally appeared in the Secretarys office of this Island before,64,52,10,0.0
BRCNrKXYym4RIpa2,Sealed Signed and delivered in the prsence of Jon: Reade als,tsVliOumuhe5DHRJ,Sealed and delivered in the presence of John Davis,82,60,11,0.5454545454545454
xb5vu5PpSOyiKTOf,day of June wch will be in the year of Our Lord 1648,XzaMRNbKDwFTHIZY,ffebruary which will be in the yeare of our Lord one,73,52,13,0.3076923076923077
BSIVwpVQ86048HRM,us the said Capt George Stanfast and Robert Jenning his attorney Genall and,td8YAjp8lg1xhS91,the Said Bryant and my heires and all and Ove,53,75,13,0.0
B5GGvBIUtR81BF6A,heires Ex^rs Adm^rs or assigns or any other pson or psons,DD4bSMia6ChfZw1k,my heires Exectors Adm^rs or assigns or any pson or psons whatsovr,81,57,11,0.5454545454545454
6re06p0OzvPmiLGu,my hand this 29^th day of September 1641,L1LR1r9kArcFAbOJ,put my hand & seale this 21^th day of September 1645,83,40,8,0.0
UpD34LSJrrbSKEeU,the Isues and profit there from time to time there upon growing to the,G4eFqSu5iDoY6wOm,these pnts And more over from tyme to tyme hereafter there shall,60,70,14,0.0
SGoNc4BiqzEjWHCM,bill beareing date to the prsents Have given granted bargained Sold,tgFBS1wtAgZqggPX,and Contented Have given granted bargained and Sold,73,67,11,0.45454545454545453
WJDW1zDD3QB2dayr,of Fortye foote square lyinge in the pish of St Michaell,BuM3VCVtq1WkwjyQ,Land Scituate in the parish of Snt Michaells Cont: in,59,56,11,0.45454545454545453
O2qGFq562dfOB1rc,This Day personall appeared before me Rob^t. Richard,5Ttj4wbDZ6toH2ic,This day psoneally appeared Before mee Henry :fford,72,52,8,0.0
79tMUVyfIdy3GzkG,Island Gent The Receipt whereof I doe hereby acknowledge & for diverse other goods,XXVo8pxx2HGwD29j,the receipt whereof I do hereby acknowledge and there,73,82,14,0.0
9Sx5ZRhI3p2Cya69,David or his assignes to take possession of the said stocke and cropp and all,BHew23WKtXD5SqXD,take unto his use and possession the aforesaid plantacon and,60,77,15,0.26666666666666666
4s3offmR26jZyygg,neate and cleered cotton wooll to be paid unto the said Thomas.,lnlfVMq3RgBIbazh,often thousand pounds or neale & well cleared cotton wool to be paid unto the,64,63,12,0.4166666666666667
Hqb4MdJdRxgka9Ha,and admistrs doth covenant promiss condescend and agree that it shall,7K3SIt6JQtg5zW7c,executors and administrators covenante promise and grante to and with,64,69,11,0.0
4MDlMv01Cuw4hjBn,Hooper shall bee at Liberty and may if hee please,yovfBGvjPjrDzVEx,to the true intent and meaneing of these presents ~,56,49,10,0.0
MCpYlDGPhZM1v366,nowe with child and to ye longest liver or livers of them thier heres or,pVsqjvhfGcMuqvue,and John Sparke or of either of them their or,55,72,15,0.0
ztDVKMI39rzbWRuG,have hereunto put my hand and seale this 24th day of July 1641,cvRG47ZPbT7j6O8H,hereunto sett my hand and seale this 20th day of July 1640,88,62,13,0.6153846153846154
cj4DY6Qgz5MHSJPT,"abovesaid Thomas Hothersall by his said father aforesaid, as",lz0SbzJ0IYZHFeH1,psents for him the said Thomas Hothersall his heires executors & administrs,58,60,9,0.0
z6iIdvvdC0C7rTdz,Gent: doth owe and an indebted unto M^r John Wadloe march of London,yYC8hQJevpxjp90F,of sale for the land therein contained unto M^r Christopher Nevinson of,51,67,13,0.0
so06UKuKMXR0upt4,In witness whereof I have hereunto sett my hand and seale this fifth day of October 1641,akPEDSz3Q9VMUFtN,wittness whereof I have hereunto sett my hand & seale this 13' day of October,87,88,17,0.7058823529411765
eFnyuqi5zlsgDIql,granted bargained Sold assigned Confirmed & sett over and by these,4tKNY2m9l4mgl1XZ,bargained Sold assigned & sett ov: and by these prsents doe bargaine,69,66,11,0.36363636363636365
sED1fQkLdOnxacA7,my heires Executors and Admrs: & evy of us to uphold maintaine ~,zmjkSQH1SVVb9fkA,heires Executors and Adm^rs jointly & servally to him,65,64,13,0.0
l9DVLx7cfXtux5y0,debtes dues and demands wtsoever as are due owinge and belonging unto me by loud,0XlNQGqkURv7DMLe,and all other the estate w^tsoever which were parcell of and belonging to the said,58,80,15,0.0
pm4ks2pz6kLBiaZI,know ye that I Leonard Plumer of this Island of Barbados Planter,aSv0h3BSiEeoyfUZ,Knowe all men by these pnts that I Shymon Broughton of this Island of Barbados planter,69,64,12,0.5
Upl3lRzFMeWhe0FG,to the therein named Richard Fforstall and that he,x6JKQw64SWnIhuE1,his and theire owne proper Estate and Estates,55,50,9,0.0
YsJV2oQ87wPJ8BOk,Evan Lloyd my heires Executors or adm^rs or by or. from any,9wh2Tp11XvIV5Di2,and either heires exectors administ^rs or ass^s for ever from the,63,59,12,0.0
FfiGe2YrqiNrr2qa,meaninge hereof Wee the said Edmond and Hugh binde ourselves by theise presents,O4NvcCsc91FgWCTm,moveinge Have given granted and confirmed and by these presents doe,58,79,13,0.0
gr2NL02Qt9clZmim,"Matthew Key, William Seares, William Wilson",28i5Fm0YKNEqhvMj,Comander of the ship called the Thomas William of,48,43,6,0.0
MBHHxNnqU9iHJnOZ,joyneing to ye high water Marke to have and to hold,5JewYPldGL3Rwih2,"belonging or in any wise apperteyneing, To have and to hold the sai",59,51,11,0.45454545454545453
saMeASwEoEAis4kz,whatsoever together also all ye servants Cattell wtneses,7swjLY3My7twTDtr,forever together wth all & singuler the houseinge,57,56,8,0.0
bN5LAkx2qmGrH56b,occupacon of Captn : Daniell Flecther called by the name of the Blacks,qWTcMzVv7Wi7RA0e,Memorand: that on the day of the Date of the above,52,70,13,0.0
9uQhwSzTiX4E1Z3F,for divers good causes and consideracons in thereabout moveing Have given,oQW1edazs9RNntXU,I Thomas Burke for divers good causes and consideracons me hereunto,70,73,11,0.45454545454545453
n3UK573fbXjPKkX7,thereunto espetially moveinge Have given granted bargained alienated,6RfxfZH75ZWfDIGj,especially moveing have given granted bargained sold alienated,85,68,8,0.625
AVgRduqh3DYfucbY,"twenty Acres of Land, Lying & being in the s^d: parrish of",IpUJuaGVnpkEgbtu,"Scituate , Lyeing and being in the Said parrish",67,58,12,0.3333333333333333
3J3dQymuGwobU1fb,pounds of tobaccoe to be paid to me by John Maycome of the,PC5itSrXBdN8xZ9E,hand paid & secured to be paid by Robert Moggs of the,58,58,13,0.0
IydfuYEg2S4fYFhn,and continue to the said Peter Leare his heires executors and,n1l3vnF8UyUuDzMW,and agree to and w^th the said Robert Drye his heires Executors Adm^rs,69,61,11,0.36363636363636365
4fetzTUEHAXA0Kei,Entd 3^rd June and to my use to aske for leave recover and receive all such debtes as are,8SW0pxCNRQ3EGAQm,use to aske demand leavy recover and receive all and singuler such sume and,61,89,19,0.0
N8OAXNKZy3XQs1JP,Survior: & the heires Exe^rs & adm^rs of ye deceased or betweene the,wd0BGJlBKgFO2FBW,their & evy of their heires Ex^rs Adm^rs & assignes forevr: by theis,60,68,13,0.0
oMFzVNYfwB8787EQ,with note of the cargo formerly sent out also signed as aforesaid to be and,M9UWA0xXEQxtM5Oj,the Comand of the aforesaid Master as aforesaid,57,75,15,0.0
xbqy3aEbQcfs2P6r,Appearer and his Company so destitute of provisions that they,uxKzFbF0hBWN1qqJ,appeared before mee and made oath on the Holy Evangelists that hee,55,61,10,0.0
Rla5fQilC5uYY5Kw,being the 13th of June Anno Domi one thousand six hundred and forty,VcHSghViBX2b8c8m,be in the yeare of Our Lord God one Thousand Six hundred forty Eight,70,67,13,0.3076923076923077
MPzcsDZRRkjbuoM5,to him the said John Bonnor his heires executors administrators,W7WkmmiHjNYoaibi,with ye said John Thurbrane his heires executors administrators or,81,63,10,0.9
0SDEuPPz0ykdZxPB,certaine atturney for and dureing such tyme or terme the said John William,yLAsxW8PGM5WlqRt,well and truely paid the receipt whereof I the said William,56,74,13,0.0
ccPugT9HO1r1VqLI,first of Juno next with the corne house above the cliffe with all other houseing,Vs0ckUinRP7TW9sQ,them into the round house of the said with armed guards our,55,80,15,0.0
WRoSDSc7WAiElI2g,ye we ye sd John & Thomas for divs good causes & a valuable,vuSwMRQYSdXO6yS4,the sd George Conyners for divs good causes & valuable,73,59,14,0.35714285714285715
9nTzbpXAGbGPvJQG,"of our Lord God one thousand six hundred seventy & five,",B91D6rYSd5HRKgkR,of our Lord God one thousand Six hundred Seventy and Six ;,86,56,11,0.7272727272727273
guOhV0tt0GEBkg77,Edwyn Stede his Mges:tes cheife Judge of Pleas of the ToCrowne and cheife,gCijUesXvSuLpTEB,Edward Port on the north the lands of John Carson on the west and the,52,73,13,0.0
NJuFVII4CYk5J7jd,well made up in weath and role & to be paid into some,XmIJfHjDpa2QBoto,Tobaccoes well & desently made upp in reath & role to be at some,68,53,13,0.3076923076923077
ItrTMIJYXZpIamCO,To all Christian people to whome these p^rSent shall come to,KJd5sqATAxGLuiV4,To all Christian people to whom these pnts shall come,92,60,11,0.6363636363636364
HjJV9Fio5RO2jtOt,severally joynt and severall yeares excers admistrs and assignes covenant,v4V0jo5CDCiKBzRu,Terrell doe binde myselfe my heires exers admistrs and assignes in,71,73,10,0.0
TLAeSfxO9PMTwRRO,"Two pounds of Sugar, the same being part Sattisfaccon",RoG6xCT4KjHkzZjV,Sand Four hundred pounds of musc:^o Sugar to mee paid an,53,53,9,0.0
1v5WO5CWYR9Ysgf6,consituted and appointed my trusty and well belov,td8YAjp8lg1xhS91,the Said Bryant and my heires and all and Ove,53,49,8,0.0
2dhN4UovsvYTR5co,of neat cotton wooll unto them the said Stephen and Thomas and -,4s3offmR26jZyygg,neate and cleered cotton wooll to be paid unto the said Thomas.,63,64,13,0.3076923076923077
KyqXi66L7vGOyhBC,maner aforesaide And that when the full demised,vVClo8Ov9OdfNrDn,"In manner and form aforesaid , And that the said peece of Land -",59,47,8,0.0
NI3oKisI2sGeobat,M^r John Forde which were lately in the possession of M^r Thomas,mWB9qX6WUwGTFOSx,acres of land bounded on the south to the lands lately in the possession of,59,64,12,0.3333333333333333
1iphKVG7hHQ1L8X7,pish of St George shall pay unto the pish of St Michaells fowerteene thousand,a2bNd2a8r7atCyUK,dos in the parish of St. Michaells of the other partie Witnesseth that,57,77,14,0.2857142857142857
tQunpDjTjcfdL4hj,ward scituate Lyinge & being pte in the pish of St James & pte in the,280Jo59JRJO9lTf9,is scituate lyeing and being in the parish called S^t James in the,74,69,16,0.3125
PP4XJU3nBC4oAv0D,bargaine and sell and confirme unto Philip Jones of the same Island planter his heires exers,ds2yzgNWAo3MYQNa,grante bargaine confirme and sell unto phillip Jones of this Isle his heires,68,92,16,0.25
1BjRNfVdUGFo0Njk,other molestacon whatsoever of us the said James and Debora,WoNq6jFJK4f3TOeN,"whatsoever of us the said Edward Littleton, and Willia",60,59,10,0.0
MtfiGvpET1dcYy38,administrators and Assignes in manner aforesaid and that,pfQo1Rk0NIJ35DfY,administrators and Assignes give grante bargaine sell,73,56,8,0.0
v5Blm9Pi2Z21CFPT,Sealed and delivered in the psence of Daniell Compe,KVEfCP12IxyHgDyM,Sealed and delivered in the prsence of the word,84,51,9,0.7777777777777778
4sk17nCkqBBC3yV2,Directed in by the aforementioned Act of this -,ZKDmqs25MncvoFGI,and to hold the afore mentioned parcell of land and the premisses,57,47,9,0.0
xHncAJqR6Gn3BX7W,neate Cattle horses negroes and all Singular other the prom,f8QIolG5Xe3f2ZYp,and one rood and all and Singuler other the premises hereby,63,59,10,0.0
7h9d18xLf696wVD5,"for Ever, And the Said Ann: Wright and Margrett: -",HSFHB8bewdGTWOZo,the Said Ann Wright and Margrett: Wright for divers,67,50,10,0.0
VPBr1xiRUv4EDCwX,time myself inthe penall summe of three Thousand Pounds of Wellcleered cotton from,3sGK90HG66bXoUgx,in the penall some of six thousand pounds of good cleare cotton woole,69,82,13,0.0
ZQqFCBamJjZR9GdE,Acknowledged the Within written to be her Ac,XwfESp9Qk3ILwfrw,and acknowledged the within Instrument of writing to be his vol,67,44,8,0.0
uJif6kylAqn8MxzE,that I the said Thomas Duranes for divers good causes and,ovrP9UOFtgzIv4Px,that I the said George Speeke for diverse good causes and,81,57,11,0.9090909090909091
K0I5shzXqoC7CcOP,By this public act and Instrument of protest Be,sQjpjiUTThaMf4j6,By this public act and Instrument of protest be it,95,47,9,0.8888888888888888
TBl3UE2gqnWxNmqh,To all Christian People to whome these present shall,0ZvGzksVcRwCqqvb,To all Christian People to whome these presents shall,99,52,9,0.7777777777777778
XzaMRNbKDwFTHIZY,ffebruary which will be in the yeare of our Lord one,xb5vu5PpSOyiKTOf,day of June wch will be in the year of Our Lord 1648,73,52,11,0.7272727272727273
NQAD74cvanuAX01k,Lawfull Attorney his heyres or Execut^rs Adm^rs or,c9yaXO2Fyo1srnnr,Attorneyes his heires Executo.^rs or administrato.^rs,66,50,8,0.0
bvBlAb3HuyqfhgIk,But freely & cleerely Exonated accquited released discharged of and from all,9ysnosQHeDdxHaku,freely and cleerly acquitted and discharged of and from all former bargaines,71,76,12,0.4166666666666667
