ID,subclass,split,group4
02atqnjsbbPPWAfx,A05,test,A1
03YCd0KimccDeZBL,A05,unlisted,A3
03ge0EGAdvC1Cz1C,B03,test,B
04knp9flvyFFiwa0,B02,test,B
061vly0ox61zcjjM,A05,train,A1
07XIMeVcLOC43CNC,A05,train,A1
09ZWIIhy3aQm4xZp,B02,train,B
09u7wY7A3tC57meP,B02,test,B
09whcaiyaFCWkeqm,A02,test,A3
0AVFWH3x0dGYketT,A05,train,A3
0Bdi1BTACzPv0kD3,A07,train,A1
0CCrVKAom8EK53jj,B02,train,B
0DFBEVC6x3enGEDQ,A02,train,A1
0DTMbt1OZQMK9fv5,A03,train,A1
0DfQnPOMbdYvpiYK,A05,unlisted,A1
0EGwwN5J2iZeCBOy,A05,train,A1
0Edbprp5WDrmU1jw,A03,unlisted,A1
0F76zYMHFOoPemDL,A07,train,A1
0F9UPVFDkUYwkiUI,A05,train,A1
0FDQ9zYT3uCi0uV9,A07,train,A1
0G3BpDRPb1HxQwoZ,B01,train,B
0G7ijRfOZFw7OzkP,A05,train,A3
0GpYQYyZqpV8fBFV,A03,train,A1
0HagWfv50QnVAbNy,A01,train,A2
0Ip4h2GlIRuAbvoK,A03,test,A1
0ItHi2DTkmP4b0MM,B02,train,B
0J5cxT1QkwEKuLKd,A05,unlisted,A1
0JyWVVHSH9E8N9kr,B03,train,B
0KvfCfYM9aC0bBDE,B02,unlisted,B
0MyuuckTr7Vk5Tf2,B02,train,B
0NOtZTooF9xcrF5T,A05,train,A1
0NxSR9SRzZtfiiam,A05,train,A3
0OtMTL8BLzyUdITY,A01,train,A2
0PPIgSLnC18UBGtX,A02,train,A3
0SDEuPPz0ykdZxPB,A07,train,A1
0SwQKfck5tvgcLfc,A07,train,A1
0TKWS2TOSrKaupQT,A07,train,A1
0Tp3uhMFGX4XJgA4,B01,train,B
0U4hZi5zGhFW7Mpa,B02,unlisted,B
0U9WVefldiEnb11P,B02,train,B
0UjSzyxS90zIyWkN,A07,train,A1
0Uk8nMMGjepCrvvA,A07,train,A1
0VMuvk9KBpJzmNPz,A05,train,A3
0WcWUCInBgV1PWpt,A05,test,A1
0Wg9ew4uHl2l8eJh,B02,train,B
0XFqMaOSzcSXCiQS,A05,train,A3
0XlNQGqkURv7DMLe,A06,train,A3
0Ygydx9Jb8eKFQY3,B01,train,B
0YlIhXDJWxUljI7l,A05,test,A3
0Z68C7q1B4zB0jfw,A06,train,A1
0ZEKS9pLg7MtFroD,A01,train,A2
0ZJN2k63k8UR5qaa,A01,test,A2
0ZvGzksVcRwCqqvb,A03,train,A3
0aJY5MmeUQLNjuQ0,A05,train,A3
0bj5V3wgiXhnU3Dv,A06,unlisted,A1
0gWmNaermdMD62tk,A06,train,A1
0heCwhFpQnxJmAj5,A01,train,A2
0hoCQGQAX4lAGq4N,B01,train,B
0j0Omdm1ZwGkfEZ9,A01,test,A2
0kSGSN32GWEzbV2u,A07,unlisted,A1
0l3c2sxZRuBVhg2W,A07,test,A1
0lb8z2CJVJpgDgZY,A06,train,A1
0lk8Uns6GCrKnMeB,A05,train,A3
0lw9A7sXGwIB6tFB,B02,train,B
0lz6epqbSN3Eof3i,B02,train,B
0mMw0RdPTZdCGBCC,B02,train,B
0mbbbshnl0XReeqC,A06,train,A1
0mkR6NdY5gXd4l1M,A01,train,A2
0mqbB5m2yIbe4NMc,B03,train,B
0od9CY9Q4CKZMFue,B02,train,B
0orOOw03WW9OTxEp,A02,test,A3
0osXjXBzKJ98dANS,A07,train,A1
0pAcgRa77LVPNKpY,A01,train,A2
0pTrAB9K1tq6FYnS,A02,train,A3
0prQKJOOxlNE1owz,A07,test,A1
0qAbkepBWI2IsexF,B02,train,B
0qnr9jkLM3Q1FIxn,B02,test,B
0rQmhnOTWuSRRFta,A01,train,A2
0rk1s1XuWmTjbBur,B02,train,B
0roM9mD7zKaqlAGg,A05,unlisted,A3
0sDkBsN6dSH5jD1P,A05,test,A1
0sh6VmDlDEQ5yHxE,A04,train,A1
0uBeAe2LDmJqYq9X,A04,train,A1
0veJ7lEuwn5Krl8V,A05,train,A3
0w5KNUgXh5FmKcYz,B02,train,B
0wm1HqLu4ThzUoZj,A05,train,A1
0x7CLKlC5bF8QKw4,A07,train,A1
0ywPYWQA23Hs80Xe,B03,test,B
0yzdjCgzJLlDH5OJ,A01,train,A2
0z7Z59DyN3LPlqkC,A06,train,A1
0zQO0roVQTpwAjmL,B02,test,B
10QrhU8DPSyyasuA,A02,train,A1
10gOcS95oX0kSphL,B01,train,B
114nzU7XAM7nmiFB,A03,train,A1
11iuHKmFVcYPIuRH,A05,train,A3
13h6IcSjyRyOLZh6,A03,train,A1
13pQPV2nSeeFdnaQ,A05,train,A1
148GoWNoan9NWwpM,B02,train,B
14IXk49pslIq7TaU,A03,train,A1
14eGgIyKzMioXrq5,A01,test,A2
15gGUNhshYgFmMmX,A05,test,A3
15qhODBLk4TS3YFW,A06,train,A1
15tNBocSL6yAz3CW,B02,test,B
16B9hYmKqtNGI2Yp,A07,test,A1
16e55iHtdnopLWLE,A05,train,A3
17EGzd8T7Z4ihxKL,A04,train,A1
17MomXxIoWG0tmR1,A07,train,A1
18UjwtvDYnHEwEgC,A04,train,A1
18fCCrK19SfhXEBC,B02,train,B
19fRhOwWMgnlBItl,A01,test,A2
1B00nA5hPYeZiH2F,B02,unlisted,B
1BJCFSYqRhJ5BPwl,A05,train,A1
1BjRNfVdUGFo0Njk,A05,train,A3
1BlKycOk8YTM2B8P,B02,train,B
1BqabeKeQX2P7V6u,B01,test,B
1C9RlZ46PTW6FeIA,A03,train,A1
1DpgDn9K3tWBS6jr,A05,train,A1
1ES1iWTECNa5fbqn,A05,unlisted,A3
1FNA88rcSxnCC8p2,A05,test,A1
1FnhRcitkyZsuMUZ,A01,train,A2
1He1NsieDM2qkPXS,A07,train,A1
1HuW8bQ2bDjHGQL9,A03,train,A3
1IBeZ421t05ilM5o,A03,train,A1
1IQ3BZVPaFSGf1Wp,B02,train,B
1J0VX8ck59Y7022i,B02,train,B
1J2dBwmmO6mYevmQ,A05,train,A1
1JIyRk0e5EwTaPId,A06,train,A1
1K7VQDZsUHYQNlwc,A02,unlisted,A1
1LkKJ4P9ajTHr8Pq,A01,train,A2
1LoCqt5P2c0oQ5Lq,A05,train,A1
1LrXN25dFz88Spt3,A05,test,A3
1LsMAGOsnBq0wVpH,A07,train,A3
1NUV8e9YtVPQo2c3,A06,train,A1
1NYoYYtirPO2jsay,A07,train,A1
1NdcmtyHBgSyndEa,A05,unlisted,A3
1OHly3m7k3zZCAVo,A01,test,A2
1OQyYV09ehJBG33b,A04,train,A1
1OZHPQTQ5gyStCdM,A06,train,A1
1PaOtNfdyVa4fHpA,A07,test,A1
1RVuCVydhJZXHoar,B01,train,B
1S6xfB2gpBLzHfz3,A05,train,A1
1S9BAdOg3Xr1UUr5,A06,train,A1
1SSw2BiEvkGa9ahA,A02,test,A3
1Uf9NYUG7jEmZtZI,A05,train,A3
1UtDvrUFmR3PC2Dc,B01,unlisted,B
1V65QKQ1bg5tc4vB,B02,test,B
1VQZ8dS6YQpqJytO,A05,train,A3
1VRzuhRKIiu19YnW,A05,train,A3
1VhSU5dvy8Tov9PH,B03,train,B
1XD7EifgiCgSzHga,B01,test,B
1XRVLY91wFVMt1Fx,A06,test,A1
1XfvSly9zx0vK2er,A04,test,A1
1XwDnB73vQsSRa3s,A04,train,A1
1YHqj2lEn3zV1iDU,A06,train,A1
1ZMOluz98C1N7ESX,B01,train,B
1ZNkQXKXNddCzISB,A04,train,A1
1Zs6KlbsKMnbT9As,B02,train,B
1b7lugSCyiOKJmmq,A04,test,A1
1bga6jWiiUhkSzJ1,B02,train,B
1dZ7KBi8OyUlz5uH,A05,test,A3
1eV8c36Mus9MyJAg,A01,train,A2
1edBIb3eCD44Wb6n,A06,train,A1
1hIfwyb2v2skEdDM,A04,train,A1
1iphKVG7hHQ1L8X7,A05,train,A1
1jJ8UMHBhXspthdp,A05,test,A3
1jkqhkuWYaTn2HRn,A01,train,A2
1lGxcTsgAjWDva2Z,B02,train,B
1mXrzIjpLYXt2GrO,A05,unlisted,A1
1nzgFYbAeF9OenRA,A05,test,A3
1o1fOWEWpcoolqLY,A07,test,A1
1o7U0DJcqMGF1Bib,B01,train,B
1oHGkWjXggtZVvCF,A07,train,A1
1pjoYKQeTKUoQlvi,A05,train,A3
1qmhlQZK2d2W7JDP,A07,train,A1
1r1HsYsEMpBUYQwA,A05,train,A1
1s8Yupy1sNKzgTdF,B01,train,B
1uNl6zOy8qIBNQIN,A05,unlisted,A1
1utesWaIOvDN6728,B02,train,B
1v5WO5CWYR9Ysgf6,A01,train,A2
1vRG2yH4TcqSmMqj,A01,train,A2
1vn3Fex5wEphbwla,A02,test,A3
1wiG5k9iT8ZWyg1K,B03,train,B
1xJ0jy0bGl2vl8QA,A06,test,A1
1xP4FBMh9FgBkdXs,A06,train,A1
1xbuBYyuJJVmZnNG,A05,train,A3
243Efrgr29lBU5si,A01,train,A2
24pmw30MZOGPqId1,B02,train,B
259Ksw56mJJlnipt,B02,train,B
25QaQd6DRUoZxXOB,A02,train,A3
25u5Tk5LU8xHa8Qz,A05,train,A1
267xSV848jfudVh1,A07,test,A1
26SIR8h8kMlp4Uz7,A02,unlisted,A3
27HMZThz0UJ3pgEg,B03,train,B
27U0RhGDWuHJcsgs,A01,test,A2
280Jo59JRJO9lTf9,A03,train,A1
28i5Fm0YKNEqhvMj,A04,train,A1
29IotFQ5CVcwfaP0,A01,train,A2
29Mc3hdDLioEXjLJ,A06,unlisted,A1
2A1FnBz1tHupjb3Q,A07,train,A1
2Am6SzvKFlFzDBHF,A03,train,A1
2AopDNk5l6orgapQ,A05,train,A3
2AqjwN98FQ7iav2v,A03,train,A1
2BJ8SFYoT2VdsxfM,A06,train,A1
2BN6P2rvrrZgqPLz,A05,unlisted,A1
2BpLwzgiVzW1y7XC,A06,train,A1
2BszUvG5I7KLJFlr,A01,train,A2
2CF6LDOiqDMixSVq,A03,unlisted,A3
2Ch12a3fsE3IlqZD,B02,test,B
2D6vMD3J62nousGG,A06,train,A1
2DvJXNMETQxTChgW,A06,train,A1
2FQY1OB7TWqI3qXz,A05,test,A1
2FYdfrQLDiSyGi49,A02,unlisted,A1
2FoTCZS86hgkiiV8,A05,test,A3
2FwCdxn0lcKTpyeo,B01,train,B
2G5R0gi9WYA6dr3P,A05,train,A1
2GVTk6xsn89eHnZ0,A06,train,A1
2HF3nLE1DraUBV3p,A05,train,A3
2IATTQzag0oGuuVa,A02,train,A3
2InsqdtKzZoNV9fT,A07,train,A1
2JIoSPp3gIpIbhzL,B03,train,B
2JromFMUFBB82kFQ,A05,test,A1
2JudIfOqm6l1lTKG,A03,train,A3
2K5sgBY468TW4yCq,A02,train,A3
2KEtiP3uwhpUBcKd,A06,test,A1
2KW2WCEcogSZEaxB,B02,train,B
2Ka0JePDdd3miFSz,A04,test,A1
2KulvEqEEErpCOkf,A01,train,A2
2LeOtpJJjp5kuPxS,A06,train,A1
2LgLvreKZHEBnwYe,A07,test,A1
2MRYCciepXPxxy8K,A05,train,A3
2MVN1Ufx3mdqruda,A05,test,A1
2NVzNO5gbW69W48I,A01,train,A2
2OGnY9jxIkYpI8B9,A05,train,A1
2OdfQFZuXk2k2ELW,B03,train,B
2Pxh4b0BrcFc9DHn,A02,train,A1
2QLmsVxhCoKkZiiL,A03,unlisted,A1
2QVDy5QJpUgzdJ3l,A05,unlisted,A1
2S5gUysMmTj3H4KY,A05,train,A1
2T0vjBNNXdhVxkn1,A02,test,A1
2TGciFYft1RJ3Dk5,A05,test,A3
2U9XCV3ZnyZHoIxQ,A02,train,A1
2UUoiAOesot3dSQ5,B02,test,B
2UVnaBeFJNnTlcAS,A05,test,A3
2V8r8Lwwk2GXUNpG,A05,train,A3
2W5raYkBShmwmsju,B01,test,B
2WrwlpMPSuKAXcip,A02,unlisted,A1
2WuwF8h57zBZol9G,A04,train,A1
2Y7Ud1xzaLPtrOz3,A01,train,A2
2YAwUvLj5fTHLuyI,A01,test,A2
2YImftXDjEBbhk5j,A05,train,A3
2YTTFF2An3JY8oX8,B01,train,B
2YjzLWwIRjBQrfYJ,A07,train,A1
2Z8pnVcCXbyAAR5F,B02,train,B
2ZejQi2Gj3WeEGeK,A05,unlisted,A3
2a3w6Toe13fcwRJ8,A03,train,A1
2cXiIw9eu3u7oQnm,A07,test,A1
2ccrKI22oT2ke0Pf,A05,train,A1
2cdfCaDJ98giRTNs,A07,train,A1
2clomzf5A9wvGbAW,A03,train,A1
2dGWTiQjCCXvtCX1,A03,train,A1
2dhN4UovsvYTR5co,A05,train,A3
2e51ZE8RxlaRFRgz,A05,train,A3
2eSl3HNp5q6GkIa6,B02,test,B
2eWEY4EM27Q0UU8s,A01,train,A2
2fgffYVajIBF5f7Y,A07,train,A1
2gxhgqXvu4hlKnLZ,A05,test,A3
2iDMJd7wTVLRxPb6,A05,train,A3
2jqpwJ9AfFAIkk8u,A07,train,A1
2jy8BR1k7dgwEl8d,A06,unlisted,A1
2kNnsSVfQEilmkMF,A05,train,A3
2kbJzvBREwWzzeHU,A06,train,A1
2kvASFsQ8z0WJcDf,A05,test,A3
2m8vSp7Wvl9eweFm,A01,train,A2
2mWELvGkL6gvI98O,A03,train,A3
2mrd98zsy5HA5EDu,A06,test,A1
2nuLYXydaa4eJQRj,B02,train,B
2oRhn34mYAhaP7YN,A06,unlisted,A3
2ooZXGXsfzi7WR0L,B01,train,B
2ozi1Own8zA4ADUC,A07,train,A1
2poSTDlcMrJrfVmU,A03,train,A3
2q4XL6UQj52PGfva,A05,train,A3
2q4gVHkFXFgYhtJJ,B01,unlisted,B
2qdcNpQUUHa33I7U,B03,train,B
2rE4Kl6R5pdv9D04,B03,test,B
2sWyICOTDWsLRjKs,B01,test,B
2tqVGDygRZva0TWs,A03,train,A1
2uXhwofies5eR2oT,B02,train,B
2vb8Z6wQWXPRlAcl,A02,unlisted,A3
2wVAa1ByULUMl739,A07,test,A1
2z3wHTMzmvLvOR1E,A05,train,A1
2z9CHRX74Mqxgg29,B02,train,B
2zFWDs07Ck73lzsa,A05,unlisted,A3
2zLG0JZJsSYnNmWX,A07,train,A1
2zlwpRLq3Ug6Gxrv,B02,unlisted,B
2znD0YmTvgWAc7O1,A05,train,A3
30PyrOPCxahhfhFP,A05,train,A3
31CHVaEiXDMWdToD,A06,unlisted,A1
32605K4Fi1rvjJrh,A05,train,A1
3332BLdf2qNC6ffb,A07,test,A3
33FEtgnfn6xeGRma,A05,unlisted,A3
33UUU1NLhuhZ9tVg,A01,test,A2
33o5fNcUPwCDiarW,A05,train,A3
343vUE2H88OizmII,B03,train,B
34eJBM0tG0tzRDsD,B02,train,B
35UJ3WIZVAFOk1ug,B02,unlisted,B
35qNjZwqOmtTv0cj,A01,train,A2
36AzkhiIAEVey953,A05,train,A1
37E5BATnl2FQLSTd,A03,train,A3
39OxXj3Evaxz5IGO,B01,unlisted,B
39cqDb2KVfedVp0t,A05,train,A3
39dak3AWZS6dfuhv,A05,train,A3
3ATzohB15YBNy1JE,A07,train,A1
3BYU7VWdZgJy8U7R,A07,test,A1
3C4C4DCMxDcWPnKK,A02,test,A1
3COir8VRRrXF7TM0,B01,train,B
3DO3vYQgNhdTim6V,A05,unlisted,A1
3Dk4zfJ4KgaKwog7,B02,test,B
3FQcedBxmzcwsYU0,A01,train,A2
3FePH8BcvyUTzIGa,A03,train,A3
3GMQgTd78CZD91Wh,A05,unlisted,A3
3HD1dfdr1PgvMg0s,A05,train,A1
3HXJGaaSpaav7mDI,B01,train,B
3HolfvkK7cd19Fse,B02,train,B
3IVyZNKLBLHGXj44,A06,train,A1
3J3dQymuGwobU1fb,A07,train,A1
3Jd9swbwkfejWd1n,A02,train,A1
3JyPMRah7BH53ejW,B02,train,B
3KE4wDpnX0BJXPWl,B01,train,B
3KGV1V4fxvvfJtLw,B02,train,B
3KPWRokCeZ2csbuq,A07,train,A1
3LT3xp7el36dcHXv,A01,train,A2
3LilQldxyiPbg9QV,A03,train,A1
3LoqBuSdlWFuG8Bd,B02,train,B
3NQ6EnkaYonf7ZNj,A05,train,A1
3NyZ0vCSVx2mWPFY,B02,train,B
3OjzxaBY0Q5ljL8l,A05,train,A3
3Q3jk3jlXTdAttUX,A07,train,A1
3QRn6pjkjOSX0CoS,A05,train,A1
3SUBokfmU5Zx05Ia,A05,train,A3
3T8vpteNv3WiYWGW,A06,train,A1
3WAAGdJ0YNwWatZV,A02,unlisted,A1
3X0isDj12J76Apn0,A05,test,A3
3X8XLgUVSy8Pq3OO,A03,train,A1
3XThBktVRQzNUIHU,B02,train,B
3Xd3PvrhZxB4zVC5,A03,unlisted,A3
3YWtT2uTcrAfF4px,A05,train,A3
3YaxWayIjfQ1kloO,A07,train,A1
3ZCkKrYCBp6JaIo9,A06,train,A1
3ZxOeKcOr5wUYyk0,A02,train,A3
3aNjJcp5oCZfqjRh,A01,train,A2
3aYSNLHYAhAjjKLL,A05,test,A3
3bHQbwPSDOee402F,B02,test,B
3bkcIaQT7gK912kM,A06,train,A1
3cAEKtKC5vYyE1U1,A03,train,A1
3cCqw30fC3hXZpnZ,A05,test,A1
3d7lglLZeIkmAm2E,B01,train,B
3dH4nxyz4Mf03Wby,A05,train,A3
3dpVczCoInW3XdiG,A05,test,A3
3duQasRWuMWyO2gN,B02,train,B
3eKfiYHtghFodMIv,A06,test,A1
3eaUaVZv36NejLO9,A07,test,A1
3emZWLUQJnEn36vt,A05,test,A1
3evlRU96UPHFm1nK,A06,train,A1
3fZdCKHppqZVlS7P,A05,test,A1
3flKM48wC7Y5a7Zr,A07,train,A1
3gTSyCSYDs80myd1,A01,train,A1
3gv0CwP8Q3i5lNud,A01,test,A2
3hfE3NCj0WALNMNr,A07,train,A1
3iWJWzFR5Gv6f9wR,B02,train,B
3ijfGIpT0qOZRuS7,A05,train,A3
3j3qquw8Bvlnligt,B02,train,B
3kBqy9NFNwc2UIdY,B02,test,B
3kHzHgflUnObnHGv,A06,train,A1
3lSgDEOX5mvP8W7f,A04,train,A1
3mUjdN6wOLPSlIrH,B03,test,B
3n6xkUsTCWGFU3gj,A05,test,A3
3n99KD4mXt1xgmRQ,B02,train,B
3nmWKVVt1SRn4L0t,A03,train,A1
3qORES0hxGUKb2qk,A06,train,A1
3qg0jJo2Yo49pD5j,A07,train,A1
3qzKr9H1X0sTU4gk,B02,train,B
3rU4hX5bvZBrHeqT,A07,unlisted,A1
3sGK90HG66bXoUgx,A05,train,A3
3sJrMg5dku8WylwZ,A05,train,A3
3sxH9rFtmZzlhTmb,A05,train,A3
3sxLxwa9J9ddjON5,A01,test,A2
3sz3PDoHz1Y3vyMa,A04,test,A1
3vO4uEV8rlfzUrpu,A03,train,A1
3vaz098miVDY18d7,B02,train,B
3vvacXumVuEY62OO,B02,train,B
3wDD4BlRA4iyp8zC,A02,train,A3
3wK1giuCntNGLK58,A07,train,A1
3wPbWUgzZFBES3gG,A05,train,A1
3xWyyUNvRDKcbRhk,A06,train,A1
3xcJOXyKiQ1iD283,B02,train,B
3xxPDRAXHYHQUfv5,A03,unlisted,A1
3yxEhv5zWT2to5H3,A05,train,A1
3zCEGsG5e1Bwlrqq,A06,train,A1
3zMguIvuDs29L7by,A05,train,A3
40BA73h3XoVP2M7a,A05,train,A3
42VHyFIxvqF4aYeG,B02,test,B
42YP1QnJp3bRFDv3,A03,train,A1
43ANVj77p3kZZl4A,A06,train,A1
45hJ7ilVlAA42E6K,A07,train,A1
46E1O3apKBZ5M39B,A05,train,A3
46aveAzBcTIZh2ln,A04,test,A1
47jW8wRTNWdUGqgL,A06,test,A1
48Ju6NoPeO0D6StP,A07,train,A1
48MQ0jL6VMY8UJpn,A06,train,A1
49Y8hZ7t7sgwRlLH,A05,train,A1
4B4Tehj47iYmmIyS,A05,train,A3
4BBOF9VqEEPOiWdT,B01,test,B
4BOXvhynMhDkEgXv,B02,train,B
4BnNG9Zu4R8vOqWT,A05,train,A1
4C5nfv7pNhfZqYMI,A05,test,A3
4CX8r7WzBUuQovnJ,A07,train,A1
4CXPmLZONWDaqWAM,A03,train,A3
4DFTvwqkB2eLT3bp,A05,test,A1
4DsnLbOz0q6IqEFm,B02,train,B
4EivAd0syZD5GkPc,B02,train,B
4FDahhRvtRNg19DR,A04,train,A1
4GprGrMjRSSBFUtI,A02,test,A1
4GtMFxyYwU7CISo1,B02,train,B
4IAqmaTVYaKHhHay,A06,unlisted,A1
4IDUX9g16EPOSFu0,A05,train,A3
4IKJm3QZcvEtQ0IJ,A07,train,A1
4JEeD7eou8R4Mnw5,A01,train,A2
4KErc7eR7r5IKQcl,A05,train,A3
4Lr6q4VoUgY0r6SP,A06,test,A1
4MDlMv01Cuw4hjBn,B02,train,B
4NZNdZKHtT4RYe6k,A05,test,A3
4Nxo6Yf4cRP2kQLE,A02,test,A3
4Oc8OOapiLy38oRm,A05,unlisted,A3
4OmnsTRPo7WTOc9W,A01,train,A2
4PV6rASaA0Ayr15m,A05,unlisted,A3
4Py29m6mVVaSI0mm,A07,train,A1
4Qz2qjTvIwzi6yg2,A05,train,A3
4RcNPdVYpS0Jaj2g,A06,test,A1
4RqjsMg2AjBmhFDE,B02,test,B
4T3KjmXjntlgbIM8,A07,train,A1
4TYcHgCD04c4pHIz,A05,train,A1
4TkFBitTyFWhKRFQ,A03,train,A1
4UGS9c9zz7tUEb7Z,A07,train,A1
4UnBHrK4Nugwskhs,A05,unlisted,A3
4UvcO2ggprq7MyI6,A01,train,A2
4V3AP3xwNN8WLe89,B02,test,B
4VGt1SJ3uTV7JOnm,A05,train,A3
4VrWvM9NAIjirnf6,A01,train,A2
4W226Jw5xCOTh6Be,A05,train,A1
4WIMUkkKOc3zq0gM,B02,test,B
4Y3H0NPUKWow83tR,A03,train,A3
4Y7jxETx0tbP95Mc,A05,train,A1
4Znn0LMPwczzSzPF,A01,train,A2
4ZpuTwXjY405ImOn,A07,unlisted,A1
4ax7uiy31KAxIRlW,A05,unlisted,A3
4ca2iQPkvw5C9Nr4,A05,unlisted,A1
4ccjZtxOoLP4oe9p,A07,test,A1
4cyrK32RpExNYass,B02,test,B
4djkWNdRfrCQBFMC,A05,train,A1
4dnbGOIcHO5392eD,A05,train,A1
4f0oEdScUSTeQSDr,A01,train,A2
4fOk1KG0Pp8ZuHqs,B02,train,B
4fetzTUEHAXA0Kei,A05,train,A1
4fgZU3mJya7rE1Lr,A07,train,A1
4hOjvplv7gkfWPUX,A04,test,A1
4hlCUmUgFT3sRU3Q,A03,train,A1
4iYTgLRt720bit5D,A05,train,A1
4kGBhajHwOvW1gqp,B02,train,B
4kJHoznTvI8dQxWn,A01,train,A2
4nV8tOw4dkMuGzCW,A04,train,A1
4oW757GgABXr9KzL,A05,test,A1
4qF3zwG4TSmNQXT2,B02,train,B
4qNiElGdNamh3CJ3,A04,train,A1
4s3offmR26jZyygg,A03,train,A1
4s5B9C1BXqjGhjTR,A01,train,A2
4sOpnMYO1vl4PZFx,A05,train,A3
4sUTy9A18RPVxYEZ,A05,train,A3
4sk17nCkqBBC3yV2,B02,train,B
4tKNY2m9l4mgl1XZ,A07,train,A1
4v8ljMY0nliKDQRl,B02,train,B
4wXSHorPPXrobi0L,B02,train,B
4wkQqWYnIFi2QbCu,B02,test,B
4yFnuUaEJWfVdQFl,B02,train,B
4yLtUAW47U3fgOKX,A07,train,A1
4yZREsb0Y9YSvnyi,A02,train,A1
4zGU7V10yih9gYbi,A05,unlisted,A3
50AjyoFDLl4VZW7C,A05,test,A1
50LI0lgOmqH7AkKI,A05,train,A1
50yTdPoz2Cnnyerl,B02,train,B
51AjLmd7KZPyhw3d,A01,train,A2
51DTjBlUH9PrNZ6I,A05,test,A3
51Is42BZaHgbyjdQ,A05,test,A3
51X1nEewj41TrmYh,B02,train,B
521Zvhc8Ddk7KB0U,A05,test,A3
53I5vDY0A7Vd1HtK,A05,train,A3
53M3DDL7xnye5raJ,B02,unlisted,B
540y3NCvDv2YxqzY,A01,train,A2
54aEm8ZLLlX1G1Nf,A03,train,A3
55NbGIVVPdzGZmfW,B02,test,B
58mzM9UOi1mYuorI,A07,train,A1
58xuUAeMiieXHJi4,A07,train,A1
5A9sJpVqQiDS415L,B03,unlisted,B
5BwizSJpTshv505v,A05,train,A3
5ByLs3mBtn9BwRSm,B02,test,B
5CvNYgLilzCeSogE,A05,unlisted,A1
5DCjjVWyA8b3iYuy,A05,train,A3
5EYrJvKYvSm5i9uY,A05,train,A1
5FDJ2S72SQUSas6w,A04,train,A1
5GPoqzPnPH0Mg4Bf,B02,train,B
5Gbf3DFfRbAiKsx3,B02,unlisted,B
5HguAFu2sh0nYvrO,B01,train,B
5IgPYtsrksWJ32rj,A07,train,A1
5J5pKHkRykirtrFj,A05,train,A3
5JaYHCXmvtpE3Q6J,A07,train,A1
5JdiwoObGrmEUzNN,A06,train,A1
5JewYPldGL3Rwih2,B03,train,B
5KaPaEpFLsNLN2Y8,A03,train,A3
5Kteiq67Syavf9zq,A04,train,A1
5Kx7i8eYDxvGu9hD,A05,test,A3
5L3bEhqeyOYoRSoZ,A05,train,A3
5M0pgumMHVmWMfji,A06,unlisted,A1
5M5oR52kZsAEePTP,B02,train,B
5NUBDy6QlSKgzS8c,A05,train,A1
5NbeCdSZyB0H6yp0,B01,test,B
5O0IFPPrNuwMfdNj,B02,train,B
5O1IEicLNIBPu1Qy,A06,train,A1
5OOq9SHy94KQYyY7,A02,train,A3
5OccY1thuHMonnxi,A02,test,A1
5P3JF6g01I6mO4s5,B02,unlisted,B
5P3sPZybLgihb42q,A02,test,A1
5PpzZgbd65DZDaWe,A03,unlisted,A1
5QSbZqH67HzLRold,A06,train,A1
5QXHPGkXWezPug3e,A07,train,A1
5RbF9LQzXtURcpOO,A02,train,A3
5SBSKp2ISc5ugqwp,B02,train,B
5SqgTBDyjgZIFVsp,B02,train,B
5TTXn3gECMavptc6,B02,train,B
5Ttj4wbDZ6toH2ic,B02,train,B
5U3SObMEq9PYXLKo,A07,unlisted,A1
5W5FSWMGkLobvuFE,B01,train,B
5WAeibYKkJf0SPuE,A07,test,A1
5YpfvklP6KS3gOZb,A05,train,A1
5c2b19kEWoaaQ2GB,A05,train,A1
5d98ZDbQAvNqHb3u,A05,test,A1
5dloZHc9ze4D3sX2,A05,train,A3
5doDnoFTJXrdyRTe,A02,test,A1
5fg6hZ3GqQbzwqGI,A02,train,A1
5hLE76qPbcvAqmv4,A06,train,A1
5hPYf7Fz46fDbygn,A01,train,A2
5hdmpWMLpFGWGy8h,A05,train,A3
5j5hfC9bU1IGOL9s,A07,test,A1
5k8A0htXu4tnTZdC,A05,test,A3
5kFi0TVUAgqNmmh7,A05,test,A3
5kFsAkg2nntxK4Tw,B02,test,B
5kTI5aWWhHnjpxnc,A07,train,A1
5lNKtzJ1atsnBYLM,A05,test,A3
5lZQwhSdHxFoHmJT,A04,train,A1
5mRM4WLOyqEFXhIm,A03,train,A3
5nSR44wop9nxbh9z,B02,train,B
5oF43qJZVZUwU6Vj,B03,test,B
5pn2VHjii2irccuo,A07,test,A1
5qMbB4b2HPlFBhba,B02,train,B
5qQyslLM4GClqCUn,B03,train,B
5ql1df55Bv9Wtkmw,A06,test,A1
5sFX4xspPfGIzYtx,B02,train,B
5snfYRc7DDkkjJDq,B02,train,B
5uF3MIflmG9DJ7Tb,A05,train,A3
5uGrWvBjEg5PmDdO,A01,train,A2
5uVLnbmlOcDO4xBa,A02,train,A1
5vAr8dDkn0ir23El,A07,test,A3
5wRYTvMOk7GSNFrI,A07,test,A3
5xWk9kubhmLt6GSP,A05,train,A3
5y4unaLjqV9Asnb6,A01,train,A2
5yWeBTAjKz4Z9wI3,B01,train,B
5yd67CuBKSMNemJ9,A07,unlisted,A1
5z0BGufzQgliEu7p,A05,train,A3
5zRUeTPWyqhCbavm,A04,train,A1
5zUiX3v8kzYailhB,A07,test,A1
60cP2xzIi4afEQxp,A07,unlisted,A1
61Vv8PJSurRjgRG2,A07,test,A1
62w4Uqq6HDJKc80Z,B03,test,B
63QHtDP9bdE2zBRg,A05,train,A3
64qUUxr6ig0JwRsx,A05,test,A3
65I6eUyKmYrULhaY,B02,train,B
65jDI4xojsOUl99y,A05,train,A3
66CHrT6zq5aWhvCC,A01,train,A2
66kgnjGo1mY5JNS1,A05,train,A3
66nula27BklZydRK,B02,train,B
67aCyQIfCPacBIe5,B01,train,B
68CNOhib0Ck65VUc,B02,train,B
68QwGt2k1Q4JlsgE,A05,train,A1
68XTQQxO8JgaswWF,A02,train,A1
68oegBchwy2vp44K,B02,train,B
69p7rZuelMHjMPVq,B02,train,B
69wtHsTCn6HwCW0F,A03,test,A1
6AZbUD25qw0Rww9p,A06,unlisted,A1
6BElc1hlNwMb528p,B01,test,B
6BG8YK5KoncxnSFr,B02,train,B
6CGYnsdFL1ROZmi8,A01,unlisted,A2
6CgWci4yEyEkXbLS,A07,train,A1
6CzKMmn8dpJfuBLu,B02,test,B
6DHI4NkeqhIhcdDk,A01,train,A2
6EeO5ROl3Gb9YAf8,B01,test,B
6ErMq1Ryw1OnL1Gs,A05,train,A1
6EtdIS453FF3iecC,A03,train,A3
6GHPNDLIHD8Evsrv,A05,train,A1
6GcIhrbmnsT1bvcJ,B01,train,B
6HaDNVizOyaKRsat,B01,unlisted,B
6I0TMTkE9dURrDlm,B03,train,B
6JCca0D91NsPkad7,A07,train,A3
6LAuYAacY7O6X67o,B03,train,B
6LVP5uvmZtmmsKRD,A01,train,A2
6LbgMnZuGTXVGYLT,A05,train,A3
6O6a1V20YYH5oVmx,A05,train,A3
6PKBkMerw8LFCpAy,B02,test,B
6Pc5iM8MQNzymob9,A02,test,A1
6Py4cvLdqDownu1j,B02,train,B
6Q9xqqBd0In0I4xS,A06,train,A1
6Qx3gbs34PyoyGTg,A05,train,A3
6RfxfZH75ZWfDIGj,A05,train,A1
6SCbaQ2B5kpRNq8u,A04,train,A1
6SVyPySNfbd5W412,A06,train,A1
6SWprz9vsCZiiAMS,A05,train,A3
6TGbOgWMsqjwJQ2V,A05,train,A3
6TYkTUhfhTCOxfHT,A07,train,A1
6TZeYa37jXPjujyC,A07,test,A1
6U6ZefyJzJu2rHD6,A05,train,A3
6VL7ky05DEOwZbrz,A01,test,A2
6WmaDed2Ie5WBKVk,B01,train,B
6XBathpqHldH83Zq,A06,train,A1
6XmBlLjsuZMQIKET,B02,train,B
6Yqpt1KPtWQAvi6B,B01,train,B
6ZE7lWuodWGgvHaI,B02,unlisted,B
6ZzbooUinUbLGkhx,A05,train,A3
6azNwPimvCI4zuXi,A05,train,A3
6b3m4yefHMkzVVbY,A05,unlisted,A1
6bPvYAA2TKY8oFvt,A07,train,A1
6biVyQWKsrDoXxQn,B02,test,B
6btTkYqcWUjvvvs6,A05,train,A1
6byNrbNCJZ7D0n09,B01,train,B
6dJA9AJHiypqnvPf,A07,unlisted,A1
6f5M1W5lCUk7C28Z,A01,train,A2
6fQCFBATBvdwlQEP,A07,test,A1
6g7PqsEJAZDsU4Oi,A06,unlisted,A1
6gVBMZZe0au2ocjg,A03,train,A3
6hylUeJPmRpWR0oL,A07,train,A1
6jAabGcizwJKTnQq,A06,train,A1
6jXh2H3x9exT8QzL,A05,train,A3
6jccAhEqemAtq77Y,A07,train,A1
6k7RFhfQDZ5vNUx2,A04,test,A1
6kWodZ3gz78rUob6,B01,train,B
6kksOgFvzeyGc5Mv,A04,train,A1
6l9h1ovTqYyNTSkj,A02,train,A3
6lax00r8v8VLyC1e,A06,test,A1
6m3Ri8ABcOR66QWa,A05,test,A3
6mUlAcXaOxTvZNxv,A05,train,A1
6maa3GUUxFz7A8zV,A05,train,A1
6nJTFmz4K1Omj8pI,A03,train,A1
6nWzHZOSfFk6cmhm,A03,test,A1
6ngD8l5oTueTnFnK,A05,train,A3
6o0C4w7bAdzGxpyf,A05,train,A3
6o52HAS5xDVfLgGi,A05,train,A1
6q1Jk8unffbBaOXL,A07,unlisted,A1
6qyKnXSTwhb4kVft,A04,train,A1
6r1Tft4kbgpr1N0Q,A01,train,A2
6re06p0OzvPmiLGu,A02,train,A1
6rlLBO0FfEwAvuQg,A05,train,A3
6sChDStSz8rGIFCf,A05,train,A3
6uyPGvm01Ma1LgRC,B02,train,B
6vKa40bVYNQ6391U,A06,train,A1
6wrKvNOVPPNiKfWR,A01,train,A2
6x6uZheB1nZMPCfs,A03,train,A3
6yURfWu7pp8cajFa,B02,train,B
702F0eMWdRYNu2UV,A02,test,A3
705O7VrjXmgilbWN,A03,train,A1
71F0nYA4vgfGLo7K,A05,test,A3
71uVMT3MrDuQESBn,B03,train,B
72ub9nLjW0T0z7et,A05,test,A3
73igFhhrI2AYvAwH,A06,unlisted,A1
741fDZOdxJV84A0x,A05,unlisted,A3
74CasCnRhtU84V45,A03,train,A3
74KPONu3OujCeECO,A05,test,A3
74Qnznezmpb2Jsyc,B01,unlisted,B
74Rkylt18v6usAka,A02,test,A3
75rzCAeDbMKxhfWc,A01,train,A2
75u6pKmwtm0vHRAr,A05,train,A3
76DvW4KJYICu2K3l,A07,train,A1
76MzbQm7n7slM61X,B01,train,B
77RmdfGBXspipf0q,A02,test,A3
77uJzMj3zpuBbcyP,B02,train,B
78OwFiWiJODdTmkj,A07,train,A1
78ZIDnWZB1mfqKmS,B02,train,B
79hJ8wURdHId7IEu,B02,train,B
79tMUVyfIdy3GzkG,A01,corrupt,A2
7AjOpUt60TfQMKRy,A07,train,A1
7AmR54qrrnuZMyOP,A06,train,A1
7BLno0YxfO1QuVGI,A06,train,A1
7BZjlemlbtSecskN,A07,train,A1
7Bs54qN1W7qHuB5k,A05,unlisted,A3
7BshOS7Qx9FJcMWD,A07,train,A1
7C2xfIU1mdryRMMc,A07,train,A1
7D0RFhoTnm830Yrs,A03,train,A1
7D9VqEAUZl85nOEb,B03,unlisted,B
7DV1LRI8XKUDVTNc,A07,test,A1
7Ei4U1aODW1oJ3T2,A03,train,A3
7FHOPHfsDBf6ZEtj,A05,test,A3
7FXj8D7ujaVIGvPT,A07,test,A1
7G2Eyw9CxUwwivGA,B01,train,B
7GXQHqiSuL9LwLN1,A05,train,A1
7GZ1fPVYD1UorhIJ,A06,test,A1
7GgPAzcjY56HX6qO,A06,test,A1
7I5YYlA8ok8fHMrZ,A01,train,A2
7IoyRTyEqjH3Bas7,A05,train,A1
7JSrigNVLppdQ5Ho,A05,test,A1
7Javvuw0CjD2VFnI,A05,unlisted,A3
7K0q8dVuKztEcpmB,B02,unlisted,B
7K2o4HUYrm2RbSRI,A05,test,A1
7K3SIt6JQtg5zW7c,A06,train,A1
7K7gvzkqfRR6ulIW,A03,train,A1
7KvTQKv4ThtZlM9w,A02,train,A3
7NDlyxiDUmOwrmvi,A05,train,A3
7O9LgsGDVShMlSRM,B01,test,B
7OVtBzbl8VqUPV4f,A06,unlisted,A1
7QGb002eI7z5qtIi,A07,test,A1
7QUTqAN28hrkTGta,B02,train,B
7QaVlv0iRRxZZOQT,B02,train,B
7RTwDwBDA9ADb6Jb,A05,train,A1
7RjZGxVckf448wuU,A03,train,A1
7RlGPPe4BI8Kyaay,B03,train,B
7Rq4JzEjlI6IoKat,A07,test,A3
7S3dq4Ychd8teqvS,A05,train,A3
7S518xIuCrNe9Wfd,A02,test,A3
7S9DADWQidhMXVRf,A05,train,A3
7SUEVOQOpMAx7kE7,B01,train,B
7T6muise5bnKDDpR,A05,unlisted,A3
7Tow88H5s2fqmO9J,A05,unlisted,A3
7U6gZs4HH3ZhwQW1,A01,train,A2
7UZX1bmzsyXID7f3,A03,unlisted,A3
7WFFMBAd2uq6G15v,B02,train,B
7WlnAQkE6oodGQKa,A01,test,A2
7YTsBM2uqHKNw7iN,A05,train,A3
7Z59YexQt4SfHx0H,A07,test,A1
7ZHsmcYMGHSoNkRc,A05,train,A3
7ZUqpvLP6Gn6NHv9,A04,unlisted,A1
7ZzS1VuuCroe8miX,A05,train,A1
7aMEa5aRlAJ5STFW,A05,train,A1
7cL8lDtLpRK0cLHf,A01,train,A2
7d6Y22onHRFVI4HR,A03,train,A1
7dH3VbsZhTRF94uB,B03,test,B
7eGjxzMzeLif8jPT,B01,train,B
7flfT8faBYRondTf,A03,train,A1
7gSIGxAVzAKvtfpk,A07,train,A1
7gfQ3dsaJoGqpVD2,B01,train,B
7gsNzoZwubfLnxn5,B03,train,B
7h9d18xLf696wVD5,B02,train,B
7hlHU4tL0ZFgHwSK,A05,train,A3
7i8hKFcx2szA2N6R,A07,unlisted,A1
7i97uwT7kmw69zgD,A05,train,A3
7iEAfPDM0tUJbRir,A05,train,A3
7jBbNmf3dyAHtSOo,A05,train,A3
7jhrUxHqSgr3QHZt,A05,train,A1
7kbhj3OMwnfJ6uab,A02,test,A3
7lDBxlJMkIBys2QS,A05,train,A3
7nneMYN2EgZhR2xo,A03,train,A1
7npGfBUDtkUmpBlM,A07,train,A1
7oPYu2dmzIChuOWz,A05,train,A3
7odwkFOdqTnyK41l,B02,test,B
7r1jROEGHwKI7GhL,B01,unlisted,B
7rfsKKlMaYaMSPAz,A07,test,A1
7rzBetUtECB7fGPW,A04,train,A1
7s4catKMg7vsDPIH,A05,train,A1
7sHtBcoTymHoL0zT,B03,train,B
7sajZ21mmHA6IBbG,A03,train,A3
7swjLY3My7twTDtr,A04,train,A1
7varDbZka3xNRyXG,A05,train,A3
7vtijqVMjkspbjoS,B02,test,B
7wSy0xgGYhkDxMf5,A03,unlisted,A1
7zHQ0zoKwVASWgoO,A07,unlisted,A1
7zIAHPBrAV1tgsE4,B01,train,B
80WGNlTG5Mh5tRn0,B01,train,B
81BwtDeNXl5FP28d,A01,test,A2
81vwmkBCNMjr31PO,B03,test,B
82mvtOuzWerUo2hw,A01,train,A2
82vUbqeFpF465jjp,A02,unlisted,A3
846T0J2zEimR7ned,A05,train,A3
84F4pQlOAx0inqOB,B01,test,B
84S5jIc1xLJjBict,A06,train,A1
84fnxRVetPHuvVYb,B03,train,B
85QhQi7IOUFfYSv3,A05,train,A3
89P7zcSPms2WZGNF,B02,train,B
89UreCyXmYXrTjx2,A05,test,A1
8A56WcB2SnYqMslN,A07,train,A3
8AEEISYk9SBw6SKy,A05,train,A3
8AwC3HmCSePRxg9Y,B01,train,B
8B5kpbZ9mMTeeXgr,A05,train,A3
8CcsjqeAUKQGhsj3,B01,train,B
8DWxKDSMxo2hKP0l,A05,train,A3
8EZeUfDdQzrIw8Z2,B02,unlisted,B
8Fmenf2NXZD5sKph,B02,test,B
8H2ITJSWZhAD6eh0,B02,train,B
8JsU2knnbYaIcxz9,A07,test,A1
8K3R5VHfGgPa9cZR,A02,train,A1
8KQ39jVUE8wcoWFo,A05,test,A1
8KtJsfS62slOT5O2,A05,unlisted,A3
8L7LqwrQ6ULrVMCj,A01,train,A2
8MP11YZ0hPpCfAYu,A01,train,A2
8Mqn9A6okDcxAgq9,A03,train,A1
8N7HXIxOkShFJMuv,A02,train,A3
8N9hEOkGrvYHtIVE,B02,unlisted,B
8NzDIKPDzcK9HEne,A06,train,A1
8P6pyAJFIIFII0oy,A05,unlisted,A1
8Q1kahXfPT6yzTL5,A05,train,A1
8Q9Up9QE6e6d1Sum,B01,test,B
8Qe2wC27oQOAHvaP,B02,train,B
8R1oEPzwqnMLLrj1,B01,train,B
8RFbyc9FW5fEqIff,A05,train,A1
8RljdKCx8vRbzgDX,A07,train,A1
8S0r6JGJK7KjgcDw,A05,train,A3
8SW0pxCNRQ3EGAQm,A07,train,A1
8Sb22Q4tnHMGmVzs,A05,train,A3
8UU69ZKin3dZPsuZ,A05,test,A3
8UV0VUuaj5D7jF3u,A05,train,A3
8Vj3aw5va4nWnadb,A07,train,A3
8WRAnp0vSrlaT5vb,B01,train,B
8XFmoijes2YgGXI1,A05,train,A3
8XRxNw8tFBfBJWdU,A01,test,A2
8Xdu6OYd52h5NI78,B01,train,B
8Z3V3UIIQ06yCH9L,A01,train,A2
8ZLZVZ6XbfDTk9kQ,A05,unlisted,A3
8ZMhpQyD4Qu8M8g6,A02,train,A1
8aRUhR4IWrXPvhsB,A04,test,A1
8cCh6gN3sFudQ8Xw,B02,train,B
8e31Tn8vnUJ96zEA,A06,unlisted,A1
8eJINnHts88CHgWW,A07,test,A1
8fnCME3Eko1AMjYL,A05,train,A1
8fqY9qoaO0haZyfr,A07,train,A1
8gevk4ykUeJ85fvM,A03,train,A1
8hB8wQzaSMtvyxnt,A06,test,A1
8iO3WFg3aKsEECvl,A05,train,A3
8iVnzNdozl0VJM1e,A07,train,A1
8kSuiV2Q5xjZ7d8D,A07,train,A1
8kVoRTYvFhuU1ZxJ,A07,train,A1
8kn3TLDy8Pzkhxre,B02,train,B
8l8WnrYo0XH6JH9c,A03,train,A3
8lGd2LO84KMYDbiq,B03,train,B
8m6hUvBE1UkAeFV7,B02,unlisted,B
8mRK9ax0xbt5tG03,A05,test,A3
8mnOUvSE5RObkS5q,B03,train,B
8nyC2jUQfe1uyCWU,A01,train,A2
8pVEIOR0y8ktnVd0,B03,train,B
8pX52OJI5t4U3Ave,A01,test,A2
8r58IpmqA5YuIy6S,B03,train,B
8rK9vd3ssp23kCg0,A01,train,A2
8rdcR8BqtPxsPDvV,A03,train,A1
8rgKAkpPXok5BbVP,A06,train,A1
8s1oFRDjMsjVQ2Z0,A06,train,A1
8tEAUvCYPSashjd4,A02,train,A1
8tSzCuX2MesLLQMw,B02,test,B
8uO5nvI30O6tA1qc,A06,train,A3
8uwnh2ScFmF5elja,B02,train,B
8vVrwu3hnNXh5K9A,A05,train,A1
8w0SwLIwhyciggKQ,A05,train,A3
8wN1va4ksj9qPXiA,B02,train,B
8whDhLDjVvelPn36,B01,test,B
8xe3LmE4HqLvne1l,B03,train,B
8y3NAp935k0u7KUu,A05,test,A3
8zPd20EvRCHNUY1U,A06,train,A1
90PHXq5Yks2nSVSh,A03,train,A3
90V8Dr7OIZN2X6B7,A07,train,A3
91YboKqXO5x31xGT,A01,test,A2
922fyKWVOj0piRFm,A07,test,A1
92J6T9Y27xbF66Sg,A03,train,A1
92Yvo835PZ6a3XKx,B01,train,B
92dvXjaOx6U5ovmX,A03,test,A1
93EADwftMCwmtfeu,A06,test,A1
94cFv3adbzN2X5NR,B02,train,B
94t3dQgGikUWEkad,A04,train,A1
95JcLlqkGF7v4Dif,A07,train,A1
95g5q6tMtlKBR4uZ,A05,test,A3
963XlsHLeavPxEKK,B02,train,B
964P0mmTC7ge8INv,A05,train,A3
96an7m9VhVWE6pSM,A05,test,A3
96h1x8Ngbod0aigu,A05,test,A3
97N4C4A2ICG22rYN,A07,train,A1
97V447T3ePCnrtDL,A02,train,A3
97oKGKOJUAIUh24H,A05,train,A3
98elRyfqNSOYMnQz,B02,train,B
98xFqctb8XxkVQSF,B01,train,B
99oICXJ4dVXY58Tu,A02,train,A3
9AiXepI7aZu6LweN,A02,train,A3
9BKOdStw5jHMZIBa,A05,test,A3
9Bb67GcVWLcgcf6s,A07,train,A1
9BmS6i4Ptk374rfP,A05,unlisted,A1
9CAkl2biUpQq8VSV,A05,train,A3
9CsOlh5i9maNWqaD,A07,train,A1
9CvovHkThbE7kJHR,A05,train,A1
9E7C4vszxJAhEkJQ,B03,train,B
9EHaxoInmUIx7zLm,A04,train,A1
9EM1zZgBwoEF3XDR,B02,train,B
9EkaqCzEBy6yTcIi,A07,train,A1
9Gf8JfyQEf5FCQgh,A01,train,A2
9GpGG5k6a6TeuhrL,B03,train,B
9IqARB5GNJQUuMo0,A03,test,A3
9JvRXcUlofW9i70R,A02,train,A3
9JxJwUvVlbeaR7hO,A01,train,A2
9K6NnVA4k9gUBZuQ,A05,test,A3
9KdYSmV0zFRI3Gek,A05,unlisted,A1
9LOWWZHYaqkxw9t5,A04,train,A1
9M1sAeP3Nd7yLT68,A01,unlisted,A2
9MbUjwuyRhY6GPsW,A05,unlisted,A3
9MzXubOrYCFowJ8y,A05,train,A3
9NeEfZ4Zydpm1VZR,B03,train,B
9OjtR469Y3UPx98a,A04,train,A1
9OntCydRRH038Iln,B01,test,B
9Qm9OusTY8YfwMZF,A04,train,A1
9QqpCXY8tJQW63PU,B03,train,B
9QrhAFJFZRTiuWWX,A05,train,A3
9RY5eiLjfpuggQ4O,B02,train,B
9Sx5ZRhI3p2Cya69,A07,train,A1
9T3VEhR6L7C8svne,A01,unlisted,A2
9T8MhQPkE7dyvMor,A06,train,A1
9V044ZsNKfuoC0cp,A05,train,A3
9VDKtidUEWjRRiRo,A02,train,A1
9Vg8WnOnqQfkplJe,A05,train,A1
9Vlswu1Fe6gXylZS,A01,train,A2
9W3yiUxodnd4ir2e,B02,train,B
9WYpEyDAJEsbq3jb,A03,train,A1
9WnZHqY88T78Cgvz,A07,train,A1
9Wvgfygw2wMqZcUD,A04,train,A1
9X8C7jkXPHLi70aY,A07,test,A1
9XAfWiN6tYpLGxiN,A05,train,A3
9XuqchsLQ2RpJR82,B01,train,B
9YRu9JdaVqmN3X33,A05,train,A3
9YeE14A7D64MKo7u,A03,train,A1
9Yyul1VsgVuFoeQG,B02,train,B
9aJ8BZf7KNn8eqTx,A05,test,A3
9aQEBvblq4ekRW2a,A05,train,A3
9acI3ilidwpiVkcI,B01,train,B
9ae8JUPDyXS3Mk1C,B02,train,B
9axRDdXlpVSE2EZU,A04,train,A1
9bVFZcBcbFr8yg1r,A03,train,A1
9buXSXJAKvaEmlgU,A05,train,A3
9cCJ5RJR4SAKGV13,A03,train,A1
9ciG9Lv3g32CgH6D,A07,test,A1
9d3AQIGYHQyCQTYs,B02,train,B
9dj4ZPfPQFC4seDq,A07,train,A1
9dq83Eh0ezFeKORd,A05,unlisted,A3
9e3BFMnceq6Ifgza,A03,train,A1
9edWAijE0kWZ8pzY,A06,train,A1
9eddjquHX2THRWBr,B02,train,B
9fDe1m4cWp8TFbND,B02,train,B
9fUvdTrpraXfalzP,B02,train,B
9gNrL91w3G7nlxeM,B01,test,B
9hPjXosn6qrdT3DS,B02,train,B
9kN8xcJzIF4Zrsfi,B02,train,B
9kaj4aq28JFf4b1o,A01,test,A2
9kgdxnPmBV4xerAP,A03,train,A1
9l5hSlqsDQ7eOD7r,A05,train,A3
9mkgAzx0X5zK4gcV,B01,train,B
9mx4CCCsfQtLcxEf,B02,train,B
9n2oPoRnrPAGb3X9,A05,test,A3
9n5GW4HdhgeZncPw,B01,train,B
9nTzbpXAGbGPvJQG,B02,train,B
9nePCK8XoeYQnPt0,B01,train,B
9npg5bIGzkpd0BUX,A02,train,A3
9nt1exN6uL51CEvT,A07,train,A1
9ogyciTiCO7tppdn,A05,train,A1
9pOWNLFWVE6YpI0Q,B02,test,B
9pYK25InuJ8trAhF,A05,test,A3
9pnLwddsFM41PREs,A05,train,A3
9scxyVDC229glxfQ,A02,unlisted,A1
9t0beBn8iNuEnWFG,A07,test,A1
9t5wgtLwgrL2SPwu,B01,train,B
9uFuM4Im0ZPm97MM,A03,train,A1
9uQhwSzTiX4E1Z3F,A05,train,A3
9vGFVwoDexBXsgu4,B02,test,B
9wEO2JnAdL8fr5NJ,A05,test,A3
9wdssHO7eGmXOlWg,A05,train,A3
9wh2Tp11XvIV5Di2,A05,train,A3
9xS5ZIMO6fgXpQQw,A07,train,A1
9xkgaHv6Hm9ODxwR,A01,test,A2
9y0JzaemZ7q7FD7J,A05,unlisted,A3
9yQmtSy5gOSwFf4O,A05,train,A3
9ysnosQHeDdxHaku,A05,train,A3
9yvlFSFx7ZHrZfUB,A05,train,A3
9zGmuWzUwiSRgvA5,A05,test,A1
A0FOd3p5MonyC2RF,A01,train,A2
A0iS8DqvzBMJoRNO,A03,train,A1
A11dEB3izsnTHT8w,A07,test,A1
A1QQdem0WGjUrflC,A05,train,A1
A2cUe9f6WNWGFW9u,A06,train,A1
A2lpTywdszc8jA6P,B02,train,B
A3HYU3omvwSCaZFC,A05,train,A3
A41l76c1zYFl7V93,A07,unlisted,A3
A43EdJbvVHVwJjrR,B01,train,B
A4PZcbhOWnBx4Shd,A03,train,A1
A5DaidVD9OeXwmDJ,A02,train,A1
A5t0jyeaE7anmxc8,A04,test,A1
A6LEZKRClNyXwNb3,A05,test,A1
A6kS9NSmmP9Drhw7,B01,train,B
A7BZNIbYOlXDBR4t,B02,train,B
A7McwOcQLyvzWJIW,A04,train,A1
A7VpyqAOavK4xuhS,B02,train,B
A7edNqhc2VeCWxMO,A06,train,A1
A8BmAGbwnFmHd1JX,B03,test,B
A8rvFQ7H8zuuWWw4,A03,train,A1
A9BGBZ47Ix0I1Vrn,A01,test,A2
A9JDzttIQWBFztKC,A06,train,A1
A9iQeJvm6P9Q3eTg,B03,train,B
A9wZxXfRRUbivazB,A05,train,A1
AAUCVW2HAez5oYoW,B03,train,B
ADmpCqyg1i2fQu1E,A04,test,A1
AEDnvMju3TuU3wzi,A05,train,A3
AEIelHGQpCNOoMPI,B02,train,B
AEbv8xhtpF4F79zL,A07,train,A1
AG4l1kGDKuTzetXf,B02,train,B
AGJSI3PRJAWec7WH,A03,test,A3
AHMUYSRoLYC56DPc,A07,train,A1
AHUUMoprxadqgNxf,A01,train,A2
AJfWzJ7ZR7khscC9,B02,unlisted,B
AJxszlffy8CaOdAk,A05,train,A3
ALAqbhdftzbf4NRm,B01,train,B
ALHUjp89XlcCkOt0,B02,train,B
ALw5QuRFFUauhJA3,B01,train,B
AMEjNzwvy0hMlDBF,A05,train,A3
AMQB9QlyeAJq0wvk,A03,train,A1
AMiKyBlFOIS6P7lJ,A05,test,A3
AN58NPhn9jW23OLp,A02,train,A1
ANK6BSVoIFYrsE4F,A01,train,A2
AOYNDeh15FMIbOGK,A05,train,A3
APJMGJUc4FCwE3O7,A01,train,A2
APmOaxyMvP9PWA6l,B02,train,B
AQLKHu7qnQTupqzi,A04,test,A1
ARpa56AcabjYx10H,A05,test,A1
ATZy7w7SYz8j2ire,A07,train,A1
ATePrG4XYYSk9SqP,B02,train,B
AUTGNr3KuqkF0AV4,A01,train,A2
AUbjIBx6U1nJn1KP,A03,train,A1
AV1UUCv6WF5q3vhX,A07,train,A1
AVgRduqh3DYfucbY,B02,train,B
AW4Bcv5coTpCr6BL,A07,train,A1
AXCBzpV4r41ZiVaI,A02,test,A1
AYjbsqpNC6pxLRPD,A07,train,A1
AZq2KE7nCHcupr2j,B02,test,B
AbaV1IM6jgVLYzm1,A07,train,A3
AcK3oVjbqJ7LLUAs,A05,test,A3
AcuVET6ZyyQY0PjF,A07,test,A1
Ad19jEzMXmZ4S3rY,B02,test,B
AenHyvr2SLB7zdk6,A01,test,A2
Afo16hD8hP1jF7Ts,A05,train,A3
AfrULMQWdY4R207N,B02,test,B
AfyziagAuw5uUCRG,A03,test,A1
Ah36eonLvAmliq6x,B02,train,B
Ah7PQ8QJULt7Tn5E,A07,train,A1
Ahet7zqqyTPf9gL2,A06,train,A1
Ahic8ctFhgp4IiyD,A05,train,A1
AiMUEU7nKQ0IPX4H,A06,train,A1
AkJJOESrS25phQ8j,A03,train,A3
AlJDTKW6iml1ysJF,A05,train,A1
AljEeatSmmSgIDvg,A07,train,A1
AlxU3viwDAfwbTT6,B02,test,B
AmLWq4lPaf28kYkp,A06,unlisted,A1
AmmDahr6dP0c7WOS,A07,test,A3
AnBi72G3gqOqRrDh,A06,train,A1
AnQSwh6VT76gbMAF,A02,train,A3
AoMMqNv6MsamJKwu,A03,train,A3
Aoii3sHP85gvuq83,A05,train,A3
AoupA6Uur0eKxhGR,A07,train,A1
AqyPFKMEclrzjNMR,A05,test,A1
ArnWGhwBhsRRLFHQ,A05,train,A3
At9rSOKh69umYjUh,A02,train,A1
AtCiuSrSoSKV3lsv,A01,train,A2
AtTdPWkSx7s40lBc,B02,test,B
AtYZFxDSYcvf1W8j,A05,train,A3
AtgrEYxopz2LSxks,A07,train,A1
Atk87owDbasfkNgX,A07,test,A1
AuEDDX3dBfj5NGGM,A04,train,A1
AudVzGHOUGxDTBXc,B02,train,B
AvDjGKYDjkyRKnsG,A07,train,A1
AwS58fhQVGBQevAr,A07,unlisted,A3
AxPtnzjEgIPCt519,A07,train,A1
AxfwJGe6xPEMoCYA,A05,unlisted,A3
Axlz4y814Kob8b7J,A07,test,A1
AyytxbuFmWbnBXOW,A05,unlisted,A3
Az2eEWVE567VeXHi,A07,unlisted,A1
AzGee4nn9NEm7BCb,A07,train,A1
AzdQ1Y6mb7KIdw8f,B03,train,B
B0E9J5TbJ5iyUrKn,A05,test,A1
B1dcrNbk7frssf8Z,A05,test,A1
B3LF272aHYwAW2Cu,B02,train,B
B3UyggEWDRj1Mrka,B02,test,B
B46VPHzOQXczPDot,A05,test,A1
B4oK8r9BHsxGnTgZ,A01,train,A2
B58v1KtVMfQW2IAI,A01,train,A2
B5GGvBIUtR81BF6A,A04,train,A1
B5KC2V5tJ1WS4yLF,B01,train,B
B5rJe4fcve8XkKOU,A01,test,A2
B6XjP7K6kueJI8Uh,A07,train,A1
B8SjIneOUrOSPmTx,A05,train,A3
B91D6rYSd5HRKgkR,B02,train,B
BAd9u3XLGAYWCICr,A07,train,A1
BAu316eOn2Ar0sPk,A07,test,A3
BBAbVSVkTadaw7mV,A05,train,A3
BBCgqIvo7oQmXhFW,B03,train,B
BC5OYCU8sPAjVaix,A06,test,A1
BCKdGWE6U6bPhHEk,A05,train,A1
BCZc0CEybtXiN6Um,A03,train,A3
BDbcMdaQq4pywOvf,A05,train,A3
BEmuQt3NatCL0WI8,B01,train,B
BEqypcdb6M01LGrR,A04,train,A1
BGlpNQVxVxqmSrqI,B01,train,B
BGvdCrxgdPyU7Bms,A07,train,A1
BH8T470otO2f8tAX,A05,train,A3
BHew23WKtXD5SqXD,A06,train,A1
BIEQFgv3AZKl8jUa,A03,train,A1
BIJxs2YuQvpX3ORz,A01,train,A2
BInQlEimJy17x1Aj,A07,train,A1
BJFM3na03XmajYGv,A03,train,A1
BJNdu54JXecIRb8h,A07,train,A1
BKxNrRzWnAJYJElx,A06,train,A1
BLvb21REZlvMlwcg,B02,train,B
BNL6EONLcRFcFuwb,A06,unlisted,A1
BOJEICPYOmlWesKM,A02,train,A1
BOUXj6iFCDDnn8eA,A05,test,A2
BPYvK2g5H6con53S,A05,train,A1
BPfTganEeiLoHRCa,A05,train,A1
BRCNrKXYym4RIpa2,A05,train,A3
BRVeiQGOK4HLNUoa,A05,train,A1
BRlGVmrAmmZtRHIM,A07,test,A3
BRrE8ZE2XUQy4m0X,B01,unlisted,B
BSIVwpVQ86048HRM,A05,train,A3
BSW4uJhCPNgQxUEJ,A07,train,A1
BSeyiWakHVhkmC3h,A07,train,A1
BSfg9LvvVobMpFnU,B03,unlisted,B
BTbk77u5yXroUqQE,A05,train,A3
BU7IrN4RM2C3UZC0,A02,train,A1
BUe23HdIqp5HH4ey,B02,train,B
BUtsMqdXwRZIevgM,A01,train,A2
BUwcz5Ky6OhRUXv6,B02,train,B
BY7CP8pVWx0mJqQi,A03,train,A3
BYNv4cLpTwuxwSCc,A04,train,A3
BYjohYs0QvMBJQSG,A03,train,A1
BZDBBS8zWdSNfLhM,B02,train,B
BZsYTf8BnHivfgE2,A01,train,A1
BaFLJnpQsdGmU0Zm,A01,test,A2
BaYTvwbHPbPcv16d,A01,train,A2
BayKI3G7iytIBi9V,A02,train,A3
BbGqHhGYPCzkaLN7,A03,train,A1
Bbaoa2ffM9APijFX,A02,unlisted,A1
Bc9G3ZuYIFsKvOeV,A07,train,A1
BcOy1k1UHK8u51e5,B03,unlisted,B
BcbfnoGMbJmTPSIA,A04,train,A1
BcyzZDMXNHAsLeix,A06,test,A1
BdQlRbOM6mfoE6JI,B01,train,B
BdpTOWKA3SebIrY8,A01,train,A2
BfeqoxfMcUy7zNPH,A06,train,A1
BfxO9sCQpfPv3y0y,A06,train,A1
Bg9paZID0m86aI6K,A05,test,A1
BjpHAKRYlklfN3yN,A05,train,A1
BkMkklk8H2omHUYf,B02,test,B
BlRLQyfXNsZpTefr,A05,train,A3
BlnVS9GQLMsLK6hN,A07,train,A1
BlrDp37eCZ32JgdP,A04,unlisted,A1
BnqtRsnOMqzGXMyV,A04,train,A1
BnzAM1HpE1wxOPxP,B02,train,B
BpxlqhpP8bjTlZ7H,B01,train,B
BqGWfSI0CYxX8rRb,A03,unlisted,A1
BqQ1fHU96vrhmnRm,A02,unlisted,A3
BqjxsMCIdyroEfN1,B02,train,B
BrJqikL2qavDT7jc,A05,test,A1
BuM3VCVtq1WkwjyQ,A03,train,A3
BuYiprPfpJMMUMsX,A05,test,A3
BuakYrLhzYpacLYS,A05,train,A3
BvTl2Xitz2NzHZv8,B02,train,B
Bwd3l6Rrj5nXHKmw,B02,train,B
Bwm4qZqlcdsjfRGB,A03,train,A1
ByMsGK8ModbxgLOS,A05,train,A3
Bym1yYOsyWvp7oot,B02,unlisted,B
Byz3qEzcJwiaGQV7,A02,test,A1
BzslBC3Y4o34xeZj,A07,train,A1
BzxUZaiHv8MZ6ev5,A02,unlisted,A3
C0BJGnJUYzHLYHjw,B02,train,B
C18tnHtlhxYcXm6f,A05,unlisted,A3
C1o6OTTPxWLIVMmX,A05,test,A3
C2rgepkuUE8ULE88,A07,train,A1
C3A7RlNAwd2EZsR3,A03,train,A1
C3DmIUVlStm8Gjer,B02,test,B
C3NGmXzmerBkRt83,A04,train,A1
C3zJah0kAMBkv9c2,B03,train,B
C4SFhbOMZpTktJaJ,A05,test,A3
C5akFGsEmttD1KYm,A01,train,A1
C6FEuYkk6wKjbAf4,A05,test,A1
C8yDxvuQziUHnpnT,A07,test,A1
C94Hlq6Rw4vzLA8r,A05,train,A1
C9K4ImPGDT7fQpvw,A02,train,A1
C9hEQIppnkW8QSfg,A05,unlisted,A1
C9qOOry6xSnlxR0u,A06,unlisted,A1
CAx2gZonvl1KsMxE,A01,train,A2
CDtrEoWxOnwXjtC3,A03,train,A1
CEYiRYfDKn0ezkwc,B03,unlisted,B
CEbvnVInnIHWqJEN,A05,train,A3
CEnWfjdx9JYJAKPS,A01,unlisted,A2
CF89W3oPEuK6tMmZ,A05,train,A1
CFkGXDeu7yxMBQNx,A02,test,A1
CFw27iS4gpxTmc5X,A07,train,A1
CGbZE5Gjmv7EU3Ht,A05,train,A3
CGrFUgbWEpGZlm9l,A01,train,A2
CHQRfhjzzSLgV75k,A05,test,A3
CHi1Ds6hTT62hC4B,A05,train,A3
CJPd5wE3TjeRwe9U,A05,train,A1
CK3BXkVrtvlCG2s8,A01,test,A2
CKB6GJz8mOQfk59Y,B02,train,B
CMmUgt3PtqPMrZYZ,B02,train,B
CMpx3N7NQR8vPJtn,A02,test,A1
CNHTI1HNkeokDoIh,B02,unlisted,B
COF7FrxK3lxs4Thi,A05,train,A3
COiiH1kbcQw36u3E,A05,train,A3
COu4ZXPAYcr3f0X8,A05,unlisted,A1
CRh0AyMJVsgA6y9g,A07,test,A1
CRsjVZSijMs2yqOo,A05,train,A3
CRvdkgQZHH4wlfg7,B03,train,B
CSjP6sAfQduefc71,A03,train,A1
CT24XlGj00CbNc7I,A05,train,A1
CUAk4AF4ywIyg1EY,A05,train,A3
CV4viruPYWcHYAP0,A07,train,A1
CVR2Vu4i90he5kCV,A02,train,A3
CVbXn1tXg153s78C,B02,test,B
CVmicmbULpFyeYIP,A05,test,A3
CWGyJXyzMrnlakKn,A06,train,A3
CWX4uIjzHiUPNxdI,A02,train,A1
CZZoOwkZAoxMxfEZ,B02,train,B
CZaeT06qk4B29Qib,A07,train,A1
CaQD4WWgjFGFXMAp,B02,test,B
CaYVhNs8WwmRNS6g,A04,train,A1
Can6yHzdv70dzpcz,A05,train,A3
CanJxdpyZcvNukNG,A07,test,A1
Cb3Ce1pMHsJkjJ9u,A05,test,A1
CbXB4WkOOx3G8DUn,B02,unlisted,B
CblDL5T5m4DfquSP,A05,train,A1
CcLxUif6suVAlmiY,A05,train,A3
CdOIRQzW6e3h0Ffn,B01,train,B
CduRh5IjwfP6hYb8,B02,train,B
CfMMap4JrNOJ00nd,A07,train,A1
CfUGhlXL85SIizAu,A05,train,A1
ChtGx4491s5eJoNw,A03,train,A3
CiMBCj2drfJBkNme,B02,test,B
CiTAYq2kOZBejUh6,A04,train,A1
CigSIYxYJKn1wG8q,B02,test,B
CjV4y2NWybIWrn4R,A05,train,A3
CjqMSdmi9iprEFes,A04,train,A1
CjuUcIPtu0UVlt7b,B01,train,B
CkVloXN4ZVhEWyeN,A01,train,A2
CkkfgnI0yKcVGE4e,A05,unlisted,A3
CkqnGcDbeOSRVDyv,A07,test,A1
ClcLRzhcZlWmDlBt,A03,train,A1
Clt9zeMgR0MX0yuF,A05,train,A3
Cnq5UY0iyZ1XvI2E,B03,train,B
Cnvnmk4EciGX0LMz,A01,test,A2
CoGoL6Rv6M21TQDi,A03,train,A3
CoUUBxj5EfFlDl03,A04,train,A1
CpWDKNQyvbF2ulFn,A05,test,A1
Cq6Gl8Soa3X8cKTC,A01,train,A2
CqDTg3xidpufOKfK,A03,train,A1
CqIayzgeS658l5AY,A03,train,A3
Cqslcuqd79Ox5f56,A01,train,A2
CrpQuvnD9Mvb6SiP,A05,train,A1
CtDq2hfkZRt0TSMc,A05,test,A1
CtyaslLp7D9gEUJ6,A03,train,A1
CuCtPVsBSutTqIjh,B02,train,B
CuRjQ6Nivw05SWx3,B02,unlisted,B
CvYCSqKrMcWijHsb,A05,unlisted,A3
Cw8GtsPT0zAZ7pY2,A07,test,A1
CwVZExFtWFuIVmoL,A05,test,A1
CwfudMPmLHoY7Xrm,A05,train,A1
CxQFISa58rg84b8S,A02,train,A1
CxcwMgF8Vp9SXKpb,A02,train,A3
CzrQs1cv7GouuT5a,B03,train,B
D1dAPJP1aj3B0LQm,A07,train,A3
D28BpdL7EDoLP0GU,B01,test,B
D2Otui6F7SeX7MnB,A06,train,A1
D2d30FsScZO7oMjw,A05,train,A3
D3I7rJCi8SIlLMDO,A05,train,A1
D3UuOLWU6rXF7Mf1,A01,train,A2
D4NdO18uVJ0pdqEa,B02,train,B
D5XSEvJceRvI0r7B,A06,train,A1
D5sRIkeC8wLtO9BS,A05,test,A3
D6VOiydlgneQGSbB,B01,train,B
D7Mhgjsq5lfeF2x6,A05,train,A3
D7jUel63z88qRu8s,B02,train,B
D7zlLklBBBCG1SGa,A07,train,A1
D96jItjzHdYMiGYj,A07,test,A1
D9ULJsIWDcsvbALO,A05,unlisted,A1
DA0BjbsDhKyaLtcP,A07,train,A1
DAixK7a17B1ka1cp,A07,train,A1
DCFArKfpzUfA2wCA,B03,unlisted,B
DCWI3Rk4cvG63OjM,A06,train,A1
DD4bSMia6ChfZw1k,A07,train,A1
DD6YIXesvysCUs1p,A07,train,A1
DDS9G3HIZL74kPT5,A02,unlisted,A1
DFlEV3PWIZgcxbN5,A03,test,A1
DIgJOd9EDN96TZrN,A01,train,A2
DKOOliqFzP47JBCc,B02,test,B
DM6NmIPMu7Ktx45J,B02,train,B
DMkCJDyC8I0kpzaO,A01,train,A2
DMqXRRRRo0oWFN21,A07,train,A1
DNm9Sli1fLeWqpNT,A05,train,A1
DPEGR3Rb92xvQ6Ni,B02,test,B
DPsYv0RW59CVFE6s,B02,train,B
DQWJl4bOTH3lKFnQ,A07,train,A1
DRrNfG3VubxS4I49,B02,train,B
DS6LQ5sw9FvKvNKx,A04,test,A1
DT8hpS05OChwmqkD,B02,train,B
DVMxASJ6EWIZQ0nW,A05,unlisted,A3
DWqgEONeGrOHabYd,A01,unlisted,A2
DX6jCOyJkMCWug7r,A05,train,A1
DXRVpURLXmHvRSlu,A05,unlisted,A1
DXUacbe6LQd947cC,B01,train,B
DY1VIAVi8Malugvm,B03,train,B
DZmrW3qZ3vHPbQeN,B03,train,B
DbjyqbBiZYBayCsT,B03,train,B
DcNLdUmhCYjgO4eY,B02,train,B
DcZFPjycVkDuEUGM,B03,test,B
DdPdFWMBX77PVnnS,B02,train,B
DdeGnixORSYzyV3e,B02,train,B
Df05Zk1Auy9wy26S,B02,train,B
Df4U8pt1RP853mVW,A05,train,A1
DgI4YduYOemEhCfE,A05,train,A3
DgpBJt9XgaemjQGY,A07,test,A1
Dh6qcbVPqLpIX8Je,A05,train,A3
DhHiFWxTsJUcfuFh,A05,train,A3
DhMVyAAB8eaiuVz6,A03,train,A1
DhleKLK9m2SP3MYf,A01,train,A2
Di5Y120oFRllvWLn,A06,train,A1
DmBEKU1M4df04aiP,A02,train,A3
DnNQujp3jIx9xwJb,A04,train,A1
Do9613kZhc4ERTHH,A04,train,A1
DoCgLHZTPOxW7RRh,A04,train,A1
DoDxvmRTqqMV7bih,A07,train,A1
DpdlLsdBKu0E6kwk,B02,unlisted,B
Dqt2gc3V5RJqmLE5,A01,train,A2
Dr31M63JkeHjCs0q,A07,train,A3
DrK1dDNCFLBe9kbJ,A06,train,A1
DrXnvg6YsMiG0Ami,A01,train,A2
DrmTMDskLiu9bhd3,A05,unlisted,A1
Dryhlp9QfMSQacjs,A01,test,A2
DsvZ7m0DhsCp91jc,A03,train,A3
DuhMyELYl4KAbvHB,B02,test,B
DvQeSLnqy5pHMbhj,A05,unlisted,A1
DwS1TYtzN0Z2lApl,A05,unlisted,A1
DwtPoCmS3r1E9yrk,A06,train,A1
DwzxugkG2XZGR4NQ,B02,unlisted,B
DxCYNbmkma07JHId,A02,train,A3
Dxd4MRxqBvRsX0bI,A07,train,A1
DyDYB4NNgvP8RYbD,A06,test,A1
Dyt9UuHRdIsmfYNA,A01,test,A2
DzEdkxt9ygAGq6sr,B01,train,B
E12gV2pyWpvLfWQZ,B01,train,B
E1ZA3zeU4p6II2Bv,B01,train,B
E1wABUuaPveIUGB8,A04,test,A1
E2GxFys3BmMepJY9,A04,train,A1
E2PaFExaUJJ6X5tK,A02,train,A3
E2wmO30KzCnDNqIC,A05,train,A1
E3Hve79LWyfaAO6r,A05,test,A1
E4lyNbnRlAPOwugo,A02,train,A3
E6pN7TkoUI3vPjci,A04,train,A1
E7Pg7oPRsPBV4YpO,B01,train,B
E7vWy2SIGSRAnVFf,B02,unlisted,B
E8AKQyIb5POysx2T,A03,train,A1
E8IcGwz3RXlDhSHD,A05,test,A1
E8hw9Y6DA60PTYVz,A05,test,A3
E99qKJJ450VvOQuH,A07,test,A1
E9XebLeaqnc7d8Yz,A05,unlisted,A3
EAH78GYbkMrS9isc,A03,test,A3
EASNjYXyJK56LqCo,B02,train,B
EAueXWMeYEOc6SJ2,A06,test,A1
EBYdY0NQbMmFg6As,A02,train,A1
EBz2UXZYeIoay9S0,A05,train,A3
EC06U91KV2mZpop1,B02,train,B
ECJo1rCf9VaAlQIo,A06,train,A1
EEx7wKwCYpV6WYus,B02,test,B
EFmywgHIrXMhNI0A,B02,train,B
EFxKnxYJBen1XtfF,A03,train,A1
EG5bhQ7Il9brYnp1,A07,train,A1
EGV4gzx5BaHH9d4R,B02,train,B
EGnz2Ohw1OKl2yAH,A01,unlisted,A2
EHBoK6f9thISpuLc,B01,train,B
EHkQzt3GEhocddlv,B01,train,B
EHyu9lD6IvIwRX3U,A07,train,A1
EIugZ0MoUwTSPJ0o,A05,test,A3
EJdMU1iWEarxip2G,A06,train,A3
EMMr9Uqpm1hFIkCo,A01,train,A2
EMV9gMy14NZQdM3e,A01,train,A2
EN5kwPjL2GuHxy37,A05,unlisted,A3
EO27lyMGATma5YfS,B02,train,B
EOJR7CbyO0EOBnvp,A07,train,A1
EQHCwqh7JfwBnjzG,A07,train,A1
EQUdngFutoHbXl4C,A06,train,A1
EQibNiweKich2JjJ,A05,train,A1
ERaEE8rxTrsEUS9Y,A05,train,A3
ESMjxXfpkFfRNv7W,A07,unlisted,A1
ESSDMSv2LK9vNtAv,A05,train,A3
ESihEQoTsaT6ltiP,A07,test,A1
ESinjOrHCAp8lNSc,A03,train,A3
EWTbtJTU8oYyqO8H,A05,unlisted,A1
EWp9oeq7xryUVSfx,A07,train,A1
EZAP4ZkhiSUd82kg,A05,train,A1
EZAmggQBwBAD3UdR,A04,train,A1
EZZYGdgGK3gwBREm,A06,train,A1
EZnmQEEEnglyJOOI,A05,test,A3
Eb1qyuyIKyLG5E7b,A06,test,A1
EbTlwNNBg9hZsnu5,A03,test,A1
EcHnOOBJVlRgsts2,A06,unlisted,A1
EcUKaAQQEBgIpXDy,A03,test,A3
EcguequVLKjbg3zB,A02,train,A3
Ecq99AlkzRH1gDZf,A06,train,A1
EcxuqKeZl7OQexfB,A02,train,A3
Ed3OLL8NeE4mGh3R,A05,train,A3
Edih44tQyeVyN1VW,A03,train,A3
EfSiVMeHrlSOPxeU,B02,train,B
EfkPD3PS7A8mVOJ7,A07,train,A1
EgRt7NnKRjukmXzY,A05,train,A1
EgWN17YT5B7hRLLO,A05,test,A1
Eghoc1ylfWSZepBN,A05,test,A3
EgyxTNBwXzzXDAsc,A05,unlisted,A3
Eh21dBzhzMdoB23D,A01,train,A2
EhRPgubAjRLh8R7D,A03,unlisted,A1
EhXbwiKGRCFaCPsw,A05,test,A3
EiydESkX1Xa8grIN,A05,train,A1
Ej4kqc5u7U7xZ05p,B02,train,B
EjBHn3N8xcXDVSbw,B03,train,B
EjlbJPOEf3k8WhHL,A02,train,A3
EkRIZETw3zQFKJhQ,A04,train,A1
EmgbnkOsfE2htYzE,A07,train,A1
EmuCWqijn9nSjj8k,A05,train,A1
EnSU1hjHkeOgYelz,B01,train,B
EnUTikV903RGpAaR,A06,train,A3
Eo8oj35Nq6xzlS6Q,A05,unlisted,A3
EoC5ibXpPFyo8JGP,A05,train,A1
EoHQ7byDN8KyDQoy,A03,train,A1
Ep7XOjODFkBXrIPI,A05,train,A1
EptOJOXudVpa0Ul3,B02,test,B
EqcXS5pEGrSRiT49,A05,train,A1
EssFfWBpNjUGlprX,A07,test,A1
EssQg9LFxQrzySZg,A07,test,A1
EtMvsxaHLQRjdpG0,A06,test,A1
Eu1lFwsPlTGT6Q3m,B02,train,B
Eul9z9usVSOF9KYp,A03,train,A3
EuneR10nT6yJxMmg,A07,train,A1
Ev7vcuBkqs10IfIV,A01,train,A2
EvpaaQf6h1KQFj8f,A07,train,A1
EvsGkfrxTWAxOQpj,A05,test,A3
ExXxCyDlMNehTvsL,A04,train,A1
Exy6jl792cJZ6TVP,A07,train,A1
F04TJpsiXPaAqmmQ,A01,train,A2
F0a8LG9h4zA9I6Jg,B03,unlisted,B
F11cuBXGia2Kji23,A05,train,A1
F155sXZoMZwoOmNq,A05,test,A3
F1fisvUwngkS135M,A05,test,A1
F2FIZaM4FpnLQEDA,A05,test,A3
F3A5l57g0TlTmzZc,A07,train,A1
F3keWFupvrdGoJPy,A07,train,A1
F3tXMXZsBStvOrPd,A01,train,A2
F48i2GDrmZhvkUDP,A05,train,A1
F4RHudZS46CH3P3B,B02,train,B
F5QqfPIylx4yxlCc,A07,train,A1
F6JPT9bRoDJLXhQj,A06,train,A1
F7Ff2FSbmcwAGC6d,A07,train,A1
F7sQuqZrOL8icusV,A02,unlisted,A3
F8DYDDp2AvW9Dytw,B03,corrupt,B
FAEf3t1KKRIBpjJL,A03,train,A1
FBSkhm8rAWfzrRye,B03,train,B
FBY4HvubFGNy1CMn,A05,train,A3
FBafS13DwW9hTVI4,B02,train,B
FBcEZIhR3MuhztHq,A03,unlisted,A3
FCRsomVkB0HZYmfL,A03,test,A1
FCbXuoztr99Zp0q9,B02,train,B
FCmOu9MxySZKRhL0,A02,unlisted,A3
FDZTQmdY5EK7aKNe,A01,test,A2
FDefJQpT8CiE0r1k,A07,train,A3
FDsTfQViFsyMlYeg,A05,train,A3
FDwWTjwT3PDjoe0y,A05,train,A3
FDyW22kvuankOw1a,A07,train,A1
FEDa5UEwbgmKPRNn,B01,train,B
FEVA71vTB460g0kS,A05,train,A1
FEz35iQHIZ9nA7pB,A05,train,A3
FFKBizRmG6YLy41w,B01,train,B
FGqBCNFdUaJPUobP,B03,train,B
FGqIvZ3IIb8WcB46,A07,test,A3
FHG7GCU4ywBS6NN1,A07,train,A1
FHXdHOGWUA6TTWBW,A03,train,A3
FKOPnbAgZILi4d5a,B02,train,B
FL4pUG4QHK1r3MfZ,B02,test,B
FMEaIydt5PpDWE6w,A01,train,A2
FMYpONJZafXR4kk7,B03,train,B
FMjaCrdxgZU0SJ2D,A01,unlisted,A2
FOmb8iZqYl5yPTBi,A07,unlisted,A1
FOtNoBz2R7ouETXU,A06,train,A1
FPk3HElE5yaQ8evo,A05,test,A3
FQJmZRFAvKe4v5n6,A07,train,A1
FRIAx9BfMq4iv7wP,A06,train,A1
FRfkhhJBd1PeIf5h,A03,train,A1
FSKowlCvAxiSTbIp,B01,test,B
FSdjngDqO59ciHVe,A01,train,A2
FT6Ce5fuMjeirNOL,A05,train,A3
FTCPos0CDsLACHVs,B02,test,B
FTDi9TG3HhSnDEcV,A04,train,A1
FU6KMOCDjjkjSBt3,B02,train,B
FUKD24ixh3HsSPdD,A07,test,A1
FUO0E7y7dkKS7MeX,A07,train,A1
FUQEsJR1UFDadEJJ,A04,train,A1
FW5y9kxYp3OGdN6A,A04,unlisted,A1
FWAXypQCUOknKU1w,A05,train,A1
FWOuOEGP3JjXSYEm,B01,test,B
FWcmR3ONfKQcuAzW,B01,unlisted,B
FWiyneKLYWwV5Py5,A07,train,A3
FZBVZ6t5RMiwQg1x,A06,unlisted,A1
FaZXVwKpNADcg50S,B01,train,B
FbnhJavmQZ3XmMzk,A03,test,A3
Fbs5fvY9uFI8OgpO,A01,train,A2
Fc2mtDxzdPf31As1,A02,unlisted,A3
FcHUopweYWXs3PQl,B02,unlisted,B
FdDiiIInrXf9noZw,A03,test,A3
Fdt7T4Se6Efa2PnS,A03,train,A1
FdwaNDvtwgaw4Ulz,A05,train,A3
Fe9mdOj8niflLJ1Y,A07,train,A1
FeLiTY30QJJMiWc3,B02,train,B
FfiGe2YrqiNrr2qa,A05,train,A1
FfnztA46TmvfV7tu,A01,test,A2
FhDr4mbP9BZJ9JhY,A03,train,A3
Fi52OHIUuYFtqJ2K,A05,train,A3
FkpT2I6BeTwLxkHT,B01,test,B
Fl64IP9dHc12e80Q,A05,unlisted,A1
Flru8wo9Z6pF81xR,A07,unlisted,A1
FnOZlU12Aa09LBGv,A02,test,A1
FpfJWaSUA8niwspP,A07,train,A1
Fpnm20jSTMSEnYRi,A07,unlisted,A1
Fqf3irUQh9wZfVYo,A05,test,A3
FqhTkuo9eQmEQNu2,A06,train,A1
FqnUnttigcAxe3cZ,A02,train,A3
FrXIHB1GMLzM3aHX,B01,train,B
FrkKWbzQPMwjlko2,A07,train,A1
Fru1svJKiK2FYv5R,A05,train,A3
FsT9ydZvj0Tn2U7Z,A06,train,A1
Fu5kdPpStqCBvcrV,A07,train,A1
FuN7WNHVO4cRgYef,A07,train,A1
Fv1ocC4AJ3g55alZ,A07,train,A1
Fv5y4eN1BVg2DyxO,B01,test,B
FvcrsYHZbzPpOlqr,A01,train,A2
FvmjiTF3RN7N21FS,B03,train,B
Fwg9lqEBraadyHCv,A03,train,A1
FyUVEaQ3WFOaaikP,A01,unlisted,A2
Fypu9Ug43sGDqL2E,B02,test,B
FzqSW36Q3MO9S6aK,A06,unlisted,A1
FzxDIA0BfcSPdcb4,A05,test,A3
G0JY1qL5SUuMe2ly,A01,train,A2
G0mct83aOEEU5VUx,A04,train,A1
G1cw9x5B7stZeLKV,A01,train,A2
G242FnNJQlgWi5v5,A01,unlisted,A2
G27BsuyuWl9jc08V,A05,train,A1
G2YBATvi8wUqJmFs,A07,unlisted,A1
G2uCGWo7RFvAQZJe,A04,train,A1
G3iB7r2iLw39gGvl,A03,train,A1
G4eFqSu5iDoY6wOm,A07,train,A3
G4hbQz79mWiYA3CW,A01,train,A2
G5dWX1BFcGU9MJEc,A07,unlisted,A1
G60ly3eQ50XebPmu,A07,train,A1
G6SmCstI4K5kmWN4,B02,train,B
G7WoVUJi8mFdQVIr,A01,train,A2
G8Lbj4koER0KdcT0,A06,train,A1
G8d6QxzjT2Bxyxas,A05,train,A1
GAg3RfvBZ4R1YXWk,B02,train,B
GB16JC5kV3ECqWp1,A05,train,A1
GBJ0CywolBMaKF2U,A07,train,A1
GBtoxJZpbLFuomSy,A01,train,A2
GBuYg6OqB1AZdYYg,B02,train,B
GCM7Xs9aj95zjcHw,A04,unlisted,A1
GD1NmcK7jRxl2nMd,B02,train,B
GDAdNAC8oCkxcdKp,B02,train,B
GDHnebmgqZZwW6yr,A02,train,A1
GDeNTNsjvd3QvKiQ,B01,train,B
GEFkleWBRtg73CvO,A05,train,A3
GEitygznamZYXspH,A04,train,A1
GEondblFO0ypTiZD,B02,train,B
GFJbP9EWpEzQORZE,B01,train,B
GFTUj76mYVZJ0w2H,A02,test,A3
GG9HzzxNtIeSIjDl,A04,test,A1
GGwWCJCH6lY4H82a,B02,train,B
GHWUi1MuYPH3zSGZ,A03,unlisted,A1
GJsLVh4T2uVbGKiP,A03,train,A1
GKwgBzw26d7g4Idd,B02,unlisted,B
GN5yRY49nn0EA5Vf,A07,train,A3
GNRUSgrv2q7IfZeJ,B02,train,B
GNSWseeItON6g9oP,A05,train,A3
GNlm2LOOjohizcrm,A05,train,A3
GO49cIVF8M8RNgVN,A04,test,A1
GP88oBquqOJCxWNC,B01,train,B
GPaHryMH0WFniKYD,A01,test,A2
GQcMz6lRsraAnbYA,A05,train,A1
GRR4IShzaNm61VaT,A05,unlisted,A3
GTjQijyKVrd6UOxT,A05,train,A3
GTrA1EEpDJjym6MG,A05,test,A3
GVLnO1lH62DXnj7Y,B01,train,B
GVMRRw5P3xChphZO,B02,test,B
GViYjblidreaAs5K,B02,train,B
GVoC0QJfKhKcFsN2,A05,test,A3
GWHz0OHVXA1ZvySQ,A04,train,A1
GWq728X2oFCfrZbm,A03,train,A1
GYeOAWWpHPsKpWVA,A07,train,A1
GZwQPAMCD4etmRnS,A04,train,A1
GZz5q3NK5n2mQLCr,B01,train,B
GaXcrfDTithUvvp8,A07,test,A1
GbgzzrI0akpBiId3,B01,train,B
GbhVQDlYl1zcfA4T,A05,test,A3
Gfj5aLLxRPDyuClG,A03,train,A3
Gg5opb7EorvpO51R,A06,train,A3
GgFMoSscz2vQkSEZ,A07,train,A1
Gh9CnJ3UB9Ig6ywl,B02,train,B
GhEQNrYfwYfwlyZm,A05,test,A1
GhoijlwDxbqeikAz,A01,train,A2
GjqXnDwNzHVzIRBl,A01,train,A2
GjteTqbIfCciHqBe,A02,train,A3
Gk4RVw5UbHuvLlvY,B03,train,B
Gk4aEhw7tJfJuhoo,B03,train,B
Gk6JNu4U4YradfFH,A05,train,A3
GkGgCLrFEKwa26Zc,A03,train,A1
Gl5sZCEmnT41Ke1i,B03,train,B
GmFC4yErKMBfWBZx,A06,train,A1
GmJt9luZoy6Z6O2t,A05,train,A3
GmLW0M416cgx4aXQ,A05,train,A3
Gn503tm7wISRQxNL,B02,train,B
Go5yxAEaDOgLOSaw,B02,train,B
GoNsIWYStkjAPBmf,A01,train,A2
GoUonzsWECa1qgoT,A06,test,A1
GpdWKDxZtlUXt36F,A04,train,A1
GpnbzEPCQnb0zESY,A04,test,A1
GprQFnIiU74KKEpY,A03,train,A1
GpybFUz8xWITgCoK,A04,train,A3
Gq4CWs9eprah6N7i,A05,unlisted,A1
GsOTGXABSzfOIINj,A07,train,A1
GsPit4Mv2VNGJOeP,A07,unlisted,A1
GvOh4O9I6ZW0Xzlz,A07,train,A1
GwhdWP8hCtKVaDvp,A05,train,A1
GxgYU1FzKRywT0Kx,B03,test,B
Gz3qWkBCoXbkkcNK,B03,unlisted,B
GziX2H4Kblm41m1d,A05,train,A3
H19wBvWYnpXETEEY,A07,train,A1
H2hsfWkrC5Gj1Bf8,A05,train,A3
H4NfpEOVQ9QeROIZ,A05,unlisted,A3
H4klGVFJaF6mNdc6,B02,train,B
H4rKYUX1mFJpdBnN,A06,train,A1
H66Ktb4aKQtyv2W3,B01,train,B
H6MlB7cGEGI4lZ6J,A05,train,A3
H7apSyvEOSFqUs0M,A07,train,A1
H7hBCkmIzBvQAc7z,B02,train,B
H7nLSXKRFVK1ITr1,A07,train,A1
H857L596Lv4Ck1MI,A05,train,A3
H9erbIk6Il8sW1zt,A01,train,A2
H9jmm42cKDbfMZLI,B03,train,B
HA1JbHZGpvHTVx5w,B02,train,B
HAeGBRWQSOHV9mWa,B02,train,B
HBVE8TrgzoFXficz,A05,test,A1
HCtCrb3CmNEjKOAg,A01,train,A2
HDL0unei3SasaLus,A07,unlisted,A1
HEJ0WPahQwCp5PN6,A05,train,A1
HEbMU8OlL2vgARkJ,B02,train,B
HFFQvkSPmNLNB11m,B01,test,B
HFIc7CiaQib525o7,B02,test,B
HGUACxe3JvWF5gfB,A07,train,A1
HHNyyLNTFjF92S7o,A06,train,A1
HHdZIxIoS8HkxkgR,A06,test,A1
HIj2uiUAP18MK9dT,B02,train,B
HJ2Xwzk4i7vJZ6ZX,A06,unlisted,A1
HLqlds6yyR3rY5V3,A05,unlisted,A3
HNaxXJWmBAJmsJjy,A06,train,A1
HOB6EEZcBBFiSfMU,B02,train,B
HP2oj8KXGCyZSJfP,B02,train,B
HPq1KE5sLNCNMduk,A06,test,A1
HPvWOlCY08BG2lbK,A01,train,A2
HQ0PKoKTo53SPwcr,B01,train,B
HQ9Yj6u1ZqOHdvSD,B02,test,B
HR2juRvjapl87R3U,B02,train,B
HSFHB8bewdGTWOZo,B02,train,B
HSoPMtZD1yr8UAVR,B02,test,B
HTQfHh6gZ9MNrlJh,A01,train,A2
HU6V46tBJK4gx5SO,B02,test,B
HUV2Ush1Y2DhwLtS,A03,train,A3
HUsPGxAo6Fffs2jM,A04,unlisted,A1
HWLoLuYn7bKAKZcA,A06,train,A1
HXKmWxKBFOLZlZ84,B02,test,B
HXQ2351MEhrRHUOb,A07,train,A1
HYRx8bCjXaTZH8ef,A05,train,A1
HYZAZH2isRdweAyw,A05,train,A1
HZUrL4Jfh9HQt3ZB,A02,test,A1
HaNZMnCexgNoe7C1,B02,test,B
HcXwlH2nZMX4c23v,B03,train,B
HcvPbeEg1ZAUtruW,A05,unlisted,A3
HfOYQS2TRfhUooYE,B02,train,B
HggUoIymmHQpKO8l,A05,train,A3
Hgh822JOgta8v6fS,A03,test,A1
HhA9GETIUwfH0Rw7,A04,train,A1
HhqEOtmx4d3QnhpO,A05,train,A3
HiONGP1ENdIV1UBQ,B02,unlisted,B
HicggXrQ3b0yZwkS,A07,train,A1
HjJV9Fio5RO2jtOt,A03,train,A1
HjhxtxtsFbYjjYLA,A04,train,A1
Hm3L8CPAOjdUxoOr,A05,train,A1
HnSnNdgKUOHfEUSM,A07,test,A1
HnZzJDtDEU2FqaDb,A07,train,A1
HnyADvkxtUuX8KMf,A05,train,A1
HoNnFFE5iVXCVhxq,A01,train,A2
HoaT5mQrRj40OrmD,A06,train,A3
Hpbi7Ib2eb5tgNs6,A06,train,A1
HqF4fpMhXZuv1LVy,A05,train,A1
HqOtrddjUF0qXGMq,B02,train,B
Hqb4MdJdRxgka9Ha,A05,train,A3
HqirFgAsKeLhym8R,B01,train,B
Hrp7PnLhs5fLTJhW,A01,train,A2
HsbgVBOEDYzLjSS3,B01,train,B
HthoIQphlDBcFIXp,B02,train,B
HuHf4M1n9k8O1rTj,A05,train,A1
HuV1H1NtMy4eClgx,A03,train,A3
HuVNG1r8qr4cJJQK,A02,train,A1
HudZ7iU6IrFELJWk,B02,test,B
HuvFXfZYDtMQcZxH,A03,train,A1
Hv6K4FDDKcVfsP46,A05,unlisted,A3
HvK3rsfAs0KpngX5,B01,unlisted,B
HvLmggaMTeLY1m5K,A06,train,A1
HvrcCadJqWfvKTf8,B01,test,B
HwQ8QbZvAxOgpou4,A03,test,A3
HynOjJeaR6QFQVWa,A01,test,A2
Hzw03wFYE4MaG4iC,A05,test,A1
I1af7W2pkAFEn3z5,A06,train,A1
I1vWDPlR6gyLPAAA,A05,train,A3
I2X2hstEsqnaVOKz,A05,test,A1
I3PH4MroJmchtJQx,B01,train,B
I3fk5Kh0yowPdtXK,A06,train,A1
I4xHG6r1kq608E9Z,A05,test,A3
I5K4sdW2zizQaDZW,A05,test,A3
I61wKPcFqjMrftjQ,A03,train,A1
I7fDan256kRgfMka,A05,train,A3
I8LB7Medjt2hKG10,A01,train,A2
I8qUb66NZYXfekjv,A07,train,A1
IBcVBCmLJoTq5t7I,A05,train,A3
ICzejSWKCAFyjh8O,A01,train,A2
IDAdn1Ay5XL8Sb24,A05,train,A3
IFTKtE0bxvRhALtY,A05,train,A3
IFoUOxihLMHby8Hq,B01,train,B
IH5QQwbfUPz4XYOk,A02,test,A3
IHNOeqOr7r3sMGou,A05,train,A3
IHqrQwinzqL6qeg5,B02,train,B
IIFtuTS0GCfUQidO,A07,train,A1
IK6Sj3pSSenjqBwM,A07,test,A1
IKcZa3Up0dediCls,A06,test,A1
ILk5vZCht9c2ivd3,A04,unlisted,A1
IMAXPyAav6pslHfy,A06,train,A1
IMJvEoKbI5o17RTv,A05,train,A1
IMu6t28EGFyW31SL,A05,train,A3
INWVUFR8NU0fCC5X,A06,train,A1
IOxDWxCLb4oZUozO,A01,train,A2
IPHTeLyRAtZxkmh0,A02,train,A1
IPJBSeE7oZZiZCDA,B02,test,B
IPQmeLjgUnrlqKgi,A05,test,A3
IQMKHtjbbol8y8Zv,A01,test,A2
IQUTEJsjQSEEvguo,A01,train,A2
IQUixJmlce5rZ7nv,B02,test,B
IQd2lStKyzHNKTkp,A01,test,A2
IRZ1PJjrfMTLz8iB,A07,train,A1
ISHJmN4PkpDvMUa1,A03,test,A1
IUFterkFGx4oOeqg,A02,unlisted,A3
IUFvwMO5JF7uK7Vl,B01,train,B
IUKKNzkyMDYaHoIB,A05,train,A3
IUM1u6t3dwIsQEqp,A01,train,A2
IUzcfFXz4SPEQ3HC,B01,train,B
IV1mn6z8vNWCtF4c,B01,train,B
IVK2rYz13o38mI95,A06,train,A1
IVNDje4W6Uv4r8cy,A05,train,A1
IVzplfIgiUjOFB5r,A06,train,A1
IW54w3ffLLc6zuWz,A01,train,A2
IWAv1KhIW9h31KY2,B01,train,B
IWzYVDhhIHeAeHkV,B02,test,B
IXeRCMikOsgQNNYD,B03,train,B
IXifTv5f5EXvbU7F,A01,test,A2
IXmIF2nyJc93DlMz,B02,train,B
IYhLlV7atXIEFcBF,A05,train,A1
IZmaF10bxns88KBU,A07,train,A1
IZoWOOJLunpCyJqh,A07,train,A1
Ia2gBi4qUxWzxczd,A05,train,A3
IaUg7n6G2TExSLlC,A05,unlisted,A3
IaygaH6vYpZDcaFd,B02,test,B
IcNepOR6soVfBgWO,A05,train,A1
IcV9e4NMcpsjh92X,A05,train,A3
Id34joOtZXOrwBGs,A05,train,A3
IdQSTJXDxzO9pqVs,A01,test,A2
IfQTg5dN4VAxNJtQ,A07,train,A1
IgAEcrBJSBeefq48,A06,train,A1
IgKMWZY92AI3Z87V,A01,train,A2
Ih7yfJs1ON43xKmT,A03,train,A1
IhAEG37ayOy9PrQo,A05,train,A3
IiyM82hgznnhKsl3,A05,test,A3
Ij8EjOnuKcMXyd7Z,A06,train,A1
IlPuVdIbd9tymw9I,A05,train,A3
IlwUYQ7OzkW4tClJ,A07,train,A1
ImOM63C5fDa7vWLH,A06,test,A1
ImvmRvqtV0XR2rmT,A05,train,A3
In6yamaGE4Xz6sD6,A05,test,A3
Io8bxxFnDgmI22HE,A04,train,A1
IoI36CjYREOjvG37,A05,train,A3
IoiXeRbPkMfAR40R,A07,train,A1
IpUJuaGVnpkEgbtu,B02,train,B
IpxyMLLEWhlwjXc1,A03,train,A1
Iq5zp4YLjPVsJV1Z,B01,test,B
IriYg7VRBnc5QKda,A05,train,A3
IsoozHEv1bLiWAmk,A07,train,A1
ItrTMIJYXZpIamCO,B02,train,B
IuQEgdM6nmIWxnca,B03,train,B
IuScGN56J64MF0Fq,A05,train,A1
IxDaXOGyUl4bN2xX,A05,test,A1
IydfuYEg2S4fYFhn,A06,train,A1
IzB9V7t2TzLnBvy4,A07,train,A1
Izfwo4nQvvxsn8WN,A05,train,A3
J14FwODdOoPbXjLm,A07,train,A3
J1D4psT3bffqNZMF,B02,test,B
J1bJkWkzEKLdNAQz,A02,train,A1
J2qLXsmQ2V0qV2uD,B01,train,B
J38BJHO9CIzbRlco,A05,train,A3
J3JjhcaKMzIJ8ftn,A07,train,A1
J3ZY5fFgDuk7sker,A07,train,A1
J4KOSmQEGwNxO8rf,A06,unlisted,A1
J4SvuwgRzKUnkTsc,A01,test,A2
J4x1A16zD9W45cyo,A07,train,A1
J5GjDUWzL8Q72EQO,A07,train,A1
J5KfNh4GYWEscu03,A03,train,A1
J5TaRgiDEei4CFSg,B01,train,B
J7FZ3a98BRG7UiEF,A05,train,A3
J8iJSvgJhRA8eOlY,A07,test,A1
J9LRgpWJPYitKACf,A05,test,A1
J9MsSs7voGfhJbOJ,A05,unlisted,A3
JBBP5cmkribqYZrQ,A07,train,A1
JBC2x4zE8x2nXYu8,A01,train,A2
JCHhUaZ8t20I9clH,A06,test,A1
JCf67Jruknx0QrV5,A05,test,A1
JCvY3E97yfFzxRFk,A01,train,A2
JDM5gqB6wLwgfPjb,B02,train,B
JDOK60RkT379FsR1,B02,train,B
JDlXxmDfFicRhuop,A01,train,A2
JEC02trNKktyHCQf,A02,train,A1
JFMZ8R4DHGG3KCwR,A05,train,A3
JHBUYcVNBRLiuX8o,A01,train,A2
JHmacWLZLvriJG8D,A07,train,A1
JIQ0Aw73GmQV3rGm,A04,unlisted,A1
JJEqtKwXTzVi23Qh,A05,train,A3
JJH5OKhEHRQPFYNe,A07,train,A1
JJQXnsecoqfrfmWe,A05,train,A3
JKJmeJDobQZKxdEN,A02,unlisted,A3
JKn32AwiMqr9EXhA,A05,test,A3
JL1oKf5gzR0VtxCP,A02,train,A3
JLmKe90iL983w3zw,A07,train,A1
JMBlXjRtNtO7DAqP,B01,train,B
JNBBFAduYBqka0Y7,A05,train,A3
JNP2IGx6PkqK9RLe,B03,train,B
JNTDkDq4aSufqPSp,B02,train,B
JNm74xWqztzn0LIS,A02,train,A1
JOeej3h27a9peXXY,A07,train,A1
JP5jNnH1qsV9chpt,A07,train,A1
JP9S0Ib3ZtMFcqAr,A01,test,A2
JPSW8dfhKxaNl2D4,A05,test,A3
JPb5ggmdHu4ingwz,A02,train,A3
JPuVzWwX0l2F2fvw,A06,test,A1
JQTFjmsn9dLVIdVu,A04,test,A1
JQktFseZsaDcns0L,A05,unlisted,A1
JRHlvie8k6QHTIyB,A05,train,A1
JRIKEEJ2kGdzqFLy,A05,test,A3
JRNzJqAcr2h77TkA,A05,test,A3
JRqJbHCa7ShEaSGX,A02,unlisted,A3
JScl7G7twDhRJAK9,B02,train,B
JSksWWLlka0YlG9Q,B03,train,B
JTsliLXyZ3W21Avg,A01,train,A2
JTuyMHsDGMBgYSh2,A05,train,A3
JTzxxb8PFHq9y82J,A02,test,A3
JU0SngC9joWB43Oz,A03,train,A1
JU7lRwk3jKkus24Z,B01,corrupt,B
JUEBOXkOya4l4nvB,A01,train,A2
JUgQhXGbQJZlKPVo,B02,train,B
JVJAVgXOKwRDSQB4,A03,train,A1
JWIyD7u3mSpKyo2X,A07,train,A1
JXvDQG3KwYLhxojT,A02,test,A3
JY0OpAyLZUqNHpwL,A01,train,A2
JY58PuTT5jK3ryWL,A03,train,A3
JY5Qoovx8wzpGxLJ,B02,train,B
JYLsF4viYG8LEZ0k,A01,unlisted,A2
JZOnaOmSsqYettGJ,A05,train,A3
JZznAupATPigGLqu,A05,train,A1
JaRa1eaAgHgRCwoU,A07,unlisted,A1
JalL0RUsqS0y41i5,B02,train,B
Jb8UD8TnCZs1Se02,A07,train,A3
JbFpBA7V5XTOtK9F,A01,train,A2
JbgvUPgFAtjL8A1S,A02,unlisted,A1
JclfPGRJ7NobyoWw,A06,train,A1
JdAQeZUNdjipeRhz,A05,train,A3
JeGsv8hZG9q4I0YK,A05,unlisted,A3
JesQeqgmULF8vwiQ,A07,train,A1
JgIMncrZ5zQhy8pJ,A06,test,A1
JgIamBHMnGOjw12i,B01,test,B
Ji6nDFkgdNdEqsqE,B01,test,B
JiWKnJ0vqSO6cOQt,B02,train,B
JjQrbFo1Sop4oCPZ,A03,train,A3
JkqH3MB9n7IWUSmT,A04,test,A1
JkquVmebUGfiqzt5,B03,train,B
JkxYplcXJVmRUe4W,A05,test,A3
JlON8x9z7wzkeL9k,B02,test,B
JlP2c9UFYbd35fuM,A07,train,A1
JlzbYfPICETEYNWw,B02,train,B
JmDPCOtpw6rVd9S2,A03,train,A1
JmWAisJCtGvzln0C,B02,train,B
JmpTPeFLn4ysPFbH,A02,train,A3
JnzsFi3ktxuXG6Vg,B02,train,B
Jo0kBr6UGMFTfR9R,A07,test,A3
JoCtrXreXFkorwBX,A03,train,A1
JoLoaeTOdoe5c3ve,A04,test,A1
JonvoMhcg9ygkwYX,A03,train,A3
JovUywgX7DLZ2ZQQ,A07,train,A1
Jq2WcfhGtx9IkB8Q,A05,train,A3
Jr3DGXRYD9fIe2Nm,A01,train,A2
JrZDCLuTqeOYCAFu,A06,test,A1
Jrm3V9E0DcaSAlZF,A03,train,A3
JsWJIlzNSemffTM6,A05,train,A3
JscFzFGLUN7R503F,A05,train,A3
JtHEKW0GOMAVmfKB,B03,train,B
Jtc8PJLiiOEbz35K,B02,train,B
JtjqXHE7PQkKIdQk,B02,test,B
JtmqSuzyofeo7IJx,A05,unlisted,A1
Ju8y4IxbU9BWyr9G,B02,train,B
JugSMoVMoiDSkWFl,A04,train,A1
Juja4QeoXylzQdGY,A05,train,A1
JumTzaXOgEs7oSbq,B01,train,B
JvQhAw3Q8WB36Ud9,A07,train,A1
Jw1pjbJLuWokZ90y,A05,train,A3
Jw7OQBmnEwK3GSUr,B02,train,B
JwhvDK1SfK7Dfh6f,A05,train,A1
JxHf6h08dgsycimX,A01,train,A2
JxhWrKoZB2JX0NNR,A07,test,A1
JySqF9qa4X4hM0jO,B02,train,B
JyXOOL0HLrGqHeDa,A03,unlisted,A1
JypGYYZSsSQd7yyA,A05,train,A3
JyvxZH143hyDwWNl,A05,train,A3
Jz4fqVSNJsjxc2DN,B03,train,B
JzAWIcVQ9v6JccdT,A01,train,A2
JznYIhpa8mjVZAit,B02,train,B
K0I5shzXqoC7CcOP,A02,train,A1
K1fvJx6TQtPk0ool,A05,train,A3
K2rVcYAxzwUGjpVs,A03,train,A1
K3LdBxXEseSALJqP,B01,train,B
K3wkW2JO57HZNxMr,A07,train,A1
K4umY4iXi2obEjr5,B03,test,B
K5HZKRNjh8WCl8kn,A05,unlisted,A1
K5PARWBu0ummdZFF,A05,train,A3
K5cQe9X4rTsUEmZr,A06,train,A1
K5v8nXaRCkE7UEiH,B01,test,B
K6cnTsJmYdJisfnc,A01,test,A2
K7adREd0gFJVxbUl,A03,test,A1
K7ctdXb3lrgRCcnz,A01,unlisted,A2
K8ffUF0eWIXiiQE8,A04,train,A1
K994HGIwPRbfcxxY,A02,train,A3
KACX04e8SrH9bmTX,A06,train,A1
KAoQXDog96R5bbIP,A05,train,A3
KCFpHxr8TzAjm9io,A05,test,A1
KCqrk0do3UzdEI6X,A03,train,A3
KD68cZWg4wQ79klh,A03,unlisted,A3
KDplmTJgwsvviD98,A01,train,A2
KE362anQi9brmPtQ,A02,test,A1
KEQ0MPI21nyCBbEt,B03,test,B
KESv3dhVLRGVTdSn,A05,unlisted,A1
KEysBfo9AJrEs6SI,A07,train,A1
KFHUOFFZl4NoTsma,A05,test,A1
KFflEKofOcIj4ykP,A01,train,A2
KFljH24u6I1SjRxJ,A05,train,A3
KH5g92Q3DA5Bo6xi,B01,train,B
KIOp1Y9WPWuNARA6,A06,train,A1
KIWQqJH0sSbiXXe3,A07,train,A1
KIgiuvNEEDjBuM1F,A04,train,A1
KJEYpxTGFlD9kNM4,B03,train,B
KJd5sqATAxGLuiV4,A07,train,A3
KJmxJseyGCWJr0NR,A05,unlisted,A3
KKXWTEqiwUs7kOLP,B02,test,B
KKcKYEcduf8tawWs,A03,train,A1
KKwgyENm4puc2vwE,A05,unlisted,A1
KN3EQ5qMZZRdWnOX,A03,train,A3
KNKJBnlqxWpujCVL,A03,train,A1
KNLjDvknC5gb4aUj,B01,train,B
KO2k1gCDKdxujJ3B,A06,train,A1
KOeFDGxdF2KkxkqX,A07,train,A1
KOrOAyCeOY4XfzGV,A05,test,A1
KP4J42f1Mtae36Wr,B02,train,B
KPUBE47zl7VeGilt,B02,train,B
KPgjD4gVhpb5Dlrb,A07,train,A1
KPvsgigPDykd5IPc,B02,unlisted,B
KQP0GMkA0juYByb9,A04,train,A1
KQnON3R0CTalyWyp,B03,unlisted,B
KSHgPkGSmhVJbdo4,A07,unlisted,A1
KSSmCPzf8z0uklJ6,A02,train,A1
KSceJfFQtWKDpXeh,B02,unlisted,B
KSoKgSeEhF8q2Tab,B01,train,B
KU77yZ2bLhbiDB6Y,A01,train,A2
KUMdqR0AcbHlSV0p,A04,train,A1
KUO2FYpwiUx9Nw05,A07,train,A1
KUOdHmxDjpjVRWt2,A07,unlisted,A1
KV7WbJTGDxYrGaj3,A04,train,A1
KVEfCP12IxyHgDyM,A02,train,A3
KVXXFJGhKhrXI0xI,A03,test,A1
KVb7Fh5if65kxFNZ,A01,train,A2
KWroX7LP6rrZgdYT,A03,train,A1
KXUojTUXXUH5Lrce,B02,train,B
KXrEqMnOtXEyS8HI,A01,test,A2
KYgjhPQJFbz60k84,A06,train,A1
KZTVjVqEg9wEXuA5,A01,train,A2
Kamd0T4XosVV9EV1,B02,unlisted,B
KbQrml0koVcUlm0n,A03,train,A1
Kbh2SJ6piaxgfWke,B03,train,B
KbhzXTpKMrULcWWf,A03,train,A1
KbuUYQ8wcMwE6KjG,B03,train,B
Kc1DJCluvcTxthv4,B02,train,B
KcVzW7uqdk4wNUN0,A06,train,A1
Kcfai33Zzonq7N1i,B01,train,B
KcoMDN6MD66RRH3n,A06,test,A1
KdoYyoQH98xErmoM,A01,train,A2
Ke1qYYr9BwtHqada,A01,test,A2
KeBbN1eften1hL5W,A07,train,A1
Keg0LWaHnTm9sk5W,A05,unlisted,A3
KfxX21HVqoqRw5yw,B02,test,B
KgRK3LcGjeQnmuz9,A02,test,A1
Kgh9WpxLRT5MA0zT,A06,test,A1
KhbOx2PBUYnY5ULP,B02,test,B
Kif0Z6SDgDtRPTXD,A05,train,A3
KifBtcdzKVUWH70X,A04,train,A1
KjT0QRO3llU9wzdy,A05,train,A3
KjptN4xirXuCdveu,B03,train,B
KkjuePEr3FulMrNC,B02,train,B
KlyPyxLP51eHqy6o,A05,train,A1
Km6yPmQOkX1DJPBH,A03,unlisted,A1
KmShSWeml2uWokzO,A05,train,A3
Kmf58CxA8bZFoal8,A01,train,A2
KnlH3G7dTKJ7nkjh,A06,train,A1
Kort7lsAi3QV3Egi,B01,test,B
Kq6naek2cqUEYeoD,A07,train,A1
KqdOELkKdQsZVNbs,A05,train,A1
KsteLTWhqDZKUd9x,A07,train,A1
KtSXbIWrlK5Va1AM,A06,train,A1
Ku1KEvjfowOmf8Eu,A07,test,A1
KuHdta2fXsyh1uMY,B02,train,B
KuNTsXOuYLiTehTJ,B01,train,B
KuxK31gOkAHfocFH,A01,train,A2
KvjcxyecdA9FK8Ka,A05,train,A3
KxwfelTXDqEqW4CP,A03,train,A1
Kyj3tkAwDHXNWZBZ,A02,test,A3
KyqXi66L7vGOyhBC,B02,train,B
Kz5iJqbDZBRPQLZv,B03,train,B
KzTOAshzb9ukZ8ND,A05,test,A3
KzZkGlUThMz6aHFJ,B01,unlisted,B
KztthBapmWlIJGaE,A05,train,A1
L0rGKAmrdBOFMgEB,A05,train,A3
L11gpEaHwJ4C9HnE,B02,train,B
L165bOibyaFgpVzP,A02,train,A3
L17n22GA39IkEJYq,A03,train,A1
L1LR1r9kArcFAbOJ,A03,train,A3
L27rgpkg9a5WKCid,A06,train,A1
L2IPpIStwQFlVRbT,A07,test,A1
L4DEKOEmHmp31bBf,A02,unlisted,A3
L58Qisgx7iG9BptJ,A01,test,A2
L6cEawVQRWBMxTea,A01,train,A2
L6fsocE7wpZROyBz,A05,unlisted,A3
L7eton0ziLMKq4yO,A05,train,A1
L8bWR0rKcWWlEHPC,A05,test,A3
L9jxuiM12PdvbN7l,A05,train,A3
L9y7rQRklbAZ0XK5,A01,unlisted,A2
LAEuvXCLhZib1Mtv,B02,train,B
LC7t48fA0my4wBSc,A06,test,A1
LDUIMQ5Q2O1e0itH,A06,train,A1
LDnOCjvpYaohuIry,B02,test,B
LE9SfjUUH2WXrDHf,A05,train,A1
LEWFMRwWch5RtyC8,B02,unlisted,B
LF0bXgoDhjrmB7wJ,A05,train,A3
LFOBCS78FUA0kjGi,A05,test,A1
LFoLBQrgX0TFJM1K,A06,train,A1
LGSCjdl1LGfenaWa,A01,train,A2
LGWH5eGFnJECPVw9,A05,test,A3
LINLqDbASgDS22Pb,A04,train,A1
LIT0YPhWWn9Q5hl3,A05,unlisted,A1
LIj60i6RTUACoRZg,A05,test,A1
LJ1X9U8YCkrZOuJf,B02,train,B
LJcc3wTxFT9n031m,B01,train,B
LKRUyhnHdCeJR48y,B01,train,B
LKjqz1KksDbs2Hhg,A02,test,A1
LLuAmVR5uoXhuogp,A05,train,A3
LMNgUceV6w8C6AOC,A03,train,A3
LMj3szBiuCBdf9mH,B01,train,B
LOPjEfKgGLKZoJ12,B02,train,B
LPgcPgsRXD3oKPQR,B02,train,B
LRhUM45y2hkZEzzi,A03,train,A1
LSSS7AiWO4XKJ4vV,A04,train,A1
LSa47YGDGTUHqt2o,A07,test,A1
LSfpUIVE4THF3ahJ,B02,train,B
LVSjwPTLdYBSZFDh,B01,train,B
LWQx0AefMSWMGKLV,A05,unlisted,A3
LX66xSRMR9eKqU1u,A05,unlisted,A1
LYB29huEpJvuVW63,A05,train,A3
LYjhxkC8lVxNFIom,B02,test,B
LYuaBcXuP0sggS4n,B01,test,B
LZAIbzzq3Xbw2g0g,A07,unlisted,A1
LZcQs2AnoXDJyhm2,A07,test,A1
LZdnEzqCrDBV6LhQ,A04,test,A1
LacYGRQHLjuX6YI1,A01,train,A2
LbW5OvygBwwAwdQp,A05,train,A1
LbavDEMubdgFpiv9,A05,test,A3
Lc67u18NryL7TMHW,A03,train,A3
LdFIxS8huIBERp9r,A05,train,A3
LdOlQ8KSXjoYotv2,A07,train,A1
LdjuD4SiwkdrxAO6,A06,test,A1
LduUDhK7VfWP7HOK,A07,train,A1
LeHp1iS2EbcdrzAB,A04,train,A1
LfbGAWTdsmfEfx6v,A02,test,A3
Lg2HfQPu6HKKSIHz,A05,train,A3
LgcnVmASIXkMynwn,A05,test,A3
LhYSi5doVSI82hJE,A05,train,A3
Lhs2kAuja5h1k0Tb,A03,train,A1
LiFHJsXrFONcLJyZ,A04,train,A1
LiRXmqiAJmttftK7,A05,train,A1
LjKKxZu9BkaupYoT,A07,unlisted,A1
Ljh69ag2HZeGI4ON,A03,test,A3
LkaO57IHg2P0rpXe,A07,test,A1
LlRfPmuptTDUdwa0,A02,train,A3
LlyOzwnUyTh9VNEP,A03,train,A1
LmnlA1Dlq6ryKo2h,A06,train,A1
LnTGAfzOVfS7HQEZ,A01,train,A2
LndYcx3ileRtqkP3,A03,test,A1
Lo17KAICfGBYQFeE,A05,train,A3
LobYyQZqUy4hs8mG,A01,train,A2
Lp51ZaTtu5thIrbW,A05,unlisted,A3
LpKTwyXdHKHbsBye,B01,unlisted,B
Lqp1XtUBGhUd1xqO,A05,test,A3
Ls1n8S6m2Arr4Fdk,A03,unlisted,A3
Lsheu7397XAncjLu,A02,train,A3
LtK0F9624Q5liVd8,A06,train,A1
LtNd5vIXaEDG5EKU,A05,train,A1
Lu1RYgcamUXbD1Wz,A06,train,A1
Lvc0CU5A6R7xXXuD,B03,train,B
LwYAWfEBQ6xvJMkj,B02,train,B
LxCkJ64x0X4FvOTK,A06,test,A1
LzO6YLPcno5mC3pz,A05,test,A3
Lzmiw00NslOpO8iR,A06,train,A1
M023LCalKlCekdvp,A05,test,A3
M05k6pw29zwqapbC,A06,train,A1
M1wF2LuWweK9P0jq,A04,train,A1
M2chvwENMIakHVq7,A05,test,A3
M2eXMWK6hHWmXHA4,B02,train,B
M2tYuBGVbtrDmgqP,A07,train,A1
M3M3coC6hSMhjCwM,B03,test,B
M7Uu2McL5UKt3teW,B02,test,B
M9PQGXznlhcyZgV7,A03,train,A3
M9UWA0xXEQxtM5Oj,A01,train,A2
M9hjzdOjUjhnkh3R,A05,unlisted,A3
M9wBW3SDiQfFyYXe,A03,train,A3
MARpbsrGn42YAdJX,A05,test,A3
MBHHxNnqU9iHJnOZ,A03,train,A1
MBRmgMKsACcK7NyR,A01,unlisted,A2
MBfj9Lon0ieWmrKw,A05,train,A1
MC4nLZH8Vjr1TvOR,A03,test,A1
MC84HWMLOKxgPqws,A07,test,A1
MCag8sQOPuxFa23o,A06,train,A1
MCanhcJdHnqJUaNI,B02,train,B
MCpYlDGPhZM1v366,A05,train,A3
MD9x1wC0lV3WAgAM,A02,test,A1
MErPDRSPQ37vOo3M,A04,test,A1
MFkLAHVklUJGQ5vV,B02,train,B
MH9Wr7FEWvMBvxR4,A07,train,A1
MHZTLv5eYhhxFI5D,B02,test,B
MHvB4Riv5FwWmk86,A07,train,A3
MIJUdqbNnozUlCjr,A01,train,A2
MJn0CournLOZ2Wzj,A04,unlisted,A1
MJnAD5fqyEqKc8By,A07,train,A1
MKbCFxYSBbTH5SxO,A05,unlisted,A1
MKbKcTOdBt1DAe31,A05,unlisted,A3
MLxbHPNerTkSoSoa,A03,train,A1
MMrz6M319zzRMp3T,A03,train,A3
MMstRgEevrOu3rqP,A05,train,A3
MNURyH2pmsXrbbNT,A05,test,A1
MNmDgita8zv1NyZ3,A05,train,A3
MO5lseB8OgfMw3rc,B03,train,B
MPLhZwrZY1dZlRDn,A03,train,A3
MPaJUrR1VHNzu4oP,A03,train,A1
MPzcsDZRRkjbuoM5,A07,train,A1
MR4VoHrT0rqctxGI,A06,test,A1
MRBwBI4V3OJ1WOFY,A01,train,A2
MSlaJCZuhciKnPkf,A05,unlisted,A3
MSv3IcwbWUYtuZdx,A04,test,A1
MSvf5ysSBTMn3nUp,A03,test,A3
MT0qUtcywTTZOs73,A02,train,A1
MTpqQiES1gUIzz9V,A05,train,A3
MUeLmHEmnDcmtUlZ,A06,train,A1
MWMVURRW2Df4HsjI,A07,test,A1
MWTOykz0JnGqJGCA,A06,train,A1
MWYWih3ZxecP8MJ1,A01,train,A2
MWkIu3u02RZtrRSS,A05,train,A3
MXZrpYSpDd7lBxCH,B03,train,B
MYeqM6TGBcLVN4u0,A05,test,A3
MZC9yfhWyyiXUIzB,A03,train,A3
MaZREv0u3fv1rSvi,A07,train,A1
Mar2jiIqZlhQ3bia,A05,test,A3
MazVb1Mh2FXwcDvh,A01,train,A2
MbgAZ6wguMUKukE7,B01,test,B
Mc4BVuMqbfo9R13K,A05,train,A3
McBP86Db6Ue9vRgl,A07,test,A1
McI7v5XugcFOStUb,A07,train,A1
McMPbPmNRxXEiH5y,A01,test,A2
McjHbwDW63LSvxbb,A01,unlisted,A2
MeR3pzh84KpLMcNf,A06,train,A1
Mf9OjERUWYa1AubC,A04,train,A1
MfOXyvtmb9GRUYLO,A06,test,A1
MfT9S5oghk9ywNSC,B02,train,B
Mi2WTVI6qaXts0wY,A05,train,A3
MiEx2OkmrdGFcWxA,B02,train,B
MiWiGODWCQCj3Uuf,A07,train,A1
MibJx6ArKT1dh3mj,A02,train,A1
Miy5Y9vZe6Cn2kGh,A03,unlisted,A1
Mkb5YDv17DtS2hY9,A05,test,A1
MkcRThMSNfI1U0SO,A05,train,A3
MlTFN8fO0YtwAaJp,A05,test,A3
MmKKPPIlXswuRGFX,A07,train,A1
MmZJZmCpMz7uVkt5,B01,train,B
Mo1HjeruiIC4ZHLM,A01,unlisted,A2
MoYaJxmA4JBzpkTV,A03,test,A3
ModMWfT9r71Od6gR,A05,train,A1
MpDLqM2NKu23k7lu,A07,train,A1
MperhIhRJAevOfx6,A05,unlisted,A3
Mqjf9xk8KhaTHBX6,A07,train,A1
MrDIddE0O11KlVrW,B02,train,B
Msau6OaqEiWAbNE3,B02,train,B
MtCWEd4yKS8U1pRL,B02,train,B
MtCzWngHTnPqlTKb,B01,train,B
MtfiGvpET1dcYy38,A05,train,A1
Mu3q1uOG2qUt6AwD,B02,train,B
Mundfi8Tdo39pKGb,A04,train,A1
Mvlhl0gRwyc0pGCe,A03,train,A1
MwELaF3pEhc0bKRs,A07,test,A1
MwFs6Wtw7Trb2BL8,B01,train,B
MwUzVCGmj8nKSPVY,B01,train,B
Mxl7fgXVOU8RurZl,B02,test,B
My0ALCzdVlimyrtK,B02,train,B
MyC7cBaxxJPgE3o0,A06,test,A1
Mytb5Udd0ULjuARG,B01,train,B
Mz0jYpJoG9ssdW67,B03,train,B
Mz64yedh1WyGmefQ,A03,test,A1
MzHQVvX9NcPLBSQt,A04,train,A1
MzQuRiUbPFsq6Azy,A05,test,A3
Mzk8N5UXVbRfb7CN,B02,train,B
N24hTAqPMFahzLmV,A06,test,A1
N26CjmzZhd1IdK4j,A07,train,A1
N2i4iAM1Qh0xyKRQ,B02,unlisted,B
N4IuDZuixyOnFq86,B01,train,B
N4LF7PbziTN4HecK,B02,test,B
N4QEtRt64ALFcFhh,B02,test,B
N4n0AEU28HgpZBC2,A06,train,A1
N4zbOHsgUSwRJXv4,B03,train,B
N50J8aGUyuu2haHA,B02,train,B
N5ETbB8PkM4Bkdgv,A04,train,A1
N78M3v6GKmUzF7sk,B01,train,B
N8OAXNKZy3XQs1JP,A07,train,A1
NB4HmJSixjx3sncN,B02,train,B
NBeJqqyP5kzDf8qR,A05,train,A3
NCMmv3Htnq5kmgqK,A01,train,A2
NE87QeXu74dBz0Bj,A07,train,A1
NEPwl39BHzA7xdIn,B02,train,B
NEgQ2WPxx6RCNmkX,A03,train,A1
NFlInwg3R6jMxKl5,A05,test,A3
NGbPQJvgmnUgoPIW,A05,train,A3
NI3oKisI2sGeobat,A03,train,A1
NIFyIj2NK6BGFT2j,A03,train,A1
NIVZ19ou1tg6UfOz,A06,train,A1
NIq9qq9YUM7ye6Bp,B03,test,B
NJGgnIwJurj8TZsK,A05,train,A3
NJuFVII4CYk5J7jd,A07,train,A1
NLRY0aR98J4GWWH7,B02,train,B
NLfRiuhpthlxSjGy,A05,test,A1
NMIsYI3b8ki56c2v,A03,train,A3
NN3iWefN1lrCq9nP,A05,train,A3
NNgWeQWHXFYDmsQF,A05,test,A3
NOTlft16xFsTsujd,A06,train,A1
NOfaAxCp4Zu2fEtv,A07,train,A1
NOr4ncE2T6kZg5RG,B02,train,B
NOvwLWkOlFRCy24q,A07,train,A1
NPmWeXRB0rDC44Vj,A04,unlisted,A1
NQAD74cvanuAX01k,A01,train,A2
NQJ8xfzwjlQHF4nu,A01,train,A2
NQbsNwD73PC6Blu2,A05,test,A1
NQkBsbunTjO0CmP9,A03,train,A1
NRC3nf5giWhLUyw9,A05,train,A3
NRc7PytMYtNpvBPw,B02,test,B
NRsUkHKPQQUtAtkb,A05,train,A3
NRwXsudbLci1xwZV,A05,unlisted,A3
NSLqdxoMTea76nPF,A05,train,A1
NSQD5TpJutr32lZr,B02,train,B
NU4wDSLEfgs3MfD6,A01,train,A2
NU5Mv17Kc03bfc8P,A05,train,A3
NUwdIzDjUjAQOBlI,B01,test,B
NWc2ehWnqItnoKgm,A04,train,A1
NWgPy4CJ74OCuVS7,B02,train,B
NWyuJVscjSKpDAqu,B02,train,B
NX744bpnegMcCMRT,A05,test,A3
NYZyrSk7iLDhiu3j,A05,train,A3
NYnRfpiNtckREYxL,B02,test,B
Na07mYk5z0FgrLsN,A04,train,A1
NcwXJrJkJhCmNnnW,A01,unlisted,A2
NedVWfKopxWmINli,A03,train,A1
NfdsbCyT32YkMy3N,B02,unlisted,B
NfvpaxFUVZOn9UtF,A07,unlisted,A1
Ng60Uy50i5tre9bA,B01,test,B
NgU23cGHw1osJ6Ip,A01,train,A2
Nh4R5G0Ke71h6EME,A06,unlisted,A1
Nh7qyZapCIkJ84bo,B01,train,B
NhigzxYvJ8xWjmMG,A05,train,A3
Ni8dhjp9FzmeEDtL,A05,train,A3
NiDMC9AhD6GShwLA,A07,unlisted,A1
NkSnbEIhrhi7XXvD,A01,train,A2
NkcjtOYq05XraREp,B02,unlisted,B
Nkho8hB08VJliyPd,B02,train,B
Nkxx6syAXvRMdYOP,A06,train,A1
NlBOBfcGvDRoPRTj,A05,test,A1
NlKMdDkiTAENrcBQ,A01,train,A2
Nm5HMMlasx2ESS15,A05,train,A3
NnO9n9tGQKfsdizL,A01,test,A2
NnpEVX80vZVynzl0,A05,test,A3
NokGg6Y1z3BvYVfF,B02,test,B
Np8FBQxef3H4iuBW,B02,unlisted,B
Np9cR4uy6Y8hyqIU,A05,train,A1
NpNvpK8OY841fby2,A01,test,A2
NpuUeQ9I0ymHRFXJ,A06,unlisted,A3
NqRJ4Da8BPR8Pd28,A05,train,A3
NqkzLskbnTSLIR9Q,A05,train,A1
NqrjP3Z2cZofw6HM,A05,unlisted,A3
Nqv4bpCZ0wrJ38cX,A06,train,A1
NrMKNoMooRbwfSXE,A07,unlisted,A1
NrkJehwID4U6zvcK,A01,train,A2
NsgJafSyRKOw6NNh,B02,train,B
NtrVjAYSfIr20vun,A02,train,A1
Nu4Q7knmgrpkrfO5,B02,test,B
NuNdjR6DVMKarzmz,B01,test,B
NvGXQiMqIApYZdMK,B02,train,B
NwEJ0QMb2ouSSua6,A01,train,A2
Nwtv0mTWQZIf7WWD,A05,test,A3
NxZR8SZ84em54Dff,A04,test,A1
NxaNW56UrkHPeBIo,B02,train,B
NzLhww2DNl0RTZt6,A05,test,A1
NzoRleD5sn4YYUxC,A05,train,A3
O04urCU8xG51D1JS,B01,unlisted,B
O0YfVSIrZ6xGe3yo,B02,train,B
O0ewj05Inff7XKDF,A01,test,A2
O0zeLKdBQ9ipsq2u,A05,test,A1
O1MRN1WeBLwo8w7W,B02,train,B
O1PfDkb8p9uELyw9,B01,train,B
O2qGFq562dfOB1rc,A03,train,A3
O4NvcCsc91FgWCTm,A05,train,A3
O4kWZMuLVIzCDESd,B01,train,B
O5EVdjDUuhaa49w5,A03,train,A1
O6lNrKRW2Bu4knYN,B03,train,B
O6zqyg55jSb4NBhC,A05,train,A3
O7JgYo82YpaN5Ipg,A01,test,A2
O7aCNAAg7HBKvEjW,A06,test,A1
O7jjWrI8DbLUVJEj,A05,train,A3
OAGbSSJrB0MUaagv,B02,train,B
OB07He591st3fB5O,B02,train,B
OBkKEYlyyKW2jnZ6,B03,test,B
OBzB9EyacImUx8a5,A07,unlisted,A1
ODIlyY41BgiHCSuG,A05,train,A3
OEK432MiDgO67vSz,A03,train,A1
OFGbN8zruZJoErUr,A07,test,A1
OG85kutgFZAIK9jS,B02,train,B
OHKJ13lyatfJ2aW8,A07,train,A1
OHnq7mr0KnApuBHd,B01,train,B
OI6ZiHyocrb61iMB,A07,test,A1
OJhRQ83sCjOmDnwA,A07,train,A1
OJtuqPDbTO1uaObw,B02,train,B
OK6oTLNp00pFKE4b,A05,train,A1
OKIxmT0Dkdpowcu6,A06,unlisted,A1
OKnxmKgOapGPXLeS,A01,train,A2
OLNzhhW11ECHuZrx,A01,test,A2
OLTEKLa7ovZW3MDg,A04,test,A1
OLhf68vcVSgcezT1,A06,unlisted,A1
OMxuf8T4JqUiA5Ns,A07,test,A1
ONac7yn5Sh7sa5pQ,A05,train,A3
OOT3KVdDZMTYK9Bx,A02,train,A1
OOTo1bjmAqWhSOBM,A07,train,A1
OOkbONklvlhlXX0o,B02,train,B
OPirApb1YBhVAi22,A04,train,A1
OPkstD33wAm3eZZg,A03,train,A1
OPvCz8eVVpc2r3X8,A07,unlisted,A1
ORKkWTLEdtXunH9B,A01,train,A2
ORoApKjBt6MvCIin,A05,test,A3
OSD7Ybmxq6DBy70Z,B02,train,B
OSYQZaQGaaTqO8wG,B01,train,B
OSyR7XSivlOW4Su2,A07,train,A1
OTSXjEyKuRG4JFd8,B01,test,B
OTYAxvEZLi2Xicpa,A05,train,A3
OTnJ8Jg8ekaW6KNB,B01,train,B
OUq92PlJ8EF47pHm,A05,train,A3
OVBc7wZUOfLgEYak,B02,unlisted,B
OVXBQ6bnKlbO8vgs,A07,train,A3
OW8LN9cCzfLhWOGh,A01,train,A2
OWzUr6NEjY3YVZGn,B01,test,B
OXOydtHcuIKjuGSo,A05,test,A3
OXn3RB1gnI1S4VXB,A05,test,A3
OY1h9srBAf4MQMvq,A01,test,A2
OZ9JEEEyvqaiot8E,B02,train,B
OZIW7t7vNxIW98CB,A01,train,A2
ObmAo8tHCqvgiZVy,A01,train,A2
ObzTNx6ou067rS8f,A02,train,A3
Od5TSJCaiEjI9l5c,B03,train,B
OddwPjSIYgiFouJY,A05,train,A1
Oe6rOAaBAVVLyhUb,B03,test,B
OfLougfEQ57tw1wu,A03,train,A1
OfuQgiRM8vrxWZJM,B02,train,B
OgAZKYjCwNkFtA7d,B02,train,B
OgKEf6IPNVRaheld,B02,train,B
OgnbsKNw2dtp7GKR,B01,train,B
OhHtHgXOMEoQCt0h,A06,test,A1
OhT9hf2MiyQW5PKZ,A07,unlisted,A1
OhXmAkpnVVPY9OtC,A04,train,A1
OhbVrpoiVgRV5IfL,A06,train,A1
OjZ3YibcJTPhbYbg,B01,train,B
Ojj6uX95vgCZre1M,A07,train,A1
Okd2gABmprXdhqS4,B03,train,B
OkjmIPbenQC9clb2,B02,train,B
OkvzTDVGSFe2GXGH,A07,test,A1
OlEiDLuxKyQL5cuS,A05,unlisted,A1
OlZieTX8DcsmcYm4,A05,test,A3
Olicgej41Y1E0ZaU,B02,train,B
OodgAvTEgRXia9J7,A05,unlisted,A1
OpEIfYoh4P1NexgG,A01,train,A2
Opq31fbBxXD05iNU,A01,train,A2
OqCVfww1OZVpr2C6,A03,train,A1
OqihiGiBwGw9MEXd,B01,train,B
OrXXHFOprCeTsprv,A05,train,A3
Ot4GJnPQD8vx0d0o,A05,unlisted,A1
Ot8ighVGEtTLPbbr,B02,test,B
OuEGYmMT09IcmEbn,A01,train,A2
OuThWwJELK8QTARV,A05,unlisted,A3
OukUe5SC1KVcOYb3,A01,train,A2
OupQzUicx5r0tMmX,A02,train,A3
OuptI0Bsc2gd8tQ9,A05,train,A1
OuwKbsQ35zh4cdDM,A07,train,A1
OvbXV946cT5L2fSx,B03,train,B
OwAlLzxDwXsj0RW4,A06,train,A1
Ox1UmDPioFzAcres,B03,test,B
Oy1Km9n4pWkLLJBw,A03,train,A3
OyGc8pctU92ba3uR,A01,unlisted,A2
Oz9tea1ybokBWZCw,A03,train,A1
P08eVRjbDTvcfedl,A07,train,A3
P0Q6Yx0ZDGyJRad4,A03,train,A1
P0tGZtBQIumAzqNG,A07,train,A3
P1bdShACyhJqESjn,A05,test,A1
P2QVXduX4SWC2b9m,A03,train,A1
P3BeMsw0GJEc732E,A04,train,A1
P4chgRiCnIo2fQ8H,B01,train,B
P5QNCc66w9iD4UDr,A03,train,A3
P6MbinkagywgMHJ7,A01,train,A2
P7fTt1XLkAjEoOxa,A01,test,A2
P860HlkSqTCpfiAe,A05,train,A3
P8HwYMKT1VzWqH7A,A05,train,A3
P8LxYNfU5Z7NbvpW,B02,train,B
P8ovS8revI48MWlN,A06,test,A3
P9dRCYPZewPXgNN8,B01,unlisted,B
P9tEpZZRztDeSdkC,A05,train,A1
PABzZFZd1Hd6GxbK,A07,train,A3
PAGFQarUDULAzQP2,A06,train,A1
PAXZNJnQ1Pqtp3UB,A07,train,A1
PBQMm03hngY2z53t,B02,train,B
PC5P9rdb2TxNFxXH,B02,train,B
PC5itSrXBdN8xZ9E,B02,train,B
PDj1S5WmTa5YGZgF,A06,train,A1
PEDuA2X7UMMTNVaB,B02,train,B
PFgjIXBnNPg6CTqg,A06,train,A1
PGrsVzaCJNX1b1E1,A03,train,A1
PGzR1Iv8bh4qlL9q,A04,train,A1
PHC1OR1kc81LyjIK,A05,train,A1
PI50DgflUg697zXB,A06,train,A1
PJbM7Q1SrblrSWt6,A05,train,A3
PLCIN5unDEde9krK,A02,train,A1
PLqjnK87s0mJRnUE,B02,test,B
PM9Cego1hxZWSAZH,A01,train,A2
PMR5TI9MaDsLLpZu,A04,train,A1
PNOo6fDmqS2kdzNB,A07,train,A1
PO7QQLWIFOT65BTz,A02,train,A3
PP4XJU3nBC4oAv0D,A05,train,A3
PPMTvjiJTEPRufia,B02,train,B
PPYJ92BZooqhsfhf,A05,train,A3
PPgdzUvZ3gpmmICi,A06,train,A1
PPlOCYPiazmOtuKf,A03,train,A3
PQdfn0i4L5WOZaWj,A05,train,A3
PQgZR1DD9yg46RO3,A05,test,A3
PRPetSBU92pdpf7B,A07,unlisted,A1
PRy965of9uSwOwRH,A01,unlisted,A2
PT3AenHi7AYJEcNX,A07,train,A1
PU01tMPGFSrMTmSl,A01,train,A2
PUdqLhSHFl5Cs2kc,A07,train,A1
PWwZ5CUmbSywUiq5,A05,train,A1
PX16sL1XAxNMbv2i,A03,unlisted,A1
PXvT71pCgiAV43HH,A01,test,A2
PY2Ka6Dsi19zc5I6,A05,train,A3
PYzSjJ0f0nCkhW63,A07,test,A1
PbN7AgFVWN7IgOCG,A05,train,A1
Pbsmeb3Zo18HPvAL,A05,train,A1
PbzKB8660JdeIyTC,A05,test,A3
PcMWlGkaz1BR84DJ,A07,train,A1
Pcxkzmwedc12Zqyl,A07,train,A1
PdY5Y9pFyhpFOMeH,A05,train,A3
Pdzyj8sGeolOmvQU,A05,unlisted,A3
Pf0K2YKuhDew13k9,A05,train,A3
PfRV9WDohymoisPo,A01,train,A2
Pg8vHX272R3vRh1g,A01,train,A2
PgDdVwXzrDO3RBVv,A01,train,A2
PgIXXqXpKDzSpdT6,A03,unlisted,A1
PiLIRZm3itST5H6i,A05,train,A3
PialOd5t0YgDNk1L,A05,unlisted,A3
PjXTk9GHUMPH7XvC,A03,train,A3
Pjhws4deTpf6vnvd,A05,train,A1
PjiSkDS14CiBgbvr,A01,test,A2
PjwPUKvDT2YirYWQ,A07,test,A1
PkrWMEQ7lyuvW4De,B02,test,B
Pl11tq5T0vtV08Eu,A01,train,A2
Pn4INYNPCSw4ZYPz,A05,train,A3
PnSZuAxgjBPLqq2I,A06,train,A1
Po1wfI6VRSW3AAt7,A03,test,A1
PofHNMxLpe0fUBRL,A06,test,A1
Pom37V7sjiunLo8N,B02,train,B
PozUoS1fWwKlV8jX,A07,train,A1
PpQEV1bgqRUb4NwT,B01,test,B
PpgsNe5muFCvNQtS,A07,train,A1
PqQ3smZXin4z9lk0,A05,train,A1
Pr1jVL1Oky1SswWz,A05,train,A3
PrXfNbXGCGPGBvnG,A04,unlisted,A1
Ps2OD0Hv3x6aOhen,A05,test,A1
PsbTrCQPwccc31tv,B02,train,B
PttjCGFp1VTuuqQ8,A03,test,A3
Ptv0MD6KJ8LIll7Z,A01,unlisted,A2
Pu2f8rpvIUc1r1Ef,A01,train,A2
PuDCCRnGEY59YVkQ,A05,train,A3
PuQrT7KQ0b429iKt,B03,train,B
PuaT3RHXVKUKo9Q3,A05,test,A1
PukGWHlmh8njNNBF,B02,train,B
PvBgyjl1vyTTRrSF,A07,train,A1
PvelPKvDHXSV08B4,A07,unlisted,A1
PvlYs1Sdbp1nSc4Y,A03,test,A3
Pxm5ccCmaKwbQ7xP,A04,train,A1
Pxv0ih2mCAXXap1Z,A05,train,A3
Py1yoqfBOpHWZ6NZ,A03,train,A1
Py5wM51mQnSGcsgT,B01,train,B
PyFjlhbZ0qu37TXr,A05,train,A3
PyJG3m26kDxU3plE,A05,test,A3
Pz6xt3fTfT158osa,A06,train,A1
PzKYZmjAuDp3ViW7,A07,train,A1
PzcdUej0BA3s2yO0,B01,test,B
Pzi0V4r3feeGUTWU,A07,train,A1
PzlsOc4M7ASOs1Ny,A07,test,A1
Q0AFcQt2rYCE9E60,B02,test,B
Q28mhBbMto9KSYhX,A05,unlisted,A1
Q3W4miBvCja9XFMH,B02,train,B
Q3ak7HJZPfsfhi1I,A03,train,A1
Q5MDWH6FUhnFT50u,A05,test,A1
Q6GobLKKErSVgYLl,A05,train,A3
Q6qaOjwc8bArljDA,B01,train,B
Q7J2NKZ7H6lOFHaj,A05,unlisted,A3
Q7mbEbD5MZgNcYsT,B02,unlisted,B
Q7pgXKzl396CvzSt,B02,train,B
Q9rLR6s8hEVSk3me,B02,unlisted,B
QBIdQtcIWw7b6MW5,A05,test,A3
QBptvWq3587sVotT,A07,train,A1
QDlaQ1nj5UrHMm1X,A01,test,A2
QDxZxZnFDLoY40Jw,A02,unlisted,A1
QEDO9rMQavcPN8Cu,A07,train,A3
QEbyZCRRweBNShpK,A04,test,A1
QEevbM6LCyGOVoGL,A07,unlisted,A1
QFCtC8AXmLCQUe9b,A01,train,A2
QFUEX2KfDtne6iQt,A03,test,A1
QFruXUEofqXsTfwJ,A03,test,A3
QH8gKPh45OKsJ06R,A01,train,A2
QIHnpNiZm1IQWMHy,A01,test,A1
QILQnLlF2BWU9WTT,A03,test,A3
QKMcE1qzz4TAMWF1,B01,train,B
QKjjvTPSroFSAmAz,B02,test,B
QKn9CBlN1YCruqMn,A05,test,A3
QLBPXteenwa2CSBY,B01,unlisted,B
QLFUZZ0SpshJwTuK,A05,test,A1
QMPdumGR3UKXPavU,B02,unlisted,B
QMbwu96JFxnbSOjL,B02,test,B
QMg4og8fgDXG8ygM,A05,train,A3
QOG2yyNniEW9ITqg,A05,test,A3
QOpmX7bZjB92Ow7V,A02,train,A3
QPQ8Ez5EnWAbXHAo,A01,unlisted,A2
QPaLbzTPwX096gN2,B01,train,B
QPtDu7W7eaDNKgeI,A04,unlisted,A1
QQQbOZQOqg2757I8,A07,train,A1
QQbkSrpZ1WxaSMtC,A07,train,A1
QRfP8SEpVyMaDVGL,A03,train,A1
QTgEFV12KmioGiZ8,A03,test,A1
QToSMEeIeMcwPKCq,B02,test,B
QUi3QTPXo3RN2M7o,A03,train,A1
QWC54fWKNanGbnvh,A06,test,A1
QXsgKYaACO5YQ3eb,B02,train,B
QY0TKRiTyHVpguHL,A05,train,A1
QYGDQDZeRUB87KLg,B03,train,B
QYjkphcuKiCqxlnJ,A05,train,A1
QYlFnDLwDjoHUOgB,B01,train,B
QYpZdSjY3SR0VeDU,A03,test,A1
QYsSWuLlouRh0ATn,A07,test,A3
QZ4lZa4SjDxwHleq,A06,train,A1
QaYo1SNJahmoZODO,A01,train,A2
QbfPBi3DldqyunDu,A07,test,A1
QcbHemnW2Vt0VLbj,B02,train,B
QckoVZX9xGNnDDXh,B01,train,B
QczOg8vGerJ9I2VI,A05,train,A3
QeV7TK1FhLMDuJg0,A05,train,A3
Qf11l1myKftMzfWP,A07,test,A1
Qf7kG5FR0LrYkMQB,A07,train,A1
QfmOcnbCXy2yeEay,A01,train,A2
QhBXR0hfvOxOyBfo,B02,test,B
Qi23YZHBmahei4Y0,A04,train,A1
QiKpnXS0gnizGKmE,B02,train,B
QirrDMYOugoobTuo,A07,train,A1
QjCIsyNKCmnR4utK,A07,train,A1
QjQCogGz9JXVnTci,A05,train,A3
QkHbw72ZQQSHDD0F,A04,test,A1
Qkew66HYhHK6FUaR,A07,train,A1
Ql3OxzSnD10FQVng,A01,test,A2
QlEWkrsPNxlcCyKL,A01,train,A2
QmMjkMOxcfTRQ87t,B03,train,B
Qn3hwL8FxCT6kM6T,A06,unlisted,A3
QnEyR9t7ukOUcV7J,A07,test,A1
Qoavw1O9ZsJHxSgc,A05,test,A3
Qors7XZio5ZJg1Bl,A01,train,A2
QpKsaF13fWCpQsor,A02,test,A3
QpO9iM9FDTrsPXso,B01,train,B
QrEjY256VfDhW7ks,B01,train,B
QrldR5wwRPwUvWoR,A02,train,A3
QsoYWbDpit1yQBXH,A02,train,A1
QtaVFLNiZRVfy4rw,B03,train,B
QuRVyODa5n6kCg8I,B02,train,B
QwEzG6p674ihbkfK,A07,test,A1
QxeGPva2A0FgB9xO,A05,test,A1
QyExylDxWqvR0qao,B02,train,B
Qym0HswizLA6Lsrp,A05,train,A3
QzaZgLhcMatJHBzU,A03,train,A1
R0NHAtbNqzzxZ0rK,B02,train,B
R1R4jXmZHuKv7Whq,A07,test,A1
R1uViiAitMYfviRH,B02,train,B
R2KvElU31GpMCHma,B02,train,B
R2eJMJB0xOPL2XRH,B02,test,B
R2pIu3TFBVlWy31t,A07,train,A1
R37EK4pEtfz52TcG,A05,train,A1
R3i1amI9QDkg6ihX,A02,train,A3
R41U5iE6Fh4ACceq,A03,train,A1
R4HYMre7U7aFUKhh,A07,test,A1
R65XbBlJVWGfuUSU,B01,train,B
R6Fry5gVhVpU1KMW,A03,train,A1
R6HfPQBGxbxtl8nv,A05,train,A1
R6iYPb7MHFiHtXH6,B01,train,B
R76mFVmpVp3qnom1,A05,test,A3
R7FWnEsXrMyzy8aC,B01,test,B
R8XpdYjnNL7oqryb,A03,train,A1
R8rOSVbQCIIajzuk,A05,train,A3
R8xqGDtHEcvzyjob,A01,train,A2
R9gl1wyBnGoAhWuh,A05,train,A3
RAalP94Vy9npUxzr,A01,train,A2
RAinDyd6aGHrtDqb,A05,unlisted,A3
RBJFdw8PQyYHuSAA,A07,train,A1
RBOsSN8752gfZ1gf,A07,test,A1
RDaFP9QzBXdtBqVO,A06,unlisted,A1
RDgz1CfOrHQKwDNj,B02,unlisted,B
REJuXkfOTLDLoozJ,A02,unlisted,A3
REsL1mjwfhqSYLDH,A07,train,A1
RFqJwRN2Kszre9Gm,A07,train,A3
RG5s0f4GlIO78Aur,B02,train,B
RGhk1U3NC8ThYLiQ,A07,train,A2
RH0NzLgaGQ911xJP,A05,train,A3
RI0lmXgWontGtuXH,A05,train,A3
RJX3ivxVZxVXLHMx,A05,unlisted,A3
RK0I7kFhJjASu94X,A05,train,A1
RKApfojrRdQ3U7rL,A01,test,A2
RL33dClGaflmqj4I,A03,test,A1
RLhX5CDQL9Gi9FaH,A06,train,A1
RMdJncAONlxdSTLW,A01,train,A2
RMmejeBpD6PzgUHi,A07,train,A1
RNBSl5DBIAflFps0,A03,train,A1
RNbd8CGjttzBzyMt,B01,train,B
RNcQi1G6pEFlDb2k,A06,test,A1
RNlcfaRlN54Ex5NY,A03,unlisted,A3
RObestZArY9gN9Ek,B01,train,B
RPZSqNEm9prJto8t,A07,train,A1
RPc1kN6KdWZor7IP,A03,test,A1
RR6wd2umsF4FR2qf,B01,test,B
RRNWVqQPkdsfzshw,A03,train,A3
RRxTIJunZDLHlhUU,A05,train,A3
RSvcsROd2spn6nnW,A05,train,A3
RTy4HuL6ai9Y9Ryi,A03,unlisted,A1
RUO8fBFZguBdwHCK,A07,test,A1
RUT8sy3VsPkdgGgW,A01,train,A2
RUZ2Cx1WPPduu9ES,A02,train,A3
RUhF8H0w6kj7hfxU,A05,train,A1
RUoYv1AfhJGSWja9,B03,train,B
RVRqLy0O8xgRoEbN,A07,train,A1
RWUXQR1iOg5OPctY,A05,train,A3
RZzUk1D6iNIb6zLK,A07,train,A3
RacYylK7G67FCOHE,A07,test,A1
Rb4vL1OWJciQBakT,A05,train,A3
RbSQPjqMD8RjqpML,A03,unlisted,A3
RbjvZsT8CRydRSlk,A05,unlisted,A3
Rd3AXiWC4ATFlM8o,A04,test,A1
RdNVod7qToOCABfp,A06,unlisted,A1
RdhJeV3xJKgmzIjL,A07,train,A1
ReBRTkFNSBW4nOzu,A04,unlisted,A1
Rfjicl9WevPgiPRG,A01,train,A2
RgB6rNIlHWRWpHXP,A04,test,A1
RgC1xAoKqLa8q0yu,A01,test,A2
RgWKQPGfBVlx8sMM,B02,train,B
Rhv4PHL3WW56dgyP,A05,train,A1
RhzxL78g1ujbfD1T,A05,unlisted,A1
RiqyocZf3UMIV9yT,A06,train,A1
Rjcz7IiK8PL5UqvX,B02,train,B
RjevXoIyhg9vhhf6,B02,train,B
RkBY1IMdbNG2B9Rd,B03,train,B
RkqQpvdPL1FKgT7o,B02,train,B
RlSZEwc1lFOeMjyt,B01,train,B
Rla5fQilC5uYY5Kw,A03,train,A3
RnBNbzS6guTYSwcQ,B02,train,B
RnfSxbpkgMGxWL0R,A05,train,A1
RoG6xCT4KjHkzZjV,B02,train,B
RpF6LjoDOqDqQa5Z,A05,test,A1
RrIYgsc0KIZSqfUd,A02,train,A1
RrXJ9FqEGhhlJkzL,A03,unlisted,A1
RrjCwlnTc5RInCSd,A07,train,A1
Rrl3pBVpCqUQnDpI,B02,test,B
Rrnqco46d1vVQEKk,A01,unlisted,A2
RsYERcai6whKScz5,B02,test,B
RsYyA82b8YB8IUKO,A01,train,A2
Rscke5x07F8infT8,A03,train,A1
RtN0sw4gr6FQx7qZ,A07,train,A1
Ru61iksVggsYjbzA,A06,train,A1
RwFT53hWAzwF236G,B01,unlisted,B
RwbG7xTjBf8dAGNA,B01,train,B
RweNX3umYRCFqNS5,A05,test,A3
Rwwsv9fqOWBcZM06,A02,unlisted,A3
Ry5cShMNVLhX06VB,A02,test,A3
RyHhUXOAoA1apIKR,A03,train,A3
Rz2FDwjEXaChj4CK,B01,train,B
Rz92ZJxfYzaqIhDx,A05,train,A3
RzSn6EQy1DTpW6gy,A06,test,A1
RzSuwJYATGT7SeOK,A04,test,A1
S2YPlHHC25tUevTL,A01,train,A2
S3AJk4kwHIvQ8H87,A01,train,A2
S3NkJ5R1Zo3n66O0,A02,train,A1
S3UKNP7OPY10G2Z0,A01,train,A2
S40LubLi0Kf10HsG,A01,train,A2
S53fuvLquZQdhhNi,A05,test,A3
S6aKv717N68tGf0v,A05,test,A1
S6yTsKDfNACRbAR4,A03,train,A1
S7HFCNO6W96psFjs,B02,train,B
S7OuVZxAFBMuM6DN,B01,test,B
S7gyRUzJUr2AtYSI,B01,test,B
S85S7ZRxRttXtJ2t,A01,test,A2
SDRwtOeITUjpYBIG,A03,test,A1
SE5lrkQlE2R5Ps4U,B02,test,B
SEYEZ7fwp3MbYkkB,A02,train,A3
SEZ3udqaYKnEbf6V,B01,train,B
SF5k1sIEFsDyp859,B02,unlisted,B
SFZCsbViLZU3iIzs,A05,train,A3
SGCXZg4aa9O0AAIM,A06,train,A1
SGoNc4BiqzEjWHCM,A07,train,A1
SHu0IZg2GThcsud4,A06,train,A1
SJ7RMMQYKiEvfSFv,A05,test,A3
SJoB7R0aR9KOtnHA,B02,train,B
SKhpew0yOvm20TyB,A01,unlisted,A2
SKkYSrPZ4uSb7ue3,B02,train,B
SL9zBwTQiNt0Hm2c,B02,train,B
SLtjPnq75cnVCarm,A03,train,A1
SM20g2b4LTyOgKWz,A03,test,A1
SMl8HuuRgz5TjhVZ,A05,unlisted,A1
SMpib8fiB4SWwD29,A05,train,A3
SPJhiXny2jrTlsNP,B02,train,B
SPUs4Tds25E8DiqO,B02,train,B
SPgftpfVdDvo3MG3,A01,test,A2
SPmViU8ir3MyEnDf,B01,train,B
SPpbhWrFeMVxLEKB,A06,train,A1
SQEtziWuNeybgflr,A07,test,A1
SQGRLf6d6wY0rI5X,B01,train,B
SROatAQgQHrNMSiA,A05,train,A1
SRTdky9OaZf0jE7M,A05,test,A3
SRrsPVIZrAm2elis,A05,train,A3
SSRwj26r6fQ8BM0q,B02,train,B
ST1nH2w8W5BhBlSD,B02,train,B
STLPL4LdzH8kSdhW,A05,test,A3
STTTEll5jgZuwpju,B01,train,B
STzzzgoU04SrFnkY,A07,train,A1
SUHOikQqiZVhzIjA,A02,train,A3
SUfGVwdgBo1evMXN,A05,train,A3
SVluJ44eOV1581q1,A07,train,A1
SW7TaOdDOjk649Cz,B03,train,B
SXNZ5kUCcAxRUpCN,A05,train,A3
SXsuy7Issi0yomn0,A05,train,A3
SYFuvRIv8aLvKWgt,A02,test,A1
SZdxKEnW7BrVSXlr,A05,train,A3
SZu1PTAaTIMS28OF,B02,test,B
Sb3ZUbfukWVZOLff,A05,train,A3
SbthGBN0yaNxyz31,B02,train,B
ScMutGShr2TKEO1n,A06,train,A1
SdPy7BVppEc60xOT,A05,train,A1
SgPLOWVf8Dy3v194,B03,train,B
Sh99qfmrYlFPTFmj,B02,unlisted,B
ShUE5ciRJhtbzN1o,A07,test,A1
ShpU8GFf3WyjIopw,A07,train,A1
SiBSBJihCh5N5xwm,A07,train,A1
SiLqnAOfc9YNbKH8,A01,unlisted,A2
SiWiEJmFzPKmJNVH,A05,test,A3
Siu30SpYILig6YGT,A05,test,A3
SiwMin5HBUG1EMdA,A06,test,A1
SjnezRybcFB1DAla,A06,unlisted,A1
SkJ1eJj1XL1hk2FW,B01,unlisted,B
SkRyqzcQ2K9fOFJw,A05,unlisted,A3
Slh3EWcEut52Hwms,A06,train,A1
SmE8ZgCY5IPxdYOV,A05,train,A3
SmPrS72Ia4Wc4jjQ,A03,train,A1
Snya2vORqM6s5B46,A03,train,A1
Sq9NjdoeEOwNequa,A01,train,A2
SqEFJ5IqaCaZSSMr,A04,train,A1
SqMIKWIOcII96Ua3,A03,unlisted,A1
SqmwXVUhg5diyNnK,B03,train,B
Sr3AHbfZSXmh035r,A01,train,A2
SrgUdoOFiGWedj6W,A01,train,A2
SsUMZI4AqEJBY46G,A05,test,A3
StN9q7WeNT3EhvSF,A07,train,A1
SuH6wMIGnSgQ0cpc,A05,train,A3
SvAC1gLOvd0Z1YUp,B01,train,B
SvXxXpqawYbRH81M,A06,test,A1
Sz7jfKGZzxxdtLsX,A07,train,A3
Szcz44vSpdVE6r5x,A05,train,A3
T14LCfZIMuzLcF37,A07,test,A3
T166DhJU0j1gO2Ik,A01,train,A2
T1q6KGtToB7krfHy,A05,train,A3
T3Hhat7cR2M3fvD4,A05,train,A3
T3gCkSt5bcuYdswx,A05,train,A3
T4LY22JDQcGQGtaF,B02,unlisted,B
T5PNDHJGtw2GOTUF,A05,train,A3
T5uJz9A7n8LXKQiI,A05,train,A3
T72grVtaadVUrcYC,B03,test,B
T74IZPeQ36gvNsJ7,A07,train,A1
T7GOPCBYhgj2qW0L,A05,train,A3
T7RKTt7RYlSyNgw2,B02,train,B
T85PtmjHWp5dZ2ZZ,A05,train,A3
T8SgyApXyBlWjHrx,B02,train,B
T8ftJyPYv0iQS18V,A05,test,A1
T9JS47NYwoQL0lyt,A05,train,A3
TApu5dlcadQVunsE,A07,test,A1
TB94EpdVwJvIleNB,A01,train,A2
TBQu96WK3Sla3Yk9,A07,train,A1
TBVUAtdu7OM4KEOR,A01,train,A2
TBkSCwCcU36wNBrO,A07,train,A1
TBl3UE2gqnWxNmqh,B02,train,B
TC9hPEleDRnmCYTU,A05,train,A3
TD9rf9ReTOsHyR47,A07,train,A1
TEoon6HlCyu0n8Ws,A01,unlisted,A2
TGpukDGd2OG546C6,B03,train,B
THBj9wz9PD3Bggkx,A04,train,A1
THZWM5WJ8LJFTJ52,A03,train,A1
TIJIlzcofCrILbpb,A05,unlisted,A1
TIp0Jzc6m8LdnBFs,A01,test,A2
TJLr183kV4PB0zbp,B01,test,B
TJPsDVZFBG8z7mql,A05,train,A3
TK1QseQdnBFuH8ay,B02,train,B
TKYZwRg2spCQaVrm,B02,train,B
TL99t1Mw8fyRUvNL,B01,train,B
TLAGVSRZQzY0I1bc,A05,unlisted,A1
TLAeSfxO9PMTwRRO,B01,train,B
TLbq3fOGULGvBz9S,A07,train,A1
TLcJtwqHYjyiCE5n,B02,train,B
TM0lt6kgSM4xKDV1,A02,train,A1
TMnam0Ozh3rKGFkJ,A03,unlisted,A1
TNj9e2WZsERqMUIr,A05,train,A1
TOrixRp7KSS0UZ2z,A01,train,A2
TPYcy4OqXINdMdQg,A05,train,A1
TPdI4dn8HUGKOWUV,A03,train,A3
TQGfLR45O0CZnxqY,A02,test,A3
TQTPEL8sAVCPCHQY,A01,train,A2
TQfADx2befxm2iO8,B02,test,B
TSyFzpjPSa5W3X4g,A05,test,A1
TUr9y9pDkhAl4U9z,A07,test,A1
TVSDgCBnV9uaA3YW,B01,train,B
TWFPaotiv0QhT9MC,A07,test,A1
TWcUdm9Ie0q3ymqi,A04,train,A1
TXLLrWYZP8zwEQM8,A05,test,A3
TXxdUAseaneIteOP,B02,train,B
TXyLhv8XEnTqMq4m,B02,train,B
TYxkNBqpOuiigEmi,B01,train,B
TaMBRpw36g11RuNe,A07,train,A3
TaobNW5htpVBWpNf,A07,test,A1
Tbs70EM6qfiZ6Pp5,A02,train,A1
TcMpwgeGChGepnuK,A03,train,A1
TcQuwjxCIkIth6bz,A07,train,A3
Td1i9ewd7Pgn4q12,B03,train,B
Tdug2Ir2mPNVbv1R,A05,train,A1
TgNODagxcUgKBFM2,A03,train,A3
TgXMCiOard173KR8,A01,train,A2
Tgfx62G09qIZHOyd,A03,train,A1
ThIZXP18o2OYgpFF,A01,test,A2
ThfnPfGddjfVrMHd,B01,train,B
TimFlG8hCK0nlmdV,A05,train,A3
TinLv9xglg30AMGo,A01,unlisted,A2
TjTVl32ifA12hdCO,A07,train,A1
TkXLDVTuKfT2r61t,B01,train,B
TlAiuect11Kry8hF,B03,test,B
TmR8M3EyTpvkNsAe,B02,test,B
TnwF5fMlgsKzEKf0,A06,train,A1
Tnz6pJuXsyDIPwtq,A05,train,A1
ToCVujlK1zVrHqOi,B03,train,B
ToKAwatPMykDmi2k,A07,test,A1
TokuOhC3LQattCcG,A06,test,A1
Tql4pZFUpnent0Oj,A01,test,A2
Tr3zBCjTdgdJir4P,A07,unlisted,A1
TtFzl8vV3RmMxcXg,A03,train,A1
TtNZPHaQ0Jt7Qg84,A04,train,A1
TtPFBElccbwifqST,A03,unlisted,A3
TtTnSy5eeAIyhgty,A03,train,A1
TviLw2mCVDYq403b,A03,train,A1
Tx3bgo4Kh6KmHDdC,A01,train,A2
Ty9qUVxngRZuS86D,A07,unlisted,A1
TyBLQ7BMlXkKwooI,A07,train,A1
TyhaJf0smxyYfsd6,A06,test,A1
TzmZGQwO2YZ8z49Y,A07,test,A1
U0Atr2bqDPJmXRWk,A07,train,A1
U0QBZZLLcOl9gXpe,B01,unlisted,B
U1KWodXFqAtVv1jc,A07,train,A1
U6l8avRSbQ01uEI9,B02,train,B
U7LSnA46aSv9MBlS,A03,test,A1
U7aZFNSmheajM4hH,A05,train,A3
U8LVwQbftmErP3VG,A05,train,A3
U9msClRel9lVGhyc,A05,train,A3
UAS7vx8koKgEXRb0,A05,train,A3
UBCsB4Nv6GYG3hLO,B01,train,B
UC6BfBqworx6qEkk,A05,train,A3
UCmTes0kh1EQvyir,A01,train,A2
UCpW7PBTYDEk4Wqt,A03,unlisted,A1
UCrRfeeERnz97Dan,A07,test,A1
UDOQSw2eYIzn9B0n,A05,train,A1
UDTjHvuSOrhCLnS1,B02,train,B
UE3Zpe2PhIdrzRYF,A06,unlisted,A1
UHc5tYHkN5scE2RI,B02,unlisted,B
UJ6Fyqg6lAg5nQ3K,B01,test,B
UJWwVHbmobHAOq0g,B02,train,B
UL4uKVDSEkTSgyJH,A06,train,A1
UL8ikhp4e6Ec55fN,A05,train,A3
ULB9xY3uYT1NslGi,A06,unlisted,A1
ULr8XgotFvdKH5HL,A05,train,A3
UMRld2RXExpS7y4S,A03,train,A1
UN8CA1yxAWk8TXc4,A01,unlisted,A2
UOOvQ0nyj1KihWSp,B02,test,B
UOWwkVNgrJpVx9Py,B02,test,B
UOgcxLnMrURIguaX,B02,train,B
UP0tYruDR5PQq3Zt,A03,train,A1
UPDVV4FokZzsp8bK,A05,train,A3
UQdAdYYp7KH2edCK,A03,train,A1
UQtvTDQLHHK4rW5i,A07,train,A1
URoWXipJITCRADy2,B03,train,B
URtapn2aqxr6qe8b,A04,train,A1
URuJIbnKRvZ64Ywe,A07,train,A3
URzF35gxkcEDPgU8,A02,train,A3
USCuetcZThb2vPgR,A07,train,A1
USsilUa8S8Kz2X9K,A05,train,A3
UTTiFe7eijgHk8Tp,A05,train,A1
UU7WPdZZtEcX37xS,B02,train,B
UUMGGElAnTqRKlfO,A02,train,A3
UUOrjjW6mfNyrzoc,A07,test,A1
UUwKH3mzXkdD0ZrN,A01,test,A2
UUwipoTjKC1a1rKP,A03,train,A1
UVGvkqDt3t0iamuM,A05,train,A1
UVu6wa0r5HN6jSzC,A05,test,A1
UW3knVk6bn3B8yHB,A03,train,A3
UW4zAGqT0M94a6Rv,B01,train,B
UWZaMgyybh0aW1P7,A03,train,A1
UYExopv1vlBSkdiM,A03,train,A1
UYN9Yx3NPymueZXJ,B01,train,B
UYYE0ehKB9Urjfui,A05,train,A1
UZcwP3NEABicHt0a,A01,train,A2
Ua8V8v0Du2jPKzzV,B01,train,B
UaG2IBt0aAVFxWA2,A06,train,A1
UaH2buGIZLM3av2P,B03,test,B
UbOz7iyQnlCzl7qT,B02,unlisted,B
UbVCn2VjAtt7WCXX,A06,test,A1
UbZiTXI6fSGj6iPo,A04,unlisted,A1
UcMlIrzDkU0adDmr,A04,test,A1
UdE5CPd1tOOxv9nb,B02,test,B
UdLEkHOUNX1yj0Rp,A07,train,A1
UeTpyZLZbbr5CMdt,A01,test,A2
UeukGvrDOVGRXeTS,A05,train,A3
UfYEYQNekGyW4PWG,A05,train,A3
UfdjyjoCbxcyYDRs,B01,test,B
Ufx0vlhzz9Dr1yS2,A05,test,A3
Uhhw3YQkiojJjllJ,A06,test,A1
UiZgW7cVcDXiRQa7,A02,train,A3
Uj98PNlgc0gFiF5r,A01,train,A2
UjSSQbyL5QHcqkds,A05,train,A3
UjaMqlcCMp5EqhxP,B02,train,B
UkcAGg0uuJOmNn7I,A07,train,A1
UlKTlFB6s2bur1ER,A03,train,A3
Um15UG3VeAFtTUiS,A01,train,A2
UmfAca6qWdl6EkJ7,B03,train,B
UoyBxnNCPHHwHCZt,B02,train,B
Up5Js7uPpP8fLGWd,A06,train,A1
Up8ac2bW8HgGzYFc,A07,train,A1
UpD34LSJrrbSKEeU,A06,train,A1
UpNwJuTRuJuklLQt,A05,train,A1
UpkDyr7OSJoRu1XX,A03,train,A3
Upl3lRzFMeWhe0FG,A01,train,A2
UpwQWMO0k03nTAgo,A05,train,A1
UqjctOv1FHWhpgsx,B01,train,B
UqvpH9ZvPQBxpv9l,A03,train,A3
UreeKX6RvvBrbK7Q,A05,train,A3
UsOvbSo4KJzmH45m,B02,unlisted,B
Uv98CHMc6JGvY4cB,B02,test,B
UvBCw8Q6znxxXGs4,A06,train,A1
UxaESJBF8KzKKMKn,A01,train,A2
Uy3WIdDJw0Okxq8G,A05,train,A1
UzE1pqUxMvERztc7,A07,test,A1
UzW3AQiMiwbJZfV3,A05,test,A1
V0FccxjiMfHrwD51,A03,train,A1
V1BsWESiUlUXL607,A05,train,A3
V216R7BJFcBLauD9,A03,train,A3
V2I3IbflQXkvWzZi,B02,train,B
V4HcQv4XNiMyjkl1,A05,train,A3
V4fBfllhZvcWpUK0,A02,train,A1
V4i3erXY2Av7YGr0,A05,test,A1
V4lGCqOjZxAuz956,A01,train,A2
V55tN4InAFHqNapi,A01,test,A2
V5HiAcnoPxNUhdgQ,A07,unlisted,A1
V777NhBeCava8k5k,A03,test,A3
V7pi6arZR8rfpXIs,A05,train,A3
V9IA3iXoue794aS1,A05,test,A3
VA3my5oeELFd4Bjn,A05,train,A3
VAD5q7U25gBBimRK,A03,train,A1
VAYhFhKkJZ9eE1aD,A05,train,A3
VBMl2YnpKvZp77U1,A01,test,A2
VC4fyNsDO9j3kOZ7,A04,train,A1
VE514TqfK57aRAzM,B02,train,B
VFwAvCFLKZ2dyhG5,A01,train,A2
VFyiB2nMn0sURmAl,A05,test,A3
VGgGZXjbLYyEL32c,A07,test,A1
VHiy1LCzKr9hpRyy,B01,train,B
VINtrXfmNZXKKxPf,B02,unlisted,B
VLB5LzxoiGFfWd3h,A04,train,A1
VLSw3TNOBkNiYn0n,A05,train,A1
VMKc8djCE7SkK1ha,A07,test,A3
VN7f4JE8irUcgcFG,A06,unlisted,A1
VNOGfi8f2oadRVJG,A05,unlisted,A3
VO21eVMkK6yYPNjh,A07,train,A1
VO4KBHOOIt6wEIoZ,A05,train,A1
VO8WpcESrIkQWSUa,A05,train,A3
VOBXTUIBGh34hetY,A04,train,A1
VPBr1xiRUv4EDCwX,A05,train,A3
VPPCogsXKjQ9BBlj,A01,unlisted,A2
VPbgzAcJJa0fYM9N,A05,unlisted,A1
VQsxNA0kAll7H9jV,A07,unlisted,A1
VR9YIJM42zELiqaR,A03,train,A3
VS25P0G8c6RoYPzn,B02,unlisted,B
VSC9FEb3CLpmsK11,A05,train,A3
VSHrAVFZysd5XIW9,B02,test,B
VSeVo1Q76XFJXDyu,A05,train,A1
VSh0HB1QVB9D2KOd,B02,train,B
VTISw0JTAOeUHHGf,A04,train,A1
VTpogIeR9jmoxCRA,A03,test,A1
VU5NsNdRsYsqDrlD,B02,train,B
VUtgnHpAF9djTrfc,A05,test,A1
VV5UwnA5P2GjkloN,A07,train,A1
VVIZM5oForBFbyvQ,A07,train,A1
VYFQGk6lea1kOf4F,A07,train,A1
VYrfGXnqnDqc7hHQ,A07,train,A1
VYwKACuCFMM2fgRm,A05,train,A1
VatdLIm2yBuXxZR7,A04,train,A1
VbZcY4RkcIKyFzVc,B02,train,B
VcHSghViBX2b8c8m,A07,train,A1
VcJyHWO9dmsCz4tX,A05,train,A1
VcLTK0mvUToRIOYE,A05,train,A3
VcwPYC2DK3Hc8z0Z,A05,train,A3
Vd7IlkYbFGhe5pUC,A05,test,A3
VdJ7B1LE7GX66lSL,A05,unlisted,A3
VeEty3Mc38kLV9Hn,A04,train,A1
VepwukO49f0TQOU4,A05,unlisted,A3
Vf0sgib9T70aFqO7,B02,train,B
VfA8Rllc17Tz2PUR,B03,train,B
Vfm69yOg9r4ORI56,A05,test,A1
VgJNIQg859aBeFnO,A06,train,A1
VhMl6LVjQCxZlqYS,A05,train,A1
VhbM48YoB1aLPeLr,A07,train,A1
Vi5E9Eb8QiBdVtKD,B02,test,B
Vi6GSbdZStQeDE5T,B03,train,B
ViUcPo6dyL1x8eBu,A03,train,A1
VitdyTslriKuAo1m,A03,train,A3
VjpvcFZ0OM1TONpE,B02,train,B
Vm7Q6GOmR4tJ01PK,A01,test,A2
VmfbvwCFeQc7nRdQ,A01,train,A2
VmrEALeZiP1Y6nF9,B03,corrupt,B
VnKwZVEYK4Bu8BkJ,B02,train,B
VoCYS8kgnGzYvZJN,A05,train,A3
VobrWstyKDIOLsjY,A01,train,A2
VpWVquLTlmlZxSHd,A01,test,A2
VqlG0AQAMdzlufuF,B01,train,B
Vqy8yMWbHhqsMHzc,B02,unlisted,B
VrPf3kTbKOYXTtJP,A04,test,A1
VrjkaBeRSJxScA4M,A02,test,A1
VruDceE3Z999Cpo1,A01,train,A2
Vs0ckUinRP7TW9sQ,A06,train,A1
Vt26SpkuReklv5Dj,A07,unlisted,A1
VtAbbsulTf3i7HMM,A06,train,A1
VuCtBKzWAaW8zd9A,A05,test,A3
VuKEPOjl7rjiHrWI,A02,test,A1
VuSbNCLXnqR4r3ie,A07,train,A1
VudjpcG3KPL1Ryrz,A03,train,A1
VukuiT4GWGIQZzty,A01,train,A2
VvrB5JPIFV9pTQdW,B01,train,B
VwIqQFqxDa0wtTv5,A07,train,A1
Vwtp8ezOoKeuGtAr,B03,test,B
VxfYLzkJkll3waWg,A07,train,A1
Vxp4vOYLzGkGLagY,A01,unlisted,A2
VxpU98eVlkxkV3Xz,B02,test,B
Vyq37KAnllxfF1tY,A06,train,A1
Vz2mzcaqhT6iuQVD,A06,unlisted,A1
VzbeK94gp5sqZpW9,A06,unlisted,A1
Vzg5jk3j6IPpPTOb,A04,train,A1
W0fOJITtl2OXtypG,B03,train,B
W1SKgBiqEXo62fsM,A06,unlisted,A1
W1r7QG2FQgvLb1uh,B01,unlisted,B
W2I9c2ExNuF545K3,A05,unlisted,A1
W2KNy3XndBz3Dbaw,A03,train,A1
W4WIYQeAgw3oR8Gf,A04,test,A1
W7WkmmiHjNYoaibi,A05,train,A3
W7hYYAfRyLnR9AZl,A01,train,A2
W84Lw7FYVOL8tFrx,B03,train,B
W8r9lhWCvhGX1XID,A05,train,A1
W8tTDPj2Gg6io6xy,A05,train,A1
W8wdFrxaW9VMnV3p,B02,train,B
W98g7gKXgYs3I4w4,A07,train,A1
WB2IhXfKpNF1Ifr8,A06,train,A1
WBgZGXZznkmNOEXL,A07,train,A1
WC9VbFYSLIUOBzR7,A05,train,A1
WCiBqTYnMnm2a6tU,A03,train,A3
WD8hbF1crrLyt09f,A05,test,A3
WDbUz3HEvBWEdEfO,A02,train,A3
WEXnPXndNLdYcPTc,A03,test,A3
WFM0BApCMYPuHfRS,A02,train,A1
WFsBqumW7og8BW3r,B01,train,B
WH1seRr5kdj4sHtm,B03,test,B
WHjio81dPB54siVe,B01,train,B
WHyB8LgfZiRi9mYZ,A04,test,A1
WIPmsuiCWms8OBzB,A05,test,A3
WIRPtCHUrGmZaoqH,A02,train,A3
WIcw0CgN3RVJ3oVP,A05,train,A3
WIrVADRlBqtRde3M,B01,train,B
WJDW1zDD3QB2dayr,A07,train,A1
WJfZtonhA58eBzV3,B02,unlisted,B
WJmMffgx1nlckzsd,A02,train,A3
WKFGgvxqjy28OcWQ,A06,train,A1
WKQjvXvHXpdamZ1w,A01,train,A2
WKyEa8wtWy2591AI,A07,train,A1
WL4295AOCQhHHpKE,A05,train,A1
WL4KziGK98paXPlJ,A01,train,A2
WLhHuqJIdyttWi11,A05,train,A1
WP6UP9Xs22atpY8t,A07,test,A1
WQDQfvJci37NaVKb,A03,train,A3
WRoSDSc7WAiElI2g,A06,train,A1
WRzgL43XMwPnb698,A07,test,A1
WSMdtuELSi1Egr1C,A06,train,A1
WSedRwUx50LfXyMX,A02,test,A3
WSlmnVErULWHMsg1,A05,train,A3
WUUq2HLZWuUpJk8T,A07,unlisted,A1
WVTqEoaOJblHk8gn,A01,train,A2
WVnhzb1mQF9PGUef,A03,test,A1
WWAUg2dUnMjF1GHG,A07,train,A1
WWHAYoiZBA6A5D82,A05,train,A3
WWPel8XOFDWKWLCR,A05,train,A3
WYOvdBMQEI5kdKLV,A01,train,A2
WYYOoWYNXmpGmUmH,A01,train,A2
WYhUkxAQvj6pYEnq,A05,train,A3
WYqtPcC9BzmRtMXm,A07,train,A1
Wa3GYoo8H4i1VywB,A01,train,A2
WaK6yyeR7xNkN4mk,B01,train,B
WaRyvzKsjCPAOmJa,A01,train,A2
WbD9vSK9HINEPIAw,A06,train,A1
WbWUD9VaX1QumiRz,A06,train,A1
WbtlTp3iF2uHIJf3,B02,test,B
WcfzyyJEdOaSkfF2,A07,train,A1
Wd1XX89oQ8UkE8n9,A02,test,A3
WdcgOY1Dbh72kCDa,A05,test,A3
WdinJ0Uv7WQ64dpF,A06,train,A1
WfgqNjfP74ytopVs,A05,train,A3
WgOCLhfd6cyu42Se,A05,train,A1
WgVRi0DQ8lzCaGz2,A06,train,A1
WgYh6MnL5mlQwbfj,A05,unlisted,A3
Wh4XLWfNqZPtxq7x,A05,train,A1
WhALleExeDgpxSQj,B02,test,B
Whswh4mCrQ4aXiIP,B02,train,B
WiGfAv4dAqzmaR0d,A07,train,A1
WivHrN13bDm2tjco,A05,train,A3
WlJbvcpqvxoJVHlG,A07,test,A1
WmWzF6lNRPeVzNZO,B02,test,B
Wnh8FVMwVuAmnfZG,A07,train,A3
WoMRbyY6qYZKc9KU,A05,train,A1
WoNq6jFJK4f3TOeN,B01,train,B
WoR1KxfyO5ycoUkQ,B01,train,B
WoXZ6UYpg54lU5yW,A05,test,A1
WpIvFoB9JbSegK5i,A07,train,A1
WpauETXxStmDS3da,A03,train,A1
Wq65em75pe7gwfMA,A01,unlisted,A2
WrT5rjljg2lRti9P,B02,unlisted,B
Wt1rQEyS4dTLq0Jn,A05,test,A3
WtbRElZ6GfYN1wNG,A01,train,A2
Wu4T3ZEd8XWWUKtn,B01,train,B
WuDkRr2vbcWaXbXQ,A05,train,A1
Wuo90X5U6WqtyUc4,A07,train,A1
WvRMZ0cyEWnKAntR,A07,train,A1
WvicwIv0Pl1XRDSE,A05,train,A3
WvmfZUU5ghjpQwKb,A04,test,A1
WwlTCykxjP3c4kfo,B03,train,B
Wx97WLWmyZa7hLXs,B03,train,B
WxGJgupDhrCpjgds,A05,test,A3
WyB2fW66tMIjJUlq,A05,train,A1
WyjGNFSmwgHMZykj,A07,train,A1
WyrZsvhkOu7yj8kj,B01,train,B
WzfnjLtbzp8xElqD,B02,train,B
WzsPgzrwcHyj4UT7,B02,train,B
X0qJrVwrVkk5xLvv,A02,train,A3
X2L58x0LT4tZEA1h,A07,unlisted,A1
X2gN0LD6a3F2UVGn,B01,unlisted,B
X3NAdmnvJ4kQy7HB,A07,train,A1
X3OwvQCMDOZbUDMY,B02,train,B
X3YabLNZL6GBB5R7,B02,train,B
X3bkLvY2EmYHag44,A02,test,A3
X45z2YGR6He46kFL,B02,train,B
X6kVtDUXpzuacUmj,A06,unlisted,A1
X6rKyqYLpctBsZdd,A06,train,A1
X7vsPotXC1wKgSzb,A06,unlisted,A1
X8eYlgiffdhHD9Gc,A05,train,A1
X9iBG63d1hHjtkku,A05,train,A3
XA7nBLSQ2Gv5YeyD,B02,train,B
XAzkI6PbGYZfiiRO,A05,train,A3
XB8v1iKQMbvT5oyZ,B02,train,B
XBS5QXXuqkXerXdy,A06,train,A1
XBolZ9SHDdJp62hD,A05,train,A3
XBosP1YYbKqflZTf,A02,train,A1
XDODdFdx2bCbNx8P,B02,train,B
XDoVOQ0ikJw07ZC7,A02,train,A1
XEDB0ULru2p17fr4,A05,test,A3
XEhKI7wvRtzdO9Pf,A05,train,A3
XEhx6eusUFtBNhhD,B03,train,B
XF8jrspPCTA8suye,B02,test,B
XGeUUg5qPoDsqDdg,A05,train,A1
XHjtzIvq24L5kUFQ,A06,train,A1
XHtvcSDP11Jybspx,A05,train,A3
XIFI1G3tlZYbWVYQ,B01,train,B
XIMZRt7YnoPiFA2m,A07,train,A1
XIxVoy1WiAJKcrSD,A07,test,A1
XJDQgQ2vWHqeYxBP,A07,test,A1
XJOANO9yBTa2NAnw,B02,train,B
XJUVKGe9j70yvQTC,A07,unlisted,A1
XJgJexw5nQLlxSGI,B02,train,B
XKA2mP9zjbTLeAa8,A01,train,A2
XKlA6epXFRg4vbsR,A03,train,A3
XKqPnXKANObF4OIs,A05,test,A3
XKw400HQ6W34DdXa,B02,test,B
XLMb1ZcLXoEIeqRB,A03,test,A1
XLgjgkCDuAhIw9Xn,A05,train,A1
XMFgTIY72Kkq9gMu,A04,train,A1
XN6E32VUdTiHnJuQ,A07,train,A1
XNt6oft5KThqk6ew,B02,train,B
XOYtXMQdFLnIQJsX,A03,unlisted,A1
XPKkgwQOJ3U4eLjD,A01,unlisted,A2
XPY28ckUybV2lHPt,A01,train,A2
XRLSGjwbEgsA69fh,A07,unlisted,A1
XRRpqOq44BAzgcwg,B03,train,B
XRSdH1cm8ft5LV5K,A05,train,A3
XRaE6iPlMZaoqMZ8,A05,train,A3
XRiZ1QYwCM4upYwB,A01,train,A2
XRqbvEn65zI52ULg,B02,train,B
XSLlriCKpqyIRi2P,A01,test,A2
XStGH8IjmVWF0Oju,A02,train,A1
XTMKfAR66xcIhemA,A02,test,A3
XTv6wXXJePdHnxIm,A01,test,A1
XUA0j3jLtKmJfCpu,A05,train,A1
XUKICde61dNmQihv,B01,unlisted,B
XUnCsc8YYR2xf55m,A03,train,A3
XV6n8iWFQH9zzH2B,A01,train,A2
XVYxdHAl2IA6Iuys,B02,train,B
XVZP5lXyctlov3RL,A03,train,A3
XXOVuB5tyIAyDzXO,B02,test,B
XXVo8pxx2HGwD29j,B02,train,B
XXx4gUdJHwWGKTSL,A01,test,A2
XYRMCyIhVR5yX6a1,A03,train,A1
XYfcXwlDyNH8hSLH,A06,train,A1
XYpz5ZAUieKxmA9I,A05,train,A3
XZC2JW76PJyswv1x,B01,test,B
XaDB8eucsjduMJQy,A07,train,A1
Xb7GCeGlDrSKyZ7I,A06,train,A3
XbEoDnd9Z4rfwaU4,A03,train,A3
XcdqvnvHwTLEnd8i,A02,train,A3
XcwLLZrZsSDO4XzL,B01,train,B
XdEpoOauw0NEJjYr,A03,test,A1
Xejl0WsGNYcuyEcG,A05,train,A3
Xeym5MC4Oxbx4C0V,A01,train,A2
Xf2WjCJKyMvf9ZNP,A04,test,A1
Xf53GrwovECETF4H,B02,train,B
XhZYGhcnbZ6VYAJo,A05,train,A3
Xhf29bJraRpNbVKl,A01,train,A2
XiXPUP9Ax5yC366y,A05,train,A3
XjDvKAcJ6OILWvJy,A01,test,A2
XjEmKAVf95uM2CB8,A06,test,A1
XjFjREzxmZe8s0x8,A02,train,A1
XjXPcxrzrDPZ6vt1,A05,train,A3
XjbjE7dBhxNkEoJF,A04,train,A1
XjuCV0kFpO8tT04A,B03,train,B
XlZDXyB9uqWUIOsi,A01,test,A2
Xll82lhMavpn7OPQ,A05,test,A3
XlvBkU6EnNBYrmRX,A01,test,A2
Xm4tfcIvyUUV4iHI,A05,train,A3
XmIJfHjDpa2QBoto,A07,train,A1
Xmv7RLL129SILBPl,B02,train,B
XnivpIhPEV8WL39S,A07,train,A1
XnmyTHMXyda6GmrD,A03,train,A3
Xo1u0E3cUeCb9pAm,A05,train,A1
XoxyBGQZpYVdnjwW,B02,test,B
XpRMATDlCwZDGsr8,A05,train,A3
XqBPSd9fZO3GcraY,A04,train,A1
XqTCnNsS6Fmhi2eC,A05,test,A1
XqV5OM8HpKeb9nla,A01,train,A2
Xqbz7HRIqemmmDof,A05,train,A1
XqfD3c0ys8Oykw8W,A05,train,A1
XrinnJgazc6VZGNe,A03,train,A3
XsTnSTFuEwJ77YUr,A05,unlisted,A1
XtLO9GWKpMCxNwvp,B02,train,B
XtShO68sxNoo9iEj,A05,test,A3
XtSzA1aS8OyoGTY0,B02,train,B
Xtv1ilExMqiyFoZi,A01,test,A2
XugdMomszXxUpoAm,A03,unlisted,A3
XujX3g08HRinUcDy,A05,train,A3
XuuDAV1TBpVZtu4t,A06,train,A1
XvlEjHDVybUpjaG6,A05,train,A3
XwfESp9Qk3ILwfrw,A06,train,A1
XwgzmvieqOWVfVla,A04,train,A1
XwlpP5otmI1pUXZY,A05,train,A3
XxPL1BKkQWc5zzQ9,A02,train,A1
XysIsriRDpLJouUW,B03,train,B
XzaMRNbKDwFTHIZY,A01,train,A2
Y0s6iwlrTSEFFEqs,A02,train,A3
Y1oYwoioBBfGwcEz,A07,train,A1
Y1yJ4jTNbVxTixzv,A05,train,A3
Y2GQ9XJj9fTrjUmB,A05,unlisted,A3
Y37SB65kGhN7ewal,B03,unlisted,B
Y3d8Lu1ROCbYLmqb,A06,train,A1
Y3oobQmzvr3e9Xrw,A04,train,A1
Y4HzzVFg7wuqrA4b,A07,train,A3
Y5Ij44OZzZD6gly4,A04,test,A1
Y5uiZta8r58h7uOD,B02,train,B
Y6Rt687BT6wfLaNG,A07,test,A1
Y8deQOzxGZVRk8bj,A05,test,A1
Y8q5eGRNcW8Qiss8,B02,train,B
Y9GsTDYv2epVWqXc,B02,train,B
Y9vUpnwyAGZkiXWH,A01,train,A2
YAVMsUxqfQR1KZ4h,A01,train,A1
YB3a4Ms8eDvak9YU,A02,train,A3
YBaHhzYrXg8S4JXa,A03,train,A1
YBq5vdNLKLYbSchd,A05,unlisted,A1
YCLZJobTtWvDAjC3,A03,train,A1
YCP9HgrBKwpLup0X,B02,train,B
YErAYWX2JPimutA3,A06,train,A1
YF9X2xNrRsPp8s1G,A03,test,A1
YI2tnJ4VlIQW7e75,A01,unlisted,A2
YIR8LOsatnLpXxhz,B02,train,B
YLsuD6VqcvWhMQOK,B02,train,B
YLyQ5b2Rzf6QBLrh,B02,test,B
YOB1qMVWwkwqKYlb,A07,train,A1
YOttqoUT2oQRXC5o,B02,unlisted,B
YP6Oku21gFEsOIwB,B02,train,B
YPIKZj1vZN3tzWWu,A02,unlisted,A1
YRAEPchzxyk1FVF0,A05,test,A3
YRXwkzhuHD86HNT6,B03,train,B
YRdcTS1AprPDtOXR,B02,train,B
YSTVu92x5XCV4nlu,A04,unlisted,A1
YSgy3c2Eom06Dwt0,A06,train,A3
YSwlGEJSovDmp0Z0,A06,test,A1
YT9l79SoiGWSa38W,B02,train,B
YTd0NrHcUe1te8n9,A07,test,A1
YVntXQMkEyAJdKOH,A07,train,A1
YVsAxBXQPxmeEdGF,A05,train,A3
YWBu0r3ZTIOOCdQ4,A06,test,A1
YWyEgdzAuVBbksLk,B01,test,B
YXihu6wNMB3Eiu7B,A05,train,A3
YYARFiOtpqQjTBYy,A05,train,A3
YYLWa2J8KZyrX9Ly,A02,train,A1
YYf3GK1Vh1g0LZZN,A03,train,A3
Yb9n6tH3kXWpBFIJ,A03,test,A1
YbLF36erPdJAmpln,A03,train,A1
YcEaOlP7sFsG0u5P,B01,train,B
YdT9WKs00ed4fblO,A02,train,A1
YfB6GqzdoHZ88MZw,B01,unlisted,B
YgTh7pwQb028Xumu,A06,test,A1
Ygw4FZuGvNm6KgXI,A02,unlisted,A3
YiHQMLogzaI2Duj0,A06,train,A1
Yid6ZCdtNOBegRdJ,A05,train,A3
YivsxN28Bc5TXRyp,A07,unlisted,A1
YjpQXPO4PiryJFil,A05,test,A1
YkA0wZ0PXB9vlKo6,B02,train,B
YlBIWy3Rfjav87TL,A07,train,A1
YlfpHOahhuP2vEzM,B01,unlisted,B
Ym4TxN8Eu760LQIb,B01,train,B
Ym52Rv7MP6B1iCHp,B02,train,B
YmeS19PzytE3K1xO,A04,test,A1
YmlajOc1YpkzuaKE,A06,train,A1
YnPXRYqletsVGn0Y,B02,test,B
YnsU9IZCwkxAbs5J,B01,train,B
YoSOfHjNCeBUOIfV,A05,train,A1
YpMnRwcHjsmUiyiu,B02,test,B
YpjAEkCppj4AiCC6,B03,train,B
YpoQ37N3votJffau,A05,train,A3
Ypp3CcdYrULfU3QF,A04,train,A1
Yq1dCVQMbtOtIRf8,B03,train,B
Yq54XCcVRGgagrHS,B02,train,B
YqJeK0o6qAyCOzBu,A07,train,A1
YsJV2oQ87wPJ8BOk,A07,train,A1
YtNexCLRXwxsB1l8,A05,test,A1
YtiOsfU0cOEYTtUd,A07,train,A1
YtjD7nVrqLTFK0VM,A01,train,A2
Yvzd34vuEnHTOW91,A01,train,A2
Yw2t4EqC9ZzSM9vc,A05,train,A3
YwshaF7RjDRjH9sN,A05,train,A1
YxLyO8KpjvKgsbXG,A07,train,A1
YxzUYU3dJmlc4cqW,A06,test,A1
Yy1NKXy9jbHmOrFK,A02,train,A3
YyXllz6GRNEumfeV,B02,test,B
Yz0T4b1288yKqToR,A04,test,A1
Z2YeH6FM9SOcyvaB,B03,test,B
Z2eMYy9p0cqvTOmc,A06,train,A1
Z2mR1OD41ELWIjS3,A02,train,A1
Z3HJAl4nmxDcsrrx,B03,train,B
Z3ZqVvHCPVyyNq0L,A05,train,A1
Z4CqRvTH9cFAAtID,B02,test,B
Z4R7IsiBH3x1hF9L,A02,train,A1
Z4ZaIsRlpVj5qlnt,A05,test,A3
Z51vTfGPlcpTCCHH,A07,train,A1
Z5MPAtF8kAHQt2VF,B01,train,B
Z5tVCCfLH7WIGpCr,A07,train,A1
Z6EiolVSRmaaEaJA,B02,train,B
Z6pSLzSNJCt7GyKt,A05,test,A1
Z7TfVaawKoiQZOO7,A02,test,A1
Z8LokcFZ1YWTcK94,A06,train,A1
Z8vLvdiAnTvBaFFF,A04,train,A1
Z9qqFBfLnCIZXUJ9,B03,unlisted,B
ZANKTAgUUXmhv1kT,A05,train,A1
ZAySEi2vlgtwlTB4,A05,train,A3
ZBVJjAhegVsDy75k,B02,train,B
ZCIugzN076LrXNEc,A06,train,A1
ZCyRu9HR9cg6IOw9,A07,unlisted,A1
ZDExHEa7G5MspkX4,A07,unlisted,A1
ZEKHXEk64HFm0ZSe,A05,train,A3
ZHLPXyvKX2LMr9ZV,A05,unlisted,A1
ZIgj7KPYIHPy2PYW,A06,train,A1
ZK9abZDnNDfmWXcP,A05,test,A3
ZKDmqs25MncvoFGI,A03,train,A1
ZM8Okq7otX3owqHz,A03,test,A3
ZMDkoUybjsYsBWV1,A06,train,A1
ZMTVZcaqGNytzQxi,A05,train,A3
ZMZG2thADps1DH8O,A07,test,A1
ZMbGQqENZ81IUcUg,A01,test,A2
ZNIAY93G9oOih7ld,B03,train,B
ZNQNAyo5zvIc9Q4C,A07,train,A3
ZOGCwHC0vdYLJ3cQ,B02,test,B
ZOatEE55qiuQIx9N,A05,train,A3
ZOu2b2QOtKii1hSD,A07,train,A1
ZQqFCBamJjZR9GdE,A01,train,A2
ZR293TuA3pgAm1gk,A06,test,A1
ZR3eQvmfCyzbZSks,A01,test,A2
ZRSUoM3yHulCOae3,A07,test,A1
ZSPjdaElcis1xRR6,A07,train,A1
ZSUU75O17YylVFGP,B02,train,B
ZSYq25WX8bpr0HOq,A02,train,A1
ZSpefT1x2QHFzbxU,A05,unlisted,A3
ZSvUdINVIobMX3rV,A07,unlisted,A1
ZUQupPMhjID9GGQq,A06,train,A1
ZUQxCgjLb3UgvTdD,A05,train,A3
ZVLKT58OQI2Mowts,A05,train,A3
ZVVPaZ7nTQKMwiXS,A05,train,A3
ZVVp7BnjglnrCAq3,A05,train,A1
ZVpObjxibMqvkSmX,A07,train,A1
ZVy4yTSrn8cJybZs,B02,train,B
ZWQvkNtxBmFO2Ye1,A06,test,A1
ZXobaKLkQV4I5ru3,A05,train,A3
ZZQlx47hYkbFntzO,A05,test,A3
ZZdAR6plUpBut5ag,A07,train,A1
ZaZibqkBkQaeN3PF,A06,train,A1
Zaf6ddUcLdH0MLpe,A06,test,A1
ZbeyngGWxlbaOjpL,B03,train,B
Zc8MSUoQ1IBUMTSq,A05,train,A1
Zd27TtDPkKiCSEs5,A06,train,A1
Zd5zAeuS4twN3GvG,A03,test,A1
ZdKwIrMIkuTssKr8,A07,test,A1
ZdMEQHHCurm1Ks6p,A03,train,A1
ZdWqtrewB211XyRp,A01,test,A2
Ze7TDLIMTNrHH66w,A05,train,A3
Zer3bZ5I7YFGoqS6,A02,train,A1
Zf2tTj1d1jJzgi0j,B02,train,B
ZfIICfPh1tHBcd3P,A07,train,A1
ZfpxRSWNKGMG4XLC,A05,train,A3
ZftMcbn729Y60Jua,A04,unlisted,A1
Zfz7mC4Xc4vRa8cs,A06,test,A1
Zg0QfulBfV4cVxo8,A05,train,A1
ZgfgTMDHDU4YhIdM,A07,train,A1
ZhAsYXrTBA0GrZEg,A01,train,A2
ZiITMkcEXPsROvLw,A02,train,A3
ZiZWgpelxejKZpXf,A07,train,A1
Zisd4xdC04UA61qQ,A05,test,A3
ZjCUgHoi2j7Rr5bk,A02,train,A3
Zk12mycgaFhjzgwP,A06,train,A1
Zk7VpHlJkvJB9DoZ,A07,test,A1
Zl9hBJ9QnnxY7QES,A02,train,A3
ZlB14AiurFXG5dRc,B02,train,B
ZlaiXPyVZHpJFJNc,A06,train,A1
Zm0oK05VdxM8yBRB,B02,train,B
ZmIM3yRRVbJEdyXy,A06,unlisted,A1
ZmJD8hjNwfsvl5TZ,A05,train,A3
ZmicBfRBm0Oj1Mqu,A05,train,A3
ZnAFa9tOkvOtRNBN,A07,train,A1
ZncYZQiEOyWN4qDm,A04,train,A1
ZoMpMLXsnebLRwfI,B02,unlisted,B
Zqqe0TRAec5gNSD9,A06,train,A1
ZrwZjN15lBC381BN,A03,train,A3
Zt4a1Tcn2VkEnbnW,B03,train,B
ZtjbmOqZ2QaexnuW,A06,test,A1
ZuBYlwpenQxxjXuh,A05,train,A3
Zw0jrVn7VzStak0F,A04,test,A1
Zwez3VcBbD6e3uKB,A05,train,A3
Zy4Eb89rUP5ucj2p,A05,train,A1
ZyAi3AlpuSWKy7ax,A05,train,A3
Zyb8D6ntsYy2ETqy,A05,train,A3
ZyrsKODZ6sEaTdai,A06,train,A1
ZzumkDpuSQTvZhsN,A07,test,A1
a0OmZk9rRV36jDfy,B03,unlisted,B
a2LAc8hxmvmZOYbw,A01,test,A2
a2bNd2a8r7atCyUK,A06,train,A1
a2vobEfkl6Ac3d5J,A07,train,A1
a3LjapofU1qVBxA9,B01,unlisted,B
a5GFgyOnH4JhLnTR,B02,test,B
a8xYoGsr4Qqt15Y6,A05,train,A1
a9ALiKAuyI7v2hj0,A07,test,A1
aBHuNbYWZUjppdNY,B02,train,B
aC6fjed0jT2rjmsR,A05,train,A3
aD3SzU147ibMh3Hr,A07,train,A1
aDbxSsEQpAdWhvFY,A06,unlisted,A1
aDiJ7RTt1oGPTSwH,B01,unlisted,B
aEiaeNC2bJsiIEq1,A07,test,A1
aEtfO1mvKORAAvpp,B03,train,B
aFm4oxbaATq2SuXu,B02,train,B
aHHKXXKfhqhzZabL,A07,test,A1
aHIcnv3tANsyBa5t,A04,train,A1
aI94QnYrXA1qRrZi,B02,train,B
aIaPtN8jM2nTkW18,A03,test,A1
aJcHi1bpNhDdOWZl,A05,test,A1
aKGQO4YP15A1mzDH,B02,test,B
aM59jb6dv2YVQzlz,B02,train,B
aM8opMgTozVNsfl0,A03,test,A3
aMaN6h88wmG0O3Ab,A05,train,A3
aMuFbh7x41Ztpdp4,A04,unlisted,A1
aNZKsgtFwmNINTe5,A07,train,A1
aO980ubOx3cZVuRC,A07,train,A1
aP49RqsWkedeFw5U,A07,train,A1
aQHPYQFW9ktqEGp1,A01,train,A2
aQp29ZNRkWGiCklK,A05,unlisted,A1
aSv0h3BSiEeoyfUZ,A05,train,A3
aUjA3PjeEYqvNSzP,A07,unlisted,A3
aVTe6fJsU1J6Lww9,A05,train,A3
aW5IagELHzETFJim,A07,train,A1
aXmtMHirZ8z4JM6O,A03,train,A1
aZKam2wJRwGTEiym,A01,unlisted,A2
aa5C6EJqlGsxxDBg,B02,test,B
aaKuoDlmrBfC0BQj,A06,unlisted,A1
abufSclHFtvRfj8b,A03,unlisted,A1
acVQO5iPwVw8mMv3,A01,test,A2
adXyXm7px6pmfbAb,A04,unlisted,A1
adrW9aQLYcgnHYay,A05,unlisted,A1
aeekTnoSbhADL0yv,B03,train,B
aeg5vszhEwY5HTS5,A05,unlisted,A3
afkiOepoPW7S9HFw,B02,test,B
ag5EcEZxzIgqkL8J,A06,unlisted,A1
agEX0GmnjvRQ2VVG,A05,train,A1
ageXSAHAPsUBklxl,A05,train,A1
agqoGVHJLSKoCxzD,A07,train,A1
ahHQrLHat4Ziu6p3,A05,test,A3
aicOndr7TSjo2iiT,A07,test,A1
ajJvgyjk7wLWp0OA,A07,train,A3
akF8wHHY0UqkxiVX,A07,test,A1
akPEDSz3Q9VMUFtN,A07,train,A1
aks7LkPFI7Yvk2ms,B01,train,B
akwG23Gnw5THyGel,A05,unlisted,A3
amRVEa1WVL1bCcZp,A03,train,A3
amRikgUPCDvNNdiw,A01,train,A2
anS5Lharwi8c4nBc,A05,test,A1
anULjkyJ27zGEbPR,A01,unlisted,A2
aoscld96F3oBeFtu,A01,train,A2
aptc88H5YsQICiKF,A05,train,A1
aqNPEFTRLSuSElsa,B01,unlisted,B
aqTw9otCG3kCDQiu,B03,train,B
aqypCWr9vtLUKaqP,A05,train,A3
asALbOgCqNQvmG1O,B01,test,B
asUt1LLQF3jCIEwv,A05,train,A1
asYXwUZniVof9yPO,A07,test,A1
asclvS0ZVIPNVGJe,B02,train,B
atIr5I2cLtS3CUZn,A04,train,A1
atbDgqzZLCOTgqUF,A02,test,A1
au6o6wuP8GHi2n6q,B02,train,B
auSaTvnDKYu5oJey,A05,train,A3
auoVOlrkOPhS3AKr,B02,unlisted,B
auytbZ5KKx2e9lmO,A05,train,A3
av0mRQeo94gZ11Qk,A05,train,A3
av6SGXaFLeWcOZWz,A07,train,A1
avXiOqkVCJTBJahe,A06,train,A3
axSi9Ixeu1x5dhmv,B02,unlisted,B
axaewbJhjsCmOL6W,A05,test,A3
axdjwQsKEkRW7OoT,A03,test,A1
ayQaqwTUhRNNdGf1,B02,train,B
azPlROYpxdSr4bQ5,A06,train,A1
b0LWNTNL1OnV08EH,A01,train,A2
b0h4Wr6FAqXjFG0Z,A05,train,A3
b1G2xPxSDBvFI5Kn,A01,test,A2
b2nLtjLaqxUGV3Hz,A05,train,A3
b3x2DXQwUBnNJ468,A05,train,A1
b4Yi2rwLsdGwYMOo,B03,test,B
b50NpKGzQBmTMZHt,B03,test,B
b5jNeP7DlyuXgPPp,B02,test,B
b5vRxXTxTw87Uy0j,B02,train,B
b6Kwt7eFxrRcgypC,A01,unlisted,A2
b6oqCngDugcQlL7x,B02,train,B
b7A7jpiDUjoPEhCN,A03,train,A3
b7HjDFQcuzrzh7RV,A07,train,A1
b7NCryXe9NeUOQDF,A06,train,A1
b9IigoD1hhJTsi3w,A05,test,A1
bAYgzUIjsKELOpNM,A07,train,A1
bAznl1dWezWkK79R,A05,train,A1
bBErv8GtFUzd8LtZ,A07,test,A1
bBULwtEmuB66qiZC,A01,test,A2
bCE0UdsZz10UXcxz,A05,train,A3
bCasC3OjWA56zbim,A05,test,A1
bCnqDIE4YWoUwthr,B02,train,B
bCxApn8uSo635uO6,A07,test,A1
bDk3xqZwUmMBcfWB,A02,train,A1
bE4V6crlP4ow56DX,A03,train,A3
bFdTs3v5xMsJ1tKS,A03,train,A3
bGQWFIHtTEC2KIG6,A01,train,A2
bGUXJjt8dm0UxR2p,A02,train,A1
bGWsFbQTSAJecmLc,A05,train,A1
bGXbA2Pne8UpLvNP,B01,train,B
bGnOHxbCzvZNDwNu,A07,train,A3
bHUrIsbG0SRBZ86l,A05,test,A1
bJEjzOhDWA5bPClV,A07,train,A1
bJHypYsVTzDpLhNa,A07,train,A1
bKBlwI3HRwCBTBMq,A05,train,A1
bKIWV7uLhMJfCWtF,B02,test,B
bKUPLyT0lhJ5mAyC,A05,train,A3
bKk2xIClHMYPOszD,B01,test,B
bLzCmd337L170Yjs,B01,unlisted,B
bN5LAkx2qmGrH56b,A07,train,A1
bNAsFtiMOmizHpUt,B02,train,B
bNjpiEQhK8nDSqXx,A05,train,A3
bNx65z9FK6XOCxB5,A05,train,A3
bO9QgncZi5axXAKI,A06,train,A1
bOI6uZuHCjnvFGsW,B01,train,B
bP7FUhvfg8zKS8Ry,A05,train,A3
bPsisEL3A9dObUdK,A05,train,A1
bQAC5dDF1NTRUUP0,A01,train,A2
bQr93mpSCZaPc3K1,A03,train,A3
bRgyFQsqK4URlnsS,A02,test,A3
bRwiy8MOzm07A7tk,A01,train,A2
bSfxx9sqNscO1YNS,B02,test,B
bTAWmN4PRvOeTpAJ,B02,train,B
bTSw8KKjK8m1Z4FI,A05,train,A3
bULwSPh7raudVeJg,B02,test,B
bVVhhKpYLfap92Ii,A07,train,A1
bVoSB9e6pmkvteOO,A07,train,A3
bVsOqm5fH2TmPtpB,A05,train,A1
bWa40fopd11ROkUh,A01,train,A2
bXL3Ts602c4URgrt,B01,unlisted,B
bXNXO8827HliedrZ,A05,train,A3
bYPQI1MuglnDaHxf,A05,unlisted,A1
bYRLk0bwp2yubsOw,B02,train,B
bYlkwgDyBB1INNlh,B02,train,B
bZwxYanfxUHGDJuc,B02,train,B
ba633dv2fu75wmVj,A07,unlisted,A1
ba751a1ShnW89Cqm,B01,unlisted,B
baTY3OlGskirWgFc,B02,train,B
bc9PQD62rJvNFViq,A05,test,A3
bcqSpAqCxHtAA5Zr,A03,train,A1
beAivJwhwcRiSSOa,A03,train,A3
beFmgX7qgjEl9wLl,B02,train,B
bel2sZw2Dg9If6xJ,A03,test,A1
bfI2CRQ9fGzmFuMM,A07,train,A1
bfU4V6lm5iKV7OBe,A04,train,A1
bgVd1eFRblyMRujt,A05,test,A3
bguXqgoHkCT77oJA,A01,test,A2
bhGDDXaopkuDXdSs,A02,test,A1
bhgU4jvOaePGz1Oc,A04,train,A1
bhpUnYkbW4pr8ZqL,A03,test,A1
bizMXTvECxiS6BAJ,B02,test,B
bjz8XDwvqCwmZTXN,A01,test,A2
bkGk7t4M9S8Hm8KW,A05,train,A1
blV7vY7AZQ3VZprk,A04,train,A1
bnoPNHifsCJR1888,A03,train,A3
bo08s71qyTwe33k9,A06,train,A1
boIwO1S4a8vaWQy2,A07,test,A1
bomhHnAf3YeSmp0P,A05,train,A3
bpTAtJ8xTfRc6cie,A02,test,A3
bpciKLkiOGc5Kjdk,A05,test,A3
br16vIpIFxca3VFV,B02,train,B
bs1zaeaOshmhpvxv,A02,unlisted,A1
btXc5htjqD774Z6n,A03,train,A1
buiofUS8irrEm9fw,A05,train,A3
bv0Yttr1F2SRg3oi,A05,test,A3
bvBlAb3HuyqfhgIk,A07,train,A3
bvNtQfVwBFheDCun,B02,train,B
bwKVVIPohi19YrWr,A05,test,A3
bx2sjjhylyRuRZqL,A05,train,A3
bx3M3TnlqSeIoiRV,B03,train,B
bxiK3it8VaFZQ1wv,A05,train,A3
bxutUNqPYTnO1toX,A02,test,A1
byHetRR2JOtZKNOh,A01,test,A2
byJmrXlAbxmp3HIk,A01,test,A2
byRhIaPUNeWVLcS2,A04,train,A1
bz85EFygPcBWOUx0,A06,test,A1
bzKsaN1ybaouBjq2,A07,test,A1
bzXoCxEKgPtvjZOf,A07,test,A1
c00t1LtFJVDobYaj,A07,test,A1
c0halol4abeSHyDB,A06,unlisted,A1
c0r4BZeEu2vgGJCb,A07,train,A1
c1OFprS2BcRpgAgo,B03,test,B
c1xObXYvpF7zBB9Y,A07,train,A1
c2Lj59DkdNrGcUYm,A05,train,A1
c3uXzbmQU7xzCM13,A05,test,A3
c4BFkOZHFiV3JAza,A07,unlisted,A1
c4NtZ7rj6nGPAdlc,A03,train,A1
c4scbsTAq2wqNDyH,B01,train,B
c6UBKLZPmMMqvec8,B02,train,B
c7ij8vKOZM6MK3zy,A05,train,A3
c86nnhkklo3MuqJc,A03,test,A1
c86xUC5kFxBjZ453,A01,train,A2
c8ant67E0hpgWSFV,A05,test,A3
c9yaXO2Fyo1srnnr,A01,train,A2
cAiIWPKQlkmHqnx2,B02,train,B
cBwSeId75e7EcsAl,A05,train,A3
cC6ZKPmuMEGj9dCg,A07,train,A1
cD7bYtU7yrqvapbQ,B02,test,B
cEUXGcBHzEZZS0gC,A06,test,A1
cFTCJsISFmKlIwuU,A05,train,A3
cGi8g0iraD1XQyBs,A01,test,A2
cJTod8TqqbR222wI,A05,train,A1
cJdOKPGNYChD5oPo,B03,train,B
cK8ShmbCuAjASnAG,A04,test,A1
cLOVrvJExKwdGSlw,B02,train,B
cLZBesMYcK62fadM,B01,train,B
cLc5dQBnOivGU3BP,B03,test,B
cLlvehrjWAkSxJkC,A05,train,A3
cMC9kR74WH5olex1,A05,test,A3
cMKCJsslNGkLKpey,B02,train,B
cMV0yUuzN8VKMIHP,A05,test,A1
cMevR17AIpP6bN65,B01,unlisted,B
cMjRC8xxCWeKiHxz,A05,test,A1
cNNNpPsFA4JEdfry,A05,unlisted,A3
cNTmRRUpTn8KBpFL,A02,train,A3
cNVpvVWGlEVRh64F,A01,train,A2
cOEdAnpAM2NJDNwY,A05,train,A3
cQBkqiyhdTppjrJS,B02,train,B
cQKL6J1nK2FzODpH,A07,train,A1
cQyrjSv5zKaGT8XF,A05,train,A1
cR2XuCR5cwiPfHEN,A06,unlisted,A1
cSEMvVffGhkQ5gY0,B01,test,B
cSHBo8ZEYXywLZV6,A06,train,A1
cSKdrih2DDAkWvo4,A05,train,A3
cSTqrOdK0b3T7EMO,A05,train,A1
cTdWXv6pEIWZSM2n,A07,train,A1
cUWIqCRu02vxCRFp,A01,train,A2
cUeUcgis1sHXaxzM,B01,test,B
cV7NRWoBFjWP8v5c,B03,train,B
cWz5e9hoNbarxPH6,B02,train,B
cXLEK9Fv9XyGTYql,B02,test,B
cXQyS96TFprMLydg,A07,train,A1
cXcUcqwnL68TJbrS,B03,train,B
cYe2z3PkTdVPzTpD,B02,train,B
carfcUWJrCMZhox4,A06,test,A1
cb50eDMQ1lWueoz3,B02,train,B
ccPugT9HO1r1VqLI,A05,train,A1
ccb6jE2RlUietluD,A05,train,A1
cdPxsnBqvNZ4WDcg,A05,train,A3
cdgE4H3r2ziPV3FU,B02,unlisted,B
cdnL2nqtNcDBME5k,A07,train,A1
ceeKUqXCb5FjPOa7,A05,train,A3
ceneHqmsemw3RETh,B02,unlisted,B
cf143agQ48sKkAke,A01,train,A2
cfbIMzPvsAYgkuoz,A03,train,A1
cfzujCAf7oAQJetL,A05,train,A3
cgHXQVtbKWtO5num,A05,train,A3
cgMBwUYuBMGhy5Km,A05,test,A3
ci0TV5q5lYJBeE1S,A03,train,A1
cipXfrj8OMaY9a9Y,A07,train,A1
cj4DY6Qgz5MHSJPT,A05,train,A3
ckVIKetfzSh1iUJr,A03,train,A1
cklXe5xX08t40pNc,A06,train,A1
cl6aQQ4pIJOCHk8P,A02,unlisted,A1
clMu6Z9NoOKg7Fjv,A05,train,A3
clfk04xtmQVrfZUl,A07,train,A1
cnlk9UBbEpsW3DGV,A01,unlisted,A2
cntBfvyPlBjstyR0,A06,train,A1
codmfxeVYH3AfCwL,B01,unlisted,B
cp7HtvFzVkbwRwwO,A05,train,A3
cqrUsf5t5rViN7qX,B01,test,B
crAhhCkMuLypKbsb,A05,train,A3
crGEocrxhLquvVGA,A03,train,A3
crMmSGAlOV118atr,A05,unlisted,A1
crVxevBLM61nnZXj,B01,train,B
csqOedsdrpewzy5G,A03,unlisted,A3
ctEQyedj9N2BQWPP,A01,test,A2
cta9imAKmAZ04jBJ,A07,train,A1
ctrKB2ty7ejUNoKd,A06,train,A1
cu7tGz0IEqcWPmsw,A05,train,A3
cuwMP4psiMzEQhQe,A05,train,A3
cvRG47ZPbT7j6O8H,A02,train,A3
cwheEfBRUdo1MIWX,A05,train,A1
cy7sbdrCs8HzDMt4,A02,train,A1
cyPN0uLTNaUUROhK,A01,unlisted,A2
czgP2A9uaOq9S3Fl,B01,train,B
d00R3BVGH2lGxRSc,A05,test,A1
d0GDhxyZqWPEIPWo,A06,train,A1
d0KvUoiQUzFaZJq3,A07,train,A1
d0ZninoI7QZwZqpC,A01,train,A2
d1J5GmKIjku2HChR,A05,train,A3
d3IR5RXi6O5mfCWe,A05,train,A3
d4HvOGYYwVHHm1VI,A05,unlisted,A1
d4ns4lm1Ak7QVic2,A07,test,A1
d4qfiedDcQ2rR9ne,B02,train,B
d5CLsmj3gTHocjrl,A03,unlisted,A1
d6XfPKoIVU27c66l,A05,train,A3
d6ZWfj6IpmfKvxG8,A04,train,A1
d75t4snl0VFahJwe,A03,train,A1
d7h3zq1Hh4J6HVaq,A05,test,A3
d8RInvCiQIMb8Ng2,B02,test,B
d8woPeX9PcWb8pm1,A05,test,A1
d97kwy9Ydcshm5gA,B01,train,B
d9EJFpa42vRmLb2c,B02,train,B
d9LxBmleE1sPcbTo,A07,train,A1
dAzOx3yB1d21xbwN,A01,train,A2
dB64zH7GewwVDhSu,B03,train,B
dBKofM1BpbY2p7NM,A03,train,A1
dCixtrvUjEJAedMv,B01,train,B
dE0sdsooBJLxUCMy,A03,unlisted,A1
dFwgBDVr4ZUHAOEm,A03,test,A3
dG5rP4H7lSaCkEej,B02,train,B
dGNYoOwfTS34omVW,B02,train,B
dHlov1obK7FBBM8Z,A07,train,A1
dInAgVa3JIcjwF0Q,B02,test,B
dJDRZtUbzq0aVnLe,A05,test,A3
dJDrNA0e3jjM37Go,A01,unlisted,A2
dK1N20oj1OVqDbCK,A02,train,A1
dKrQOkQZYnQgx6KA,A01,test,A2
dNDMkewOJ4owOa7m,A07,test,A1
dNOQ7N6EQFbaIJAa,A05,train,A1
dNW0BfRW5TCaVRfu,A05,test,A1
dOTZQ4HsAz4RSJ3t,A05,test,A3
dOvrIxC7shEi4Veu,A07,test,A1
dP4QSznW5ofgKYeT,B02,unlisted,B
dPbGExFXvDvg8Snh,A01,train,A2
dPesfr1riqzaPEo1,B03,train,B
dPod4u6iqggrWkcU,A01,train,A2
dPqW0hdkDzEtEV8W,A05,train,A1
dRrZWgFiIjaEAkmG,A06,test,A1
dSgQLeE1M3kbjxjf,A03,train,A1
dT6slPphzNFMjUTV,A07,unlisted,A1
dTlQQMrb1oFxnwOS,B01,train,B
dUX2tnyHkZEuzGqL,B02,train,B
dUZL8wpBWDOQEO53,A04,test,A1
dUkR6ecLp7AFUU7A,B03,train,B
dVBC8xZ3r8KoNmt9,A02,train,A3
dVeJ8Myfzqlp9X3z,A06,unlisted,A1
dWaAi1OoeTjanGDx,A05,train,A1
dXgzN3LmX3lK76Cq,B01,test,B
dZ17WY0Xcmbrtp7y,A05,test,A3
daVpziQl8f73e7TX,A07,train,A1
db1IlrI1qwHgXoaJ,A07,unlisted,A1
ddLEG62Hkd9Gf2le,A06,train,A1
dftQVyYbufLbJXvr,A06,train,A1
dgUSIE9pftnLfuf8,A06,train,A1
dgyquq7AyjxCohj3,B02,unlisted,B
dgzOvMMwo7daS7RB,A05,train,A1
dhReAHIbNUkU7uxc,A03,train,A1
dhyxDNcxxlPJTeJT,A07,train,A1
dixFsmjynPcp7UM8,A06,train,A1
dj73p6IJp4zKRE6a,A01,test,A2
djN5Xq04IWatSBGH,B02,train,B
djbsbqeT5aDZgKei,B02,train,B
djhZbZbYckFHBtQN,B02,test,B
dkyayq7YYDsBS9UY,A06,train,A1
dlZjFxaNmSAQ0brE,A01,test,A2
dmrWYksRqj1dSYsn,A05,unlisted,A3
do0cZuzren68K4Tu,A04,unlisted,A1
do5x7vNw44NguhzC,B02,unlisted,B
dolcEqkTDBh57FcC,A05,train,A1
dp8N7j310savSZht,A05,train,A3
dp8j5O7gsxdwD6y4,A07,train,A1
dpCnRq1gzEIg7j5D,A05,test,A3
dqP2JBWSWeI3zRUC,A07,train,A1
dqUeRw4uk9Y9HVY1,B01,test,B
dqVFcEGNYV2PpCM7,B02,test,B
dqZ9oGgZDCNM4VG7,A02,train,A1
dr2NyFb3yyCconyl,A05,unlisted,A3
dr2pGIv5Uj33HCe2,B02,train,B
drXzeIElm51q0y1a,A05,test,A1
drcLwoThq5YfYLBh,A07,train,A1
droYLsVQT54zTeB9,A01,test,A2
ds2yzgNWAo3MYQNa,A03,train,A1
dsgpzFDE9yFMxZLQ,B01,train,B
dtF2POAVgsoDG96H,A07,test,A1
dtU3kxkIRryuG7bB,B03,test,B
dvKdrhhDQ1KO2REC,A01,train,A2
dw9ge8uTEMsjpH8F,A05,train,A1
dxilqtenpLutCKqd,A07,unlisted,A1
dxzGDJdDYeiS2Xzv,B03,test,B
dyV6PZfMsMKXLhm6,A05,train,A1
dyz70bKtDHmd0Aj7,A01,unlisted,A2
dzNbQOPBggN8YUwX,B02,test,B
dzgSkdn0qE1OgCVv,A07,train,A3
e00ghFMZNoeZmBvZ,A05,train,A3
e0OLdiBPAWRipFCm,A01,unlisted,A2
e13Lg8XT1rXdbZMN,A01,train,A2
e1JT2bYc9tvdf5uV,A01,unlisted,A2
e1hq4Eu4sQz8Bjr6,B01,train,B
e2XrCfwLagg5kuai,B02,test,B
e4upqQSFsmM7iFaH,A01,train,A2
e5uqF0vLwbhZm2WZ,A01,train,A2
e6T87shXCg58XyvE,A07,train,A1
e6UEWHDzajGFtMaE,B02,train,B
e75E38DWZci4jQnJ,B03,train,B
e9D87KLAlm5wyNL6,A06,train,A1
eA99xKMTmSaRiVOV,A07,train,A1
eBdSEKQgF187Lgn6,A05,train,A3
eCMELzIG763SAIcY,A05,unlisted,A3
eDVxDAVagGc9HBTC,B02,test,B
eECXxGLgCGo8NcUY,A05,train,A3
eEMNnCTYJgaPRPW6,A05,train,A3
eEvPnphCdiQ2w5np,A07,train,A2
eFnyuqi5zlsgDIql,A07,train,A1
eGQgzKJeP18s5goY,A05,test,A3
eGVxwMtaUCLNZ5jo,A04,train,A1
eHKaNPkCwUnOVj6A,A05,train,A3
eHWKHYBnTAV6f3o3,A01,test,A2
eHXjJq4nNKXCtHYy,B01,train,B
eHgLzPhmIPC23xPN,A01,test,A2
eHrCUjyzGdz8nV4M,B03,train,B
eJDgcNQzOHuBtivW,A07,train,A1
eJyM8jG6LE5lZGrv,A07,train,A1
eKfJXhIkZG22fK7D,A07,train,A1
eL3PhVbva2F4gLDc,B01,test,B
eLf2p0U4w5bwTVoU,A07,train,A1
eNeHAUkUmpMXWl1l,A06,train,A1
eNsUTM0DLAOMvIyE,A05,train,A3
eOFGeaNaFhKxEPgQ,B01,unlisted,B
eP32fNMGyDLJ9YV5,A05,test,A3
eQQ3IQx58TBpuia3,A04,train,A1
eQYfd8CWpwhiJMAl,A05,train,A1
eQfb4hUuGtxzC1o9,B02,train,B
eRo7qYYOLQZ7mBhI,A07,test,A1
eS9OCLAp5mbOvaDW,A01,test,A2
eSC9eMR9O9e5yo7Z,B02,train,B
eTLeR7GdZtoG5tSp,B02,train,B
eTzOlLZJQ8FcZkvj,A01,train,A2
eUShQ5BYDx70aC2B,A03,unlisted,A3
eVTSLru10zQstBqX,B03,train,B
eWB1JesEihS3rvHA,A07,train,A1
eWCKNzFbJaJYMDtR,A05,train,A3
eXelfSHf2yD3SMmZ,A03,train,A1
eYtIDzLApNpJkEye,A05,test,A3
eZ8K5NS1WZcwe8AM,A06,test,A1
eZG1CxzYLlB5S5Li,A02,train,A3
eZZrI05I8AbG38UY,A05,unlisted,A1
ebtj2FXVLEqNmwr1,A03,train,A1
ec6qdyV7RjLgfICk,A07,train,A1
ecQoXsf2o3gyrDO1,A06,train,A1
efq7cSV2UsiHIA8V,A07,train,A1
efyk6edTQSzw32Wf,A01,unlisted,A2
ehwrX4Q5pKEI6gxF,B03,train,B
eiYnMIfIKoNDPOZk,A03,train,A3
ejAgBoS0krTHTJ4R,A05,train,A3
ejDLHm5h4lWWqiJR,A03,train,A1
ekBrAtEYexq8pUOF,A05,test,A3
ekNUUuwvfRTbb9x4,A07,train,A1
ektv7klLjqZxyCRb,B02,train,B
eljuMcZ9LYSvyzWI,A05,train,A3
enMaW6tmJmO7cprf,A06,unlisted,A1
enrQLaLXBOe0MEMF,A06,train,A1
epPndgbEvmx8WRcl,B02,train,B
epWJEJncuPzHiGZV,A03,test,A1
eq8InFTV0w562oCT,A06,train,A1
eqF93vAKYa4aOeHr,A02,train,A1
eqQHpmpurd5ghlCk,A05,test,A3
eqoBEIAkOg8ZaFZJ,A07,unlisted,A1
eqxocQnH6YxyE6D4,A05,test,A1
esXaLJlfkFclphJM,B03,train,B
euYlcqNMGcZLtP1M,A07,train,A1
eulhCStAu1Qn7uUo,A06,unlisted,A1
euxcjMUOZ4gyGUfv,A06,train,A1
eventWQyxdITQAuS,A01,train,A2
ew7GgsYRtMfsW7Cy,A07,test,A1
ewYlEIEmas0JBluR,A05,train,A3
ewvmt7GkagjVTJrd,A07,test,A1
exmvmM2zho1BUFrW,A05,train,A3
ezdip0iug0bFTfx8,A06,unlisted,A1
f0A4hGIcHgKaq7JQ,A06,test,A1
f0hic7FbgHSQbSvO,B01,train,B
f12FNNKmltSlc4ks,A06,train,A3
f1ffBgVVxZiJdL9J,A05,test,A1
f2v2R2Iy9uOT4WF3,A07,unlisted,A1
f5cMjlBHvMlRBj5Q,A07,train,A1
f5dCzCDVCZXI2A9C,B02,test,B
f6dJDcGlyMFY9hWG,A05,test,A1
f7JWK1HEvxFL3QI2,A01,train,A2
f87j9oDxpalJ6rKC,A05,test,A3
f8QIolG5Xe3f2ZYp,B01,train,B
f8wxH47w7Ko3L5Qk,B02,test,B
f95LPcmWwMt3VaKs,B01,test,B
fAakGxSK4wmT159J,B01,unlisted,B
fBM0lIsugfuQstCM,A05,test,A3
fBZpq2PTo2Rco8gd,B02,train,B
fCedv6dH2OdxtMfq,A07,unlisted,A1
fCtxAqjtaaH0W2iw,A05,train,A1
fET1V5dC4o1h4Ctr,A05,test,A3
fF5kCkDPMCp7UiJl,B03,unlisted,B
fGa0q4XicRjkmauX,B03,train,B
fGd6OPCnL7jbUciw,A06,train,A1
fGsiykQiyt1Ps6gH,B03,test,B
fH6m4Bk1BqStG9IQ,A05,train,A1
fH7IpSeltPK89Y6E,A03,test,A1
fHfmC6iWjLVmHVat,B02,train,B
fIqp2aZPgKlkbMxB,A06,test,A1
fIuNZkbAnb2qhywi,B02,train,B
fKKE01yCwLVTHmQm,A05,train,A3
fKUyLnLuCJFwZldE,A06,test,A1
fLLq60ebem5PCZif,A05,train,A3
fLTAHKXSZVoSfpxa,A05,train,A1
fNdKPYY3938VlsJE,A03,train,A1
fNmdSy5qBOKhjyZF,A03,train,A1
fPQsGsRu9rt73mba,B02,train,B
fQDlYl5wEDuqVxJO,A05,unlisted,A3
fQt5V9uSMYrx8AJW,B02,test,B
fT6kfNSJdqfH7qCj,A02,train,A3
fUVZgu51CqrTZNzQ,A05,train,A3
fUpjRJ2XxaEkwgEJ,A07,train,A1
fWKWQl9cjSv1NV1L,A06,train,A1
fWvXFg7Bc5rly880,B03,train,B
fWxwvfAvWeFzIdHA,A05,train,A1
fZm2cAMACleXiIgu,B02,train,B
fZyQb4BQmKk9oeH7,A01,train,A2
fa3UH8zgZ7yX060q,A03,test,A1
faEi3uSzRnTyTBVM,A05,test,A1
faKkl4iufUqvwE6L,B03,train,B
faal7fTPL4sASZYX,A05,unlisted,A3
fb2nkyXzsPW9Pjht,A06,train,A1
fbEQtkTD2KVLbDDX,A06,test,A1
fbWcVnYOtostMMFx,A04,train,A1
fc6OFtNhQyhYKskp,A03,train,A1
fcGhNtSIXqTiiB4l,A04,train,A1
fcbzOM6P0CEsdaMS,B02,test,B
fcyUXAVcVQYdl3y5,B02,train,B
fdbPL2qsoaciDFoi,A01,test,A2
fdgAlkRsNQSSMKYJ,A07,unlisted,A1
fdoxzxFrPJdJ6tmF,A01,train,A2
fegDvq4KqsKvEPsk,B03,train,B
ffYZ8XBo1lJjVjxh,B02,test,B
ffuyWOTIut9bkyV1,B02,train,B
fgkXxGbttS4odzuR,B02,train,B
fh6vXk0uuGRB1lDC,A03,train,A1
fiPZA3D5YSM7BNlD,A07,train,A1
fjODbAygJXuQoAcT,A01,test,A2
fk4LdCXvWMzu63NM,A06,train,A1
fkLVLXBtkzco91pA,A07,test,A3
fkgRJlc0SMFblme6,A05,train,A3
fmGcACgpdDTovfd0,A05,train,A3
fmUhGrx6AbvN91No,A03,train,A1
fn5XUXecqvcjwXJQ,A05,train,A3
fnVHxtsWuCRDbjNL,A05,train,A3
fnkzgge74EJdbXzH,A05,train,A1
fodrt1WJWI62fZTJ,A06,test,A1
fotfkvVpPZH1S75X,A01,train,A2
fpCCURZhSWRGGAWj,A06,test,A1
fq16XqCf5Avc2qqX,A01,train,A2
fqDKWuwqVZekK6Z3,B02,test,B
fqSf79prKmYh5WE6,A06,train,A1
fqpdmfISmK05pp0b,A02,train,A3
fqqvJi0lcBF21niZ,A05,test,A3
frwEdBu7SI5SBXGB,A01,train,A2
fs5MBpnB2bKINTg7,B01,unlisted,B
fsGQONvf08WpRtoZ,A05,train,A3
fsfyhrevbLpEFRWg,A05,train,A1
fswCOIGD9ZW6cSPC,A03,train,A1
ftCq5R12ClNKdTwx,A01,train,A2
fufQMJPxSqvGjWK9,A05,train,A3
fvHJi4UUe1H39D9c,A07,train,A1
fvj7AEm0PCheaCWa,B02,train,B
fw7lp5IzCyEmIXQl,A05,train,A1
fxvhF26uHWz5n576,A01,train,A2
fzsFAqLlUEmJSAJZ,B02,test,B
g0xyNgrB8RgyR8te,B02,test,B
g1CakP8AQ3EhMKye,B02,train,B
g1y81vo215Do11Ya,B03,unlisted,B
g3MD4XDApGxG7zTZ,B02,train,B
g3nKhimFDqxMPLH9,A02,test,A1
g3stqtASZxFtHeZs,B02,test,B
g4zPkQjRO6GO8smU,A01,test,A2
g5KRUhoVGac23apc,A07,train,A1
g6gHjpmNHq0wrYzf,A05,train,A1
g6x6qG6aMrcPrPEz,A05,train,A1
g9NIE4MigAvag2H9,B02,train,B
g9R55WWmaPaeVyfO,B02,test,B
gAIy40YDaZHIuubz,A03,train,A1
gASAKtAb4i9Oek69,A01,train,A2
gBzw1QL3utv8t7Up,B01,test,B
gCQ1CkiwVBaw43Tm,A05,unlisted,A3
gCVc8yDKYPrKcFIB,A05,test,A1
gCijUesXvSuLpTEB,A07,train,A1
gCt4cjdN5GPtStBN,A03,unlisted,A1
gCzrW8fFkBHcIaHg,A05,test,A3
gEiPmQy7GxcqUVYQ,B02,train,B
gEkVz95jGXap8nS4,B01,train,B
gF6UADzi73k24Ccj,B02,test,B
gFjcsIH2HzJdQtgG,A02,test,A1
gGBAgDQUK0qwqLfX,A05,test,A3
gGXi0ZbP0Fa6zyTW,A06,train,A1
gHqA1DLdJDEZSoEn,B02,train,B
gICNJLE4AXopRWci,B02,train,B
gIV0v2TfmiEWK5C0,A07,test,A1
gIX5r3F8fqyQikb8,A02,test,A1
gIsgG41Aja6oboBy,A07,train,A1
gJPJgkjtYXyyh7q4,A01,test,A2
gJkn38FLpfjzN1EH,A07,train,A1
gK3m6hYNjlUK8rfX,B01,train,B
gKHu8KyFeHojgm9a,B01,test,B
gKVCQDEsIBDxNx98,A06,train,A1
gKgjPAdqSUIwVHKA,A01,train,A2
gL0DWPJAcXVg4OWy,A05,train,A1
gLJpzK5eYuCnRDBX,A05,train,A3
gLNNqSwlMuV45WhF,A05,test,A3
gLu3GbSabYJtgzjR,A01,train,A2
gMPtcUZKyfXd6Xvw,A05,train,A3
gN8qJ5Nzi68K80XI,A06,train,A1
gNSav5n4F15yMnkU,B02,train,B
gO6QA6eQGbLZG0Wb,A01,train,A2
gOSvNjpr6SBzuje2,B01,train,B
gOYJSj395B9Pg8YX,B02,test,B
gOlKOJwyCSiqdxxv,B02,train,B
gOw35akAEvvP5gl6,A03,train,A1
gP7kGWfDFYMbZ8nO,B03,train,B
gQBGXxj18x1peQZ1,B01,test,B
gQKyaXjubNUTQjFb,B02,train,B
gQXDFOuz5KSSaaSa,B02,unlisted,B
gRqzKjUeHPX7leKi,A05,unlisted,A1
gSRiLOj8cDjjmcYn,B02,test,B
gSRuO29rOsFt1Fpp,B01,train,B
gSXt2RMZhYKYcwIB,A07,train,A3
gT7S2CnDnp1MEZOQ,A01,train,A2
gWRa8FIM2RcOEIBK,B01,train,B
gWy110rXUX1cmt8n,A05,test,A3
gXd9E6aDhBprJx3Y,A03,train,A1
gXzGIuLlzzoEOUba,B02,train,B
gYA8FtpnJdbw4qwR,A05,train,A3
gYNNY28g0JcGgkOh,A05,train,A3
gZGtGKEtjipu3rZn,A07,test,A3
gZTYL1EmGfQU3ZRK,B02,train,B
gZau8VWOQ4CE5Qiw,B01,train,B
ga3ULsRukuu4pSKy,B02,train,B
gbEBZbLZO7v1qpgE,A05,train,A1
gbIcQ6ecZn0bkl4g,A05,train,A3
gcYQGLdEh6qcetQa,A05,test,A3
gce4p1JQiCled3Wu,A03,test,A1
gcoZoTE0XUST4daI,A03,train,A1
gdw5AT8NFrfn6i1H,A05,unlisted,A3
geaVYcKcP55A1Rcw,A07,unlisted,A3
gf0V3JlJKi3fTbEu,B01,unlisted,B
gfJDEHzpqOersJ5E,A01,train,A2
gfSAUvLw7xV0JZOT,A03,test,A3
gg5hfS9d6SHxZS3e,A02,train,A1
ggKvBPPXVM6ztBb9,A02,train,A3
ggdE9KEzt4CxsRVw,A04,unlisted,A1
ggux4tiyX0W3iPRj,A05,train,A3
gi3c1BbSkeiG3H6y,A05,train,A3
giUQfjte8mKpWTB5,A06,train,A1
gkLUCeNJIrcX1JM4,B02,test,B
gkYlJzGvQkIMC7w5,A05,train,A3
gkdDIcW0TbnFIf2a,A01,train,A2
glE5NMc4YIGWhfEQ,A05,train,A1
glh7OYQMbO2vVfJ4,A06,train,A1
gllj5F8yVqpoJDlk,A05,train,A3
gm020mTcVuNewsgL,A02,test,A3
gn4o7UEPi4SkOFZS,B01,test,B
go0QNU5TCq765p0U,A06,train,A1
gpngEb1GCzd7htzE,A05,unlisted,A1
gpprydgItkjagpIQ,A03,train,A1
gqcZXJ1prBKuqrK4,A02,test,A1
gr2NL02Qt9clZmim,A02,train,A3
grnUXigLOgtpQ1dH,A05,unlisted,A1
gt9vOLbWeYhdCLFQ,A07,train,A1
guOhV0tt0GEBkg77,B03,train,B
gvPSeD5TFWpWqvsS,A05,train,A3
gvtuikU8BYO9FPul,A05,train,A3
gw3N8dkvDTIQs9Br,A02,unlisted,A3
gwDKldJlQpYByf1T,A01,train,A2
gxLPauNi31vAGDat,B02,train,B
gxUU4frRO9Uo8w23,A01,train,A2
gxa2gi146XRXUo6v,A01,train,A2
gxjne7mp00zOWRnR,B03,test,B
gxlBqs9wRQGVOjM5,A01,test,A2
gxsJERja2gjqQdi9,A07,train,A1
gydfBzlTM5LO1SSC,A05,test,A3
gz5YGPmSDfbpbFZn,A05,unlisted,A1
gzUVxuOtiDLpmQLK,A01,train,A2
gzmjFOb9mPrKhqg3,B01,train,B
gzpmWl4xo2Y84pTB,B02,train,B
h0Hx8gW7g0huVBE5,B01,test,B
h0bSm2bnEPjPpB1O,A05,train,A3
h14ckzi9DczzsJM5,A07,train,A1
h18ybC3V2VnydCCz,A07,unlisted,A1
h1mqRdoFFNeDaX8n,B02,train,B
h1oa0yGP99A3lqcY,A06,train,A1
h27paD3ripxXTLhr,A05,train,A1
h2R9mjajbzfSnNZO,B01,train,B
h2p7yJUvlIPmaRBf,A05,train,A3
h3MoGH1SV6NP3x9m,B02,test,B
h3qSpQ0BmETYZgSU,A05,train,A3
h3s3bpBSLzOuTyzy,A07,train,A1
h3xuAyQHRrCQm2Oj,A06,unlisted,A1
h4sjsrlBXaEYWHeL,A06,train,A1
h4tpGDZBEnJPtphX,B01,test,B
h5xekNhh6ArWFPNl,B03,train,B
h62ysfYeMN2fSmBx,B02,train,B
h64exAJZziTiS6p3,A03,unlisted,A1
h6K4p3CNd3kkPV5M,A01,train,A2
h6OV8RYb477Elahf,A05,train,A1
h7fwVXHgOy1jnewp,A01,test,A2
h89NNviMIb8UbZyf,A07,train,A1
h8AgBbJSGhXNE1ji,A07,train,A1
h8Ybqp19VI0reNyz,A06,unlisted,A1
h945WWsACupQBhlD,A05,train,A3
h9U6A6a4NRnzxNYw,A07,train,A1
hAVcYnIsL8uSjzb0,B02,unlisted,B
hBYdzQXYqQ2VqZLc,A01,train,A2
hDESdz38Fp5zHXZj,A05,test,A3
hDNMdtQVQVlhaTiS,A06,test,A1
hDfca31A6xA1j6zz,A01,train,A2
hFN8PwCSBbksUmEw,A05,train,A3
hFmP9k3P70RbSHAY,A05,train,A1
hGPvLBjOUzpchpzF,A07,train,A1
hHuNzJKSCrPbVNwk,B01,train,B
hJcomjtiVSzaxdGY,A05,train,A3
hJhJW9ceZH2VErDk,B02,test,B
hJpm4uTMFqOQJDzJ,A04,test,A1
hKEIOZXLyI4eiyzA,A01,train,A2
hKfKA9LKmnxpRcnO,A03,train,A1
hLTKyQruRKWWPylO,B02,unlisted,B
hLiEFJJUWvhNZcY1,A07,train,A1
hMZZ6CGxXETv2Ixh,A07,train,A1
hMdKnDx1CWDa12C1,B01,test,B
hMiHsvUxZS3ixKEe,A05,test,A1
hNzCHMBp7Ua6ZdK9,A07,test,A1
hODNCrSNFmubjdIb,A05,test,A1
hODPLpMM1yNEMpQ3,A01,unlisted,A2
hP4s5A01V0Yw3gGn,B01,train,B
hPJfm9NIKWd9KHmW,A07,test,A1
hPRgPskKL6MrGhsh,A03,train,A1
hPSlK2tA5qcpegIj,B03,test,B
hQHVQyXkT7SG6OyL,B03,train,B
hQteG5BVr6RHUkma,A03,train,A1
hRbpxFMCl93ELJww,A05,train,A3
hSFPDAAww1IBHWvh,A06,train,A1
hSIzoKMqwqg0nUXJ,A07,test,A1
hSOmrgF67O0ddvs9,A02,train,A1
hTJMywOwHns412sW,A05,unlisted,A1
hTfSt1GltO42f1Vt,A01,train,A2
hTxIj3BIAIFzt5ag,A05,train,A1
hVXWhHlTd5anQ66r,A01,test,A2
hVrPXG7vv5lqvZ3F,A05,train,A1
hWddOaByuIsGs999,B01,train,B
hXTpyXCpVcmDVXgH,A05,test,A1
hYJVlMLgjA8N25Mr,A02,test,A1
hYRAqHUaC812iOCO,A05,train,A1
hYoADSs2yfBgB0au,B02,train,B
hapOjZ3aGj2pq6g0,A01,train,A2
hbDOYhV2nZNAAcvw,A07,unlisted,A1
hdFtaBwQ1adqiw4s,A05,unlisted,A1
hfyzCoYiN7as5Rv9,A07,train,A1
hgBDKwUskH95Vnk4,B03,test,B
hhyzgi6lchNUcCiU,A05,train,A3
hiIXe5C6FvZgioLx,A05,train,A3
hihszYmLXtYXCzlu,A05,train,A1
hivTJmEWOKLbdUZw,A03,unlisted,A1
hj9Q0hD7LvMi4JjX,B02,unlisted,B
hkpHTX1PWi2MRAY8,A05,train,A1
hmMbIbHGWjn3xh5n,A05,test,A3
hmscizAVv5ckQm8E,A05,unlisted,A3
hocBeaMWj54igzJL,A03,train,A1
hohd5cKrpeIgro4N,A07,test,A1
hrcwZC22D87dix8V,B02,test,B
hsUdV4mHZGspYyBS,A03,test,A1
htKQu1q2lCDbCaDc,A05,train,A3
hu97IL71fkZBI4zW,A05,train,A3
huKYbaDS0hn3iQSa,A02,train,A3
hv7ntDpxZxQk8HZN,A05,train,A3
hvNUrsBpooNMKWr7,A05,test,A1
hw0y0Mwyl1XZSahD,A05,train,A1
hwnxLDDhdQdhh8vP,A06,train,A1
hx3bcgefoNgvtH9a,A03,train,A1
hxcWILug6sySoYP7,B01,train,B
hyCu2yCDcclJQ3Xt,A05,train,A3
hz044m8fJ2FmiHcE,A05,train,A3
hzLcYyMQWyJw2Dqz,A05,train,A3
i03hSSaeTpo5LIK0,B02,unlisted,B
i0AOuJC9iHa7kpJ4,B02,test,B
i1ibtfADI7Xl5hwR,A05,train,A3
i2VyQ85qwk87x8Co,A03,test,A1
i3TzlY3xODTOa3Oe,A07,train,A3
i4detMeZh3HOXKsg,A07,train,A1
i4jGoPDCVrlDXdus,A04,unlisted,A1
i5FrbRP3BEYWxGkB,A07,unlisted,A1
i5MI0a58XRPBHAx3,A06,train,A1
i5YtkYqoExsX2djw,A05,unlisted,A3
i5o3HO09xOK1vS30,B02,train,B
i6NZonvNHVrCZtkk,A06,train,A1
i6m0LHT6t8Ftl047,A04,train,A1
i7bEwtSxi0C4MHWv,A05,test,A3
iAVVihsqum6EgvPc,A01,train,A2
iAhuhbCaVwQxFax9,B02,train,B
iAmP4ZHpOZIYbyYT,A05,train,A3
iClGB9vgI6hsXSic,A02,test,A1
iCxG2N8uxfRAGCq4,A06,test,A1
iDXxVd22E1AZ3NEW,B01,train,B
iEnCexRHzLJHXz3q,A05,train,A3
iFPHKbk2DBqxhmaR,B02,train,B
iFSqEaAMW62x9pZe,B02,train,B
iG2METPxl2yFEikm,A05,train,A1
iG8KbQvyBw6fJmCI,A04,train,A1
iGkrEhHmbfIhCSLX,A02,train,A3
iGw8dBFykxhv6Rp1,A05,train,A3
iKSyoundSxLDUalx,A06,train,A3
iKhtB3YQx5aljYms,A07,test,A1
iL3MbCrOEjWNABLt,A07,test,A1
iL8J86HpijbZRWgi,A07,test,A1
iMTzYvolRJT5o3ew,B02,test,B
iNQk10SMt207jQJA,B02,test,B
iNpUUWp8zUK39Gnj,A01,train,A2
iOGqwAEUNClpiZcd,A06,train,A1
iOenISaFI2lJ5FIW,A05,test,A3
iP4040hZu3uenauv,A07,unlisted,A1
iPWaWN5GgJcRrdPK,A01,train,A2
iPWmH2tQy1KNdWRR,A02,train,A3
iQqdWwQ7uXrATwei,B02,test,B
iR5t1pHBsKdJe6cG,A05,test,A3
iRQ4fjw8x8GGNHmV,A01,unlisted,A1
iS3ipjTu1pW1RzFj,A07,train,A1
iS4Dj0rmbVBFEFNH,A01,test,A2
iSq0yjrv2AeHxeFt,A03,train,A1
iU8taeqTJQtn7UNM,A06,train,A1
iUo1aWbtDRUIBIy0,A05,train,A3
iUu28y9QRMj4tUFA,A05,train,A3
iVqUZJW6l8R5vPfo,A05,train,A1
iXSdabgmiCH8MkIQ,B02,test,B
iXpnSDdbFgVRuH0a,A03,test,A3
iZ6dtH3hYScKp69d,A03,train,A1
iZDQHJMu8W5CN0U5,A05,train,A3
iapgXHACB1UY0Drt,B02,train,B
ib10LmS2x9wUy1Ye,A05,train,A1
ibAnWfHUz0shEyeO,A06,train,A1
icFv4Q6icqzY5L6d,B02,train,B
ifxzSmq4Svl3Anzk,B03,train,B
igHczTSQYaTpWApk,B02,train,B
igyGLtke0ct8sDUH,A07,train,A1
ihXhjbXkNf4STnGf,A03,train,A1
ihad1Xoim0zxRO8P,A06,train,A1
ihy0YATKtHf6S2Od,B02,train,B
iiQvY9dftYXjZwDz,A07,train,A1
iiqix4WFECXlDDqx,B02,test,B
ij4U4V6qzl8zE1fO,A03,test,A1
ijmRFhIwLje3iy0O,A07,train,A1
ijwP4qBPGVAlKA5B,A01,test,A2
ik2J2jh39lYRPIih,A02,train,A1
ikA6SEyeFtPCLarZ,B02,train,B
ikdEj2ip3M1xKYrD,A05,test,A3
imjJw6qgqi7kA0oO,A01,train,A2
iozyUdXs24YEqgja,B01,test,B
ipGgmFa5VuETQsec,A01,unlisted,A2
ipLd6mFhuPx77Hza,B02,train,B
iq3B7MtOEAT8kLmz,A03,train,A3
iqh4gVJjrsMnTvnR,A03,test,A1
iqu1kYCW0EcxcYIZ,A01,unlisted,A2
irdmkTgewSo3vwau,A05,train,A3
isacZcS4VRQjbIzQ,A07,train,A1
isjAKVuE4uo1SIve,B01,train,B
itLBG9PWwtL4IXjj,A06,train,A1
itXHlTCt3SynVYui,B03,test,B
itnTDnze5v7SYYHF,A06,train,A1
iu5vQ2tjqvJYBzDl,A01,test,A2
iu7NukzNV1tLvG1G,A05,train,A3
iuW7izXu5s0RU3BM,A05,train,A1
iv0hfiMQH7cV3n9W,B01,train,B
iyP13zd4RJ63A8LB,A01,train,A2
j1RoXbmUVwHMXjK3,A05,train,A1
j2LurOY7wQORapJ7,A07,train,A1
j2lCOUfDjyziWPxz,A06,test,A1
j3NPdohPclRG3CLu,A05,train,A1
j3m24ehi8mj7TCsX,A06,train,A1
j4K1LcTmu3jfSYXX,A01,unlisted,A1
j53xhZ2P6MESmZAA,B01,train,B
j5P0RRt8vztefLNk,A06,train,A1
j5gRoayaKd0yXKh2,A05,unlisted,A3
j5pSJnzITPaBdYf3,A03,train,A1
j69inCHPIPEdvQI2,A07,train,A1
j6AcIyWMUHkkgaw5,A05,train,A3
j6eS8tpWzt0nIOg8,A06,train,A1
j79CYx6adancRwUy,A05,train,A1
j7BtndlN2EcIeoYF,B01,test,B
j7uMdX7ON1QtFYKJ,A05,train,A3
j8DBSkipAIpfZlEv,B01,train,B
j9U67QUbLrtV0CZ1,A05,test,A3
j9o9HyZLE6rRiSgP,A06,train,A1
jA2oQjwFbpKVSBxn,A07,train,A1
jC3LYWViPYtzpjb5,A05,train,A3
jC6WFSWEdIuKt2Rk,B01,unlisted,B
jCc70omRxjWU2fhV,A05,test,A3
jFMqnDB6oGiF5sL3,A03,train,A1
jHZaupCAWtixvZbE,A03,train,A3
jIz3HVEOkYUP2Ojd,B02,train,B
jIzCSPkd77jXccMv,A05,train,A3
jJ2QpgzFini2ty1V,B02,train,B
jL5kxXQ8QIQl34kH,A07,train,A1
jLqgFZBhhg42tGok,B01,test,B
jNsuAPuhgHQec18i,A06,train,A1
jOblj0VQpkGVSImE,A07,test,A1
jOkYRBMeyyMDHqJ3,A06,train,A1
jP8UlChLQ0kAbWi7,A04,train,A1
jQHoAtrdJ8L4V6lO,A07,train,A1
jQR1TLHRrZMX5po0,A07,test,A1
jR7pBfY2FL6qKAUq,A02,test,A1
jRDeu8Vng8lXnq5v,A07,train,A1
jRkUTPWafU4Fxtx8,A05,test,A1
jUcte2XP5euTtIGc,A02,train,A3
jVMxaEAPES1eOAl9,A02,train,A3
jVzFYObHIdSw2cev,B01,train,B
jXENNwW0up5VdlrP,A05,train,A3
jXIRLu3aNdTWwLhX,A05,train,A1
jXQqoEzxtxB5lIZr,A07,train,A1
jXpmCPU4jSd7KSTr,A07,unlisted,A1
jYXRd00TByCBzusP,B02,train,B
jb081d54URHsG6ri,A07,test,A1
jb4nf88FSi0QABxj,A05,test,A3
jbNTI6fKybVUiDOO,A05,train,A3
jdRUzCWMKGfoBsYz,A05,train,A3
jep8MgoXBSMN8Fvq,A01,train,A2
jgYDa19VrCdh0lvT,A02,test,A1
jge53Fb3Yj0uq2tY,B02,train,B
jhEZHlNvY9LJI6e6,B02,test,B
jiqx4LpoqZtfKzK6,A05,train,A3
jivfEKVdJzqfzGBX,A03,train,A3
jjZK8tfphJWAMMYN,A07,unlisted,A1
jkE3aue5diGZCBQE,A05,unlisted,A1
jlLJjhbNXmxOWjt5,B03,train,B
jlsaq14SPRnlAggI,A05,train,A1
jmVKhLTfIqzv7x3d,B02,train,B
jmvoyK1pFJP8RvqW,A05,test,A3
jnFs8dFEKrpo1lWu,A07,train,A1
jnnZVmVPaxU2KgRY,A06,train,A1
joGrGDCxy50eY26N,A01,test,A2
joPD57E6xAFEN7r7,A01,train,A2
joQfVgTzs4Ngpoql,A07,unlisted,A1
jq6tz2NHrwKINUbM,A01,train,A2
jqDuvvjAD8i5dRpz,A03,train,A1
jr1bvyOI1kKMylMh,A05,test,A3
js22NsYIMeGwkZUM,B03,train,B
jsaIrEu3jHmwMLMt,A07,train,A1
jseNQND294DUffHa,A01,train,A2
jtylWIEp2ot2TjZD,A07,train,A1
ju1xBfrrg7jQ9TWS,B01,train,B
ju2U8QRISooEBXX5,A01,train,A2
ju3TlXfFvOluOdaC,A05,train,A1
jujrl9mvjv0Vy1ca,A03,train,A1
jupdOYr3i2G9L4Fn,A07,train,A1
jutAafJ5Mf99YhnZ,A03,train,A1
jvfLQj6wt9PSQziM,A05,test,A1
jwGaXRpdR1vBMVaB,A01,test,A2
jwGxmr58AXuI0fwn,A03,train,A1
jwPso64RyR4T05hF,A07,train,A1
jyJM5oor5TGQ72BQ,A06,train,A1
jyTYOjVyuxgfa8tC,A05,train,A3
jz8ixQ85YgTEsmhR,A02,train,A1
k04ROPaoST3scpdh,A02,test,A3
k0DWB7p2ol2J4n43,A07,train,A1
k15qV1Sfsbydk2KX,A05,train,A1
k1Iz3TosZk6xvAnJ,A07,train,A1
k1SCciAzaq615v01,A06,test,A1
k1X72nCGxSWCDgR4,A01,train,A2
k1bMglshIVzkeQWa,A04,train,A1
k2H9BCkGFEqFYIy6,B01,test,B
k2kNQku9HEPMYAXU,A05,train,A3
k2lhljsl9WZCB94E,A06,train,A1
k3Ludj3zsGc0gBrs,A07,test,A1
k56cjHJ14A2A7hz6,A05,train,A3
k5gFmMjN6v8D7QJ1,A05,test,A3
k6FEJMsYQ28peNg4,A06,unlisted,A1
k8EYEED6V8Whh4WG,A03,unlisted,A1
k8Jx68hM2AhhxKsc,A07,train,A1
k9icK383XZqcQd80,A03,train,A3
kA6SRqHGeavSbpLf,B02,train,B
kAP744EEPmW9susP,A05,test,A1
kAW0Q6xqLnd9Y0Ww,B02,unlisted,B
kAeE3cUu3bvInxmq,A03,unlisted,A1
kBCuWh1VPhYNNFBq,A06,train,A1
kBF5EofZMXliCPyR,A06,test,A1
kBogTZiGhOKYz1WO,A05,train,A3
kDa9U4UqGWlG6g3O,A03,train,A3
kDaQjm4lttflp2nB,A05,train,A1
kFsilu1CNd3w8aFi,A05,test,A1
kG2FiZcneMx1thM5,A05,train,A3
kGAO73ocDQVbDHfV,B02,train,B
kH0SImE7WOwbv2yY,A05,train,A1
kHaLisghwau0bPN9,A06,train,A1
kHylxVwHCVlKm3UV,B02,test,B
kIvmIzm3gauOcuZl,A07,train,A1
kJPtwnLFqNVOLxbC,A06,train,A1
kJyoGf9h9bwa8iT3,A02,train,A1
kKdTvlVZtLlkf0L3,A02,train,A1
kKpK12yR5IvyWViY,A05,train,A3
kKylVAokTEnk9q8o,B01,train,B
kM0IDYRoPHBYRrcd,A06,train,A3
kMM9VThX0k9tgLb7,A05,unlisted,A3
kN4Ixhsr1JzKJocx,A06,train,A1
kNHxbkpQQbwO7Vb1,B02,train,B
kNwKBAWbWsJVFpy6,A06,train,A1
kON2zsrtDX1F36lu,A05,train,A3
kOO2No17WTjI89NB,A05,unlisted,A3
kPAzLmp1weo98ri5,A03,train,A1
kPNcKPRPz9Wv9YBg,A07,train,A1
kPUj3nUprvchvrhE,A01,train,A2
kPkV28rgSNH4Y1Uo,A07,train,A1
kQKse0luKCNNV0Lc,B03,train,B
kQq367x1H50H34pB,A01,train,A2
kR1wiT2ugzhGuFxN,A07,train,A1
kTow0eQib7NW3qxL,B02,test,B
kWhC844wHGV7oKCG,A02,train,A3
kWkdfO4v2jN97SFN,A01,train,A2
kXCBCqNUYbythYj6,A03,train,A1
kXEHE7Ndk7wKgSjb,A04,test,A1
kXXIcMZFakaMW1DL,A01,train,A2
kXXVzJAwWnA5MruX,A05,train,A3
kXuSBTYEizYlbVGr,A05,train,A1
kY87HT8iCX75AFEY,A02,train,A3
kYjEpv3o1p2t5a8y,B03,train,B
kZ0lJWotL3hqna8O,B02,train,B
kZLBPQwB8giZdY18,A01,train,A2
kZU5BU5Ai1LMfjnt,A05,train,A1
kaACSMEscosTsS3D,A05,train,A1
kcOVsxdSTK9JaBV1,B01,train,B
kcSwAD4Du7Y28zD3,A05,train,A1
kdmH1TvLprYcf1xn,A06,train,A1
kdnHqoVW4EvoBwSL,A03,test,A1
kepw0KAhGQnd0QDU,A03,train,A1
keqOQku3kZyf7gLF,A06,train,A1
kfKbYWoscroIskXD,A05,test,A1
kgD4Y6cFo6aOoSoD,A05,test,A3
kgTfIMAQHs5skPsy,A06,train,A1
khVKvyU1NmYldxUa,B02,unlisted,B
khog99sweNvhx776,A07,train,A1
kinToK3L1ZH5106k,A02,train,A3
kjKfZ3m8hAFaGdxz,A07,unlisted,A1
kjcw3052hnxzp27U,A02,train,A3
kjguwKWzp6RCsnKR,A04,train,A1
kjsHRnZN8TxHMqED,A07,train,A1
kk0JN8rBzvlCWvU3,A05,train,A1
kl035GcZevBhNohJ,A05,train,A3
klGWOini4uRn1tGQ,A01,train,A2
km5oTMjgRI2GUow5,A07,train,A1
koeGPrnjlkxMT0hQ,A07,train,A1
kpDU9eaVcRRA3HE3,A05,train,A3
kpM67MJQOJ5F8Dno,A01,test,A2
kpOWA1Ox8o0qAdWB,A05,unlisted,A3
kpbnrT68YiciIsDe,A05,train,A3
kqDffZCJGERWXwaU,B02,train,B
kqudPHhqTBQtCcj1,A01,test,A2
kr0ZKsTx1hbtAOiu,A04,test,A1
krt7oCM0nzyB9dst,B02,unlisted,B
ksDFdORDxgHS7zig,B01,test,B
kstboOXSpcrVh0Yy,A07,train,A1
kt1Dff8Loy2aScA9,A07,train,A1
ktvEjpdISrOIhb0c,A07,train,A1
kv5dJq6wdVReP348,B02,test,B
kvuoMrQBOOaWCVt4,A04,unlisted,A1
kxIlIqHXJM5fLQ40,B01,train,B
kyElHcaE8jTFk0aU,A04,train,A1
kzjHkM8AJlP3Xs1t,A02,test,A3
l04NvnxPd5yp15OY,A05,test,A3
l063vbDUyBBc7yKP,B02,train,B
l0EQAaTZFsQRhtBq,B01,train,B
l0NUsQW9lcByevQq,A03,train,A3
l0p12Iq0NRC2QNhB,A03,unlisted,A3
l0wktxHU1FZchogV,A01,unlisted,A2
l1FKZyakrkxCdpWn,A05,train,A3
l2jg81lYexVsGQ64,A03,train,A3
l3cmgFmgcKP1yQFH,A05,train,A3
l4xQdxIpopq8m80c,A07,train,A1
l5TCfZR92uQwTeJI,A05,train,A3
l6NAWqqtRHrW9pZ6,A04,unlisted,A1
l6WMWmKcSDCo6VF6,A07,unlisted,A1
l79C3NFSu3D4pBzX,A03,unlisted,A1
l8CbSnyKQlrVRKXj,A04,train,A1
l8g1B9LanL2Zllb5,A06,unlisted,A1
l9DVLx7cfXtux5y0,A05,train,A1
lB45GZDqr2RP4RFd,A03,train,A1
lBYF2immMMaRZF2z,A03,train,A3
lD86mhBbp1wdjSt5,B02,train,B
lDVMU2eHEuT8WV8S,A04,test,A1
lGFgeDZh9ZBx3n9O,B01,train,B
lHrsin9tFQeMLHj4,A04,train,A1
lHvpiPOdj7utAf2A,B03,train,B
lHzpLKSzktZbQkoG,A01,train,A2
lI7LJVeZlTjPYXoQ,B02,train,B
lIiziwqYkc7qeP2k,A06,unlisted,A1
lJnNsIiO71oiQ8jd,A06,unlisted,A3
lKaiHjiSEWcdMZn3,A05,train,A1
lPqvHR04F5aflaVV,A05,train,A1
lPtejBQACA5PGbYP,B02,train,B
lQYcAI95P6ksmkom,A04,test,A1
lQmCQIxJqEeYQlLA,A07,test,A3
lR7Lj8nHox79kjnD,A01,train,A2
lTIZ0gVim1eimMj4,A06,train,A1
lTlN2e9SksIMvwID,A07,train,A1
lTtbV0hoi2SjSoti,A05,test,A3
lU0igyQMM4uG4yAM,A05,train,A3
lU7fYkVs4saVSlLm,A04,train,A3
lUMhpAMytVHcS6rZ,A03,test,A1
lUfluLO9bXkYanOx,A05,train,A1
lUhwVOKwIsPf6OFr,A05,train,A3
lVA9KYJag4rlRzrF,A05,unlisted,A3
lVZvveUUn17Y9rXs,A07,train,A3
lWw0KUfBqipa8hiE,B02,test,B
lWzMjuY8xKyzt2Cl,A05,test,A1
lX9s1LYu4gomLBB0,B01,train,B
lXywuFBESAMYOviZ,A05,train,A1
lZWmq53ACO6Ng3Ok,A05,train,A1
lZjt38FJOMij779v,B02,test,B
lZoOTKZwgbI3P92U,A01,train,A2
la9kpwecjZx5PZvw,A06,test,A1
laBNyxyNmlxQ6MAZ,B01,train,B
lbTdtygujA5uqy80,A07,train,A3
lbkhCuIKl06JnKSb,A01,train,A2
lfjerzft3TC3AHnQ,A06,train,A1
lgDYH0XMt2aQRyNX,B02,test,B
lgsriTCUaofjaFnv,A05,train,A1
lhValpJXC0k72H91,B02,train,B
ljdPwcj2cQK1Mtv6,A07,unlisted,A1
lknYFo1BN2udq1nj,B02,test,B
llGIW2r8NGDWr3uW,A05,unlisted,A3
llVd1G8jl4dtsHsQ,B01,train,B
lmHBUTrePa9aMvoG,A07,train,A1
lmKF8UlPsbtk4l0z,A07,test,A1
lmbl1q6gb1RiyPY4,A05,train,A3
lmdl9GB3vPS8v6Sb,A07,train,A1
ln0bZbLgvXAhJi1M,A05,unlisted,A3
lnlfVMq3RgBIbazh,A05,train,A3
lodqBAbdfiJpHjDf,A07,train,A3
lpR1anAayCFHEhM3,B03,train,B
lpRvSSp87iW3FEOP,B03,test,B
lpxZYmKZoWS6obO3,A04,test,A1
lsm936UbQfEytAYr,A05,test,A3
lstgZJk54jkAhI6N,A07,train,A1
ltihQJSWoGu4qxZW,A05,train,A3
lu14jUbWu4A9AtCV,A07,train,A1
luDC7yIL1KOSFTEZ,B01,train,B
luN1WcPsuKWKc4Gd,A05,unlisted,A1
lvQwexfEZW8L3WCS,B02,test,B
lvqXWzRHzj5ClJH1,A05,unlisted,A1
lxjfPzajvln6LrWf,A05,train,A3
lxumDhqQ3FH9OuMy,A05,train,A1
ly9oRp3bIX6dY8V6,A01,train,A2
lyBrG2tNPgHPzgty,A01,test,A2
lyh70sdQ9qPILmpY,A05,train,A1
lz0SbzJ0IYZHFeH1,A05,train,A3
lzBOQnk84MVuAorl,A05,train,A1
lztinz3lU1tvZGIU,B02,test,B
m07cCHgh74eCgKTW,A03,train,A1
m0Nv002bd8eyHdNP,A05,train,A1
m0XxDgjTB1AffdB4,A05,train,A3
m0y9JGPFARFAT1CF,A05,train,A1
m2d8euocmdZtsaCC,A06,test,A1
m2hBfXjaPMNj7JAQ,A01,train,A2
m2vJ0ZU473onTHCG,B02,train,B
m451q8QlFktCZDgh,B02,train,B
m490RlnO0IhiHfCe,A02,unlisted,A3
m5UbUbjPg2toyAuW,A01,train,A2
m5l4DakhAqWJT7EV,A05,train,A3
m5xky1qivKQPNnhC,B02,train,B
m6lTRzmvwYrANRcn,A01,train,A2
m6uhyIpia80lkZ4D,B01,unlisted,B
m7jZdNjlu3rxcZJ8,B01,test,B
m7zsK1AE8qSxgSVt,B02,train,B
m8CXchEd7MjAOtcC,A02,test,A3
mAMn0hOJbyk4caY8,A07,test,A1
mAaCshFdYBaklxkv,A01,train,A2
mAfuiEzNu1JZZ22s,A04,unlisted,A1
mAl2HLzOK45yVqTY,A07,train,A1
mDcut1Oit1ufRONd,A03,train,A1
mG87ulUknvMbyjFR,B02,unlisted,B
mGTRDrmajCe0zMZp,A05,test,A3
mHxNWFOCWdnrJi7s,A05,test,A3
mKiOby0TYbri3Lsj,A01,test,A2
mKm83UQYNx5DJ3WY,A07,unlisted,A1
mM0ygbeDwNRbQ2cW,A05,train,A3
mMd6IDI7nQQsWFzD,B03,train,B
mNop846dXWAvpmx4,B01,train,B
mObNoiNNGfMKUA8b,A07,unlisted,A1
mOtmO4v3tN5DHFkM,A03,test,A1
mQVKRRMKleLiVeiq,A07,train,A1
mQVgQmjTqVvi2SC8,B01,train,B
mR24Tr9zgLYXLtkY,A05,train,A3
mRU6i096dnfQaBzz,A01,train,A2
mRWOIsDzWyMf4MZw,A03,train,A1
mTTGusap5mALLMvi,A02,train,A3
mTqwzHR4GSr68Hzv,B01,train,B
mTy0VKTmfc442vCf,A01,train,A2
mUYiTCH9nMAXVLlf,A02,train,A3
mUep3DpDetxco8e1,A03,train,A3
mWB9qX6WUwGTFOSx,A05,train,A1
mWMqvmu5qzhPsCbC,A03,train,A1
mWkFGDF4tFbf8zGD,A05,train,A3
mWwqCOfSw3q3np7O,B02,train,B
mX81tbPnKN0EJnID,B03,train,B
mYSNrdDP8aeyQrQ2,A05,train,A1
mYipYFbxJKxDZJiN,A05,unlisted,A1
mYzcwd66EZ16QTW1,A05,unlisted,A3
mZMi3qdPE3xJ7gT2,A05,train,A3
mZivTl6Z23udbjLT,A05,unlisted,A3
maBFo4aUQIoZdoJ5,B01,train,B
maPDcMdzp57pydiF,B02,train,B
maSaoMIFGOWcAY9s,A01,train,A2
maYQjXjJX3TlM7oZ,B02,train,B
marjZ0np0oSHHOWp,B02,train,B
maxqMHk9roJ6GVXr,A05,unlisted,A1
mcgz829sFiHOzhEs,A03,unlisted,A1
mctn1udjoIYY1x8d,A04,test,A1
mcvDVwDSG0yz3dDd,B01,unlisted,B
mdN0m6aKAEfnRLFf,A05,train,A3
mdWyeq36zbfFQqXf,B02,train,B
mdluwL3VGXFLU6id,A03,train,A1
meHIC2X90lFF3K8A,B02,test,B
mesbSOn5eKS1hzBA,B02,train,B
mfPIBCibEwLgrr1V,B02,train,B
mfQxfOmeRmwBh0g8,A01,train,A1
mfkOCoTBwW6sIwjl,A07,unlisted,A1
mg6tupUAvgmn6H9B,B02,train,B
mgILnMFtKaLB35hU,A05,test,A3
mgMCJ0LNM69dffZr,A05,train,A3
mh9qL38iGOLALgHR,A01,train,A2
mhHgNx3WIGoDXOQn,A05,train,A3
misDdQCoNichU6Un,A05,train,A3
mjbcpEN2XeDA4OKm,A07,unlisted,A3
mjt21n9iMJnLwriU,A05,train,A3
mnXyL0hflG6LUHhk,A07,train,A1
mo4WmRhOOI4ZGnIr,A03,test,A3
moorrnE6QA1EQZn9,A06,train,A1
mpLfORmFnizPuoc4,A07,unlisted,A1
mpu5A2P6nyMTW15m,A06,train,A3
mq4nbqN0IlbYD2ca,A01,test,A2
mqG5V7vtJq4jdnum,A05,unlisted,A1
mr2Tuv1CMNMb6cEl,A01,train,A2
mrggexMX2vbpskIg,A05,train,A1
msOTKPhl1nkhyQRa,B01,train,B
msWeoXCpqvrisE13,B02,train,B
msffsUzfmpfv4Pwx,A06,unlisted,A1
msoxltaTIircdJsS,A05,train,A1
msrIuXCQhrjkrha9,A05,train,A3
mtvWiWjdlBlzNodn,A04,test,A1
muGf8gk9XIIaOenQ,A05,test,A3
muPFoSF3ql6YgR5t,B02,train,B
muQbPOaFGInyLkjm,A05,train,A3
mwMsIlO63Yi6qxis,B02,train,B
mxOVKp3s77h9FREV,A01,unlisted,A2
my726KxTj4xuICUV,B02,test,B
myFAGP8XEN9BEQty,B02,train,B
myxl7VamCxHmaLtv,A05,test,A1
mzlMrHMFHBgRdPp9,A04,test,A1
mzveuvMFnSVEhrDc,A06,train,A1
n0Wl8s2tHpqnY3G6,B03,train,B
n0jF4hz9PmUd4PSU,A06,test,A1
n12ujfTp9wzGdRtq,A06,train,A1
n1l3vnF8UyUuDzMW,A06,train,A1
n1oDC215ogiNEm48,A02,train,A1
n2bxJE9i6hd6wx22,A05,unlisted,A3
n38Ncug2Vch791eW,B02,train,B
n3U7l64w9ZPRRLqC,A05,train,A3
n3UK573fbXjPKkX7,A05,train,A3
n41hBVrwRQMHj75q,A02,test,A3
n4bMPSssn88eRkfY,A01,train,A2
n60mMgDiV7L3ZLO5,A05,unlisted,A1
n6FAWJhxeWgGXXuA,A07,train,A1
n6pAa6wFqmlgV4gh,A01,unlisted,A2
n7KPL9l917bulljK,A07,train,A1
n7rsVUNPzQyH9BBC,A07,train,A1
n7t779PG05c7D5N2,A05,unlisted,A3
n7v7VU27ikHT1Eau,A07,train,A3
n8XEtol1BK3TlWXr,B02,test,B
n8zeIymEgvK9CO5t,A05,train,A3
n9U0XQH6I2PWvTlp,A04,unlisted,A1
n9UFB4CBMVr0uNgM,A05,train,A3
n9xN4OBKHub47ruW,A04,train,A1
nD0ymFgvn0LWHG2u,A05,train,A3
nDGewLeuFMdJLtxG,A06,test,A1
nDdGD05I2kgfAd1k,A07,train,A1
nDoeQ0rPNxce4nAt,A06,train,A1
nE3Re77EFxHJwyjT,A03,train,A1
nESgBfgxH7yBZHBh,A05,train,A3
nEUA5avlpc6quJGg,A03,train,A1
nEnN2tNfiPuI0eKo,B02,test,B
nExxVYFIxY2suETS,A01,test,A2
nFsnJ4OFpsudu9kh,B03,test,B
nGAF6tT4H9uFGpd7,A02,test,A1
nGCj2sVLZZpEMENc,A03,test,A1
nGEi3hgi7bnGjULN,A01,test,A2
nGqi7w4e4pxskC1I,A04,test,A1
nH8ObsARI7iEwACV,A07,train,A1
nHG8uqzC6WToOtUF,B01,train,B
nHb3j9bREzfjpLzR,A06,test,A1
nINb9kfKVNrZFhgp,A05,train,A3
nIn82gLotIW9KfJ5,A02,train,A1
nJRIommgPuYQ84Ug,B02,train,B
nK3zsqcl3J6iupWk,A05,unlisted,A3
nKV1PcUwCTNIyy7i,A01,train,A2
nM7Uza2siqbI9fDs,A01,test,A2
nM9nz3Q6iEygDA60,A02,train,A3
nNMe9jKOFgZajX3t,A07,train,A1
nNTsRw6RiTP9lGIS,A05,train,A3
nP0aFeBFwmYRSkhy,A03,train,A1
nPFz46PDjqipVJIq,A06,train,A1
nQCtISRtvoKZ4G8A,A05,test,A1
nQmK2stLS9x3obaz,A05,train,A1
nRJwPrEJWCW3SlAH,B03,test,B
nRXVpa3NBF7mMCNG,A03,train,A1
nRvxGECsX83w3iAn,A02,train,A3
nSBwPZRYsnvS9GJ1,A05,train,A3
nSVUT4xQGwlpOIz7,A05,train,A3
nSdanAaCiipucjVP,A07,train,A1
nT1wzUkuESziedUO,A01,test,A2
nTLFf5GCZdDiGADK,A07,train,A3
nTh1SaAgvnCjjUPY,A06,test,A1
nUeUuYElF05SSK06,A05,train,A3
nUoxp6a47WdtNSZL,A03,train,A3
nV9uf9nuPBUmRTso,B02,train,B
nWVWouw5rGRBrdex,A07,train,A1
nWx0gk0IqY3Jny2M,B02,train,B
nXZoDfDV67aIB01t,A05,train,A1
nYRfN4vV7dG86Rx4,A05,unlisted,A3
nZEsC0lF0KoLlOjR,A01,train,A2
naKaradpF703AwJt,B02,test,B
naWsP6G3xj635TFD,A04,unlisted,A1
nbdPzmyjT7hYdwRe,B02,unlisted,B
ncdjV2fbQjVZ8D8n,A03,train,A1
nd6iA4uyrOD8TEg0,A04,train,A1
ndloBtg2ljsWE7qb,A05,train,A3
ne0uZN6X5NHUD8wh,A02,train,A3
ne1WJnLn03ovXjY5,A07,train,A1
neyVriWyz17oohyg,B02,train,B
ng2CmSayzl1LnQ9P,A06,train,A1
ngbzEjrvmbFzkt19,A03,train,A1
ngetet4E8dP6SgWj,A06,train,A1
ni0Uilo2k6cJEYpH,B01,train,B
ni3ntB0TQEkMK8tL,A05,train,A3
nifBSWYhebXEWBcm,A05,train,A3
niiVoLq5ygigkTJL,A07,train,A1
njIa6OVNsrJxGyk1,A07,train,A1
njasp9b2NE1CAJJK,A05,train,A1
nk50DlEWyBLJZPoq,A03,train,A1
nkJAR26WhraTXiOs,B02,train,B
nldTll8PjEggWe1D,A06,test,A1
nlsjrXm0OX12c3bN,A01,unlisted,A2
nm6tJae12v3oCVpx,A02,train,A3
nmASJU7UIqQstpgd,A07,unlisted,A1
noLFawSfL4xG51kz,A06,train,A1
np9xlohQDOusGCF8,B02,train,B
nq4AeeHMFHFmCjHl,B03,train,B
nq6RswMVrkfbTtkb,B02,train,B
ntB4yKk71xqJfiWf,A05,train,A3
ntJ8UoHMouQQM6xP,A07,train,A1
ntPunwpG7SeeSvFw,A03,train,A1
nvIX2ptLkT4ymJLX,B02,train,B
nwOsTMsUaglG6SNE,A07,train,A1
nwVG0ld1hzYm1cfW,A03,train,A1
nxyNrHatu6cDnwWX,A05,train,A3
nyJJX9oabrIoFRM6,A06,unlisted,A1
nyWzi6CfnSwGUMzK,A06,test,A1
nyXJ7Vqx9CC9zaUc,A05,train,A3
nywm3Q28QpFF8rBd,A06,train,A1
nzB2pspNZkvkMuLy,A07,train,A1
o0p4rYL7CkNB1NDb,A04,train,A1
o1YG0U9btnFqfOkB,B01,test,B
o2LPHMHZm2cyxdWo,A05,train,A3
o3SovHMYRxgo38Gg,A05,train,A1
o4sQFFYOzMwIEsgo,A05,train,A3
o4tac263SYOVgGeT,A06,train,A1
o4xKxTst8TkKOtET,A05,test,A3
o5CqFzDTDx4nDiA9,A07,train,A1
o5bo2OIsyMgRlJgx,B03,train,B
o5qhInNVMTWw9vOE,B02,test,B
o7KX7MePvy6TVVUy,A05,train,A3
o7ecVjFPbE66NcpS,A05,train,A1
o8eSPJcwF78zpfR1,A05,train,A1
o8pqnExg89VHyB5N,A06,test,A1
o94Az7TpRpEV11xA,B02,train,B
oA3cnDAIVegRJCTi,A05,test,A3
oABRWzWXSItuLbKY,A05,train,A3
oAZvUhEREEnLkP1A,A05,unlisted,A1
oBGBpAO21tQtUt5L,A01,train,A2
oCK40JXjhs9UKktf,B01,unlisted,B
oCLrZ3aWZkSBvrjn,A04,train,A1
oEgEpa34BSmKc19H,B02,train,B
oEmdHRDf7rWmLbmN,B02,train,B
oF7ZFBBxMN4wNMck,A01,train,A2
oFBwvqCzeCiCwE8o,B03,train,B
oFaaXI35CFExeNdW,A01,test,A2
oFqvYwXcX4Jr5j2S,A05,test,A3
oK00i7IpX6ARLQiM,A05,train,A3
oLJuSloJQgZJkY7G,A03,test,A3
oLRXuIDPQmX0K7w5,A07,train,A1
oMFzVNYfwB8787EQ,A07,train,A1
oOpKdBkEN2VINP4v,B03,train,B
oPj6r0jedkYtMV0K,A05,train,A3
oPlxlHy9hYnkpUMq,A04,train,A1
oPwBEtY24ob7dbXY,A06,test,A1
oQW1edazs9RNntXU,A05,train,A1
oQjNYvRMswl7o2fu,A03,train,A3
oQyDDGeaFaGS5iq9,A01,unlisted,A2
oRKzLbru2nVXQL3l,A02,train,A3
oRldxGZyKKCk5r6x,A03,train,A3
oRxVhJu3kjMQfB0w,B02,test,B
oSVd73Xl2FUzt0Q6,A06,train,A1
oSxx4iSIuJFQb35B,B02,test,B
oTWJalmBS9kgPYMU,A07,train,A1
oTdHbBKuJer5PA4E,A05,train,A3
oTlS8jzwjCHkwsyp,B02,train,B
oV6iEN8YG4AP3WOk,A05,train,A3
oVnnxgcqa6LAhrPL,A05,test,A3
oWOcKIebP06E7KPy,A05,train,A3
oWo8j93iGuuyWOQz,A05,train,A1
oXHyC6Ct3LBtKNdN,A05,train,A3
oXQdbbLfsoukNtN7,A02,test,A1
oXTjLStwRDHB866F,B02,train,B
oXxLTGasmnphZWxR,B02,train,B
oZSmA6hZ1peEN3Hv,A05,train,A3
oaiVyeVItbixF0J6,A05,train,A3
ob5ZXrdZEHwXLokg,A05,test,A3
obFSTrgCKK9PAurA,A05,train,A1
obahhnesBt1tlfsp,B01,test,B
obam73lv8yK6ZArC,A01,test,A2
ocAWa7r8AoVQmWne,A05,test,A1
ocfsL2tJckNH8MdJ,A04,test,A1
od0SyFJbeRKryFcf,B01,train,B
od6jHCuZCrcwGNW6,B03,train,B
odG0xssfHPtpAPZ3,B03,unlisted,B
odVih9STjyUbS9Bx,A05,test,A1
odr6AICuazmvf4KZ,A07,train,A1
oeOhhk5YFelIuk8V,A05,unlisted,A3
ofAeh9EDA25ICi2M,A05,train,A3
ofCPDGBv57aYpKPr,A03,train,A1
og37lvHgiQX81J6D,B02,train,B
ogDvw4kKCEzchqwG,A03,train,A3
ohbaT1zYspnRjlXW,A05,train,A3
oiUl0McOXb6duLau,B02,train,B
olYXw9BVl7tRJIV2,A01,train,A2
onoiFNXJVZ8UJ8iZ,B02,train,B
onqijI8wSzkX8XHo,A03,train,A3
ooUVnEoHLYJWDU0D,A05,test,A3
oocBqbMTHbuJFEf1,A07,test,A1
opBh4gU1p8Cf7gH4,A07,train,A1
opDwjrm74UWhcZQA,A05,test,A1
or6st8qiMM8czErQ,A03,train,A3
otCiJpLw4f9VAEnO,A07,train,A1
otGSflslVXzBsErj,A04,train,A1
otVJnhxU0YjcpSCP,A05,test,A3
otu89P1T7LZTDROQ,A07,test,A1
ourn8QsAJvGVBpQK,A04,train,A1
ouxQdxt0kYKyUcJT,A05,test,A1
ovBEdGBPdthrxr8w,A03,test,A3
ovO0ctCAoK4kInXO,A03,train,A1
ovoSk89GVB6eDJQa,B02,test,B
ovrP9UOFtgzIv4Px,A05,train,A3
oyyigbmH36GRA0jM,A07,train,A1
ozPB5CPGnWlcmezh,B01,train,B
ozyA3WwzaaR9Cy9T,A02,train,A1
p0qwcM0zGuNnGczk,A07,train,A1
p1IaR1B20RTULvGQ,B03,test,B
p1NwjXgh6fR9QFNa,A05,train,A3
p1O7n8ORK56SStmh,A06,test,A1
p1T82qrLCsoK4r4A,A06,unlisted,A1
p1uHuXV9yOzs83zV,A05,test,A3
p2TWZYKo9bWarBdo,B01,unlisted,B
p2adDuZhqx8PeZHo,B02,test,B
p3B2yAbKFQKFGZu7,B01,train,B
p3bhTzdtNV8HBa08,A07,train,A1
p3z0Sr145GIjhw3T,A06,test,A1
p43kr4OIsQ6eSUU5,A07,train,A1
p4AWTixUU2HBngt9,A05,test,A3
p4fRXp9utROMSbhs,A07,train,A1
p58HiQ5JWb10s0a5,A07,test,A1
p5UEZL8qTXZej4G3,A06,train,A3
p6OtVV5wymSp2nXI,B01,train,B
p6dG2MI4epIJfvHI,A05,train,A3
p7CIarCascEOLmyw,A02,test,A3
p7LcigY2ONyXkb4F,A05,test,A3
p7ZUex8qlTVmazcd,A07,unlisted,A3
p7eThK8uN965960O,A01,train,A2
p8C0lWrzQrXuZzas,A01,train,A2
p9v1d0vHYp8eXMNC,A05,train,A1
pAtIveCHkSCRxVFE,B02,train,B
pBGmu6ONLeA2DBra,A07,unlisted,A1
pC3ngYHSSpwL6tgk,A01,train,A2
pCFPBBgGmdSHZxGd,A07,unlisted,A1
pCLLIEaHb3ZS2vpG,B01,train,B
pD7XNXo3CYBYWzVK,A05,unlisted,A3
pDlThTpkOMWceyia,A05,train,A3
pEA7klA2UvMrhTui,A01,train,A2
pFjgTUP3GyddmkdS,A07,train,A1
pFlZH3cvf9jM70j1,A05,train,A1
pG6SDBl3f6w5ETFZ,A02,train,A1
pIQHhKd6hgW82r06,B03,train,B
pJB2ymjZ9VjEZalA,A05,test,A1
pJSGHl1rvUiDN1Sd,A05,test,A3
pKSYxuDQ6f8sZlfY,B03,train,B
pLFKlwwY4hgyspz9,A06,train,A1
pLl5zyMnE21azoi0,A02,train,A3
pLlCfRKuqb8AoHu2,A02,test,A1
pM7YTIjlfZIbRnLy,A05,test,A1
pMHsFXeBMbAeJfT5,A06,unlisted,A1
pNIBl6jeqdwen4fI,A03,train,A1
pNMVEq12VgJwA3pa,A07,train,A3
pNQq47BRKT35Otn8,A05,train,A3
pPSeCTZbyKwxybFB,A05,unlisted,A3
pPrnLyf4giOVMhcL,A05,test,A3
pQprI0Y6VdW8oK2Z,A05,test,A3
pRIf9rapdPFuu82M,B01,train,B
pRM6LJW1hjE2rUnM,A07,train,A1
pROMG7Hq8r8jDJKw,A03,train,A1
pRWM3YfHCHTxe6Kh,A05,unlisted,A3
pRlbKgqSaeBNmoWZ,A07,train,A1
pSwSJAZ6VNdQ655e,A05,train,A3
pT2TyeF4cac9rG0w,B01,train,B
pTGrA7IKxccKETxh,A05,train,A1
pTjsBaNwpKAlQQfH,A05,train,A3
pU1TO7gDyVvpMEcu,A06,train,A1
pUAFJWpSEPTFCYbf,A05,test,A1
pUIuo5O3ovG3QsKM,B02,train,B
pVGFW0NPc1GUemR8,B02,train,B
pVcUeRzi9nr9hKaP,A06,test,A1
pVgXk1ZQ54nguvvO,A06,test,A1
pVsqjvhfGcMuqvue,A01,train,A2
pW2d1LV7gleGujE5,A06,train,A1
pWrOUWOn8lVNk4yj,B02,test,B
pXkaiup719W4qkpI,A04,test,A1
pYau2kXrG0bGG5dz,A05,train,A3
pYoI3weuDBsVAFcP,B01,train,B
paN6TWcDWX0qXWcU,A03,train,A1
paOW9IJ6AGqpaj45,A04,train,A1
pbRmgyFSJEgLYk1A,A04,train,A1
pc45xQeZU8vgnoQi,B02,train,B
pc7lfmzFeAdPppGt,B01,train,B
pcDd6xTmrx0DGzO7,A05,train,A3
pcV8GSjK9kOqOJiG,A04,train,A1
peaK10AjWlEViVHS,A05,train,A3
penyQ9dAPi47i1Lb,A04,train,A3
pfQo1Rk0NIJ35DfY,A03,train,A3
pgv8bC3172eXFqeO,B01,test,B
pjsm46TWyF7Ljtgv,A03,train,A3
pk57nExaGWnNFphD,B02,train,B
pkA82uLGrvammRFN,B03,test,B
pketN5vICdibE5Rd,A05,test,A1
pm4ks2pz6kLBiaZI,A05,train,A3
pmtDslqAnPgbtoQC,A07,train,A3
pnwpZNdTaOvIu3W1,A06,test,A1
ppLPLXWGkskyzQjg,A06,train,A1
ppPtLf6Se3thvkbI,A04,train,A1
ppS6VVU9l0Ufcgkv,B02,unlisted,B
pperXBuR7KfhQABx,A05,test,A3
pqE1gi1ZqDBahcJd,A05,unlisted,A3
pqZf3uLZfbRyXBaG,B02,unlisted,B
prAAbCuy8KMMqsL4,A07,test,A1
prlZ86ciY21iiRSo,A05,train,A1
ptsKC9Omr3YEf8xz,A07,unlisted,A1
ptuXstzPGsZ5p9Wl,B02,train,B
puBLo57L8j6K5aAc,A05,test,A3
puiTYVFR8BZlYZwv,B01,train,B
pvc9AiedHsceu3E2,B02,train,B
pw3M1tBJKvmODslv,B01,train,B
pw8jI2CHNFgxU5mw,B02,train,B
pxVJjooKINRwegSh,B01,test,B
pyseFPAu9SKib610,A01,train,A2
pzETr7KDIvjqMeqh,A05,train,A1
q1HmwTAskcJF6nS7,A07,unlisted,A1
q2vcbApwuSoEmcLV,A06,train,A1
q3Oft3cwVOIdyOEb,A01,train,A2
q3uPcTOiqbXxpCFk,A05,train,A1
q4kxVbBZtjcDAT4I,A07,train,A1
q5OgYhVQd5W3xwVA,B02,train,B
q69wZ5I5ZGaTWLEh,A05,train,A3
q6zjgF4yqQm7sM3m,A02,train,A1
q7i5BfOXzAQArEeb,B02,train,B
q7lH9zMKOb4UUQ0s,A05,train,A3
q8AUesKCruMFPLng,A07,train,A1
q8h3Sxwe1aKQwr7i,B01,train,B
q9RT7SzsIss2KqgW,A05,test,A3
qAEKZsb6Wo0XBU2B,A06,train,A1
qAfF4vjc4ipGMF9r,A05,train,A1
qAgNY1M73l7qdyxO,A05,train,A3
qAk5BnUkxgW7stIS,A05,unlisted,A1
qCDqo1rKdjWSQgfQ,A07,train,A3
qCjSOq60vlxDnCJD,A04,train,A1
qD0PkJEr5dDuf3Np,B01,unlisted,B
qD2tmy2EgpyKwKsS,A07,test,A1
qD46xbgDZuavAR1z,B01,unlisted,B
qDD2oXsN9qpQe05Q,A05,test,A3
qEjF0lUFsimO4f8H,A05,train,A1
qErfwW1f1BVojNuB,B02,train,B
qFflqzmowPOfvCWg,A05,test,A3
qFknTJDwbIkXEzHT,A05,train,A3
qGewAMU0JVuDSbWd,A05,train,A1
qHW40pv36jAHdz3r,A05,train,A3
qINa3LHvMjCgqoRA,A05,train,A3
qISmAlIf3V8mshoY,B02,train,B
qIlP5XM90ZsmSxcd,B02,train,B
qInYhsUF8G64KX3S,A07,unlisted,A1
qJ710OOaI4SGTB4S,B01,train,B
qKrzkt1xutbC2F4a,B02,test,B
qLAsM04P89Hwzbhl,A05,train,A3
qLe0dQXUdCkSmSeU,B02,unlisted,B
qLwEhZWcZsjQ3vNL,B01,train,B
qM5q4bWpR7YWPR6N,B01,train,B
qM6httunpFS9w1lb,B02,train,B
qMBQQmXN4YiZXSsm,A07,train,A1
qMeLwoX0Jb9JPIZt,A03,unlisted,A1
qNxW3f6K7nxd0P43,A03,train,A3
qNyOLpOwEHQ9l4t1,A03,train,A3
qOGvAQ1qwfagTZFp,A06,test,A1
qOOGssDas0hSStxc,A01,train,A2
qQb7kITN4Sr5tnJ7,B02,train,B
qQmJra9K87T1jXFC,B02,train,B
qQqHhFR48D8OpOA2,A01,train,A1
qREY4lfqBfDlFvId,A06,train,A1
qRMpzphjmbpZ0tDF,A07,test,A3
qRbdLkX6UWngKw77,B02,train,B
qSC9yKEXpWv9XDRD,A05,train,A3
qSE3ZyWIXgBSLN4w,A07,test,A1
qSIEilw8xD9Gvzqg,A05,test,A3
qSZKCxpE8YVOsbSZ,A05,train,A3
qSiKl0PLh9QpiTco,A06,train,A1
qTlaVvYsKRWmlN2O,A05,train,A3
qU4OeUe5b2GOb0LL,A05,test,A1
qUcGBXZxZslspUJl,A07,train,A1
qWTcMzVv7Wi7RA0e,B02,train,B
qXad4owzobm56kGj,B01,test,B
qXaumRPVuACdVEGM,A06,train,A1
qYeY5tNhzK7MLpWM,A06,train,A1
qYhMWpQKAayfbqD7,A03,train,A1
qYsvuhfAAGjKFO4X,A05,test,A3
qYvuLyRZ64uRXCQz,A02,train,A1
qZkZtKxZAlK0hE6Q,A05,train,A3
qaBDkdY41dVDHsnA,A06,test,A1
qabXtpX1I6B7yBGt,B01,train,B
qae9B2XfQCd51PQy,B02,test,B
qafwbRVqn1ODNYdT,B02,test,B
qbHWR1QSJkjodLvG,A06,train,A1
qcTBaH7ZIRU8VVQm,A03,unlisted,A3
qduxCj27tFWDkfYo,A01,train,A2
qegJddv7pE6wM8Q9,A05,test,A1
qelRraRW1qmKBHsG,B02,train,B
qfrrFrPnUi7V3HVh,A07,train,A1
qhNgBuPc3mSsrbYK,A07,train,A1
qiA3SF1GYZD399cT,A02,train,A1
qlMHylk9AKNiayAz,A06,train,A1
qlri5n1JPoLCkHpp,A06,train,A1
qmG0NU3DBdDsch3F,A06,test,A1
qnW8puo8BDxRCREF,B01,train,B
qncg5yvO1wBZioGJ,A04,train,A1
qoBxKEjQ7oMVPYDz,B02,unlisted,B
qoL3WcLueOM1vz4z,B02,train,B
qomJvZp4iU99s8D9,A07,train,A1
qopdPRJbdP1SoEcc,A05,train,A1
qpbdzpSeKg3c0B2K,B02,train,B
qprE9NvxlFBnASWx,A05,train,A3
qqH40JvsIEX8vpgh,A06,train,A1
qqVYZA1c4ISeSNF6,A04,unlisted,A1
qqn4uC3PxrT8EHLn,A02,train,A3
qrEhcydYzdBD9PpF,B01,test,B
qrPO3YNO1TAzSpQM,B01,train,B
qrnDdzUyfIWC1P92,A07,train,A1
qruBu8TCVSUIXf0U,A01,test,A2
qsATscp6vbC72AM7,A03,train,A1
qsNVyBKvsi1fVWSE,A02,train,A3
qsTf9Bti8mTgywr5,A07,train,A1
qsgb75V3Rk6UoYGE,A03,train,A1
qt9O1OEhPQ5sAlF6,A05,test,A3
qtU33cLzD1yjt6jJ,B02,train,B
qtpAdj0oWts2Y75i,A05,train,A3
quX3RgfyaJK52w9H,A03,train,A3
qugjl5q3tqeXGLNE,A05,train,A3
quoguynXdMpa5XZE,A06,train,A3
qvCMjoizFerVQIvG,A05,train,A1
qxkpFI6XYantynZm,A01,test,A2
qxxJJ7ZqwbAhw3R9,A06,train,A1
qyp5TG7AOy2sR1pZ,A06,unlisted,A1
r02oKdpvZBVb3iHw,B03,train,B
r0JLbq6affU05p1Y,A07,test,A3
r1aNILha3nLcLhkd,A05,train,A3
r1dHVHXv3h85PPBo,A01,train,A2
r3kzwl4D0qjJB1Ry,A03,test,A3
r4mlsqSCqfFwLxwX,A05,test,A1
r5IlXVv2xrql7HzD,A06,train,A1
r6MgBlq8FxvthgQa,A05,train,A3
r7VJrwvUvTQPEy81,B02,train,B
r7ir3YdPp0nIhaPw,A07,train,A1
r8fVtHvd5XkRSDQ6,A02,train,A1
r9dIh2iSpvBoZfzF,A01,train,A2
rArRxucDRj5HpgWa,B01,train,B
rCYduDSOqXYknJX3,A06,train,A1
rEiyj3K8cujNfG0X,A07,train,A1
rFAa2KA0S0bPB418,A04,test,A1
rFCo4ks86qMWg7oQ,A05,train,A3
rFOlvGEGs8Ptq3Ip,A05,test,A1
rFe6WX3tlqRPokfg,A01,train,A2
rFlW6GrzoWKidHZB,A05,test,A3
rGBrC88cGkhoK9HA,A03,unlisted,A1
rHWImyiAL68AfASm,B02,train,B
rHz4HLN7NmBX8UZc,A05,test,A1
rIIiaG9K9YXorIzI,A04,test,A1
rKq85UbTMFBTW8iz,A05,unlisted,A3
rKzVbgEcKjYgCBtv,B01,train,B
rLCsCJDdBCPOQyss,B02,test,B
rLcW2ctSM1dpERkM,A05,train,A3
rLqc1cK3lAlJ6XHz,B02,unlisted,B
rMNmYemAFwO4Fk31,B01,train,B
rNLIce5nUCBJo5AF,A07,train,A1
rNbtGWDVowUMFxro,B02,train,B
rPBrSY95z3BVcpn2,A06,train,A1
rPC4VZoIhgoYnCdQ,B02,train,B
rS74xD8FuLa3X2Uf,A07,test,A1
rSoxP1P2MEpBWMEc,B01,unlisted,B
rTIOND7IIUfQOqgS,A01,train,A2
rTbXQrcrU7yvQxgf,A02,test,A1
rTe2jJ4aqsCg43kc,B02,train,B
rTkMSz6oYAqe4lkZ,A01,test,A2
rV8GXHtNW851QNUD,A06,test,A1
rVq21aDeZeP7aRDW,B02,test,B
rWL8NcKADIeMtx0Y,B01,train,B
rWglsEilo32D6jcC,A01,train,A2
rWty69pfjUHRrYiR,A01,train,A2
rXgR9x3gnNIW5xxZ,B01,test,B
rXvkVgkwT397JBcB,A01,train,A2
rZvzuCiBEzxRrfXM,A05,train,A1
raBSw7wWCJSkbVgO,A05,train,A3
rat7Ymfb6NaDEgQJ,B03,train,B
rb5FCCMszkdT8C4i,A05,train,A3
rbXWNtFWehYlszgS,A02,unlisted,A3
rbon27CqqNOLN6HC,A03,unlisted,A1
rdkMNdCUU9fBB3Lb,A05,train,A3
rdmhYjR296EFlkQ7,A05,test,A3
rduDJAeEbAOo64br,A05,unlisted,A1
rebdTSFSL1TrgKnk,A05,train,A3
rezrHFNiQ3Sed34r,A06,train,A1
rf6C6QfZQ6u3G5hb,A07,unlisted,A1
rfsOMe2VudDAXl3O,A05,train,A1
rftfG6nZjIuzLOW1,A07,test,A1
rg0paFQuo2J8tXhP,A06,unlisted,A1
rg41PsSpNebVnl8p,B02,train,B
rgRBuzyADgvDXY8h,B01,test,B
rh29cCzL51kVBiyO,A03,train,A3
rh8o7bdCGOIBFPwH,A07,train,A1
rhTVeFdGjKjidLj0,A01,train,A2
riOtNIfGPkL8LjkQ,A03,train,A3
rjgnJ1GWkbM5c95I,A05,unlisted,A3
rlkjM8EvGLeCdZT4,A07,train,A1
rlnNnuSqn6Wo0O4D,A02,train,A1
rlswAbCutOcMhwUc,A07,unlisted,A1
rmAMD7qwDT9Hnue7,A02,train,A3
rnWXkKWkFYWXfiNB,A07,test,A1
ro7qE721txjtvUw1,A05,train,A3
rojv5zQifUyH9RN3,A05,test,A3
rp4H5pJTa7wJSk7A,A07,train,A1
rpoCRbEWQYS1pyEf,B02,test,B
rqIK6cLol5kw9mpn,A03,test,A3
rqyI7OubgQmOIfpG,A01,train,A2
rs063BLUtxNXz7qJ,A07,train,A1
rs7ehHgZXSIQ2W5S,A06,test,A1
ruh1NzFI3CFJGZcX,A01,train,A2
rx3DXUy6SKRrFvYD,A07,unlisted,A1
rxXp1JPedNETNtg9,A05,train,A3
s0e1tG2uTDQlydkK,A03,train,A1
s1GGIPfYr7oghexc,A05,unlisted,A3
s1KOlhvfvBLttoJF,A01,unlisted,A2
s28IDBKUKXHqk9yD,A06,train,A1
s2MsNg2IwhtVDwB8,B02,train,B
s2iXzUdT53CJ09j2,B01,train,B
s2tr2CsJMaXrFBbC,A07,train,A1
s3QiiaePbjU4FQBi,A05,train,A1
s4ZRrORurv2KwRAY,A03,train,A3
s5BSxg18G7rEGYGF,A01,test,A2
s5t2kTT7SOlYxGoh,A05,train,A3
s6HN2J1KWvNzw7sA,A04,train,A1
s6xHicEjZgzl1rCS,B03,train,B
s8J7dnQVgBmzEHeD,B02,train,B
s8RheZDAXgRtlOQg,A06,unlisted,A1
s8iWji42Mj7wpIqe,A01,train,A2
s9Tfw7CPqVEnm0Ir,A05,train,A1
sAyihMNSFGQu1BvO,A01,train,A2
sBYwHvRVCJxz0txf,A01,train,A2
sC2ZI1VF9gxPvVom,B02,train,B
sCHwoLcDGNvBCDBA,A05,train,A3
sCYbqFtE5ytIsRYu,A05,test,A1
sD9kN7kTIsll1TS5,A03,train,A1
sDHZFRWzJIUz4HD9,A05,unlisted,A1
sDv5SOS4LXJpxQGY,B03,test,B
sE5s8WKQjZKU67Cv,A05,test,A3
sED1fQkLdOnxacA7,A07,train,A1
sEIaS7F8WEtaXBZs,A05,train,A3
sFn4R9dwVQE20SQC,A03,train,A1
sI0k0KH347E6YJ3g,A05,unlisted,A1
sIT2zuknXcIasu1n,A01,train,A2
sJAPp1iLPcGuZbvd,B02,unlisted,B
sJaRUTJxYwD3Gcak,A05,train,A3
sKNIHFHiLJGFjDxt,A03,test,A1
sKl7bTCqLZkzWMTK,A07,train,A1
sKmByvnIaQlDP4QZ,A05,train,A3
sLPTLQQfXbd2tP57,A05,train,A3
sMbHi4taton2ubX0,A05,test,A3
sMkYYO8N5kKJ2ofA,A05,train,A3
sMnHngJrTM84Z3Qe,A05,train,A3
sMtwgKGnjQEo2gw2,A04,test,A1
sMvBhRj91emEFpay,A05,test,A1
sNNyCkSCTzmnKAGb,B01,train,B
sQKNNY6zmYwDyGAT,A02,test,A1
sQjpjiUTThaMf4j6,A02,train,A1
sQzoK1UEQxyeuUrY,A05,unlisted,A1
sRNyC6VpRFNqwODE,A05,test,A1
sRPnjJlo4MemiQTe,B02,train,B
sSxyMDSLfGfsnoWS,A01,unlisted,A2
sT9Md8X0lOFCam2Q,A05,train,A3
sToI2U57rdoM3Di2,B02,unlisted,B
sTq6GUVj8pFpOmCK,A05,test,A3
sTr8Gq7XwAD7YEex,A02,test,A3
sTrJhkocIpscOj84,A07,train,A1
sTrMPzr4CX38xVLH,A05,unlisted,A3
sTyVL2nCeZrDPJFw,B02,train,B
sU7KenthbnHZKFuj,A06,train,A1
sV3vZhD9ejW9o3RU,A05,train,A1
sWVYCoIpt9ZYE51m,A05,train,A3
sWbo2UvvpnId66Qp,A07,train,A1
sX9K8N4FRDKfTEJO,B02,train,B
sXe2iqnAezdxaSlM,A01,train,A2
sXj4y0x0vKtANJL1,A05,unlisted,A1
sXwMKiGgz0TYguJP,A05,unlisted,A3
sZDZiwrlBws4eBVZ,A03,train,A1
sZQ7QjtkQ4xnAMbL,A05,train,A3
saMeASwEoEAis4kz,A05,train,A3
saWfn0G9xSTz5KLm,A04,test,A1
sawYdJwaQfTpRrEO,A01,train,A2
sb1QzraK3RXVd6MV,A05,unlisted,A3
sb6H0XxGZGCFcs5P,A05,train,A1
sbDHoUUTXb9IodXz,A04,train,A1
sbFk0Z9or8ZAgxUc,A01,train,A2
sbRLoaNNWNIBGMfM,A01,train,A2
scTZGPheD0mbRyKY,A01,train,A2
sd5J9jmgaeEfSChM,B02,test,B
sdxjeGwduy3dJ7mV,A01,train,A2
seIKp2H7NGtzNdIS,A05,train,A3
sehA3rnrWSlt9QT1,B01,train,B
seyHdySeUmSUqKPx,A07,unlisted,A1
sggAEJI29exYLAOY,A07,train,A1
shBsU74RrHuN4xKP,A07,test,A3
shKRIy5z0w9XZjsc,A05,train,A1
shdKzaXbVB7y0hA4,A01,train,A2
siYC73VEIyiB8ISQ,A05,train,A3
sigJLhVtiQBMoEAU,A05,test,A3
simfQ8IiScWS2y7H,A03,train,A1
siuiSUEPG6ymaXMd,A06,train,A1
sj2Br36loAtkHeo3,A03,unlisted,A3
sji9Sx7KUopPT6in,B02,train,B
sjlqXfjt8ARkdN9u,A07,unlisted,A1
skjRDf4Of8To4nZR,A07,train,A1
sl1kVG0rK5QLnLaH,A05,unlisted,A3
slSDkKUM6bSsnGJO,B01,train,B
slw5ce48zxCxxuEt,B01,train,B
snMtxO2mPr5MFnid,A01,train,A2
snfGJtHvWOkbb4YI,A05,test,A3
so06UKuKMXR0upt4,A05,train,A3
soHgfUM9M3xp32QF,A06,train,A1
sozSptQLxEJHwBVJ,A05,train,A3
sp2zWKo0KOcJMrgn,B01,train,B
spdp09SWkxcVWkFq,B03,train,B
spfNiCspZflABAwz,A03,train,A3
spkBD9q4ItBrOoeX,A01,train,A2
spu7CIVYP6r2uNbV,B02,train,B
spyui2W5StcwwoSW,A05,test,A3
sqYXrnZ1FiXh1mlB,B02,unlisted,B
sqkfI0jMQKIEsFH6,A05,train,A1
sqmcbNfd8MQ51n8M,A05,train,A3
sqn0kVXKZYALfqjk,B03,train,B
sr3yFfVECVy7kLZz,A06,train,A1
srFK68qa6HaQmbYZ,B02,train,B
ssQSPmbHgGmApkSW,B01,test,B
ssS7mS2JzgiuWYL3,A07,train,A1
sstC451btG1HFGML,A03,unlisted,A3
st089FdSqKJAEfhZ,A02,unlisted,A1
suaYMkQOGZz4au9k,A07,train,A1
sunuMg13EzvcqDhZ,A07,unlisted,A1
svwSsbUP8rjhbaht,A01,train,A2
swVhCoyuJxscuUKe,B01,test,B
sxdZHLh4CWFBWGcQ,A07,train,A1
syVe0NKvUpKrA4YF,A05,train,A3
sykKz2eoy3DQfwDD,A06,unlisted,A1
szL6TXahFyngWMfK,B01,train,B
szWYOSUb1CWsv3Ak,B02,unlisted,B
szlj0eznqXAvfIUz,B02,unlisted,B
t0UrASljcgzvBAnO,B03,corrupt,B
t16GgfnVPxW35Wm3,B02,test,B
t1OGMmjxWkI9X7H6,A04,unlisted,A1
t1aVuqx1GBBhHjsW,A02,train,A3
t2NMe6OcqYTFhAt0,B02,unlisted,B
t3WPSkZ0a6Pul0Ti,B01,train,B
t3e59A5xQQ4fz81U,A05,train,A1
t3kiFTvGvV5QrIOv,A06,unlisted,A1
t53BWSlhtSFOb3A1,B02,unlisted,B
t58smyJCfQUO025y,A02,train,A1
t64AfQvrVdieg88L,A06,unlisted,A1
t69EeRfGfn65iQaD,B01,train,B
t69q7vZgYrY7nBFW,A06,train,A1
t6eMEwn0Ed8Rd2Bp,A01,train,A2
t6ltJZD0pLAkyiwM,A05,train,A1
t78qy0NnYKNTvpfZ,A04,train,A1
t7ze61PEy9EMQlKT,A05,test,A3
t8xXJs3PpH5ruSIG,A06,train,A1
t99rGQ75qVQBFVon,A04,train,A1
t9DPbpsrZAOnolTs,B03,train,B
t9N6h9fZSBvbi72a,A06,test,A1
t9RgSV9n66pFA7GC,A07,train,A1
tBL3M2yCnog2fATC,A05,train,A3
tCBJ8f93Glz084Gm,A05,train,A3
tDuwGdmcNOag7zH7,A06,train,A1
tFI91ZC9bcvdvYUc,A05,train,A3
tFJglPMf1r20i5Im,A05,train,A3
tFx6nWCB2mWCWJ6T,B01,train,B
tGw27fQsPjdjxM0p,A03,train,A1
tHwnSdDqHD8JeZmq,B01,train,B
tIxkydO4Wj0UpvsP,B02,test,B
tJBAEfHAq8rj9BiX,A02,train,A1
tJTuSsoZPjZKHDAL,A05,train,A3
tJXT2CnNAgaRiL3R,A06,train,A1
tKR69yz8TmeLS1Op,A05,train,A3
tM5D6cpTucAFuDGN,A05,train,A1
tMAnF6JGefK15nH2,A05,train,A1
tNCBYalqLGBBmrlV,A07,train,A1
tNKegMSjTH0wACVO,A04,test,A1
tNUzHGfrrLNcGdn9,A03,train,A1
tOjgQGfuqqXFJGLn,B02,train,B
tPl5jCAo2Oty09bg,A07,test,A1
tQAuzSsJimAQ8yRV,A05,train,A3
tQunpDjTjcfdL4hj,A07,train,A1
tRD66zb6Fu2fZkfd,B03,train,B
tRXSGpSDjz9JTDWT,B01,train,B
tSM9lPVyXSYQQfXD,A05,test,A3
tSNq1DnYN7zUxRYs,A01,test,A2
tT9TPrB5y2wDqnDt,A05,train,A3
tUEWmIUjcimAJTq5,A05,unlisted,A3
tUQgU2X9ViRmQqG7,B01,train,B
tUWBqSZrLmOzQ19M,A03,test,A3
tV9UoqZGTxEemnMX,A02,train,A1
tVCX0urUAMPfmCn6,A05,test,A1
tVvovXkeGOhHGm5X,A05,train,A3
tWpSZxUWaKr15ux9,A01,test,A2
tXHgjWYslgfsbYJR,A05,train,A3
tXRZz0pfWEXEeHzl,B01,train,B
tXVhMBUinsQlhNjT,A07,train,A3
tXu9omYGZMbBip2Y,A05,train,A3
tY96oPJrWQu6cR9S,A02,train,A1
tYrLdwGetDCcdx1s,A05,test,A3
taGghVXrqZfxClIh,A03,train,A3
taRKyhVCdKLG8Cne,B02,train,B
tanz0KqG2QfQhlPA,A04,train,A1
tbsyltEIBRUmYw1C,B02,train,B
tbykGkGuYaCkwuol,B02,train,B
tcCABqiaCP5yRnjE,A05,train,A1
tcWjg7hB7HjofnFN,A02,train,A3
tcozMdant8nXiWqs,A05,train,A1
td8YAjp8lg1xhS91,B02,train,B
tdtUA4VWyJj8hjfv,A05,train,A3
teBDKuOQkPclDMX6,B02,train,B
tes4OChZGK5E30zk,A01,test,A2
tfERZ78vnP2bs8Ra,B03,unlisted,B
tfy2VxeJwOVqIpLB,A05,test,A3
tgFBS1wtAgZqggPX,B02,train,B
tgsptsz5klZGbVFq,B02,train,B
tiUBVkbrdGwjbzYp,B03,test,B
titBJr7Epjx4Y6ud,B02,train,B
tkBro76nXwbi458C,A07,unlisted,A1
tkVYQ8Sis6avNTPj,A07,unlisted,A1
tlFcfdoMobHEav6N,A05,train,A3
tlIG4kS1IsC4cvjc,A03,train,A1
tlvXyybaLIYU2a43,A02,test,A1
tmbcb8VpD1vX6pKW,A07,train,A1
tmcLHSv1NhBYDK9Y,A05,unlisted,A3
tn2bZWzv4IXFss4S,A03,train,A3
tnojrMXUYhPmwFDK,A05,train,A3
to9WMYqr51WiJbSu,B02,train,B
toObHFUJa1SnCHl7,A01,train,A2
tpGrZdOq4y40b8J8,A03,train,A3
tpY19KLKjwD4a4LL,B01,train,B
tqRqYGyvDrmb5zj0,A01,train,A2
trQe5eMPRmws6XCS,A01,train,A2
tsVliOumuhe5DHRJ,A02,train,A3
tslVmAqFNkWeqLMa,A03,test,A1
ttjajkZqSJjqII1z,A03,train,A1
tuB3xFWCvI5bKCY8,A03,test,A1
tuLUDWQCNZqv963Z,A05,unlisted,A3
tufJDaxmsKYtVNpD,A05,train,A3
tvbQl9Jgtnvo4ei6,A07,unlisted,A1
tvgRo3Z7BozWwUMa,A02,train,A3
twBcwQMYx0zntp7W,A07,train,A1
tx4t9ACne6R7nCe7,B03,train,B
txw5M81dnyvowV72,B02,test,B
txyZ63mYz3ENGGRZ,B01,train,B
tyandiRngieFHhCY,B02,train,B
tym5EyycSRrSyvxZ,A07,train,A1
tzQPxC5HChpoevbL,A04,train,A1
u2GmKpt49cHoxrO0,B01,train,B
u2fOfeUp8fkKdfVs,A05,unlisted,A3
u39hfeqkUqhksSZG,B03,train,B
u3b4JNo5bqpfE7Js,A01,train,A2
u57cBg7TYHum1JQ1,A05,unlisted,A3
u5IfijoySjTneAAv,A05,train,A3
u5k0ujRTojrpqSjg,B02,train,B
u66mQQfmqVfCAllI,A01,train,A2
u6FvtEn5IGXaIslF,B02,train,B
u8LBpW2F50neftM1,A03,unlisted,A3
u9PpuDTEGJ2VUf6g,A06,train,A3
u9eClqXYrq3FioOl,A05,unlisted,A3
uA9wHIaS1qpsfzRV,A05,test,A3
uAH8MMShR5bJPPxI,B01,train,B
uB2ArhRHDFxHWc4U,A07,test,A1
uBxQjLV72cV5ZyOd,A07,train,A1
uCE3ViqlRL0uZsmf,A07,train,A3
uDMih4ThyivbzSZL,A02,train,A1
uEi8WjDuQEMrYdDU,A03,unlisted,A1
uF4YSfZPWrtz8Q9M,A07,train,A1
uG4NCGRkTtiVx2Ax,B02,train,B
uG4gyWjNufHFDM55,A05,test,A1
uGI8F9Er0c5XwdnX,A01,train,A2
uGSrSZjDBHA2fPZl,B02,test,B
uHagaJ5PJ4R0AFMF,B03,train,B
uIxytW7in2bq8e4V,A05,test,A3
uJExju1UyJbOBPuz,A07,train,A1
uJif6kylAqn8MxzE,A03,train,A1
uJu2xAWOB0UuMpKI,A05,unlisted,A3
uKAotL71WbWb7fLC,A01,train,A2
uKzDWM9cJLIXRrpB,A05,train,A1
uLvgq3LXWWcKSzCg,B01,test,B
uMfcaTr1qmzq4nzr,B03,train,B
uNFOlWymq2TFwvZC,A06,train,A1
uNpkKOERf8xbVM4Y,A05,test,A3
uOcRLyNteinukJHI,B02,train,B
uPeCDRHwi41XJOLl,A05,train,A3
uPrp9hbVlFHy6Jhq,A05,unlisted,A3
uRZg77qeRotmb5Cz,B02,test,B
uRaa9Eq5S1Pf4GKY,A05,train,A3
uSAyapZAgZA1itIB,A05,test,A3
uSKMA3arSnWJYFIF,A07,train,A1
uSaaRnyLguxN3qlJ,A05,train,A3
uTHBjqhuciF31rVx,A05,train,A3
uUl0TMCWNKnTqM2A,A01,train,A2
uVFW8jJ27QOZCdmj,A05,train,A1
uW1HmbRaOUpoS4wt,A07,train,A1
uWJVE3zJGDTFCNlx,A06,train,A1
uWQSLzoBpDQUZjPA,A05,train,A3
uWdEVoTirV6Meo4M,B03,unlisted,B
uXBhh1Ag9RuQWNKT,A02,unlisted,A1
uXYxL1xIkFDVdSAL,B02,train,B
uXahRvvzUKN9b1lm,A05,test,A3
ua3sMSZQnj0AX3Bs,A07,train,A1
uaHqGukJsA7FCdoY,B03,train,B
ubNuWFXRs0qoamtO,A05,test,A3
ucDQ3BKG5ArbSELb,A06,unlisted,A1
ucKa8jv38q6lwDm5,A05,test,A1
ucb9Nr82jS3PZgs8,A06,test,A1
udO0a0woU9rlqbIQ,A07,train,A3
udnQeatTPLCMfqaE,B01,train,B
ueOxZVTdkui3Hx8t,A03,test,A1
ueT7zFzXUCazmAOo,A04,train,A1
uf4PQjnhe0vqgOeh,A03,train,A1
ufWSnNbalLSwceYV,A01,train,A2
uhaFVBliyIToGJ1Q,A05,unlisted,A3
uipEGmSNbqN96FwE,A05,train,A2
uj7Pzt6jW4VrnCtj,B02,train,B
uj8SZ6BXvpjZji2R,B03,unlisted,B
ujp0Labqe9xkt3j4,B02,train,B
ujq1PJepvpFy4rkN,B02,train,B
ulWPFVt5eaiOxsFU,A05,unlisted,A3
umDbhVoPETzSVb98,A01,train,A2
umLHe043IINRc1CV,A06,train,A1
umQeiAbxuS2Ftdi6,A01,test,A2
unP6NNH4FxWPKZhx,B03,train,B
unX43skIMa8FTHeO,B01,train,B
uoCwWlwCUtZtRZ80,B02,train,B
upH1gx2fIkFj3RmW,A03,train,A3
upJmmz4skwua2o9x,B02,unlisted,B
uqN7JeJrr9aM3pI8,A01,train,A2
uqRuAzZCBzq6drFU,A07,train,A3
uquhXz3G0aQ3IDAd,A05,train,A3
uqz0CmMpezqUMaL8,B01,test,B
urBljT2akekmVUFR,A07,train,A1
urcjtqDGna48C4va,B02,test,B
urs7W2cCW86HTLRA,A02,test,A3
ut58uPdIwEV0amqa,A01,test,A2
utGWhpJzyXyTEwt1,A06,train,A1
uvHFuxiSswjKzgve,A02,test,A3
uvZBztPjmNra8jOy,A02,train,A1
uxKzFbF0hBWN1qqJ,B02,train,B
uxnp0dINUWimSpmP,B03,train,B
uyKyuKgZFgSRnvFG,A07,test,A1
uyr0Yzxh7KmLIlRX,A05,train,A3
uysChF10CJqcf97M,A05,train,A1
uzxpvkZrPpEXDWU8,B01,train,B
v13ARsvintlGztXZ,A03,train,A1
v1v7RE6EZcPiEjOD,A06,train,A1
v2PiLBtv4u7leFxd,A02,train,A1
v4NN5l9IwwWWp6xR,A05,train,A1
v4PkGHbvb7ZFuc3F,A02,test,A3
v4V0jo5CDCiKBzRu,A03,train,A1
v5Blm9Pi2Z21CFPT,A02,train,A3
v5OKo8WdXJ5j99Yl,B02,test,B
v5RpLnZXKV3iMrlD,B03,unlisted,B
v6FZInAPMcS9nbm5,A02,test,A1
v716qZWLnWbvU1NB,A05,test,A3
v7ZtMSV5wTNw1DUG,A02,test,A1
v8KlPPDOrfeAIaB7,A06,train,A1
v8eBVF8dtvcTvUN0,A05,train,A1
v9BJ57z06xkt8cyj,A03,train,A1
vA5PxE8sNbkxcs7j,A05,train,A3
vAONKz26efkvouuP,A07,unlisted,A1
vAV1au3Dfi1gMHJX,A06,train,A1
vAw9ZsskcS7MVtUY,A05,unlisted,A3
vB6dpofLaoAVW4ZY,A06,train,A1
vB81Nt5jbfJrqYuC,B02,test,B
vBmImBFABwXDdnfV,B02,test,B
vCJ6TAC76h8jyuZE,B03,train,B
vCaqnpSewqYgUady,A07,train,A1
vCvB003PMituM8Sm,A05,test,A3
vDIxSlm9ujMGdbYN,B01,train,B
vHHSSNgBQUpEwQRP,A05,train,A3
vIO1Vk2ZKi0Yn0Sz,A06,train,A3
vIrJvJdvkZzplQhh,A05,train,A3
vKzcNrxrQqYPZXMa,A06,train,A1
vLcpd7GhKBUU21Nv,A03,train,A1
vMWvwmMr7xZdBQKH,B02,test,B
vPPYuFLQSH1JCDtK,A05,test,A1
vPp8Ebgi7VUqkQsQ,A05,train,A1
vQKErCCBwyXuL5cE,A03,train,A3
vQRJKG75DR70mdFX,B01,test,B
vQV7HWC7pm7NVUnc,A03,test,A3
vQVynWmEcBM6vPg2,A01,train,A2
vRLYsG33GZlUeHHr,A07,train,A1
vRMEm8wGy9E31061,A05,train,A1
vSAFYSzDCA5eL3vi,B03,train,B
vTZOfFoop6wHhoAG,A01,train,A2
vTuWmSJZaxmVzvNO,B02,test,B
vU7El68vyk9Kkz8L,A05,train,A1
vUAimd7mMDtq2bG6,A02,train,A1
vV1FYURMCoWB30o3,A07,test,A1
vVClo8Ov9OdfNrDn,B01,train,B
vVL7mV8hKxi2u9yK,A07,train,A1
vVaj1wCJFcRV0ZMc,B02,train,B
vW4yrW81Aq1fEbVI,A05,test,A3
vXFhjxy5Elej2pab,A02,test,A1
vXrj3Zoragyoy8gY,A05,train,A3
vY34uDFbeEhwED2k,A05,test,A3
vYAQ2FhjvxLov5b7,A05,test,A1
vYL4qR1bbp07IgGZ,A02,train,A3
vYble4e3h47GEaRc,B02,train,B
vYfu2mBX8SAnCC2J,A05,train,A3
vYmG0yKqCKWakw3s,A03,train,A1
vZnKhBXKj29Jb3Mh,A04,unlisted,A1
vaPoaX5PHYVorKhP,B02,unlisted,B
vaY4WdRPsrxQcCTi,B02,test,B
vb5ScBB5QyBrfea5,A06,train,A1
vbmmszaTEtLA2O9G,B02,train,B
vcHTnF8sxTXzchDb,A03,train,A1
vcsN16Cl5pzANsRz,A02,test,A1
veRn1vmHOPgrGPnE,A06,train,A1
vekk8v80VJ1sADYL,B03,train,B
vevgJRysqU2Q96M3,A06,train,A1
vf4xeliNtRz6jh7Y,A03,test,A1
vfQY5KSK8gMGeDEx,A05,unlisted,A1
vfny6CmG9bRvjdnJ,A06,unlisted,A1
vhlwMTkRDlY9LezM,A01,train,A2
vjCXuOzdakipcio5,A05,train,A1
vjDpg8ThWDl0lzt6,A06,train,A1
vjSQ7VMxTFJC9Y97,B02,train,B
vjdAtRf7N6UZgbAg,A06,train,A1
vlohjckhLew1bXwF,A06,train,A1
vn0SLBYBKYvISplQ,A05,train,A1
vnv40Oq0lvOT90Bi,B01,test,B
vnzULIZIgysXLIbq,A07,train,A1
voWkMuyhO8FAlLr5,B02,test,B
voqbaSelRCBVS64k,A07,train,A1
vorNAwYueXwXPBt4,A07,train,A1
vpZXxoDuVhSpCU94,A05,train,A3
vq3qKZ8XFNTUhl5C,A05,train,A3
vr8RbWnLaMGq9RyH,A07,train,A1
vrRJGtOChW8lFau5,A05,train,A3
vsRXWvWYDsKGHTOo,B01,test,B
vsVAVmvhDuFnuWe0,B03,train,B
vsVI78ZmmaK9xG8F,A03,train,A1
vu0p8xQzyNdw3vZg,A07,train,A1
vuSwMRQYSdXO6yS4,A04,train,A1
vutJ7gsD8gl6yABg,B03,unlisted,B
vuzXkBdzWcQ7Pj5K,A05,train,A3
vvvTOryw6qlVzGpy,A03,train,A3
vw6FcJkzFVJy29u4,B01,unlisted,B
vwSDrtqohUmuhVI8,A05,test,A1
vwal3jKQzejVObfV,A05,train,A3
vxS3klyteViqy95x,B01,train,B
vxbSQYcrm0FvP3mV,A01,train,A2
vxkSpSkiQYJ7duG1,A03,train,A1
vxtHLLTXcEflSL6M,B02,test,B
vzKgnn4aobomqADC,A05,train,A3
vzyY22WJFi8pdyPn,A01,test,A2
vzzk3kMYRxjhFNFd,A05,train,A3
w0j0C7Ieb77xuPHQ,A05,test,A1
w0jVvKm71xDbQF28,A02,test,A1
w2SeLJdCa1XR5iDU,B01,train,B
w41jGxUP98J3NGzG,A05,train,A1
w43RV4s4kHGtypEU,B01,train,B
w4Aq5A2DiR4yWozJ,A07,train,A1
w4EomEB5HraUNfmr,B02,test,B
w7QWdNwzmARUdnGv,B02,test,B
w7evzbKwhrUi7DEd,B02,train,B
w8ny1LcQUjyWPf9e,A05,train,A3
w9A4Qhj5SKNBvbJZ,A07,train,A1
wBcF5JPplFsR5ZSJ,A05,train,A1
wCDuJpPowlhQMFaR,A01,unlisted,A2
wCFGH1hETIR0I5sC,A07,train,A1
wCJDmEY8Ifv4Ah14,B02,train,B
wDSNp60517U0HKDc,A06,train,A1
wDZbfK5Fs3n9WQQu,B02,train,B
wE3tpLX7EPpJr2ZC,A01,unlisted,A1
wEIYFw6KGuyrlbuM,A05,train,A3
wFDxzNUskXMHtZea,B03,train,B
wH9GBIhd2kvngi9L,B01,test,B
wHyWEd5nyuAjd8mV,A04,unlisted,A1
wJfMMYu3yasAyXfU,A05,train,A3
wJxLo0wGdSn8QV7O,A02,train,A3
wMf2hH5ykPUrFMWp,A01,unlisted,A2
wNVbgE3CNeujOtr0,A07,test,A1
wPIeLwBuCTjIxpx8,A06,unlisted,A1
wPZiDXrb0TmnQTqs,A05,test,A3
wQNLK8FDXoUD6YKm,A07,train,A1
wRUgP3zZZakuiKGy,A06,test,A1
wS2VRJFFMZ9TMozs,B01,test,B
wT4VIBQqeDPI7ju8,A02,train,A3
wTJFDFh2U3jhwfn3,A07,train,A1
wTYMo71CDDwz5LgN,A07,test,A1
wUNf4UaoHvltj2Ey,A03,train,A3
wVI1b4FQlb1dJOQb,B02,train,B
wVsxHXvGovSA5903,A07,train,A1
wWHi8HVh1LdljeCV,A06,test,A1
wWcnh1oLkGctIX80,A05,train,A1
wWv8kWjsUWkScxMY,B02,train,B
wXKNACbyMleNv0IC,A05,train,A1
wYYpLublqdiVAHhV,A05,train,A3
wYuHMWNO9VcPzuI7,B01,train,B
wZIAWLoJd1y0HA9I,A05,test,A1
wZNLBsjAdOy0dTbN,B02,train,B
wZexGxbex9mRaeCo,A05,test,A1
wZqvr4MS4rJaH8mf,A05,train,A3
wagBFmfHG5jAh6Fa,A05,test,A3
waljcAgQLdgKpPpn,A03,unlisted,A3
wb0zaLRZ2Vv166Gc,A03,train,A1
wd0BGJlBKgFO2FBW,A05,train,A3
weYTuHo9lHeYGkAI,A05,test,A1
wfibP5q8ITxaFVBB,A07,train,A1
wfnyGrcus1gTyQvk,A01,train,A2
wgj9qlhb3yVpDJRf,A03,unlisted,A1
wh4zzfKbF4zqtr5M,A01,train,A2
whKg2IDhBi2IKCtC,B02,train,B
whOi8uoG5Pd3PYAm,B02,train,B
whkHkDARnBtpf2uN,A06,test,A1
wm4M9eIcloIsJCAf,B02,test,B
wmYBFpx4RYwTHMAc,A03,train,A1
wmuwMPbXtkwN0ZCN,A05,test,A3
woAgiCzLGCzlX3kY,B02,train,B
woV3tAY4vxqLsD2h,A05,train,A3
wof8rRYnr5llcF0c,B02,train,B
wpLj5zcN4BF2r7V0,A05,train,A3
wqzPqv2ppsCNGwiL,B01,test,B
wrWfGnmXFJHgtPFW,B02,train,B
wsD1jQ5WdsFqY1ti,A01,train,A2
wsi7QIOqPYTlwOeg,B02,train,B
wtkDIlWbCZNDLKSB,A05,test,A3
wttU1SjgxFQSIYoD,A03,train,A1
wtvN4dnq59GhNvZ3,B03,train,B
wuI2FdZL99rOSdrj,A04,train,A1
wuKrklKH8gQmp47P,A01,test,A2
wuRkfzR3QxaXvIC7,A05,test,A1
wv2LBCroooQQHtQK,A03,train,A3
wve2Vi6zOVEPBqOq,A02,test,A1
wvyfJmj08BUj1fnI,B02,train,B
wwU90P0jpgjqmlMj,A05,train,A3
wwtC3JfnU4CVAZCs,A05,train,A1
wx8t1eB82PtoSfPP,A05,train,A1
wysgJqXKm0CIQ25s,A05,test,A1
wzfJXuFNdztSDF2P,A02,train,A3
x017XxFquIzhGVaS,B01,train,B
x0nnDr1ZmuzDbiOP,A04,unlisted,A1
x0x2fiuoGZ0c8FXH,A07,test,A1
x10RAePB4sjbuMYx,A05,test,A3
x1ARAf3AAJL5tcKp,B03,train,B
x2ebSR0ZWMT3F96j,A03,train,A1
x2zrClKiKRo0gUrZ,A05,train,A3
x35d6f2uroRISVZv,A01,train,A2
x4YLIDiOr6UcJVNM,A06,train,A1
x57Y3c5wnRpQgwXJ,A04,test,A1
x5ARX6FqdUyI5FYn,A07,test,A1
x61qNubYbvb4EcV3,A05,test,A1
x6JKQw64SWnIhuE1,A01,train,A2
x6eyEUxWZTJySszT,A03,train,A3
x74YInHwfZBouFHe,A01,test,A2
x7SQuAEZraKYldhU,A01,train,A2
x7mCaoVbWrR6Twmf,A05,train,A1
x81dzDMUXLA7r3ve,B01,test,B
x90svubQdvsLcGVU,A07,test,A1
x9BUUW3VkWBq4glW,A07,train,A1
x9Sv9SXsQUxM4lcu,A06,train,A1
x9hcmQJIaiFnaqjF,A06,train,A1
x9pBxKE2rzy7UMXG,A07,train,A1
x9zDKpSotR02fP2P,A07,test,A1
xAB86eNAZzUDRyYa,B02,train,B
xAaKVrYdZ5yDgsQ0,A06,train,A1
xAcjpX3hdUBtXcCX,B01,train,B
xBb9Feq5HEXzwd0T,A03,unlisted,A1
xBe8Q6vNuQ2hU5tG,A07,test,A1
xC7aIldZbqIcAEuE,A07,train,A1
xC9unHtYG4OegfuT,A02,test,A3
xCNvwfx9zknKlU0a,A05,unlisted,A3
xCSSbM0dGxKLTeZs,A07,train,A1
xCVjCMXcQ7GXmXnU,A05,train,A3
xD0EIkxQ5xUJIjuV,A06,train,A3
xDdPOoK441qnGbta,A02,unlisted,A3
xDeAtzW0QHigXTa1,A03,test,A3
xEqGh8DbayZAz92g,A07,train,A1
xF1aTKb8UdeOzo7T,A05,test,A3
xFHDluTxHSET9FEr,A05,train,A3
xG4FDgZUEW1u6nxu,A07,train,A1
xHKVc0qg7H2OkX3G,A03,train,A3
xHncAJqR6Gn3BX7W,B01,train,B
xHo3ICOLBnm5s7zD,A02,train,A1
xI29vf1DWXsPmlJc,A05,train,A1
xIhJiUhFUFqGC8sF,A02,train,A3
xJ4ep9Hc9vColhoy,B02,train,B
xK7qkeNpFKWm6gnW,A03,test,A3
xKgBgXhGBnIxvJJf,A05,test,A3
xKiSNr9vGoAeIR7Z,B02,unlisted,B
xKrZEZzhXkgJKp7Q,A04,test,A1
xKtIOnYzb5Kb44eA,A01,test,A2
xLFXXmU5IWYpja7A,A07,test,A1
xLZXpQJXY7LBCzRp,A06,train,A1
xMO15SbHjAITbaMd,A02,train,A1
xMdyFadbMPPKtZit,A03,train,A1
xMoMBukg200oIoua,A03,train,A1
xNoFMFfMdadPblTL,A05,unlisted,A3
xOW4Wt1RBjSe15kE,A05,train,A3
xOgQ4R9OWOuGIIzo,A05,train,A3
xOyPD5ploJUPZmyG,B02,train,B
xPtq8xoqvUeryPB5,A07,test,A1
xQ8VS8IALVUj4APg,A05,train,A3
xR8KCDXsXyGHA9k0,A05,train,A3
xS55xsBVei0QZdoW,B02,train,B
xSiD5pSpPOOgOH1Z,B02,train,B
xSpdQhDtkzRG754T,A05,test,A3
xT5Rt2gJ8tlNok8z,A01,unlisted,A2
xUHrHjzyKhpAjZrG,A05,unlisted,A3
xUJyTNWrkDA1Es7H,A06,train,A1
xVD4mUiLPEEtfWdv,B02,train,B
xWrgiflBCJJGAgbf,A05,train,A3
xWs33clzYoURxvIR,A05,unlisted,A3
xXWTizigQPcE1sT5,A04,train,A1
xXcaTMlqrMTOlH8C,A05,train,A3
xXrBXDDjcweCgbDn,A06,train,A1
xYBEndn3b8WRBrqO,A06,test,A1
xYEOjcHbjs8hbYsf,B02,train,B
xYmeMHrXedQvbCuY,B03,test,B
xZFuryblCoqPew5f,A05,train,A1
xZThV64P8tnr3s7j,B03,train,B
xZZqBxx577puIwe9,A07,train,A1
xb5vu5PpSOyiKTOf,A05,train,A3
xbJeM5Taa11W0vAX,B01,test,B
xbltczueeREOT1r2,B01,test,B
xbqy3aEbQcfs2P6r,A04,train,A1
xbxZLBlxD2eKD5yb,A05,train,A3
xcbmmslo4qUlv2Jp,A05,train,A3
xdQAW32IaMImGVne,B02,train,B
xdYDV87WtLphzyaH,B01,train,B
xe9HIGYGJby3EcOy,A05,train,A3
xejKRSrtgYtMXkvn,A03,test,A3
xfH9BNTuAZfoQtrd,B02,train,B
xgILw0jaiHsxXFAv,A05,train,A3
xgRxI5Pwdzrm9h82,A05,test,A3
xgfTQzv0SXYeBaIz,B02,train,B
xhn3NVSh4HOrfGbw,B02,train,B
xiVS42zcHPIwmlMZ,B01,train,B
xjTeM1SRykYznnuw,A05,train,A3
xjk701s8iRyRTxmX,A06,unlisted,A1
xkxwnQrS7RPeMOkI,A03,train,A1
xlsGohMzIVAn47Aq,A06,train,A1
xmDTodTYrnD5AnhH,B02,train,B
xndf85l6oVLJXq0F,A05,train,A3
xoUzi8B28rEujQ2G,A05,train,A3
xobu7g1TPvYjics6,A05,test,A3
xpMQh6zdPF0Eadsa,A05,train,A1
xpPakfrXzwQzzLmH,A07,train,A1
xpxRRrf1zYbfKMfN,A05,train,A3
xqVbwYewpUQOgXLV,A05,train,A3
xqZz4yYi2OlXAvSs,A03,train,A1
xqfxQ5PkdzOtUSWo,A05,train,A3
xqsfLVcWYqmFD3ck,A01,train,A2
xrHsULSu9f33AvE0,A03,train,A1
xre1INkuI5H476pf,B02,test,B
xrke6aylMX3rPfKn,A03,test,A3
xrsbWjDCydhQ3iog,B01,train,B
xt4nbL41NbnP9P8t,A01,unlisted,A2
xuMBOp6cWNLm2IsY,A05,test,A3
xvDyStDxA2P2X17z,B03,train,B
xvG0aNMWz6ePoiFm,A06,train,A1
xvJpYswwN9v41x7B,A07,train,A1
xw32VniyWqFr3gPT,B02,test,B
xwYwMSZX7nx3vGGe,A05,train,A1
xwp4hCvuZaqz1gBh,B02,train,B
xyFtPLeA4c6hy7Kk,A05,unlisted,A1
xyssAJSwpQa7qxxu,A07,train,A1
xzOX9fixPF5JO7ar,A03,unlisted,A3
y0Koco40Qky2tPvY,A07,train,A1
y0fN5ASPOufNzzkE,A01,train,A2
y0qX93InnWnB2CRK,A03,train,A1
y2vQp1Nj3EQZyJDQ,A02,unlisted,A1
y3vKE8CoNygX7cQm,B02,train,B
y3xaKqzl3aEI4PuB,A03,train,A3
y4cX8NR9p3eQRAcH,A02,train,A3
y4uO6CZklta5lQKO,A05,train,A3
y5SvHcsBWrS8NIKY,A04,train,A1
y6DBNH5E1ec1hsNt,B02,train,B
y87I77YXxaEedYw8,A03,train,A3
y8N8iJvvbCrnv01b,A04,test,A1
y9CQ9E4eD6TDulMA,A01,train,A2
y9ZeBn5riflvsxbI,A05,train,A3
y9ettYz4ylFBnUna,A06,train,A1
yAQZHe95hQIl1iKY,A02,train,A3
yAaXBC9ZwPhrhqHo,B02,train,B
yBmKwx5O0eCk4c9G,A05,train,A3
yDOQHhRfQZ0bIZ87,A01,train,A2
yDtDsyJMEeviTEmj,A07,train,A1
yEHt0ntRcF19SndC,A02,train,A1
yEPSBtKigueT63YI,A05,train,A3
yEvswCA0LOdLsfqi,B02,train,B
yFRbgVWfzCGhhZB7,B03,train,B
yFxcfTtBHpPhrzxa,A01,train,A2
yHtAd32jimvAK56D,A05,train,A3
yIpUq7NBbrCGtjeC,A07,train,A1
yJpJCYb07lE38H7v,B02,unlisted,B
yKZgZHtxrrg3RZLI,B02,train,B
yKywAOe71naJEZBg,A07,train,A1
yL4qQVSGAWhXUWFv,B01,test,B
yLAsxW8PGM5WlqRt,B01,train,B
yLS2xCPwAl4NqmmK,A03,test,A1
yMH37QycMgL1YP9g,A06,train,A1
yMWM7gusTJl08Ead,B01,train,B
yMYouUIG1jrN5ov2,A06,unlisted,A1
yMewBNEHdENGjndE,B02,test,B
yNwwTjHXzl6UbMPl,A05,test,A3
yNyf3Tp0zc7DFj5F,B03,train,B
yOFIIsuE37o20j6e,B02,train,B
yPkbfC06jLZ9uUhR,A01,train,A2
yQ2HmHUjNjeyjLHU,B02,test,B
yQyoRVkwVyQYDnUT,A03,test,A3
ySU4ONT9JONcITCz,B02,train,B
ySXS1iixqMj7coAY,A06,train,A1
yTWmHPezrpjRejSz,A02,train,A3
yUQOVojodPtF6Fjv,B01,test,B
yUYGN8kyJycXk6vK,A05,train,A1
yWSFtGaKuFOO9oKq,A03,test,A1
yWbHef45aDgsMVl6,B02,train,B
yXPPcN2dGvCvoXVD,B02,train,B
yXqQdrf7jObOL3gh,A05,train,A3
yYC8hQJevpxjp90F,A05,train,A3
yYRvosFyWsfqsYjU,A01,train,A2
yZ3MOApVC6tMg4Zj,B03,test,B
yZEitA39BmLcpkZ3,A02,train,A3
yaAYjlmaAmwAEnPV,B03,test,B
yaIYUvtI18f8236J,A07,train,A1
yaTnnrWTZYeKgZ3I,A05,train,A1
yakxcIlR15AgfWkn,A05,train,A3
yatSlFGxSFYZgWdp,B02,train,B
yb8YGk8SIMzFUVOf,A05,train,A3
ybHdxwIi0RiAjWm7,B02,train,B
ycsirrualw12yFOd,B02,train,B
ydadQfY9Y0hQXVdf,A05,train,A3
ydxAmAZcCfjt102h,B02,unlisted,B
yeUdyvADpoCWrxC5,A05,train,A3
yeYA9q4TIhTXMPIT,A05,train,A3
yfFbFguJENytFYXs,A05,unlisted,A3
yfKqf1eO0IYWmMRb,A04,train,A1
yfR9Q3IiP3whlIzH,A05,train,A3
ygBzqLDabRIssYVv,A03,train,A3
ygD9G2AXJU3H5aa6,A07,test,A1
yhc6bG1OMQ3J6ZRE,A07,train,A1
yhmnCe5QIstqLdU9,A05,test,A1
yhoWBp0GQuiDFIKw,A03,train,A1
yiB41hfs9jqnYAQi,A07,train,A1
yiv1Exfbcbny3AWI,B01,unlisted,B
yj10J5NdaP7kG2E2,A05,unlisted,A1
yjk5KweW1gOaGtHB,B02,train,B
yjuEwa1rkltz3qWd,B01,train,B
ykECBGNVBWj09YEb,A04,train,A1
ymjFz1FQB4ZW3wMz,A05,unlisted,A1
ymqcM0eJYwGawwIV,A06,train,A1
ynlZTq1bugcZV4jA,A06,unlisted,A1
yovfBGvjPjrDzVEx,A03,train,A1
yqdCGD3V99ZT2Pd3,B02,test,B
yrKBNl9DCfh4OKPw,A06,train,A1
ysDMVtR1CoJAs2Bm,A05,train,A3
ysa9Bsfjm7S8YVPe,B02,train,B
ysbJ1m6Jx9VIbub7,A07,test,A1
ysyrUA18EyqDJ0wy,A01,train,A2
yuAlAcaJaxLIbQ3h,B02,train,B
yuGDloAptWehcqI2,B03,train,B
yuNrlVKLlcO9lpEy,A07,test,A1
yuOHmE0mTFMTlEsU,A05,train,A1
yuhilhxWZdc2ergJ,A05,test,A1
yvdq90qlCeF7mNzl,A06,train,A1
yw712llpLuZVSw6L,A05,test,A3
ywlRQxdJRhxKvMbt,B02,train,B
yxCgB1YGLTBPifmj,B01,train,B
yy3Iun1lrh9WsGsj,A01,train,A2
yy6d68ZN7v17qERd,A02,train,A3
yyNLgR7PiUIu92Vz,B01,test,B
yyctFtC3pnJL1fqD,A03,train,A1
z007TdpNyPWCai6W,A05,train,A3
z0QbEkIoiVzYZ2Is,A07,train,A1
z0XzFCRbN3RxjeG6,A01,train,A2
z0pfDCZKCf2FCuhF,A05,train,A1
z1uffJgR4uGnV9CY,A05,train,A1
z2EBoCk8bmPCosXq,B01,train,B
z2i2sdx5J9daTJ0w,A07,train,A1
z2nMJwEWjZzQSHuc,B02,unlisted,B
z3LF3YVTTikmkslc,B01,train,B
z5ls99egkrhSjFj3,A07,train,A1
z6PLTV0idHlI4oZi,A05,train,A3
z6iIdvvdC0C7rTdz,A05,train,A3
z6xB4ti3Zy0dhJyp,A04,unlisted,A1
z73Vmy2diXxp3yGF,B02,train,B
z76qtf70Wptn34k6,A05,test,A3
z8BhongwulazPuay,A07,train,A1
z8z0LWPaEPGW8j3z,A05,train,A3
z9B6NB4pQnZ1ITZK,A02,train,A1
z9yfA30TQ8l4K116,B02,train,B
zAUguBuQqx9jR7Ee,A05,train,A3
zAi3DuPVbXgwkzRR,A06,test,A1
zBqPlEpI7TBOM2z1,A01,train,A2
zByzozPU8NtElGeP,B03,unlisted,B
zD1JjgrfCrAH2gYo,A06,unlisted,A1
zD9aDrlh9v7peMpO,A07,train,A1
zEiQLXkxt7n3XO3u,A05,train,A1
zF6Y0Q8CW0z7x0EU,A02,train,A1
zFGrjXDghqFFoO8i,A05,test,A1
zFbyRBlwn6lrrC4j,A05,train,A3
zFqR3L87KNdjd0oQ,B03,train,B
zGccciTvZEHDjM5G,A05,train,A3
zHBNAMcc7fMk4nmf,B02,train,B
zIewFQVLbo4MlXpx,A05,test,A3
zIfY4PPeIb510QCR,A05,train,A1
zKJ1FjdxaBfs0QOM,A06,test,A1
zKyUQ01j89B47Kbl,A07,unlisted,A3
zLT5UZrUX856Ov8m,A07,train,A3
zMKau0vJu9w6FYxL,A06,train,A1
zN7PENLV9H7CSlwz,B02,train,B
zOHi7v3aKQuijMsy,A05,train,A3
zOSiFidOvVnz7S2Y,A03,train,A3
zOYUxc4wvhKgQ0VZ,A05,train,A1
zOllOQBzbVN4mCLB,A07,test,A3
zPFZuMVMRpc7beo4,A01,train,A2
zPZ7BDPjBs8fGCNp,A02,test,A1
zQ2uFZs132mLAFEc,B01,train,B
zQCYidSLC38V8wc0,B02,train,B
zQSrZsP0fXhgQTNF,A07,train,A1
zQtO8klRd2LqCcvq,B02,test,B
zRqAVHYvO7RvVhKb,A03,train,A3
zU8QfueY59khW0BF,B02,unlisted,B
zUbnjmuGteIYalNu,A04,train,A1
zVa0H7MAcfby85B3,B02,train,B
zVt078wWbVRvIhPa,B03,train,B
zWgUa9oCUAnWkLsa,B01,train,B
zWnpQsPPRVkFkbm3,A06,train,A1
zWyNM0OW9CG4qkc7,B02,train,B
zXLn6cJqI5IEPXjx,A05,test,A1
zXdnixdP0oVRSXLt,A03,train,A1
zXkX8VUcpGx60IJz,A05,test,A3
zYRwiTpMeJUJAQDz,B03,train,B
zZTlJHYkBeDnqSyc,B02,test,B
zaba5estdPQSD7zj,A03,train,A3
zbZycsJblY71lqaA,A02,train,A3
zc4rIwoglmqP6qnv,A03,test,A3
zcDkyvkTd914RgUr,B02,unlisted,B
zcdNTIBci39Dw608,A03,unlisted,A3
zdpPXdraMXUYnrAR,A04,test,A1
zdvagO2TBA2FVLMU,A05,train,A3
zeYNe5xRDEag6t4f,A01,test,A2
zecb2UkogQgF7REu,A05,train,A1
zfmS5d1CVZpZNG9C,B02,train,B
zgadFFFmPkeFwdoA,A06,train,A1
zhQEuPzIBnq5uQrZ,A01,unlisted,A2
zhUVL8RjnCjRrWua,A06,train,A1
zhnZPQHD8R33IjVL,A05,test,A3
zhrsbNknpX2weDt2,A07,train,A1
zjv8CFlfbSGFlDs9,B02,test,B
zkeVFny7E2fpVHUF,B02,unlisted,B
zl54SNMfCkgFs8kM,A03,train,A3
zmjkSQH1SVVb9fkA,A04,train,A1
zmntcSQlQNnFH7gU,B01,test,B
zo5XLU2siDGGfzxG,A05,train,A1
zpB1axciUH4PfPOB,A05,train,A3
zqNBDtgLNfzcuT5R,A06,train,A3
zqaHoco80CpzaBd9,A05,train,A3
zrpTs5oyM4E9bR7K,A05,train,A3
ztDVKMI39rzbWRuG,A02,train,A3
ztMdG0ZsY4QFsKfO,B02,train,B
ztfusDgu0umgnUlx,A06,test,A1
ztxc2RjJlYUpgpqi,A07,train,A1
zu7WyNEAqHCGsLBk,A07,train,A1
zv90WTRrFyoZeBMf,B01,train,B
zvX1Sb6kx69rWtFj,A05,train,A1
zwIfjZMibPxKU7kj,A05,train,A3
zyPHbI8bELxAvpdb,A01,unlisted,A2
zyowBuT1sfH7bkO2,A03,test,A3
zzoraqZgNC3Vqq6D,B02,test,B
