ID,split,vcluster,tall
02atqnjsbbPPWAfx,test,4,0
03YCd0KimccDeZBL,unlisted,4,0
03ge0EGAdvC1Cz1C,test,5,1
04knp9flvyFFiwa0,test,6,1
061vly0ox61zcjjM,train,4,0
07XIMeVcLOC43CNC,train,4,0
09ZWIIhy3aQm4xZp,train,3,1
09u7wY7A3tC57meP,test,3,1
09whcaiyaFCWkeqm,test,4,0
0AVFWH3x0dGYketT,train,4,0
0Bdi1BTACzPv0kD3,train,0,0
0CCrVKAom8EK53jj,train,3,1
0DFBEVC6x3enGEDQ,train,0,0
0DTMbt1OZQMK9fv5,train,0,0
0DfQnPOMbdYvpiYK,unlisted,4,0
0EGwwN5J2iZeCBOy,train,0,0
0Edbprp5WDrmU1jw,unlisted,0,0
0F76zYMHFOoPemDL,train,2,0
0F9UPVFDkUYwkiUI,train,4,0
0FDQ9zYT3uCi0uV9,train,2,0
0G3BpDRPb1HxQwoZ,train,5,1
0G7ijRfOZFw7OzkP,train,4,0
0GpYQYyZqpV8fBFV,train,2,0
0HagWfv50QnVAbNy,train,1,0
0Ip4h2GlIRuAbvoK,test,2,0
0ItHi2DTkmP4b0MM,train,3,1
0J5cxT1QkwEKuLKd,unlisted,2,0
0JyWVVHSH9E8N9kr,train,6,1
0KvfCfYM9aC0bBDE,unlisted,6,1
0MyuuckTr7Vk5Tf2,train,6,1
0NOtZTooF9xcrF5T,train,2,0
0NxSR9SRzZtfiiam,train,0,0
0OtMTL8BLzyUdITY,train,1,0
0PPIgSLnC18UBGtX,train,0,0
0SDEuPPz0ykdZxPB,train,2,0
0SwQKfck5tvgcLfc,train,2,0
0TKWS2TOSrKaupQT,train,2,0
0Tp3uhMFGX4XJgA4,train,5,1
0U4hZi5zGhFW7Mpa,unlisted,6,1
0U9WVefldiEnb11P,train,6,1
0UjSzyxS90zIyWkN,train,4,0
0Uk8nMMGjepCrvvA,train,2,0
0VMuvk9KBpJzmNPz,train,0,0
0WcWUCInBgV1PWpt,test,4,0
0Wg9ew4uHl2l8eJh,train,6,1
0XFqMaOSzcSXCiQS,train,4,0
0XlNQGqkURv7DMLe,train,2,0
0Ygydx9Jb8eKFQY3,train,5,1
0YlIhXDJWxUljI7l,test,4,0
0Z68C7q1B4zB0jfw,train,2,0
0ZEKS9pLg7MtFroD,train,1,0
0ZJN2k63k8UR5qaa,test,1,0
0ZvGzksVcRwCqqvb,train,0,0
0aJY5MmeUQLNjuQ0,train,4,0
0bj5V3wgiXhnU3Dv,unlisted,0,0
0gWmNaermdMD62tk,train,0,0
0heCwhFpQnxJmAj5,train,1,0
0hoCQGQAX4lAGq4N,train,5,1
0j0Omdm1ZwGkfEZ9,test,1,0
0kSGSN32GWEzbV2u,unlisted,2,0
0l3c2sxZRuBVhg2W,test,2,0
0lb8z2CJVJpgDgZY,train,0,0
0lk8Uns6GCrKnMeB,train,0,0
0lw9A7sXGwIB6tFB,train,3,1
0lz6epqbSN3Eof3i,train,5,1
0mMw0RdPTZdCGBCC,train,3,1
0mbbbshnl0XReeqC,train,0,0
0mkR6NdY5gXd4l1M,train,3,0
0mqbB5m2yIbe4NMc,train,5,1
0od9CY9Q4CKZMFue,train,3,1
0orOOw03WW9OTxEp,test,0,0
0osXjXBzKJ98dANS,train,2,0
0pAcgRa77LVPNKpY,train,1,0
0pTrAB9K1tq6FYnS,train,4,0
0prQKJOOxlNE1owz,test,2,0
0qAbkepBWI2IsexF,train,6,1
0qnr9jkLM3Q1FIxn,test,6,1
0rQmhnOTWuSRRFta,train,1,0
0rk1s1XuWmTjbBur,train,3,1
0roM9mD7zKaqlAGg,unlisted,4,0
0sDkBsN6dSH5jD1P,test,4,0
0sh6VmDlDEQ5yHxE,train,2,0
0uBeAe2LDmJqYq9X,train,2,0
0veJ7lEuwn5Krl8V,train,4,0
0w5KNUgXh5FmKcYz,train,7,1
0wm1HqLu4ThzUoZj,train,4,0
0x7CLKlC5bF8QKw4,train,2,0
0ywPYWQA23Hs80Xe,test,6,1
0yzdjCgzJLlDH5OJ,train,1,0
0z7Z59DyN3LPlqkC,train,2,0
0zQO0roVQTpwAjmL,test,6,1
10QrhU8DPSyyasuA,train,4,0
10gOcS95oX0kSphL,train,5,1
114nzU7XAM7nmiFB,train,0,0
11iuHKmFVcYPIuRH,train,0,0
13h6IcSjyRyOLZh6,train,0,0
13pQPV2nSeeFdnaQ,train,0,0
148GoWNoan9NWwpM,train,3,1
14IXk49pslIq7TaU,train,0,0
14eGgIyKzMioXrq5,test,1,0
15gGUNhshYgFmMmX,test,4,0
15qhODBLk4TS3YFW,train,0,0
15tNBocSL6yAz3CW,test,3,1
16B9hYmKqtNGI2Yp,test,2,0
16e55iHtdnopLWLE,train,4,0
17EGzd8T7Z4ihxKL,train,2,0
17MomXxIoWG0tmR1,train,2,0
18UjwtvDYnHEwEgC,train,2,0
18fCCrK19SfhXEBC,train,1,1
19fRhOwWMgnlBItl,test,1,0
1B00nA5hPYeZiH2F,unlisted,1,1
1BJCFSYqRhJ5BPwl,train,4,0
1BjRNfVdUGFo0Njk,train,0,0
1BlKycOk8YTM2B8P,train,3,1
1BqabeKeQX2P7V6u,test,5,1
1C9RlZ46PTW6FeIA,train,0,0
1DpgDn9K3tWBS6jr,train,0,0
1ES1iWTECNa5fbqn,unlisted,4,0
1FNA88rcSxnCC8p2,test,4,0
1FnhRcitkyZsuMUZ,train,1,0
1He1NsieDM2qkPXS,train,2,0
1HuW8bQ2bDjHGQL9,train,4,0
1IBeZ421t05ilM5o,train,0,0
1IQ3BZVPaFSGf1Wp,train,6,1
1J0VX8ck59Y7022i,train,6,1
1J2dBwmmO6mYevmQ,train,0,0
1JIyRk0e5EwTaPId,train,0,0
1K7VQDZsUHYQNlwc,unlisted,0,0
1LkKJ4P9ajTHr8Pq,train,4,0
1LoCqt5P2c0oQ5Lq,train,4,0
1LrXN25dFz88Spt3,test,0,0
1LsMAGOsnBq0wVpH,train,4,0
1NUV8e9YtVPQo2c3,train,0,0
1NYoYYtirPO2jsay,train,2,0
1NdcmtyHBgSyndEa,unlisted,4,0
1OHly3m7k3zZCAVo,test,1,0
1OQyYV09ehJBG33b,train,2,0
1OZHPQTQ5gyStCdM,train,2,0
1PaOtNfdyVa4fHpA,test,4,0
1RVuCVydhJZXHoar,train,5,1
1S6xfB2gpBLzHfz3,train,4,0
1S9BAdOg3Xr1UUr5,train,0,0
1SSw2BiEvkGa9ahA,test,4,0
1Uf9NYUG7jEmZtZI,train,4,0
1UtDvrUFmR3PC2Dc,unlisted,5,1
1V65QKQ1bg5tc4vB,test,6,1
1VQZ8dS6YQpqJytO,train,4,0
1VRzuhRKIiu19YnW,train,4,0
1VhSU5dvy8Tov9PH,train,3,1
1XD7EifgiCgSzHga,test,3,1
1XRVLY91wFVMt1Fx,test,0,0
1XfvSly9zx0vK2er,test,2,0
1XwDnB73vQsSRa3s,train,2,0
1YHqj2lEn3zV1iDU,train,0,0
1ZMOluz98C1N7ESX,train,5,1
1ZNkQXKXNddCzISB,train,2,0
1Zs6KlbsKMnbT9As,train,6,1
1b7lugSCyiOKJmmq,test,0,0
1bga6jWiiUhkSzJ1,train,3,1
1dZ7KBi8OyUlz5uH,test,4,0
1eV8c36Mus9MyJAg,train,1,0
1edBIb3eCD44Wb6n,train,0,0
1hIfwyb2v2skEdDM,train,2,0
1iphKVG7hHQ1L8X7,train,4,0
1jJ8UMHBhXspthdp,test,4,0
1jkqhkuWYaTn2HRn,train,1,0
1lGxcTsgAjWDva2Z,train,3,1
1mXrzIjpLYXt2GrO,unlisted,2,0
1nzgFYbAeF9OenRA,test,4,0
1o1fOWEWpcoolqLY,test,2,0
1o7U0DJcqMGF1Bib,train,5,1
1oHGkWjXggtZVvCF,train,4,0
1pjoYKQeTKUoQlvi,train,2,0
1qmhlQZK2d2W7JDP,train,2,0
1r1HsYsEMpBUYQwA,train,0,0
1s8Yupy1sNKzgTdF,train,6,1
1uNl6zOy8qIBNQIN,unlisted,4,0
1utesWaIOvDN6728,train,6,1
1v5WO5CWYR9Ysgf6,train,1,0
1vRG2yH4TcqSmMqj,train,1,0
1vn3Fex5wEphbwla,test,4,0
1wiG5k9iT8ZWyg1K,train,3,1
1xJ0jy0bGl2vl8QA,test,0,0
1xP4FBMh9FgBkdXs,train,0,0
1xbuBYyuJJVmZnNG,train,4,0
243Efrgr29lBU5si,train,1,0
24pmw30MZOGPqId1,train,5,1
259Ksw56mJJlnipt,train,1,1
25QaQd6DRUoZxXOB,train,0,0
25u5Tk5LU8xHa8Qz,train,0,0
267xSV848jfudVh1,test,4,0
26SIR8h8kMlp4Uz7,unlisted,0,0
27HMZThz0UJ3pgEg,train,6,1
27U0RhGDWuHJcsgs,test,4,0
280Jo59JRJO9lTf9,train,0,0
28i5Fm0YKNEqhvMj,train,0,0
29IotFQ5CVcwfaP0,train,1,0
29Mc3hdDLioEXjLJ,unlisted,0,0
2A1FnBz1tHupjb3Q,train,2,0
2Am6SzvKFlFzDBHF,train,0,0
2AopDNk5l6orgapQ,train,4,0
2AqjwN98FQ7iav2v,train,0,0
2BJ8SFYoT2VdsxfM,train,0,0
2BN6P2rvrrZgqPLz,unlisted,2,0
2BpLwzgiVzW1y7XC,train,0,0
2BszUvG5I7KLJFlr,train,1,0
2CF6LDOiqDMixSVq,unlisted,4,0
2Ch12a3fsE3IlqZD,test,3,1
2D6vMD3J62nousGG,train,0,0
2DvJXNMETQxTChgW,train,0,0
2FQY1OB7TWqI3qXz,test,0,0
2FYdfrQLDiSyGi49,unlisted,2,0
2FoTCZS86hgkiiV8,test,4,0
2FwCdxn0lcKTpyeo,train,5,1
2G5R0gi9WYA6dr3P,train,2,0
2GVTk6xsn89eHnZ0,train,0,0
2HF3nLE1DraUBV3p,train,4,0
2IATTQzag0oGuuVa,train,4,0
2InsqdtKzZoNV9fT,train,2,0
2JIoSPp3gIpIbhzL,train,6,1
2JromFMUFBB82kFQ,test,4,0
2JudIfOqm6l1lTKG,train,0,0
2K5sgBY468TW4yCq,train,0,0
2KEtiP3uwhpUBcKd,test,0,0
2KW2WCEcogSZEaxB,train,6,1
2Ka0JePDdd3miFSz,test,2,0
2KulvEqEEErpCOkf,train,1,0
2LeOtpJJjp5kuPxS,train,2,0
2LgLvreKZHEBnwYe,test,2,0
2MRYCciepXPxxy8K,train,4,0
2MVN1Ufx3mdqruda,test,0,0
2NVzNO5gbW69W48I,train,1,0
2OGnY9jxIkYpI8B9,train,4,0
2OdfQFZuXk2k2ELW,train,6,1
2Pxh4b0BrcFc9DHn,train,2,0
2QLmsVxhCoKkZiiL,unlisted,0,0
2QVDy5QJpUgzdJ3l,unlisted,4,0
2S5gUysMmTj3H4KY,train,2,0
2T0vjBNNXdhVxkn1,test,2,0
2TGciFYft1RJ3Dk5,test,4,0
2U9XCV3ZnyZHoIxQ,train,0,0
2UUoiAOesot3dSQ5,test,6,1
2UVnaBeFJNnTlcAS,test,4,0
2V8r8Lwwk2GXUNpG,train,4,0
2W5raYkBShmwmsju,test,3,1
2WrwlpMPSuKAXcip,unlisted,4,0
2WuwF8h57zBZol9G,train,2,0
2Y7Ud1xzaLPtrOz3,train,1,0
2YAwUvLj5fTHLuyI,test,1,0
2YImftXDjEBbhk5j,train,0,0
2YTTFF2An3JY8oX8,train,5,1
2YjzLWwIRjBQrfYJ,train,2,0
2Z8pnVcCXbyAAR5F,train,6,1
2ZejQi2Gj3WeEGeK,unlisted,0,0
2a3w6Toe13fcwRJ8,train,4,0
2cXiIw9eu3u7oQnm,test,2,0
2ccrKI22oT2ke0Pf,train,0,0
2cdfCaDJ98giRTNs,train,2,0
2clomzf5A9wvGbAW,train,0,0
2dGWTiQjCCXvtCX1,train,0,0
2dhN4UovsvYTR5co,train,2,0
2e51ZE8RxlaRFRgz,train,4,0
2eSl3HNp5q6GkIa6,test,3,1
2eWEY4EM27Q0UU8s,train,1,0
2fgffYVajIBF5f7Y,train,2,0
2gxhgqXvu4hlKnLZ,test,0,0
2iDMJd7wTVLRxPb6,train,4,0
2jqpwJ9AfFAIkk8u,train,2,0
2jy8BR1k7dgwEl8d,unlisted,0,0
2kNnsSVfQEilmkMF,train,2,0
2kbJzvBREwWzzeHU,train,0,0
2kvASFsQ8z0WJcDf,test,0,0
2m8vSp7Wvl9eweFm,train,1,0
2mWELvGkL6gvI98O,train,0,0
2mrd98zsy5HA5EDu,test,0,0
2nuLYXydaa4eJQRj,train,3,1
2oRhn34mYAhaP7YN,unlisted,2,0
2ooZXGXsfzi7WR0L,train,5,1
2ozi1Own8zA4ADUC,train,2,0
2poSTDlcMrJrfVmU,train,4,0
2q4XL6UQj52PGfva,train,4,0
2q4gVHkFXFgYhtJJ,unlisted,5,1
2qdcNpQUUHa33I7U,train,5,1
2rE4Kl6R5pdv9D04,test,6,1
2sWyICOTDWsLRjKs,test,5,1
2tqVGDygRZva0TWs,train,0,0
2uXhwofies5eR2oT,train,6,1
2vb8Z6wQWXPRlAcl,unlisted,4,0
2wVAa1ByULUMl739,test,2,0
2z3wHTMzmvLvOR1E,train,4,0
2z9CHRX74Mqxgg29,train,5,1
2zFWDs07Ck73lzsa,unlisted,4,0
2zLG0JZJsSYnNmWX,train,4,0
2zlwpRLq3Ug6Gxrv,unlisted,3,1
2znD0YmTvgWAc7O1,train,0,0
30PyrOPCxahhfhFP,train,0,0
31CHVaEiXDMWdToD,unlisted,2,0
32605K4Fi1rvjJrh,train,0,0
3332BLdf2qNC6ffb,test,2,0
33FEtgnfn6xeGRma,unlisted,0,0
33UUU1NLhuhZ9tVg,test,1,0
33o5fNcUPwCDiarW,train,4,0
343vUE2H88OizmII,train,5,1
34eJBM0tG0tzRDsD,train,6,1
35UJ3WIZVAFOk1ug,unlisted,6,1
35qNjZwqOmtTv0cj,train,1,0
36AzkhiIAEVey953,train,4,0
37E5BATnl2FQLSTd,train,4,0
39OxXj3Evaxz5IGO,unlisted,5,1
39cqDb2KVfedVp0t,train,0,0
39dak3AWZS6dfuhv,train,4,0
3ATzohB15YBNy1JE,train,2,0
3BYU7VWdZgJy8U7R,test,2,0
3C4C4DCMxDcWPnKK,test,4,0
3COir8VRRrXF7TM0,train,5,1
3DO3vYQgNhdTim6V,unlisted,4,0
3Dk4zfJ4KgaKwog7,test,6,1
3FQcedBxmzcwsYU0,train,2,0
3FePH8BcvyUTzIGa,train,2,0
3GMQgTd78CZD91Wh,unlisted,4,0
3HD1dfdr1PgvMg0s,train,4,0
3HXJGaaSpaav7mDI,train,5,1
3HolfvkK7cd19Fse,train,6,1
3IVyZNKLBLHGXj44,train,0,0
3J3dQymuGwobU1fb,train,2,0
3Jd9swbwkfejWd1n,train,0,0
3JyPMRah7BH53ejW,train,3,1
3KE4wDpnX0BJXPWl,train,5,1
3KGV1V4fxvvfJtLw,train,3,1
3KPWRokCeZ2csbuq,train,2,0
3LT3xp7el36dcHXv,train,1,0
3LilQldxyiPbg9QV,train,2,0
3LoqBuSdlWFuG8Bd,train,6,1
3NQ6EnkaYonf7ZNj,train,4,0
3NyZ0vCSVx2mWPFY,train,3,1
3OjzxaBY0Q5ljL8l,train,4,0
3Q3jk3jlXTdAttUX,train,2,0
3QRn6pjkjOSX0CoS,train,4,0
3SUBokfmU5Zx05Ia,train,4,0
3T8vpteNv3WiYWGW,train,0,0
3WAAGdJ0YNwWatZV,unlisted,4,0
3X0isDj12J76Apn0,test,4,0
3X8XLgUVSy8Pq3OO,train,2,0
3XThBktVRQzNUIHU,train,3,1
3Xd3PvrhZxB4zVC5,unlisted,4,0
3YWtT2uTcrAfF4px,train,4,0
3YaxWayIjfQ1kloO,train,4,0
3ZCkKrYCBp6JaIo9,train,0,0
3ZxOeKcOr5wUYyk0,train,4,0
3aNjJcp5oCZfqjRh,train,1,0
3aYSNLHYAhAjjKLL,test,4,0
3bHQbwPSDOee402F,test,6,1
3bkcIaQT7gK912kM,train,0,0
3cAEKtKC5vYyE1U1,train,0,0
3cCqw30fC3hXZpnZ,test,2,0
3d7lglLZeIkmAm2E,train,5,1
3dH4nxyz4Mf03Wby,train,2,0
3dpVczCoInW3XdiG,test,4,0
3duQasRWuMWyO2gN,train,3,1
3eKfiYHtghFodMIv,test,0,0
3eaUaVZv36NejLO9,test,2,0
3emZWLUQJnEn36vt,test,4,0
3evlRU96UPHFm1nK,train,4,0
3fZdCKHppqZVlS7P,test,2,0
3flKM48wC7Y5a7Zr,train,2,0
3gTSyCSYDs80myd1,train,1,0
3gv0CwP8Q3i5lNud,test,1,0
3hfE3NCj0WALNMNr,train,2,0
3iWJWzFR5Gv6f9wR,train,3,1
3ijfGIpT0qOZRuS7,train,0,0
3j3qquw8Bvlnligt,train,5,1
3kBqy9NFNwc2UIdY,test,3,1
3kHzHgflUnObnHGv,train,0,0
3lSgDEOX5mvP8W7f,train,2,0
3mUjdN6wOLPSlIrH,test,6,1
3n6xkUsTCWGFU3gj,test,4,0
3n99KD4mXt1xgmRQ,train,6,1
3nmWKVVt1SRn4L0t,train,0,0
3qORES0hxGUKb2qk,train,0,0
3qg0jJo2Yo49pD5j,train,2,0
3qzKr9H1X0sTU4gk,train,6,1
3rU4hX5bvZBrHeqT,unlisted,2,0
3sGK90HG66bXoUgx,train,0,0
3sJrMg5dku8WylwZ,train,0,0
3sxH9rFtmZzlhTmb,train,4,0
3sxLxwa9J9ddjON5,test,1,0
3sz3PDoHz1Y3vyMa,test,2,0
3vO4uEV8rlfzUrpu,train,4,0
3vaz098miVDY18d7,train,3,1
3vvacXumVuEY62OO,train,3,1
3wDD4BlRA4iyp8zC,train,2,0
3wK1giuCntNGLK58,train,2,0
3wPbWUgzZFBES3gG,train,4,0
3xWyyUNvRDKcbRhk,train,2,0
3xcJOXyKiQ1iD283,train,3,1
3xxPDRAXHYHQUfv5,unlisted,0,0
3yxEhv5zWT2to5H3,train,0,0
3zCEGsG5e1Bwlrqq,train,0,0
3zMguIvuDs29L7by,train,4,0
40BA73h3XoVP2M7a,train,4,0
42VHyFIxvqF4aYeG,test,5,1
42YP1QnJp3bRFDv3,train,0,0
43ANVj77p3kZZl4A,train,0,0
45hJ7ilVlAA42E6K,train,2,0
46E1O3apKBZ5M39B,train,4,0
46aveAzBcTIZh2ln,test,0,0
47jW8wRTNWdUGqgL,test,2,0
48Ju6NoPeO0D6StP,train,2,0
48MQ0jL6VMY8UJpn,train,0,0
49Y8hZ7t7sgwRlLH,train,2,0
4B4Tehj47iYmmIyS,train,4,0
4BBOF9VqEEPOiWdT,test,3,1
4BOXvhynMhDkEgXv,train,3,1
4BnNG9Zu4R8vOqWT,train,4,0
4C5nfv7pNhfZqYMI,test,4,0
4CX8r7WzBUuQovnJ,train,2,0
4CXPmLZONWDaqWAM,train,4,0
4DFTvwqkB2eLT3bp,test,0,0
4DsnLbOz0q6IqEFm,train,6,1
4EivAd0syZD5GkPc,train,6,1
4FDahhRvtRNg19DR,train,0,0
4GprGrMjRSSBFUtI,test,0,0
4GtMFxyYwU7CISo1,train,3,1
4IAqmaTVYaKHhHay,unlisted,0,0
4IDUX9g16EPOSFu0,train,2,0
4IKJm3QZcvEtQ0IJ,train,2,0
4JEeD7eou8R4Mnw5,train,1,0
4KErc7eR7r5IKQcl,train,4,0
4Lr6q4VoUgY0r6SP,test,0,0
4MDlMv01Cuw4hjBn,train,3,1
4NZNdZKHtT4RYe6k,test,0,0
4Nxo6Yf4cRP2kQLE,test,0,0
4Oc8OOapiLy38oRm,unlisted,4,0
4OmnsTRPo7WTOc9W,train,1,0
4PV6rASaA0Ayr15m,unlisted,4,0
4Py29m6mVVaSI0mm,train,4,0
4Qz2qjTvIwzi6yg2,train,4,0
4RcNPdVYpS0Jaj2g,test,0,0
4RqjsMg2AjBmhFDE,test,3,1
4T3KjmXjntlgbIM8,train,2,0
4TYcHgCD04c4pHIz,train,4,0
4TkFBitTyFWhKRFQ,train,4,0
4UGS9c9zz7tUEb7Z,train,2,0
4UnBHrK4Nugwskhs,unlisted,4,0
4UvcO2ggprq7MyI6,train,1,0
4V3AP3xwNN8WLe89,test,3,1
4VGt1SJ3uTV7JOnm,train,4,0
4VrWvM9NAIjirnf6,train,1,0
4W226Jw5xCOTh6Be,train,4,0
4WIMUkkKOc3zq0gM,test,7,1
4Y3H0NPUKWow83tR,train,2,0
4Y7jxETx0tbP95Mc,train,4,0
4Znn0LMPwczzSzPF,train,1,0
4ZpuTwXjY405ImOn,unlisted,2,0
4ax7uiy31KAxIRlW,unlisted,4,0
4ca2iQPkvw5C9Nr4,unlisted,2,0
4ccjZtxOoLP4oe9p,test,0,0
4cyrK32RpExNYass,test,5,1
4djkWNdRfrCQBFMC,train,4,0
4dnbGOIcHO5392eD,train,4,0
4f0oEdScUSTeQSDr,train,1,0
4fOk1KG0Pp8ZuHqs,train,3,1
4fetzTUEHAXA0Kei,train,4,0
4fgZU3mJya7rE1Lr,train,2,0
4hOjvplv7gkfWPUX,test,2,0
4hlCUmUgFT3sRU3Q,train,0,0
4iYTgLRt720bit5D,train,0,0
4kGBhajHwOvW1gqp,train,3,1
4kJHoznTvI8dQxWn,train,1,0
4nV8tOw4dkMuGzCW,train,0,0
4oW757GgABXr9KzL,test,2,0
4qF3zwG4TSmNQXT2,train,3,1
4qNiElGdNamh3CJ3,train,2,0
4s3offmR26jZyygg,train,4,0
4s5B9C1BXqjGhjTR,train,1,0
4sOpnMYO1vl4PZFx,train,4,0
4sUTy9A18RPVxYEZ,train,4,0
4sk17nCkqBBC3yV2,train,3,1
4tKNY2m9l4mgl1XZ,train,2,0
4v8ljMY0nliKDQRl,train,3,1
4wXSHorPPXrobi0L,train,6,1
4wkQqWYnIFi2QbCu,test,3,1
4yFnuUaEJWfVdQFl,train,6,1
4yLtUAW47U3fgOKX,train,4,0
4yZREsb0Y9YSvnyi,train,0,0
4zGU7V10yih9gYbi,unlisted,2,0
50AjyoFDLl4VZW7C,test,4,0
50LI0lgOmqH7AkKI,train,2,0
50yTdPoz2Cnnyerl,train,5,1
51AjLmd7KZPyhw3d,train,1,0
51DTjBlUH9PrNZ6I,test,4,0
51Is42BZaHgbyjdQ,test,4,0
51X1nEewj41TrmYh,train,6,1
521Zvhc8Ddk7KB0U,test,0,0
53I5vDY0A7Vd1HtK,train,0,0
53M3DDL7xnye5raJ,unlisted,3,1
540y3NCvDv2YxqzY,train,1,0
54aEm8ZLLlX1G1Nf,train,4,0
55NbGIVVPdzGZmfW,test,6,1
58mzM9UOi1mYuorI,train,2,0
58xuUAeMiieXHJi4,train,2,0
5A9sJpVqQiDS415L,unlisted,6,1
5BwizSJpTshv505v,train,4,0
5ByLs3mBtn9BwRSm,test,3,1
5CvNYgLilzCeSogE,unlisted,4,0
5DCjjVWyA8b3iYuy,train,4,0
5EYrJvKYvSm5i9uY,train,4,0
5FDJ2S72SQUSas6w,train,2,0
5GPoqzPnPH0Mg4Bf,train,6,1
5Gbf3DFfRbAiKsx3,unlisted,3,1
5HguAFu2sh0nYvrO,train,5,1
5IgPYtsrksWJ32rj,train,2,0
5J5pKHkRykirtrFj,train,0,0
5JaYHCXmvtpE3Q6J,train,2,0
5JdiwoObGrmEUzNN,train,4,0
5JewYPldGL3Rwih2,train,5,1
5KaPaEpFLsNLN2Y8,train,0,0
5Kteiq67Syavf9zq,train,2,0
5Kx7i8eYDxvGu9hD,test,4,0
5L3bEhqeyOYoRSoZ,train,4,0
5M0pgumMHVmWMfji,unlisted,0,0
5M5oR52kZsAEePTP,train,3,1
5NUBDy6QlSKgzS8c,train,4,0
5NbeCdSZyB0H6yp0,test,5,1
5O0IFPPrNuwMfdNj,train,6,1
5O1IEicLNIBPu1Qy,train,0,0
5OOq9SHy94KQYyY7,train,4,0
5OccY1thuHMonnxi,test,2,0
5P3JF6g01I6mO4s5,unlisted,5,1
5P3sPZybLgihb42q,test,4,0
5PpzZgbd65DZDaWe,unlisted,0,0
5QSbZqH67HzLRold,train,0,0
5QXHPGkXWezPug3e,train,4,0
5RbF9LQzXtURcpOO,train,0,0
5SBSKp2ISc5ugqwp,train,6,1
5SqgTBDyjgZIFVsp,train,3,1
5TTXn3gECMavptc6,train,3,1
5Ttj4wbDZ6toH2ic,train,3,1
5U3SObMEq9PYXLKo,unlisted,2,0
5W5FSWMGkLobvuFE,train,5,1
5WAeibYKkJf0SPuE,test,2,0
5YpfvklP6KS3gOZb,train,0,0
5c2b19kEWoaaQ2GB,train,4,0
5d98ZDbQAvNqHb3u,test,0,0
5dloZHc9ze4D3sX2,train,4,0
5doDnoFTJXrdyRTe,test,0,0
5fg6hZ3GqQbzwqGI,train,4,0
5hLE76qPbcvAqmv4,train,0,0
5hPYf7Fz46fDbygn,train,1,0
5hdmpWMLpFGWGy8h,train,4,0
5j5hfC9bU1IGOL9s,test,2,0
5k8A0htXu4tnTZdC,test,4,0
5kFi0TVUAgqNmmh7,test,0,0
5kFsAkg2nntxK4Tw,test,6,1
5kTI5aWWhHnjpxnc,train,2,0
5lNKtzJ1atsnBYLM,test,4,0
5lZQwhSdHxFoHmJT,train,2,0
5mRM4WLOyqEFXhIm,train,0,0
5nSR44wop9nxbh9z,train,6,1
5oF43qJZVZUwU6Vj,test,5,1
5pn2VHjii2irccuo,test,2,0
5qMbB4b2HPlFBhba,train,6,1
5qQyslLM4GClqCUn,train,3,1
5ql1df55Bv9Wtkmw,test,0,0
5sFX4xspPfGIzYtx,train,3,1
5snfYRc7DDkkjJDq,train,6,1
5uF3MIflmG9DJ7Tb,train,4,0
5uGrWvBjEg5PmDdO,train,4,0
5uVLnbmlOcDO4xBa,train,2,0
5vAr8dDkn0ir23El,test,4,0
5wRYTvMOk7GSNFrI,test,2,0
5xWk9kubhmLt6GSP,train,2,0
5y4unaLjqV9Asnb6,train,1,0
5yWeBTAjKz4Z9wI3,train,3,1
5yd67CuBKSMNemJ9,unlisted,2,0
5z0BGufzQgliEu7p,train,4,0
5zRUeTPWyqhCbavm,train,2,0
5zUiX3v8kzYailhB,test,2,0
60cP2xzIi4afEQxp,unlisted,0,0
61Vv8PJSurRjgRG2,test,2,0
62w4Uqq6HDJKc80Z,test,5,1
63QHtDP9bdE2zBRg,train,0,0
64qUUxr6ig0JwRsx,test,4,0
65I6eUyKmYrULhaY,train,6,1
65jDI4xojsOUl99y,train,4,0
66CHrT6zq5aWhvCC,train,1,0
66kgnjGo1mY5JNS1,train,0,0
66nula27BklZydRK,train,6,1
67aCyQIfCPacBIe5,train,5,1
68CNOhib0Ck65VUc,train,3,1
68QwGt2k1Q4JlsgE,train,4,0
68XTQQxO8JgaswWF,train,4,0
68oegBchwy2vp44K,train,3,1
69p7rZuelMHjMPVq,train,3,1
69wtHsTCn6HwCW0F,test,0,0
6AZbUD25qw0Rww9p,unlisted,0,0
6BElc1hlNwMb528p,test,5,1
6BG8YK5KoncxnSFr,train,3,1
6CGYnsdFL1ROZmi8,unlisted,1,0
6CgWci4yEyEkXbLS,train,2,0
6CzKMmn8dpJfuBLu,test,3,1
6DHI4NkeqhIhcdDk,train,1,0
6EeO5ROl3Gb9YAf8,test,5,1
6ErMq1Ryw1OnL1Gs,train,2,0
6EtdIS453FF3iecC,train,0,0
6GHPNDLIHD8Evsrv,train,0,0
6GcIhrbmnsT1bvcJ,train,5,1
6HaDNVizOyaKRsat,unlisted,3,1
6I0TMTkE9dURrDlm,train,5,1
6JCca0D91NsPkad7,train,4,0
6LAuYAacY7O6X67o,train,5,1
6LVP5uvmZtmmsKRD,train,1,0
6LbgMnZuGTXVGYLT,train,4,0
6O6a1V20YYH5oVmx,train,4,0
6PKBkMerw8LFCpAy,test,6,1
6Pc5iM8MQNzymob9,test,4,0
6Py4cvLdqDownu1j,train,3,1
6Q9xqqBd0In0I4xS,train,0,0
6Qx3gbs34PyoyGTg,train,4,0
6RfxfZH75ZWfDIGj,train,0,0
6SCbaQ2B5kpRNq8u,train,2,0
6SVyPySNfbd5W412,train,4,0
6SWprz9vsCZiiAMS,train,4,0
6TGbOgWMsqjwJQ2V,train,4,0
6TYkTUhfhTCOxfHT,train,2,0
6TZeYa37jXPjujyC,test,2,0
6U6ZefyJzJu2rHD6,train,4,0
6VL7ky05DEOwZbrz,test,1,0
6WmaDed2Ie5WBKVk,train,5,1
6XBathpqHldH83Zq,train,0,0
6XmBlLjsuZMQIKET,train,3,1
6Yqpt1KPtWQAvi6B,train,5,1
6ZE7lWuodWGgvHaI,unlisted,3,1
6ZzbooUinUbLGkhx,train,0,0
6azNwPimvCI4zuXi,train,0,0
6b3m4yefHMkzVVbY,unlisted,4,0
6bPvYAA2TKY8oFvt,train,4,0
6biVyQWKsrDoXxQn,test,3,1
6btTkYqcWUjvvvs6,train,0,0
6byNrbNCJZ7D0n09,train,5,1
6dJA9AJHiypqnvPf,unlisted,2,0
6f5M1W5lCUk7C28Z,train,1,0
6fQCFBATBvdwlQEP,test,2,0
6g7PqsEJAZDsU4Oi,unlisted,0,0
6gVBMZZe0au2ocjg,train,0,0
6hylUeJPmRpWR0oL,train,2,0
6jAabGcizwJKTnQq,train,0,0
6jXh2H3x9exT8QzL,train,2,0
6jccAhEqemAtq77Y,train,2,0
6k7RFhfQDZ5vNUx2,test,2,0
6kWodZ3gz78rUob6,train,5,1
6kksOgFvzeyGc5Mv,train,2,0
6l9h1ovTqYyNTSkj,train,4,0
6lax00r8v8VLyC1e,test,0,0
6m3Ri8ABcOR66QWa,test,0,0
6mUlAcXaOxTvZNxv,train,0,0
6maa3GUUxFz7A8zV,train,4,0
6nJTFmz4K1Omj8pI,train,0,0
6nWzHZOSfFk6cmhm,test,4,0
6ngD8l5oTueTnFnK,train,4,0
6o0C4w7bAdzGxpyf,train,4,0
6o52HAS5xDVfLgGi,train,4,0
6q1Jk8unffbBaOXL,unlisted,4,0
6qyKnXSTwhb4kVft,train,2,0
6r1Tft4kbgpr1N0Q,train,2,0
6re06p0OzvPmiLGu,train,4,0
6rlLBO0FfEwAvuQg,train,4,0
6sChDStSz8rGIFCf,train,0,0
6uyPGvm01Ma1LgRC,train,3,1
6vKa40bVYNQ6391U,train,0,0
6wrKvNOVPPNiKfWR,train,1,0
6x6uZheB1nZMPCfs,train,0,0
6yURfWu7pp8cajFa,train,3,1
702F0eMWdRYNu2UV,test,4,0
705O7VrjXmgilbWN,train,2,0
71F0nYA4vgfGLo7K,test,4,0
71uVMT3MrDuQESBn,train,5,1
72ub9nLjW0T0z7et,test,2,0
73igFhhrI2AYvAwH,unlisted,0,0
741fDZOdxJV84A0x,unlisted,4,0
74CasCnRhtU84V45,train,4,0
74KPONu3OujCeECO,test,4,0
74Qnznezmpb2Jsyc,unlisted,5,1
74Rkylt18v6usAka,test,4,0
75rzCAeDbMKxhfWc,train,1,0
75u6pKmwtm0vHRAr,train,4,0
76DvW4KJYICu2K3l,train,2,0
76MzbQm7n7slM61X,train,5,1
77RmdfGBXspipf0q,test,0,0
77uJzMj3zpuBbcyP,train,3,1
78OwFiWiJODdTmkj,train,4,0
78ZIDnWZB1mfqKmS,train,3,1
79hJ8wURdHId7IEu,train,3,1
79tMUVyfIdy3GzkG,train,3,0
7AjOpUt60TfQMKRy,train,2,0
7AmR54qrrnuZMyOP,train,0,0
7BLno0YxfO1QuVGI,train,0,0
7BZjlemlbtSecskN,train,2,0
7Bs54qN1W7qHuB5k,unlisted,4,0
7BshOS7Qx9FJcMWD,train,0,0
7C2xfIU1mdryRMMc,train,4,0
7D0RFhoTnm830Yrs,train,4,0
7D9VqEAUZl85nOEb,unlisted,3,1
7DV1LRI8XKUDVTNc,test,2,0
7Ei4U1aODW1oJ3T2,train,0,0
7FHOPHfsDBf6ZEtj,test,0,0
7FXj8D7ujaVIGvPT,test,2,0
7G2Eyw9CxUwwivGA,train,5,1
7GXQHqiSuL9LwLN1,train,2,0
7GZ1fPVYD1UorhIJ,test,0,0
7GgPAzcjY56HX6qO,test,0,0
7I5YYlA8ok8fHMrZ,train,1,0
7IoyRTyEqjH3Bas7,train,2,0
7JSrigNVLppdQ5Ho,test,2,0
7Javvuw0CjD2VFnI,unlisted,4,0
7K0q8dVuKztEcpmB,unlisted,3,1
7K2o4HUYrm2RbSRI,test,4,0
7K3SIt6JQtg5zW7c,train,0,0
7K7gvzkqfRR6ulIW,train,0,0
7KvTQKv4ThtZlM9w,train,4,0
7NDlyxiDUmOwrmvi,train,4,0
7O9LgsGDVShMlSRM,test,5,1
7OVtBzbl8VqUPV4f,unlisted,4,0
7QGb002eI7z5qtIi,test,2,0
7QUTqAN28hrkTGta,train,3,1
7QaVlv0iRRxZZOQT,train,3,1
7RTwDwBDA9ADb6Jb,train,2,0
7RjZGxVckf448wuU,train,0,0
7RlGPPe4BI8Kyaay,train,3,1
7Rq4JzEjlI6IoKat,test,4,0
7S3dq4Ychd8teqvS,train,4,0
7S518xIuCrNe9Wfd,test,0,0
7S9DADWQidhMXVRf,train,4,0
7SUEVOQOpMAx7kE7,train,3,1
7T6muise5bnKDDpR,unlisted,4,0
7Tow88H5s2fqmO9J,unlisted,4,0
7U6gZs4HH3ZhwQW1,train,2,0
7UZX1bmzsyXID7f3,unlisted,4,0
7WFFMBAd2uq6G15v,train,3,1
7WlnAQkE6oodGQKa,test,1,0
7YTsBM2uqHKNw7iN,train,4,0
7Z59YexQt4SfHx0H,test,2,0
7ZHsmcYMGHSoNkRc,train,0,0
7ZUqpvLP6Gn6NHv9,unlisted,0,0
7ZzS1VuuCroe8miX,train,4,0
7aMEa5aRlAJ5STFW,train,2,0
7cL8lDtLpRK0cLHf,train,1,0
7d6Y22onHRFVI4HR,train,0,0
7dH3VbsZhTRF94uB,test,5,1
7eGjxzMzeLif8jPT,train,3,1
7flfT8faBYRondTf,train,4,0
7gSIGxAVzAKvtfpk,train,2,0
7gfQ3dsaJoGqpVD2,train,5,1
7gsNzoZwubfLnxn5,train,3,1
7h9d18xLf696wVD5,train,3,1
7hlHU4tL0ZFgHwSK,train,4,0
7i8hKFcx2szA2N6R,unlisted,2,0
7i97uwT7kmw69zgD,train,4,0
7iEAfPDM0tUJbRir,train,2,0
7jBbNmf3dyAHtSOo,train,4,0
7jhrUxHqSgr3QHZt,train,0,0
7kbhj3OMwnfJ6uab,test,0,0
7lDBxlJMkIBys2QS,train,4,0
7nneMYN2EgZhR2xo,train,2,0
7npGfBUDtkUmpBlM,train,2,0
7oPYu2dmzIChuOWz,train,4,0
7odwkFOdqTnyK41l,test,6,1
7r1jROEGHwKI7GhL,unlisted,5,1
7rfsKKlMaYaMSPAz,test,2,0
7rzBetUtECB7fGPW,train,0,0
7s4catKMg7vsDPIH,train,4,0
7sHtBcoTymHoL0zT,train,5,1
7sajZ21mmHA6IBbG,train,4,0
7swjLY3My7twTDtr,train,2,0
7varDbZka3xNRyXG,train,2,0
7vtijqVMjkspbjoS,test,3,1
7wSy0xgGYhkDxMf5,unlisted,0,0
7zHQ0zoKwVASWgoO,unlisted,0,0
7zIAHPBrAV1tgsE4,train,5,1
80WGNlTG5Mh5tRn0,train,5,1
81BwtDeNXl5FP28d,test,1,0
81vwmkBCNMjr31PO,test,5,1
82mvtOuzWerUo2hw,train,1,0
82vUbqeFpF465jjp,unlisted,4,0
846T0J2zEimR7ned,train,4,0
84F4pQlOAx0inqOB,test,5,1
84S5jIc1xLJjBict,train,0,0
84fnxRVetPHuvVYb,train,5,1
85QhQi7IOUFfYSv3,train,4,0
89P7zcSPms2WZGNF,train,3,1
89UreCyXmYXrTjx2,test,0,0
8A56WcB2SnYqMslN,train,4,0
8AEEISYk9SBw6SKy,train,4,0
8AwC3HmCSePRxg9Y,train,3,1
8B5kpbZ9mMTeeXgr,train,4,0
8CcsjqeAUKQGhsj3,train,3,1
8DWxKDSMxo2hKP0l,train,4,0
8EZeUfDdQzrIw8Z2,unlisted,5,1
8Fmenf2NXZD5sKph,test,3,1
8H2ITJSWZhAD6eh0,train,0,1
8JsU2knnbYaIcxz9,test,2,0
8K3R5VHfGgPa9cZR,train,0,0
8KQ39jVUE8wcoWFo,test,4,0
8KtJsfS62slOT5O2,unlisted,0,0
8L7LqwrQ6ULrVMCj,train,4,0
8MP11YZ0hPpCfAYu,train,1,0
8Mqn9A6okDcxAgq9,train,0,0
8N7HXIxOkShFJMuv,train,0,0
8N9hEOkGrvYHtIVE,unlisted,6,1
8NzDIKPDzcK9HEne,train,0,0
8P6pyAJFIIFII0oy,unlisted,4,0
8Q1kahXfPT6yzTL5,train,4,0
8Q9Up9QE6e6d1Sum,test,5,1
8Qe2wC27oQOAHvaP,train,6,1
8R1oEPzwqnMLLrj1,train,5,1
8RFbyc9FW5fEqIff,train,0,0
8RljdKCx8vRbzgDX,train,2,0
8S0r6JGJK7KjgcDw,train,4,0
8SW0pxCNRQ3EGAQm,train,2,0
8Sb22Q4tnHMGmVzs,train,4,0
8UU69ZKin3dZPsuZ,test,0,0
8UV0VUuaj5D7jF3u,train,4,0
8Vj3aw5va4nWnadb,train,2,0
8WRAnp0vSrlaT5vb,train,5,1
8XFmoijes2YgGXI1,train,4,0
8XRxNw8tFBfBJWdU,test,1,0
8Xdu6OYd52h5NI78,train,5,1
8Z3V3UIIQ06yCH9L,train,1,0
8ZLZVZ6XbfDTk9kQ,unlisted,4,0
8ZMhpQyD4Qu8M8g6,train,0,0
8aRUhR4IWrXPvhsB,test,0,0
8cCh6gN3sFudQ8Xw,train,5,1
8e31Tn8vnUJ96zEA,unlisted,0,0
8eJINnHts88CHgWW,test,2,0
8fnCME3Eko1AMjYL,train,2,0
8fqY9qoaO0haZyfr,train,2,0
8gevk4ykUeJ85fvM,train,4,0
8hB8wQzaSMtvyxnt,test,0,0
8iO3WFg3aKsEECvl,train,4,0
8iVnzNdozl0VJM1e,train,2,0
8kSuiV2Q5xjZ7d8D,train,2,0
8kVoRTYvFhuU1ZxJ,train,0,0
8kn3TLDy8Pzkhxre,train,5,1
8l8WnrYo0XH6JH9c,train,4,0
8lGd2LO84KMYDbiq,train,3,1
8m6hUvBE1UkAeFV7,unlisted,3,1
8mRK9ax0xbt5tG03,test,4,0
8mnOUvSE5RObkS5q,train,5,1
8nyC2jUQfe1uyCWU,train,1,0
8pVEIOR0y8ktnVd0,train,5,1
8pX52OJI5t4U3Ave,test,1,0
8r58IpmqA5YuIy6S,train,5,1
8rK9vd3ssp23kCg0,train,1,0
8rdcR8BqtPxsPDvV,train,0,0
8rgKAkpPXok5BbVP,train,0,0
8s1oFRDjMsjVQ2Z0,train,0,0
8tEAUvCYPSashjd4,train,4,0
8tSzCuX2MesLLQMw,test,6,1
8uO5nvI30O6tA1qc,train,0,0
8uwnh2ScFmF5elja,train,6,1
8vVrwu3hnNXh5K9A,train,0,0
8w0SwLIwhyciggKQ,train,4,0
8wN1va4ksj9qPXiA,train,6,1
8whDhLDjVvelPn36,test,5,1
8xe3LmE4HqLvne1l,train,3,1
8y3NAp935k0u7KUu,test,4,0
8zPd20EvRCHNUY1U,train,0,0
90PHXq5Yks2nSVSh,train,0,0
90V8Dr7OIZN2X6B7,train,2,0
91YboKqXO5x31xGT,test,1,0
922fyKWVOj0piRFm,test,2,0
92J6T9Y27xbF66Sg,train,0,0
92Yvo835PZ6a3XKx,train,3,1
92dvXjaOx6U5ovmX,test,0,0
93EADwftMCwmtfeu,test,0,0
94cFv3adbzN2X5NR,train,6,1
94t3dQgGikUWEkad,train,2,0
95JcLlqkGF7v4Dif,train,2,0
95g5q6tMtlKBR4uZ,test,4,0
963XlsHLeavPxEKK,train,3,1
964P0mmTC7ge8INv,train,4,0
96an7m9VhVWE6pSM,test,4,0
96h1x8Ngbod0aigu,test,4,0
97N4C4A2ICG22rYN,train,2,0
97V447T3ePCnrtDL,train,4,0
97oKGKOJUAIUh24H,train,4,0
98elRyfqNSOYMnQz,train,3,1
98xFqctb8XxkVQSF,train,5,1
99oICXJ4dVXY58Tu,train,4,0
9AiXepI7aZu6LweN,train,4,0
9BKOdStw5jHMZIBa,test,4,0
9Bb67GcVWLcgcf6s,train,2,0
9BmS6i4Ptk374rfP,unlisted,4,0
9CAkl2biUpQq8VSV,train,4,0
9CsOlh5i9maNWqaD,train,2,0
9CvovHkThbE7kJHR,train,4,0
9E7C4vszxJAhEkJQ,train,5,1
9EHaxoInmUIx7zLm,train,0,0
9EM1zZgBwoEF3XDR,train,5,1
9EkaqCzEBy6yTcIi,train,2,0
9Gf8JfyQEf5FCQgh,train,1,0
9GpGG5k6a6TeuhrL,train,3,1
9IqARB5GNJQUuMo0,test,0,0
9JvRXcUlofW9i70R,train,0,0
9JxJwUvVlbeaR7hO,train,1,0
9K6NnVA4k9gUBZuQ,test,4,0
9KdYSmV0zFRI3Gek,unlisted,4,0
9LOWWZHYaqkxw9t5,train,0,0
9M1sAeP3Nd7yLT68,unlisted,1,0
9MbUjwuyRhY6GPsW,unlisted,0,0
9MzXubOrYCFowJ8y,train,4,0
9NeEfZ4Zydpm1VZR,train,6,1
9OjtR469Y3UPx98a,train,2,0
9OntCydRRH038Iln,test,5,1
9Qm9OusTY8YfwMZF,train,2,0
9QqpCXY8tJQW63PU,train,3,1
9QrhAFJFZRTiuWWX,train,4,0
9RY5eiLjfpuggQ4O,train,3,1
9Sx5ZRhI3p2Cya69,train,2,0
9T3VEhR6L7C8svne,unlisted,1,0
9T8MhQPkE7dyvMor,train,0,0
9V044ZsNKfuoC0cp,train,0,0
9VDKtidUEWjRRiRo,train,0,0
9Vg8WnOnqQfkplJe,train,4,0
9Vlswu1Fe6gXylZS,train,1,0
9W3yiUxodnd4ir2e,train,3,1
9WYpEyDAJEsbq3jb,train,0,0
9WnZHqY88T78Cgvz,train,2,0
9Wvgfygw2wMqZcUD,train,0,0
9X8C7jkXPHLi70aY,test,0,0
9XAfWiN6tYpLGxiN,train,4,0
9XuqchsLQ2RpJR82,train,3,1
9YRu9JdaVqmN3X33,train,4,0
9YeE14A7D64MKo7u,train,4,0
9Yyul1VsgVuFoeQG,train,6,1
9aJ8BZf7KNn8eqTx,test,4,0
9aQEBvblq4ekRW2a,train,2,0
9acI3ilidwpiVkcI,train,5,1
9ae8JUPDyXS3Mk1C,train,3,1
9axRDdXlpVSE2EZU,train,2,0
9bVFZcBcbFr8yg1r,train,0,0
9buXSXJAKvaEmlgU,train,0,0
9cCJ5RJR4SAKGV13,train,0,0
9ciG9Lv3g32CgH6D,test,2,0
9d3AQIGYHQyCQTYs,train,3,1
9dj4ZPfPQFC4seDq,train,4,0
9dq83Eh0ezFeKORd,unlisted,4,0
9e3BFMnceq6Ifgza,train,0,0
9edWAijE0kWZ8pzY,train,0,0
9eddjquHX2THRWBr,train,3,1
9fDe1m4cWp8TFbND,train,5,1
9fUvdTrpraXfalzP,train,6,1
9gNrL91w3G7nlxeM,test,5,1
9hPjXosn6qrdT3DS,train,3,1
9kN8xcJzIF4Zrsfi,train,3,1
9kaj4aq28JFf4b1o,test,1,0
9kgdxnPmBV4xerAP,train,0,0
9l5hSlqsDQ7eOD7r,train,2,0
9mkgAzx0X5zK4gcV,train,5,1
9mx4CCCsfQtLcxEf,train,6,1
9n2oPoRnrPAGb3X9,test,0,0
9n5GW4HdhgeZncPw,train,5,1
9nTzbpXAGbGPvJQG,train,6,1
9nePCK8XoeYQnPt0,train,5,1
9npg5bIGzkpd0BUX,train,0,0
9nt1exN6uL51CEvT,train,4,0
9ogyciTiCO7tppdn,train,0,0
9pOWNLFWVE6YpI0Q,test,6,1
9pYK25InuJ8trAhF,test,2,0
9pnLwddsFM41PREs,train,4,0
9scxyVDC229glxfQ,unlisted,0,0
9t0beBn8iNuEnWFG,test,4,0
9t5wgtLwgrL2SPwu,train,5,1
9uFuM4Im0ZPm97MM,train,4,0
9uQhwSzTiX4E1Z3F,train,4,0
9vGFVwoDexBXsgu4,test,6,1
9wEO2JnAdL8fr5NJ,test,4,0
9wdssHO7eGmXOlWg,train,4,0
9wh2Tp11XvIV5Di2,train,2,0
9xS5ZIMO6fgXpQQw,train,2,0
9xkgaHv6Hm9ODxwR,test,4,0
9y0JzaemZ7q7FD7J,unlisted,4,0
9yQmtSy5gOSwFf4O,train,4,0
9ysnosQHeDdxHaku,train,4,0
9yvlFSFx7ZHrZfUB,train,4,0
9zGmuWzUwiSRgvA5,test,2,0
A0FOd3p5MonyC2RF,train,4,0
A0iS8DqvzBMJoRNO,train,0,0
A11dEB3izsnTHT8w,test,2,0
A1QQdem0WGjUrflC,train,4,0
A2cUe9f6WNWGFW9u,train,2,0
A2lpTywdszc8jA6P,train,6,1
A3HYU3omvwSCaZFC,train,0,0
A41l76c1zYFl7V93,unlisted,4,0
A43EdJbvVHVwJjrR,train,5,1
A4PZcbhOWnBx4Shd,train,4,0
A5DaidVD9OeXwmDJ,train,0,0
A5t0jyeaE7anmxc8,test,0,0
A6LEZKRClNyXwNb3,test,4,0
A6kS9NSmmP9Drhw7,train,5,1
A7BZNIbYOlXDBR4t,train,5,1
A7McwOcQLyvzWJIW,train,2,0
A7VpyqAOavK4xuhS,train,6,1
A7edNqhc2VeCWxMO,train,0,0
A8BmAGbwnFmHd1JX,test,5,1
A8rvFQ7H8zuuWWw4,train,4,0
A9BGBZ47Ix0I1Vrn,test,1,0
A9JDzttIQWBFztKC,train,0,0
A9iQeJvm6P9Q3eTg,train,5,1
A9wZxXfRRUbivazB,train,0,0
AAUCVW2HAez5oYoW,train,5,1
ADmpCqyg1i2fQu1E,test,2,0
AEDnvMju3TuU3wzi,train,4,0
AEIelHGQpCNOoMPI,train,3,1
AEbv8xhtpF4F79zL,train,2,0
AG4l1kGDKuTzetXf,train,6,1
AGJSI3PRJAWec7WH,test,0,0
AHMUYSRoLYC56DPc,train,2,0
AHUUMoprxadqgNxf,train,1,0
AJfWzJ7ZR7khscC9,unlisted,3,1
AJxszlffy8CaOdAk,train,2,0
ALAqbhdftzbf4NRm,train,3,1
ALHUjp89XlcCkOt0,train,6,1
ALw5QuRFFUauhJA3,train,5,1
AMEjNzwvy0hMlDBF,train,4,0
AMQB9QlyeAJq0wvk,train,0,0
AMiKyBlFOIS6P7lJ,test,4,0
AN58NPhn9jW23OLp,train,0,0
ANK6BSVoIFYrsE4F,train,1,0
AOYNDeh15FMIbOGK,train,4,0
APJMGJUc4FCwE3O7,train,1,0
APmOaxyMvP9PWA6l,train,3,1
AQLKHu7qnQTupqzi,test,2,0
ARpa56AcabjYx10H,test,4,0
ATZy7w7SYz8j2ire,train,2,0
ATePrG4XYYSk9SqP,train,3,1
AUTGNr3KuqkF0AV4,train,1,0
AUbjIBx6U1nJn1KP,train,0,0
AV1UUCv6WF5q3vhX,train,4,0
AVgRduqh3DYfucbY,train,3,1
AW4Bcv5coTpCr6BL,train,2,0
AXCBzpV4r41ZiVaI,test,2,0
AYjbsqpNC6pxLRPD,train,2,0
AZq2KE7nCHcupr2j,test,3,1
AbaV1IM6jgVLYzm1,train,2,0
AcK3oVjbqJ7LLUAs,test,2,0
AcuVET6ZyyQY0PjF,test,2,0
Ad19jEzMXmZ4S3rY,test,6,1
AenHyvr2SLB7zdk6,test,1,0
Afo16hD8hP1jF7Ts,train,4,0
AfrULMQWdY4R207N,test,6,1
AfyziagAuw5uUCRG,test,0,0
Ah36eonLvAmliq6x,train,6,1
Ah7PQ8QJULt7Tn5E,train,2,0
Ahet7zqqyTPf9gL2,train,4,0
Ahic8ctFhgp4IiyD,train,2,0
AiMUEU7nKQ0IPX4H,train,0,0
AkJJOESrS25phQ8j,train,2,0
AlJDTKW6iml1ysJF,train,2,0
AljEeatSmmSgIDvg,train,4,0
AlxU3viwDAfwbTT6,test,3,1
AmLWq4lPaf28kYkp,unlisted,2,0
AmmDahr6dP0c7WOS,test,4,0
AnBi72G3gqOqRrDh,train,0,0
AnQSwh6VT76gbMAF,train,0,0
AoMMqNv6MsamJKwu,train,4,0
Aoii3sHP85gvuq83,train,4,0
AoupA6Uur0eKxhGR,train,2,0
AqyPFKMEclrzjNMR,test,4,0
ArnWGhwBhsRRLFHQ,train,4,0
At9rSOKh69umYjUh,train,0,0
AtCiuSrSoSKV3lsv,train,1,0
AtTdPWkSx7s40lBc,test,6,1
AtYZFxDSYcvf1W8j,train,4,0
AtgrEYxopz2LSxks,train,2,0
Atk87owDbasfkNgX,test,2,0
AuEDDX3dBfj5NGGM,train,2,0
AudVzGHOUGxDTBXc,train,6,1
AvDjGKYDjkyRKnsG,train,2,0
AwS58fhQVGBQevAr,unlisted,2,0
AxPtnzjEgIPCt519,train,2,0
AxfwJGe6xPEMoCYA,unlisted,0,0
Axlz4y814Kob8b7J,test,2,0
AyytxbuFmWbnBXOW,unlisted,4,0
Az2eEWVE567VeXHi,unlisted,4,0
AzGee4nn9NEm7BCb,train,2,0
AzdQ1Y6mb7KIdw8f,train,3,1
B0E9J5TbJ5iyUrKn,test,4,0
B1dcrNbk7frssf8Z,test,0,0
B3LF272aHYwAW2Cu,train,3,1
B3UyggEWDRj1Mrka,test,6,1
B46VPHzOQXczPDot,test,0,0
B4oK8r9BHsxGnTgZ,train,1,0
B58v1KtVMfQW2IAI,train,1,0
B5GGvBIUtR81BF6A,train,2,0
B5KC2V5tJ1WS4yLF,train,3,1
B5rJe4fcve8XkKOU,test,1,0
B6XjP7K6kueJI8Uh,train,2,0
B8SjIneOUrOSPmTx,train,4,0
B91D6rYSd5HRKgkR,train,3,1
BAd9u3XLGAYWCICr,train,0,0
BAu316eOn2Ar0sPk,test,4,0
BBAbVSVkTadaw7mV,train,2,0
BBCgqIvo7oQmXhFW,train,3,1
BC5OYCU8sPAjVaix,test,0,0
BCKdGWE6U6bPhHEk,train,4,0
BCZc0CEybtXiN6Um,train,0,0
BDbcMdaQq4pywOvf,train,4,0
BEmuQt3NatCL0WI8,train,5,1
BEqypcdb6M01LGrR,train,2,0
BGlpNQVxVxqmSrqI,train,5,1
BGvdCrxgdPyU7Bms,train,2,0
BH8T470otO2f8tAX,train,4,0
BHew23WKtXD5SqXD,train,2,0
BIEQFgv3AZKl8jUa,train,0,0
BIJxs2YuQvpX3ORz,train,1,0
BInQlEimJy17x1Aj,train,2,0
BJFM3na03XmajYGv,train,0,0
BJNdu54JXecIRb8h,train,2,0
BKxNrRzWnAJYJElx,train,0,0
BLvb21REZlvMlwcg,train,6,1
BNL6EONLcRFcFuwb,unlisted,0,0
BOJEICPYOmlWesKM,train,2,0
BOUXj6iFCDDnn8eA,test,4,0
BPYvK2g5H6con53S,train,2,0
BPfTganEeiLoHRCa,train,4,0
BRCNrKXYym4RIpa2,train,4,0
BRVeiQGOK4HLNUoa,train,0,0
BRlGVmrAmmZtRHIM,test,2,0
BRrE8ZE2XUQy4m0X,unlisted,5,1
BSIVwpVQ86048HRM,train,4,0
BSW4uJhCPNgQxUEJ,train,4,0
BSeyiWakHVhkmC3h,train,2,0
BSfg9LvvVobMpFnU,unlisted,5,1
BTbk77u5yXroUqQE,train,4,0
BU7IrN4RM2C3UZC0,train,4,0
BUe23HdIqp5HH4ey,train,3,1
BUtsMqdXwRZIevgM,train,1,0
BUwcz5Ky6OhRUXv6,train,3,1
BY7CP8pVWx0mJqQi,train,0,0
BYNv4cLpTwuxwSCc,train,2,0
BYjohYs0QvMBJQSG,train,4,0
BZDBBS8zWdSNfLhM,train,3,1
BZsYTf8BnHivfgE2,train,1,0
BaFLJnpQsdGmU0Zm,test,1,0
BaYTvwbHPbPcv16d,train,1,0
BayKI3G7iytIBi9V,train,0,0
BbGqHhGYPCzkaLN7,train,2,0
Bbaoa2ffM9APijFX,unlisted,0,0
Bc9G3ZuYIFsKvOeV,train,2,0
BcOy1k1UHK8u51e5,unlisted,3,1
BcbfnoGMbJmTPSIA,train,0,0
BcyzZDMXNHAsLeix,test,0,0
BdQlRbOM6mfoE6JI,train,5,1
BdpTOWKA3SebIrY8,train,1,0
BfeqoxfMcUy7zNPH,train,2,0
BfxO9sCQpfPv3y0y,train,0,0
Bg9paZID0m86aI6K,test,0,0
BjpHAKRYlklfN3yN,train,4,0
BkMkklk8H2omHUYf,test,3,1
BlRLQyfXNsZpTefr,train,4,0
BlnVS9GQLMsLK6hN,train,2,0
BlrDp37eCZ32JgdP,unlisted,0,0
BnqtRsnOMqzGXMyV,train,2,0
BnzAM1HpE1wxOPxP,train,5,1
BpxlqhpP8bjTlZ7H,train,5,1
BqGWfSI0CYxX8rRb,unlisted,0,0
BqQ1fHU96vrhmnRm,unlisted,2,0
BqjxsMCIdyroEfN1,train,3,1
BrJqikL2qavDT7jc,test,4,0
BuM3VCVtq1WkwjyQ,train,0,0
BuYiprPfpJMMUMsX,test,4,0
BuakYrLhzYpacLYS,train,4,0
BvTl2Xitz2NzHZv8,train,3,1
Bwd3l6Rrj5nXHKmw,train,5,1
Bwm4qZqlcdsjfRGB,train,0,0
ByMsGK8ModbxgLOS,train,0,0
Bym1yYOsyWvp7oot,unlisted,3,1
Byz3qEzcJwiaGQV7,test,2,0
BzslBC3Y4o34xeZj,train,4,0
BzxUZaiHv8MZ6ev5,unlisted,4,0
C0BJGnJUYzHLYHjw,train,6,1
C18tnHtlhxYcXm6f,unlisted,4,0
C1o6OTTPxWLIVMmX,test,4,0
C2rgepkuUE8ULE88,train,2,0
C3A7RlNAwd2EZsR3,train,0,0
C3DmIUVlStm8Gjer,test,3,1
C3NGmXzmerBkRt83,train,2,0
C3zJah0kAMBkv9c2,train,5,1
C4SFhbOMZpTktJaJ,test,4,0
C5akFGsEmttD1KYm,train,1,0
C6FEuYkk6wKjbAf4,test,4,0
C8yDxvuQziUHnpnT,test,2,0
C94Hlq6Rw4vzLA8r,train,4,0
C9K4ImPGDT7fQpvw,train,2,0
C9hEQIppnkW8QSfg,unlisted,4,0
C9qOOry6xSnlxR0u,unlisted,0,0
CAx2gZonvl1KsMxE,train,1,0
CDtrEoWxOnwXjtC3,train,4,0
CEYiRYfDKn0ezkwc,unlisted,5,1
CEbvnVInnIHWqJEN,train,4,0
CEnWfjdx9JYJAKPS,unlisted,1,0
CF89W3oPEuK6tMmZ,train,0,0
CFkGXDeu7yxMBQNx,test,2,0
CFw27iS4gpxTmc5X,train,2,0
CGbZE5Gjmv7EU3Ht,train,4,0
CGrFUgbWEpGZlm9l,train,1,0
CHQRfhjzzSLgV75k,test,4,0
CHi1Ds6hTT62hC4B,train,2,0
CJPd5wE3TjeRwe9U,train,4,0
CK3BXkVrtvlCG2s8,test,1,0
CKB6GJz8mOQfk59Y,train,6,1
CMmUgt3PtqPMrZYZ,train,3,1
CMpx3N7NQR8vPJtn,test,0,0
CNHTI1HNkeokDoIh,unlisted,3,1
COF7FrxK3lxs4Thi,train,4,0
COiiH1kbcQw36u3E,train,4,0
COu4ZXPAYcr3f0X8,unlisted,4,0
CRh0AyMJVsgA6y9g,test,4,0
CRsjVZSijMs2yqOo,train,4,0
CRvdkgQZHH4wlfg7,train,5,1
CSjP6sAfQduefc71,train,0,0
CT24XlGj00CbNc7I,train,0,0
CUAk4AF4ywIyg1EY,train,2,0
CV4viruPYWcHYAP0,train,2,0
CVR2Vu4i90he5kCV,train,2,0
CVbXn1tXg153s78C,test,3,1
CVmicmbULpFyeYIP,test,4,0
CWGyJXyzMrnlakKn,train,2,0
CWX4uIjzHiUPNxdI,train,0,0
CZZoOwkZAoxMxfEZ,train,6,1
CZaeT06qk4B29Qib,train,2,0
CaQD4WWgjFGFXMAp,test,6,1
CaYVhNs8WwmRNS6g,train,2,0
Can6yHzdv70dzpcz,train,4,0
CanJxdpyZcvNukNG,test,2,0
Cb3Ce1pMHsJkjJ9u,test,4,0
CbXB4WkOOx3G8DUn,unlisted,6,1
CblDL5T5m4DfquSP,train,4,0
CcLxUif6suVAlmiY,train,0,0
CdOIRQzW6e3h0Ffn,train,5,1
CduRh5IjwfP6hYb8,train,3,1
CfMMap4JrNOJ00nd,train,2,0
CfUGhlXL85SIizAu,train,4,0
ChtGx4491s5eJoNw,train,2,0
CiMBCj2drfJBkNme,test,6,1
CiTAYq2kOZBejUh6,train,0,0
CigSIYxYJKn1wG8q,test,3,1
CjV4y2NWybIWrn4R,train,0,0
CjqMSdmi9iprEFes,train,2,0
CjuUcIPtu0UVlt7b,train,5,1
CkVloXN4ZVhEWyeN,train,1,0
CkkfgnI0yKcVGE4e,unlisted,4,0
CkqnGcDbeOSRVDyv,test,2,0
ClcLRzhcZlWmDlBt,train,0,0
Clt9zeMgR0MX0yuF,train,4,0
Cnq5UY0iyZ1XvI2E,train,5,1
Cnvnmk4EciGX0LMz,test,1,0
CoGoL6Rv6M21TQDi,train,4,0
CoUUBxj5EfFlDl03,train,2,0
CpWDKNQyvbF2ulFn,test,2,0
Cq6Gl8Soa3X8cKTC,train,1,0
CqDTg3xidpufOKfK,train,0,0
CqIayzgeS658l5AY,train,0,0
Cqslcuqd79Ox5f56,train,1,0
CrpQuvnD9Mvb6SiP,train,4,0
CtDq2hfkZRt0TSMc,test,2,0
CtyaslLp7D9gEUJ6,train,0,0
CuCtPVsBSutTqIjh,train,3,1
CuRjQ6Nivw05SWx3,unlisted,6,1
CvYCSqKrMcWijHsb,unlisted,4,0
Cw8GtsPT0zAZ7pY2,test,2,0
CwVZExFtWFuIVmoL,test,4,0
CwfudMPmLHoY7Xrm,train,4,0
CxQFISa58rg84b8S,train,2,0
CxcwMgF8Vp9SXKpb,train,0,0
CzrQs1cv7GouuT5a,train,5,1
D1dAPJP1aj3B0LQm,train,2,0
D28BpdL7EDoLP0GU,test,5,1
D2Otui6F7SeX7MnB,train,0,0
D2d30FsScZO7oMjw,train,4,0
D3I7rJCi8SIlLMDO,train,4,0
D3UuOLWU6rXF7Mf1,train,1,0
D4NdO18uVJ0pdqEa,train,3,1
D5XSEvJceRvI0r7B,train,2,0
D5sRIkeC8wLtO9BS,test,0,0
D6VOiydlgneQGSbB,train,5,1
D7Mhgjsq5lfeF2x6,train,0,0
D7jUel63z88qRu8s,train,6,1
D7zlLklBBBCG1SGa,train,2,0
D96jItjzHdYMiGYj,test,2,0
D9ULJsIWDcsvbALO,unlisted,4,0
DA0BjbsDhKyaLtcP,train,2,0
DAixK7a17B1ka1cp,train,2,0
DCFArKfpzUfA2wCA,unlisted,7,1
DCWI3Rk4cvG63OjM,train,0,0
DD4bSMia6ChfZw1k,train,2,0
DD6YIXesvysCUs1p,train,2,0
DDS9G3HIZL74kPT5,unlisted,4,0
DFlEV3PWIZgcxbN5,test,2,0
DIgJOd9EDN96TZrN,train,1,0
DKOOliqFzP47JBCc,test,3,1
DM6NmIPMu7Ktx45J,train,3,1
DMkCJDyC8I0kpzaO,train,1,0
DMqXRRRRo0oWFN21,train,2,0
DNm9Sli1fLeWqpNT,train,0,0
DPEGR3Rb92xvQ6Ni,test,5,1
DPsYv0RW59CVFE6s,train,3,1
DQWJl4bOTH3lKFnQ,train,2,0
DRrNfG3VubxS4I49,train,6,1
DS6LQ5sw9FvKvNKx,test,2,0
DT8hpS05OChwmqkD,train,3,1
DVMxASJ6EWIZQ0nW,unlisted,4,0
DWqgEONeGrOHabYd,unlisted,1,0
DX6jCOyJkMCWug7r,train,2,0
DXRVpURLXmHvRSlu,unlisted,2,0
DXUacbe6LQd947cC,train,5,1
DY1VIAVi8Malugvm,train,5,1
DZmrW3qZ3vHPbQeN,train,5,1
DbjyqbBiZYBayCsT,train,3,1
DcNLdUmhCYjgO4eY,train,5,1
DcZFPjycVkDuEUGM,test,5,1
DdPdFWMBX77PVnnS,train,3,1
DdeGnixORSYzyV3e,train,3,1
Df05Zk1Auy9wy26S,train,3,1
Df4U8pt1RP853mVW,train,4,0
DgI4YduYOemEhCfE,train,4,0
DgpBJt9XgaemjQGY,test,2,0
Dh6qcbVPqLpIX8Je,train,4,0
DhHiFWxTsJUcfuFh,train,0,0
DhMVyAAB8eaiuVz6,train,4,0
DhleKLK9m2SP3MYf,train,1,0
Di5Y120oFRllvWLn,train,0,0
DmBEKU1M4df04aiP,train,0,0
DnNQujp3jIx9xwJb,train,0,0
Do9613kZhc4ERTHH,train,2,0
DoCgLHZTPOxW7RRh,train,0,0
DoDxvmRTqqMV7bih,train,2,0
DpdlLsdBKu0E6kwk,unlisted,6,1
Dqt2gc3V5RJqmLE5,train,1,0
Dr31M63JkeHjCs0q,train,2,0
DrK1dDNCFLBe9kbJ,train,2,0
DrXnvg6YsMiG0Ami,train,1,0
DrmTMDskLiu9bhd3,unlisted,4,0
Dryhlp9QfMSQacjs,test,1,0
DsvZ7m0DhsCp91jc,train,0,0
DuhMyELYl4KAbvHB,test,6,1
DvQeSLnqy5pHMbhj,unlisted,0,0
DwS1TYtzN0Z2lApl,unlisted,4,0
DwtPoCmS3r1E9yrk,train,0,0
DwzxugkG2XZGR4NQ,unlisted,3,1
DxCYNbmkma07JHId,train,2,0
Dxd4MRxqBvRsX0bI,train,4,0
DyDYB4NNgvP8RYbD,test,0,0
Dyt9UuHRdIsmfYNA,test,1,0
DzEdkxt9ygAGq6sr,train,5,1
E12gV2pyWpvLfWQZ,train,5,1
E1ZA3zeU4p6II2Bv,train,5,1
E1wABUuaPveIUGB8,test,2,0
E2GxFys3BmMepJY9,train,0,0
E2PaFExaUJJ6X5tK,train,0,0
E2wmO30KzCnDNqIC,train,2,0
E3Hve79LWyfaAO6r,test,2,0
E4lyNbnRlAPOwugo,train,4,0
E6pN7TkoUI3vPjci,train,2,0
E7Pg7oPRsPBV4YpO,train,5,1
E7vWy2SIGSRAnVFf,unlisted,3,1
E8AKQyIb5POysx2T,train,0,0
E8IcGwz3RXlDhSHD,test,4,0
E8hw9Y6DA60PTYVz,test,4,0
E99qKJJ450VvOQuH,test,2,0
E9XebLeaqnc7d8Yz,unlisted,0,0
EAH78GYbkMrS9isc,test,4,0
EASNjYXyJK56LqCo,train,3,1
EAueXWMeYEOc6SJ2,test,0,0
EBYdY0NQbMmFg6As,train,2,0
EBz2UXZYeIoay9S0,train,0,0
EC06U91KV2mZpop1,train,3,1
ECJo1rCf9VaAlQIo,train,0,0
EEx7wKwCYpV6WYus,test,5,1
EFmywgHIrXMhNI0A,train,3,1
EFxKnxYJBen1XtfF,train,0,0
EG5bhQ7Il9brYnp1,train,2,0
EGV4gzx5BaHH9d4R,train,5,1
EGnz2Ohw1OKl2yAH,unlisted,1,0
EHBoK6f9thISpuLc,train,5,1
EHkQzt3GEhocddlv,train,5,1
EHyu9lD6IvIwRX3U,train,2,0
EIugZ0MoUwTSPJ0o,test,4,0
EJdMU1iWEarxip2G,train,0,0
EMMr9Uqpm1hFIkCo,train,1,0
EMV9gMy14NZQdM3e,train,1,0
EN5kwPjL2GuHxy37,unlisted,4,0
EO27lyMGATma5YfS,train,6,1
EOJR7CbyO0EOBnvp,train,2,0
EQHCwqh7JfwBnjzG,train,2,0
EQUdngFutoHbXl4C,train,0,0
EQibNiweKich2JjJ,train,0,0
ERaEE8rxTrsEUS9Y,train,4,0
ESMjxXfpkFfRNv7W,unlisted,2,0
ESSDMSv2LK9vNtAv,train,4,0
ESihEQoTsaT6ltiP,test,2,0
ESinjOrHCAp8lNSc,train,4,0
EWTbtJTU8oYyqO8H,unlisted,0,0
EWp9oeq7xryUVSfx,train,2,0
EZAP4ZkhiSUd82kg,train,4,0
EZAmggQBwBAD3UdR,train,2,0
EZZYGdgGK3gwBREm,train,0,0
EZnmQEEEnglyJOOI,test,4,0
Eb1qyuyIKyLG5E7b,test,0,0
EbTlwNNBg9hZsnu5,test,0,0
EcHnOOBJVlRgsts2,unlisted,0,0
EcUKaAQQEBgIpXDy,test,4,0
EcguequVLKjbg3zB,train,2,0
Ecq99AlkzRH1gDZf,train,0,0
EcxuqKeZl7OQexfB,train,0,0
Ed3OLL8NeE4mGh3R,train,4,0
Edih44tQyeVyN1VW,train,2,0
EfSiVMeHrlSOPxeU,train,3,1
EfkPD3PS7A8mVOJ7,train,2,0
EgRt7NnKRjukmXzY,train,4,0
EgWN17YT5B7hRLLO,test,4,0
Eghoc1ylfWSZepBN,test,2,0
EgyxTNBwXzzXDAsc,unlisted,0,0
Eh21dBzhzMdoB23D,train,1,0
EhRPgubAjRLh8R7D,unlisted,0,0
EhXbwiKGRCFaCPsw,test,0,0
EiydESkX1Xa8grIN,train,4,0
Ej4kqc5u7U7xZ05p,train,6,1
EjBHn3N8xcXDVSbw,train,3,1
EjlbJPOEf3k8WhHL,train,0,0
EkRIZETw3zQFKJhQ,train,2,0
EmgbnkOsfE2htYzE,train,2,0
EmuCWqijn9nSjj8k,train,0,0
EnSU1hjHkeOgYelz,train,5,1
EnUTikV903RGpAaR,train,0,0
Eo8oj35Nq6xzlS6Q,unlisted,4,0
EoC5ibXpPFyo8JGP,train,0,0
EoHQ7byDN8KyDQoy,train,0,0
Ep7XOjODFkBXrIPI,train,4,0
EptOJOXudVpa0Ul3,test,3,1
EqcXS5pEGrSRiT49,train,2,0
EssFfWBpNjUGlprX,test,4,0
EssQg9LFxQrzySZg,test,2,0
EtMvsxaHLQRjdpG0,test,0,0
Eu1lFwsPlTGT6Q3m,train,0,1
Eul9z9usVSOF9KYp,train,4,0
EuneR10nT6yJxMmg,train,2,0
Ev7vcuBkqs10IfIV,train,4,0
EvpaaQf6h1KQFj8f,train,2,0
EvsGkfrxTWAxOQpj,test,4,0
ExXxCyDlMNehTvsL,train,0,0
Exy6jl792cJZ6TVP,train,4,0
F04TJpsiXPaAqmmQ,train,1,0
F0a8LG9h4zA9I6Jg,unlisted,3,1
F11cuBXGia2Kji23,train,4,0
F155sXZoMZwoOmNq,test,4,0
F1fisvUwngkS135M,test,2,0
F2FIZaM4FpnLQEDA,test,2,0
F3A5l57g0TlTmzZc,train,2,0
F3keWFupvrdGoJPy,train,2,0
F3tXMXZsBStvOrPd,train,1,0
F48i2GDrmZhvkUDP,train,4,0
F4RHudZS46CH3P3B,train,3,1
F5QqfPIylx4yxlCc,train,2,0
F6JPT9bRoDJLXhQj,train,0,0
F7Ff2FSbmcwAGC6d,train,2,0
F7sQuqZrOL8icusV,unlisted,4,0
F8DYDDp2AvW9Dytw,train,5,1
FAEf3t1KKRIBpjJL,train,0,0
FBSkhm8rAWfzrRye,train,5,1
FBY4HvubFGNy1CMn,train,4,0
FBafS13DwW9hTVI4,train,3,1
FBcEZIhR3MuhztHq,unlisted,2,0
FCRsomVkB0HZYmfL,test,0,0
FCbXuoztr99Zp0q9,train,3,1
FCmOu9MxySZKRhL0,unlisted,4,0
FDZTQmdY5EK7aKNe,test,1,0
FDefJQpT8CiE0r1k,train,2,0
FDsTfQViFsyMlYeg,train,2,0
FDwWTjwT3PDjoe0y,train,0,0
FDyW22kvuankOw1a,train,2,0
FEDa5UEwbgmKPRNn,train,5,1
FEVA71vTB460g0kS,train,4,0
FEz35iQHIZ9nA7pB,train,4,0
FFKBizRmG6YLy41w,train,3,1
FGqBCNFdUaJPUobP,train,5,1
FGqIvZ3IIb8WcB46,test,2,0
FHG7GCU4ywBS6NN1,train,2,0
FHXdHOGWUA6TTWBW,train,0,0
FKOPnbAgZILi4d5a,train,6,1
FL4pUG4QHK1r3MfZ,test,3,1
FMEaIydt5PpDWE6w,train,1,0
FMYpONJZafXR4kk7,train,6,1
FMjaCrdxgZU0SJ2D,unlisted,1,0
FOmb8iZqYl5yPTBi,unlisted,2,0
FOtNoBz2R7ouETXU,train,0,0
FPk3HElE5yaQ8evo,test,4,0
FQJmZRFAvKe4v5n6,train,2,0
FRIAx9BfMq4iv7wP,train,0,0
FRfkhhJBd1PeIf5h,train,0,0
FSKowlCvAxiSTbIp,test,5,1
FSdjngDqO59ciHVe,train,1,0
FT6Ce5fuMjeirNOL,train,4,0
FTCPos0CDsLACHVs,test,7,1
FTDi9TG3HhSnDEcV,train,2,0
FU6KMOCDjjkjSBt3,train,3,1
FUKD24ixh3HsSPdD,test,2,0
FUO0E7y7dkKS7MeX,train,4,0
FUQEsJR1UFDadEJJ,train,2,0
FW5y9kxYp3OGdN6A,unlisted,2,0
FWAXypQCUOknKU1w,train,4,0
FWOuOEGP3JjXSYEm,test,5,1
FWcmR3ONfKQcuAzW,unlisted,5,1
FWiyneKLYWwV5Py5,train,2,0
FZBVZ6t5RMiwQg1x,unlisted,0,0
FaZXVwKpNADcg50S,train,5,1
FbnhJavmQZ3XmMzk,test,4,0
Fbs5fvY9uFI8OgpO,train,4,0
Fc2mtDxzdPf31As1,unlisted,0,0
FcHUopweYWXs3PQl,unlisted,6,1
FdDiiIInrXf9noZw,test,0,0
Fdt7T4Se6Efa2PnS,train,0,0
FdwaNDvtwgaw4Ulz,train,2,0
Fe9mdOj8niflLJ1Y,train,2,0
FeLiTY30QJJMiWc3,train,5,1
FfiGe2YrqiNrr2qa,train,2,0
FfnztA46TmvfV7tu,test,4,0
FhDr4mbP9BZJ9JhY,train,4,0
Fi52OHIUuYFtqJ2K,train,0,0
FkpT2I6BeTwLxkHT,test,5,1
Fl64IP9dHc12e80Q,unlisted,4,0
Flru8wo9Z6pF81xR,unlisted,2,0
FnOZlU12Aa09LBGv,test,0,0
FpfJWaSUA8niwspP,train,2,0
Fpnm20jSTMSEnYRi,unlisted,2,0
Fqf3irUQh9wZfVYo,test,4,0
FqhTkuo9eQmEQNu2,train,0,0
FqnUnttigcAxe3cZ,train,2,0
FrXIHB1GMLzM3aHX,train,5,1
FrkKWbzQPMwjlko2,train,2,0
Fru1svJKiK2FYv5R,train,4,0
FsT9ydZvj0Tn2U7Z,train,0,0
Fu5kdPpStqCBvcrV,train,2,0
FuN7WNHVO4cRgYef,train,2,0
Fv1ocC4AJ3g55alZ,train,4,0
Fv5y4eN1BVg2DyxO,test,5,1
FvcrsYHZbzPpOlqr,train,1,0
FvmjiTF3RN7N21FS,train,6,1
Fwg9lqEBraadyHCv,train,4,0
FyUVEaQ3WFOaaikP,unlisted,1,0
Fypu9Ug43sGDqL2E,test,3,1
FzqSW36Q3MO9S6aK,unlisted,0,0
FzxDIA0BfcSPdcb4,test,4,0
G0JY1qL5SUuMe2ly,train,1,0
G0mct83aOEEU5VUx,train,0,0
G1cw9x5B7stZeLKV,train,1,0
G242FnNJQlgWi5v5,unlisted,1,0
G27BsuyuWl9jc08V,train,4,0
G2YBATvi8wUqJmFs,unlisted,2,0
G2uCGWo7RFvAQZJe,train,2,0
G3iB7r2iLw39gGvl,train,0,0
G4eFqSu5iDoY6wOm,train,4,0
G4hbQz79mWiYA3CW,train,4,0
G5dWX1BFcGU9MJEc,unlisted,4,0
G60ly3eQ50XebPmu,train,0,0
G6SmCstI4K5kmWN4,train,3,1
G7WoVUJi8mFdQVIr,train,1,0
G8Lbj4koER0KdcT0,train,0,0
G8d6QxzjT2Bxyxas,train,4,0
GAg3RfvBZ4R1YXWk,train,6,1
GB16JC5kV3ECqWp1,train,4,0
GBJ0CywolBMaKF2U,train,4,0
GBtoxJZpbLFuomSy,train,1,0
GBuYg6OqB1AZdYYg,train,6,1
GCM7Xs9aj95zjcHw,unlisted,2,0
GD1NmcK7jRxl2nMd,train,3,1
GDAdNAC8oCkxcdKp,train,6,1
GDHnebmgqZZwW6yr,train,0,0
GDeNTNsjvd3QvKiQ,train,5,1
GEFkleWBRtg73CvO,train,0,0
GEitygznamZYXspH,train,2,0
GEondblFO0ypTiZD,train,3,1
GFJbP9EWpEzQORZE,train,3,1
GFTUj76mYVZJ0w2H,test,0,0
GG9HzzxNtIeSIjDl,test,0,0
GGwWCJCH6lY4H82a,train,6,1
GHWUi1MuYPH3zSGZ,unlisted,0,0
GJsLVh4T2uVbGKiP,train,0,0
GKwgBzw26d7g4Idd,unlisted,6,1
GN5yRY49nn0EA5Vf,train,2,0
GNRUSgrv2q7IfZeJ,train,3,1
GNSWseeItON6g9oP,train,4,0
GNlm2LOOjohizcrm,train,4,0
GO49cIVF8M8RNgVN,test,2,0
GP88oBquqOJCxWNC,train,5,1
GPaHryMH0WFniKYD,test,4,0
GQcMz6lRsraAnbYA,train,4,0
GRR4IShzaNm61VaT,unlisted,4,0
GTjQijyKVrd6UOxT,train,4,0
GTrA1EEpDJjym6MG,test,4,0
GVLnO1lH62DXnj7Y,train,3,1
GVMRRw5P3xChphZO,test,6,1
GViYjblidreaAs5K,train,6,1
GVoC0QJfKhKcFsN2,test,4,0
GWHz0OHVXA1ZvySQ,train,2,0
GWq728X2oFCfrZbm,train,0,0
GYeOAWWpHPsKpWVA,train,2,0
GZwQPAMCD4etmRnS,train,4,0
GZz5q3NK5n2mQLCr,train,5,1
GaXcrfDTithUvvp8,test,4,0
GbgzzrI0akpBiId3,train,3,1
GbhVQDlYl1zcfA4T,test,4,0
Gfj5aLLxRPDyuClG,train,2,0
Gg5opb7EorvpO51R,train,2,0
GgFMoSscz2vQkSEZ,train,2,0
Gh9CnJ3UB9Ig6ywl,train,6,1
GhEQNrYfwYfwlyZm,test,4,0
GhoijlwDxbqeikAz,train,1,0
GjqXnDwNzHVzIRBl,train,1,0
GjteTqbIfCciHqBe,train,2,0
Gk4RVw5UbHuvLlvY,train,5,1
Gk4aEhw7tJfJuhoo,train,5,1
Gk6JNu4U4YradfFH,train,4,0
GkGgCLrFEKwa26Zc,train,0,0
Gl5sZCEmnT41Ke1i,train,5,1
GmFC4yErKMBfWBZx,train,0,0
GmJt9luZoy6Z6O2t,train,4,0
GmLW0M416cgx4aXQ,train,2,0
Gn503tm7wISRQxNL,train,6,1
Go5yxAEaDOgLOSaw,train,6,1
GoNsIWYStkjAPBmf,train,1,0
GoUonzsWECa1qgoT,test,4,0
GpdWKDxZtlUXt36F,train,2,0
GpnbzEPCQnb0zESY,test,2,0
GprQFnIiU74KKEpY,train,0,0
GpybFUz8xWITgCoK,train,2,0
Gq4CWs9eprah6N7i,unlisted,0,0
GsOTGXABSzfOIINj,train,2,0
GsPit4Mv2VNGJOeP,unlisted,2,0
GvOh4O9I6ZW0Xzlz,train,2,0
GwhdWP8hCtKVaDvp,train,4,0
GxgYU1FzKRywT0Kx,test,5,1
Gz3qWkBCoXbkkcNK,unlisted,6,1
GziX2H4Kblm41m1d,train,4,0
H19wBvWYnpXETEEY,train,4,0
H2hsfWkrC5Gj1Bf8,train,2,0
H4NfpEOVQ9QeROIZ,unlisted,4,0
H4klGVFJaF6mNdc6,train,3,1
H4rKYUX1mFJpdBnN,train,0,0
H66Ktb4aKQtyv2W3,train,3,1
H6MlB7cGEGI4lZ6J,train,0,0
H7apSyvEOSFqUs0M,train,2,0
H7hBCkmIzBvQAc7z,train,6,1
H7nLSXKRFVK1ITr1,train,2,0
H857L596Lv4Ck1MI,train,4,0
H9erbIk6Il8sW1zt,train,1,0
H9jmm42cKDbfMZLI,train,5,1
HA1JbHZGpvHTVx5w,train,3,1
HAeGBRWQSOHV9mWa,train,3,1
HBVE8TrgzoFXficz,test,0,0
HCtCrb3CmNEjKOAg,train,1,0
HDL0unei3SasaLus,unlisted,2,0
HEJ0WPahQwCp5PN6,train,4,0
HEbMU8OlL2vgARkJ,train,3,1
HFFQvkSPmNLNB11m,test,5,1
HFIc7CiaQib525o7,test,6,1
HGUACxe3JvWF5gfB,train,4,0
HHNyyLNTFjF92S7o,train,0,0
HHdZIxIoS8HkxkgR,test,0,0
HIj2uiUAP18MK9dT,train,3,1
HJ2Xwzk4i7vJZ6ZX,unlisted,0,0
HLqlds6yyR3rY5V3,unlisted,4,0
HNaxXJWmBAJmsJjy,train,0,0
HOB6EEZcBBFiSfMU,train,6,1
HP2oj8KXGCyZSJfP,train,3,1
HPq1KE5sLNCNMduk,test,0,0
HPvWOlCY08BG2lbK,train,1,0
HQ0PKoKTo53SPwcr,train,3,1
HQ9Yj6u1ZqOHdvSD,test,6,1
HR2juRvjapl87R3U,train,3,1
HSFHB8bewdGTWOZo,train,3,1
HSoPMtZD1yr8UAVR,test,6,1
HTQfHh6gZ9MNrlJh,train,1,0
HU6V46tBJK4gx5SO,test,3,1
HUV2Ush1Y2DhwLtS,train,4,0
HUsPGxAo6Fffs2jM,unlisted,2,0
HWLoLuYn7bKAKZcA,train,0,0
HXKmWxKBFOLZlZ84,test,6,1
HXQ2351MEhrRHUOb,train,2,0
HYRx8bCjXaTZH8ef,train,4,0
HYZAZH2isRdweAyw,train,4,0
HZUrL4Jfh9HQt3ZB,test,0,0
HaNZMnCexgNoe7C1,test,5,1
HcXwlH2nZMX4c23v,train,5,1
HcvPbeEg1ZAUtruW,unlisted,0,0
HfOYQS2TRfhUooYE,train,6,1
HggUoIymmHQpKO8l,train,4,0
Hgh822JOgta8v6fS,test,4,0
HhA9GETIUwfH0Rw7,train,2,0
HhqEOtmx4d3QnhpO,train,4,0
HiONGP1ENdIV1UBQ,unlisted,6,1
HicggXrQ3b0yZwkS,train,2,0
HjJV9Fio5RO2jtOt,train,4,0
HjhxtxtsFbYjjYLA,train,2,0
Hm3L8CPAOjdUxoOr,train,4,0
HnSnNdgKUOHfEUSM,test,2,0
HnZzJDtDEU2FqaDb,train,2,0
HnyADvkxtUuX8KMf,train,2,0
HoNnFFE5iVXCVhxq,train,1,0
HoaT5mQrRj40OrmD,train,2,0
Hpbi7Ib2eb5tgNs6,train,0,0
HqF4fpMhXZuv1LVy,train,4,0
HqOtrddjUF0qXGMq,train,6,1
Hqb4MdJdRxgka9Ha,train,2,0
HqirFgAsKeLhym8R,train,5,1
Hrp7PnLhs5fLTJhW,train,4,0
HsbgVBOEDYzLjSS3,train,5,1
HthoIQphlDBcFIXp,train,3,1
HuHf4M1n9k8O1rTj,train,4,0
HuV1H1NtMy4eClgx,train,4,0
HuVNG1r8qr4cJJQK,train,2,0
HudZ7iU6IrFELJWk,test,3,1
HuvFXfZYDtMQcZxH,train,0,0
Hv6K4FDDKcVfsP46,unlisted,4,0
HvK3rsfAs0KpngX5,unlisted,5,1
HvLmggaMTeLY1m5K,train,0,0
HvrcCadJqWfvKTf8,test,5,1
HwQ8QbZvAxOgpou4,test,0,0
HynOjJeaR6QFQVWa,test,1,0
Hzw03wFYE4MaG4iC,test,4,0
I1af7W2pkAFEn3z5,train,0,0
I1vWDPlR6gyLPAAA,train,4,0
I2X2hstEsqnaVOKz,test,4,0
I3PH4MroJmchtJQx,train,5,1
I3fk5Kh0yowPdtXK,train,0,0
I4xHG6r1kq608E9Z,test,4,0
I5K4sdW2zizQaDZW,test,4,0
I61wKPcFqjMrftjQ,train,0,0
I7fDan256kRgfMka,train,2,0
I8LB7Medjt2hKG10,train,1,0
I8qUb66NZYXfekjv,train,2,0
IBcVBCmLJoTq5t7I,train,4,0
ICzejSWKCAFyjh8O,train,1,0
IDAdn1Ay5XL8Sb24,train,4,0
IFTKtE0bxvRhALtY,train,4,0
IFoUOxihLMHby8Hq,train,5,1
IH5QQwbfUPz4XYOk,test,4,0
IHNOeqOr7r3sMGou,train,0,0
IHqrQwinzqL6qeg5,train,3,1
IIFtuTS0GCfUQidO,train,2,0
IK6Sj3pSSenjqBwM,test,2,0
IKcZa3Up0dediCls,test,0,0
ILk5vZCht9c2ivd3,unlisted,2,0
IMAXPyAav6pslHfy,train,0,0
IMJvEoKbI5o17RTv,train,0,0
IMu6t28EGFyW31SL,train,0,0
INWVUFR8NU0fCC5X,train,0,0
IOxDWxCLb4oZUozO,train,2,0
IPHTeLyRAtZxkmh0,train,0,0
IPJBSeE7oZZiZCDA,test,6,1
IPQmeLjgUnrlqKgi,test,4,0
IQMKHtjbbol8y8Zv,test,1,0
IQUTEJsjQSEEvguo,train,1,0
IQUixJmlce5rZ7nv,test,6,1
IQd2lStKyzHNKTkp,test,1,0
IRZ1PJjrfMTLz8iB,train,4,0
ISHJmN4PkpDvMUa1,test,0,0
IUFterkFGx4oOeqg,unlisted,0,0
IUFvwMO5JF7uK7Vl,train,5,1
IUKKNzkyMDYaHoIB,train,4,0
IUM1u6t3dwIsQEqp,train,1,0
IUzcfFXz4SPEQ3HC,train,3,1
IV1mn6z8vNWCtF4c,train,6,1
IVK2rYz13o38mI95,train,0,0
IVNDje4W6Uv4r8cy,train,0,0
IVzplfIgiUjOFB5r,train,0,0
IW54w3ffLLc6zuWz,train,1,0
IWAv1KhIW9h31KY2,train,5,1
IWzYVDhhIHeAeHkV,test,6,1
IXeRCMikOsgQNNYD,train,6,1
IXifTv5f5EXvbU7F,test,1,0
IXmIF2nyJc93DlMz,train,3,1
IYhLlV7atXIEFcBF,train,4,0
IZmaF10bxns88KBU,train,2,0
IZoWOOJLunpCyJqh,train,2,0
Ia2gBi4qUxWzxczd,train,4,0
IaUg7n6G2TExSLlC,unlisted,0,0
IaygaH6vYpZDcaFd,test,3,1
IcNepOR6soVfBgWO,train,2,0
IcV9e4NMcpsjh92X,train,0,0
Id34joOtZXOrwBGs,train,4,0
IdQSTJXDxzO9pqVs,test,1,0
IfQTg5dN4VAxNJtQ,train,0,0
IgAEcrBJSBeefq48,train,4,0
IgKMWZY92AI3Z87V,train,1,0
Ih7yfJs1ON43xKmT,train,0,0
IhAEG37ayOy9PrQo,train,4,0
IiyM82hgznnhKsl3,test,2,0
Ij8EjOnuKcMXyd7Z,train,0,0
IlPuVdIbd9tymw9I,train,4,0
IlwUYQ7OzkW4tClJ,train,2,0
ImOM63C5fDa7vWLH,test,0,0
ImvmRvqtV0XR2rmT,train,4,0
In6yamaGE4Xz6sD6,test,0,0
Io8bxxFnDgmI22HE,train,0,0
IoI36CjYREOjvG37,train,4,0
IoiXeRbPkMfAR40R,train,2,0
IpUJuaGVnpkEgbtu,train,5,1
IpxyMLLEWhlwjXc1,train,0,0
Iq5zp4YLjPVsJV1Z,test,3,1
IriYg7VRBnc5QKda,train,4,0
IsoozHEv1bLiWAmk,train,2,0
ItrTMIJYXZpIamCO,train,6,1
IuQEgdM6nmIWxnca,train,6,1
IuScGN56J64MF0Fq,train,0,0
IxDaXOGyUl4bN2xX,test,2,0
IydfuYEg2S4fYFhn,train,0,0
IzB9V7t2TzLnBvy4,train,4,0
Izfwo4nQvvxsn8WN,train,4,0
J14FwODdOoPbXjLm,train,2,0
J1D4psT3bffqNZMF,test,3,1
J1bJkWkzEKLdNAQz,train,4,0
J2qLXsmQ2V0qV2uD,train,5,1
J38BJHO9CIzbRlco,train,0,0
J3JjhcaKMzIJ8ftn,train,2,0
J3ZY5fFgDuk7sker,train,2,0
J4KOSmQEGwNxO8rf,unlisted,0,0
J4SvuwgRzKUnkTsc,test,1,0
J4x1A16zD9W45cyo,train,2,0
J5GjDUWzL8Q72EQO,train,2,0
J5KfNh4GYWEscu03,train,0,0
J5TaRgiDEei4CFSg,train,5,1
J7FZ3a98BRG7UiEF,train,4,0
J8iJSvgJhRA8eOlY,test,2,0
J9LRgpWJPYitKACf,test,4,0
J9MsSs7voGfhJbOJ,unlisted,4,0
JBBP5cmkribqYZrQ,train,2,0
JBC2x4zE8x2nXYu8,train,1,0
JCHhUaZ8t20I9clH,test,0,0
JCf67Jruknx0QrV5,test,4,0
JCvY3E97yfFzxRFk,train,1,0
JDM5gqB6wLwgfPjb,train,3,1
JDOK60RkT379FsR1,train,3,1
JDlXxmDfFicRhuop,train,1,0
JEC02trNKktyHCQf,train,2,0
JFMZ8R4DHGG3KCwR,train,0,0
JHBUYcVNBRLiuX8o,train,1,0
JHmacWLZLvriJG8D,train,2,0
JIQ0Aw73GmQV3rGm,unlisted,2,0
JJEqtKwXTzVi23Qh,train,2,0
JJH5OKhEHRQPFYNe,train,4,0
JJQXnsecoqfrfmWe,train,4,0
JKJmeJDobQZKxdEN,unlisted,4,0
JKn32AwiMqr9EXhA,test,4,0
JL1oKf5gzR0VtxCP,train,4,0
JLmKe90iL983w3zw,train,2,0
JMBlXjRtNtO7DAqP,train,5,1
JNBBFAduYBqka0Y7,train,4,0
JNP2IGx6PkqK9RLe,train,3,1
JNTDkDq4aSufqPSp,train,3,1
JNm74xWqztzn0LIS,train,0,0
JOeej3h27a9peXXY,train,4,0
JP5jNnH1qsV9chpt,train,2,0
JP9S0Ib3ZtMFcqAr,test,1,0
JPSW8dfhKxaNl2D4,test,4,0
JPb5ggmdHu4ingwz,train,0,0
JPuVzWwX0l2F2fvw,test,0,0
JQTFjmsn9dLVIdVu,test,4,0
JQktFseZsaDcns0L,unlisted,4,0
JRHlvie8k6QHTIyB,train,4,0
JRIKEEJ2kGdzqFLy,test,4,0
JRNzJqAcr2h77TkA,test,4,0
JRqJbHCa7ShEaSGX,unlisted,4,0
JScl7G7twDhRJAK9,train,3,1
JSksWWLlka0YlG9Q,train,5,1
JTsliLXyZ3W21Avg,train,1,0
JTuyMHsDGMBgYSh2,train,4,0
JTzxxb8PFHq9y82J,test,4,0
JU0SngC9joWB43Oz,train,0,0
JU7lRwk3jKkus24Z,train,5,1
JUEBOXkOya4l4nvB,train,1,0
JUgQhXGbQJZlKPVo,train,3,1
JVJAVgXOKwRDSQB4,train,0,0
JWIyD7u3mSpKyo2X,train,2,0
JXvDQG3KwYLhxojT,test,2,0
JY0OpAyLZUqNHpwL,train,1,0
JY58PuTT5jK3ryWL,train,0,0
JY5Qoovx8wzpGxLJ,train,3,1
JYLsF4viYG8LEZ0k,unlisted,1,0
JZOnaOmSsqYettGJ,train,0,0
JZznAupATPigGLqu,train,2,0
JaRa1eaAgHgRCwoU,unlisted,2,0
JalL0RUsqS0y41i5,train,3,1
Jb8UD8TnCZs1Se02,train,4,0
JbFpBA7V5XTOtK9F,train,1,0
JbgvUPgFAtjL8A1S,unlisted,0,0
JclfPGRJ7NobyoWw,train,0,0
JdAQeZUNdjipeRhz,train,0,0
JeGsv8hZG9q4I0YK,unlisted,4,0
JesQeqgmULF8vwiQ,train,2,0
JgIMncrZ5zQhy8pJ,test,2,0
JgIamBHMnGOjw12i,test,3,1
Ji6nDFkgdNdEqsqE,test,5,1
JiWKnJ0vqSO6cOQt,train,3,1
JjQrbFo1Sop4oCPZ,train,4,0
JkqH3MB9n7IWUSmT,test,2,0
JkquVmebUGfiqzt5,train,3,1
JkxYplcXJVmRUe4W,test,0,0
JlON8x9z7wzkeL9k,test,6,1
JlP2c9UFYbd35fuM,train,2,0
JlzbYfPICETEYNWw,train,5,1
JmDPCOtpw6rVd9S2,train,0,0
JmWAisJCtGvzln0C,train,3,1
JmpTPeFLn4ysPFbH,train,0,0
JnzsFi3ktxuXG6Vg,train,6,1
Jo0kBr6UGMFTfR9R,test,2,0
JoCtrXreXFkorwBX,train,2,0
JoLoaeTOdoe5c3ve,test,0,0
JonvoMhcg9ygkwYX,train,0,0
JovUywgX7DLZ2ZQQ,train,2,0
Jq2WcfhGtx9IkB8Q,train,4,0
Jr3DGXRYD9fIe2Nm,train,1,0
JrZDCLuTqeOYCAFu,test,0,0
Jrm3V9E0DcaSAlZF,train,0,0
JsWJIlzNSemffTM6,train,0,0
JscFzFGLUN7R503F,train,4,0
JtHEKW0GOMAVmfKB,train,6,1
Jtc8PJLiiOEbz35K,train,3,1
JtjqXHE7PQkKIdQk,test,3,1
JtmqSuzyofeo7IJx,unlisted,4,0
Ju8y4IxbU9BWyr9G,train,3,1
JugSMoVMoiDSkWFl,train,0,0
Juja4QeoXylzQdGY,train,0,0
JumTzaXOgEs7oSbq,train,5,1
JvQhAw3Q8WB36Ud9,train,4,0
Jw1pjbJLuWokZ90y,train,4,0
Jw7OQBmnEwK3GSUr,train,6,1
JwhvDK1SfK7Dfh6f,train,2,0
JxHf6h08dgsycimX,train,1,0
JxhWrKoZB2JX0NNR,test,2,0
JySqF9qa4X4hM0jO,train,6,1
JyXOOL0HLrGqHeDa,unlisted,0,0
JypGYYZSsSQd7yyA,train,4,0
JyvxZH143hyDwWNl,train,0,0
Jz4fqVSNJsjxc2DN,train,3,1
JzAWIcVQ9v6JccdT,train,1,0
JznYIhpa8mjVZAit,train,3,1
K0I5shzXqoC7CcOP,train,0,0
K1fvJx6TQtPk0ool,train,0,0
K2rVcYAxzwUGjpVs,train,0,0
K3LdBxXEseSALJqP,train,3,1
K3wkW2JO57HZNxMr,train,2,0
K4umY4iXi2obEjr5,test,5,1
K5HZKRNjh8WCl8kn,unlisted,4,0
K5PARWBu0ummdZFF,train,4,0
K5cQe9X4rTsUEmZr,train,0,0
K5v8nXaRCkE7UEiH,test,5,1
K6cnTsJmYdJisfnc,test,1,0
K7adREd0gFJVxbUl,test,0,0
K7ctdXb3lrgRCcnz,unlisted,1,0
K8ffUF0eWIXiiQE8,train,0,0
K994HGIwPRbfcxxY,train,4,0
KACX04e8SrH9bmTX,train,0,0
KAoQXDog96R5bbIP,train,4,0
KCFpHxr8TzAjm9io,test,0,0
KCqrk0do3UzdEI6X,train,0,0
KD68cZWg4wQ79klh,unlisted,0,0
KDplmTJgwsvviD98,train,1,0
KE362anQi9brmPtQ,test,2,0
KEQ0MPI21nyCBbEt,test,5,1
KESv3dhVLRGVTdSn,unlisted,4,0
KEysBfo9AJrEs6SI,train,2,0
KFHUOFFZl4NoTsma,test,2,0
KFflEKofOcIj4ykP,train,4,0
KFljH24u6I1SjRxJ,train,4,0
KH5g92Q3DA5Bo6xi,train,3,1
KIOp1Y9WPWuNARA6,train,0,0
KIWQqJH0sSbiXXe3,train,2,0
KIgiuvNEEDjBuM1F,train,2,0
KJEYpxTGFlD9kNM4,train,5,1
KJd5sqATAxGLuiV4,train,2,0
KJmxJseyGCWJr0NR,unlisted,4,0
KKXWTEqiwUs7kOLP,test,3,1
KKcKYEcduf8tawWs,train,2,0
KKwgyENm4puc2vwE,unlisted,4,0
KN3EQ5qMZZRdWnOX,train,4,0
KNKJBnlqxWpujCVL,train,0,0
KNLjDvknC5gb4aUj,train,3,1
KO2k1gCDKdxujJ3B,train,0,0
KOeFDGxdF2KkxkqX,train,2,0
KOrOAyCeOY4XfzGV,test,4,0
KP4J42f1Mtae36Wr,train,3,1
KPUBE47zl7VeGilt,train,3,1
KPgjD4gVhpb5Dlrb,train,2,0
KPvsgigPDykd5IPc,unlisted,3,1
KQP0GMkA0juYByb9,train,4,0
KQnON3R0CTalyWyp,unlisted,5,1
KSHgPkGSmhVJbdo4,unlisted,2,0
KSSmCPzf8z0uklJ6,train,2,0
KSceJfFQtWKDpXeh,unlisted,3,1
KSoKgSeEhF8q2Tab,train,5,1
KU77yZ2bLhbiDB6Y,train,1,0
KUMdqR0AcbHlSV0p,train,2,0
KUO2FYpwiUx9Nw05,train,2,0
KUOdHmxDjpjVRWt2,unlisted,2,0
KV7WbJTGDxYrGaj3,train,2,0
KVEfCP12IxyHgDyM,train,0,0
KVXXFJGhKhrXI0xI,test,4,0
KVb7Fh5if65kxFNZ,train,1,0
KWroX7LP6rrZgdYT,train,4,0
KXUojTUXXUH5Lrce,train,3,1
KXrEqMnOtXEyS8HI,test,2,0
KYgjhPQJFbz60k84,train,0,0
KZTVjVqEg9wEXuA5,train,4,0
Kamd0T4XosVV9EV1,unlisted,6,1
KbQrml0koVcUlm0n,train,4,0
Kbh2SJ6piaxgfWke,train,5,1
KbhzXTpKMrULcWWf,train,0,0
KbuUYQ8wcMwE6KjG,train,5,1
Kc1DJCluvcTxthv4,train,6,1
KcVzW7uqdk4wNUN0,train,0,0
Kcfai33Zzonq7N1i,train,5,1
KcoMDN6MD66RRH3n,test,0,0
KdoYyoQH98xErmoM,train,1,0
Ke1qYYr9BwtHqada,test,1,0
KeBbN1eften1hL5W,train,2,0
Keg0LWaHnTm9sk5W,unlisted,4,0
KfxX21HVqoqRw5yw,test,6,1
KgRK3LcGjeQnmuz9,test,2,0
Kgh9WpxLRT5MA0zT,test,0,0
KhbOx2PBUYnY5ULP,test,3,1
Kif0Z6SDgDtRPTXD,train,4,0
KifBtcdzKVUWH70X,train,2,0
KjT0QRO3llU9wzdy,train,0,0
KjptN4xirXuCdveu,train,5,1
KkjuePEr3FulMrNC,train,3,1
KlyPyxLP51eHqy6o,train,4,0
Km6yPmQOkX1DJPBH,unlisted,0,0
KmShSWeml2uWokzO,train,4,0
Kmf58CxA8bZFoal8,train,4,0
KnlH3G7dTKJ7nkjh,train,0,0
Kort7lsAi3QV3Egi,test,5,1
Kq6naek2cqUEYeoD,train,2,0
KqdOELkKdQsZVNbs,train,4,0
KsteLTWhqDZKUd9x,train,2,0
KtSXbIWrlK5Va1AM,train,0,0
Ku1KEvjfowOmf8Eu,test,2,0
KuHdta2fXsyh1uMY,train,3,1
KuNTsXOuYLiTehTJ,train,5,1
KuxK31gOkAHfocFH,train,1,0
KvjcxyecdA9FK8Ka,train,4,0
KxwfelTXDqEqW4CP,train,0,0
Kyj3tkAwDHXNWZBZ,test,0,0
KyqXi66L7vGOyhBC,train,6,1
Kz5iJqbDZBRPQLZv,train,3,1
KzTOAshzb9ukZ8ND,test,4,0
KzZkGlUThMz6aHFJ,unlisted,5,1
KztthBapmWlIJGaE,train,0,0
L0rGKAmrdBOFMgEB,train,4,0
L11gpEaHwJ4C9HnE,train,5,1
L165bOibyaFgpVzP,train,0,0
L17n22GA39IkEJYq,train,0,0
L1LR1r9kArcFAbOJ,train,2,0
L27rgpkg9a5WKCid,train,0,0
L2IPpIStwQFlVRbT,test,2,0
L4DEKOEmHmp31bBf,unlisted,4,0
L58Qisgx7iG9BptJ,test,1,0
L6cEawVQRWBMxTea,train,1,0
L6fsocE7wpZROyBz,unlisted,4,0
L7eton0ziLMKq4yO,train,0,0
L8bWR0rKcWWlEHPC,test,4,0
L9jxuiM12PdvbN7l,train,4,0
L9y7rQRklbAZ0XK5,unlisted,4,0
LAEuvXCLhZib1Mtv,train,6,1
LC7t48fA0my4wBSc,test,0,0
LDUIMQ5Q2O1e0itH,train,0,0
LDnOCjvpYaohuIry,test,6,1
LE9SfjUUH2WXrDHf,train,4,0
LEWFMRwWch5RtyC8,unlisted,5,1
LF0bXgoDhjrmB7wJ,train,4,0
LFOBCS78FUA0kjGi,test,4,0
LFoLBQrgX0TFJM1K,train,4,0
LGSCjdl1LGfenaWa,train,1,0
LGWH5eGFnJECPVw9,test,4,0
LINLqDbASgDS22Pb,train,2,0
LIT0YPhWWn9Q5hl3,unlisted,4,0
LIj60i6RTUACoRZg,test,4,0
LJ1X9U8YCkrZOuJf,train,6,1
LJcc3wTxFT9n031m,train,5,1
LKRUyhnHdCeJR48y,train,5,1
LKjqz1KksDbs2Hhg,test,0,0
LLuAmVR5uoXhuogp,train,0,0
LMNgUceV6w8C6AOC,train,4,0
LMj3szBiuCBdf9mH,train,5,1
LOPjEfKgGLKZoJ12,train,6,1
LPgcPgsRXD3oKPQR,train,3,1
LRhUM45y2hkZEzzi,train,0,0
LSSS7AiWO4XKJ4vV,train,2,0
LSa47YGDGTUHqt2o,test,2,0
LSfpUIVE4THF3ahJ,train,3,1
LVSjwPTLdYBSZFDh,train,5,1
LWQx0AefMSWMGKLV,unlisted,0,0
LX66xSRMR9eKqU1u,unlisted,4,0
LYB29huEpJvuVW63,train,0,0
LYjhxkC8lVxNFIom,test,3,1
LYuaBcXuP0sggS4n,test,5,1
LZAIbzzq3Xbw2g0g,unlisted,2,0
LZcQs2AnoXDJyhm2,test,4,0
LZdnEzqCrDBV6LhQ,test,2,0
LacYGRQHLjuX6YI1,train,1,0
LbW5OvygBwwAwdQp,train,4,0
LbavDEMubdgFpiv9,test,4,0
Lc67u18NryL7TMHW,train,4,0
LdFIxS8huIBERp9r,train,0,0
LdOlQ8KSXjoYotv2,train,2,0
LdjuD4SiwkdrxAO6,test,0,0
LduUDhK7VfWP7HOK,train,2,0
LeHp1iS2EbcdrzAB,train,2,0
LfbGAWTdsmfEfx6v,test,4,0
Lg2HfQPu6HKKSIHz,train,4,0
LgcnVmASIXkMynwn,test,0,0
LhYSi5doVSI82hJE,train,4,0
Lhs2kAuja5h1k0Tb,train,0,0
LiFHJsXrFONcLJyZ,train,0,0
LiRXmqiAJmttftK7,train,4,0
LjKKxZu9BkaupYoT,unlisted,2,0
Ljh69ag2HZeGI4ON,test,0,0
LkaO57IHg2P0rpXe,test,2,0
LlRfPmuptTDUdwa0,train,0,0
LlyOzwnUyTh9VNEP,train,0,0
LmnlA1Dlq6ryKo2h,train,0,0
LnTGAfzOVfS7HQEZ,train,1,0
LndYcx3ileRtqkP3,test,4,0
Lo17KAICfGBYQFeE,train,0,0
LobYyQZqUy4hs8mG,train,1,0
Lp51ZaTtu5thIrbW,unlisted,2,0
LpKTwyXdHKHbsBye,unlisted,5,1
Lqp1XtUBGhUd1xqO,test,4,0
Ls1n8S6m2Arr4Fdk,unlisted,0,0
Lsheu7397XAncjLu,train,4,0
LtK0F9624Q5liVd8,train,4,0
LtNd5vIXaEDG5EKU,train,0,0
Lu1RYgcamUXbD1Wz,train,0,0
Lvc0CU5A6R7xXXuD,train,6,1
LwYAWfEBQ6xvJMkj,train,6,1
LxCkJ64x0X4FvOTK,test,0,0
LzO6YLPcno5mC3pz,test,4,0
Lzmiw00NslOpO8iR,train,2,0
M023LCalKlCekdvp,test,0,0
M05k6pw29zwqapbC,train,0,0
M1wF2LuWweK9P0jq,train,2,0
M2chvwENMIakHVq7,test,4,0
M2eXMWK6hHWmXHA4,train,6,1
M2tYuBGVbtrDmgqP,train,2,0
M3M3coC6hSMhjCwM,test,6,1
M7Uu2McL5UKt3teW,test,6,1
M9PQGXznlhcyZgV7,train,4,0
M9UWA0xXEQxtM5Oj,train,1,0
M9hjzdOjUjhnkh3R,unlisted,0,0
M9wBW3SDiQfFyYXe,train,0,0
MARpbsrGn42YAdJX,test,4,0
MBHHxNnqU9iHJnOZ,train,0,0
MBRmgMKsACcK7NyR,unlisted,4,0
MBfj9Lon0ieWmrKw,train,0,0
MC4nLZH8Vjr1TvOR,test,0,0
MC84HWMLOKxgPqws,test,2,0
MCag8sQOPuxFa23o,train,0,0
MCanhcJdHnqJUaNI,train,3,1
MCpYlDGPhZM1v366,train,4,0
MD9x1wC0lV3WAgAM,test,2,0
MErPDRSPQ37vOo3M,test,0,0
MFkLAHVklUJGQ5vV,train,3,1
MH9Wr7FEWvMBvxR4,train,2,0
MHZTLv5eYhhxFI5D,test,6,1
MHvB4Riv5FwWmk86,train,2,0
MIJUdqbNnozUlCjr,train,1,0
MJn0CournLOZ2Wzj,unlisted,2,0
MJnAD5fqyEqKc8By,train,2,0
MKbCFxYSBbTH5SxO,unlisted,4,0
MKbKcTOdBt1DAe31,unlisted,0,0
MLxbHPNerTkSoSoa,train,0,0
MMrz6M319zzRMp3T,train,0,0
MMstRgEevrOu3rqP,train,0,0
MNURyH2pmsXrbbNT,test,0,0
MNmDgita8zv1NyZ3,train,4,0
MO5lseB8OgfMw3rc,train,5,1
MPLhZwrZY1dZlRDn,train,0,0
MPaJUrR1VHNzu4oP,train,4,0
MPzcsDZRRkjbuoM5,train,0,0
MR4VoHrT0rqctxGI,test,0,0
MRBwBI4V3OJ1WOFY,train,1,0
MSlaJCZuhciKnPkf,unlisted,4,0
MSv3IcwbWUYtuZdx,test,2,0
MSvf5ysSBTMn3nUp,test,4,0
MT0qUtcywTTZOs73,train,2,0
MTpqQiES1gUIzz9V,train,4,0
MUeLmHEmnDcmtUlZ,train,0,0
MWMVURRW2Df4HsjI,test,2,0
MWTOykz0JnGqJGCA,train,0,0
MWYWih3ZxecP8MJ1,train,1,0
MWkIu3u02RZtrRSS,train,2,0
MXZrpYSpDd7lBxCH,train,3,1
MYeqM6TGBcLVN4u0,test,4,0
MZC9yfhWyyiXUIzB,train,4,0
MaZREv0u3fv1rSvi,train,2,0
Mar2jiIqZlhQ3bia,test,4,0
MazVb1Mh2FXwcDvh,train,1,0
MbgAZ6wguMUKukE7,test,3,1
Mc4BVuMqbfo9R13K,train,4,0
McBP86Db6Ue9vRgl,test,2,0
McI7v5XugcFOStUb,train,2,0
McMPbPmNRxXEiH5y,test,1,0
McjHbwDW63LSvxbb,unlisted,1,0
MeR3pzh84KpLMcNf,train,2,0
Mf9OjERUWYa1AubC,train,2,0
MfOXyvtmb9GRUYLO,test,0,0
MfT9S5oghk9ywNSC,train,3,1
Mi2WTVI6qaXts0wY,train,4,0
MiEx2OkmrdGFcWxA,train,6,1
MiWiGODWCQCj3Uuf,train,2,0
MibJx6ArKT1dh3mj,train,2,0
Miy5Y9vZe6Cn2kGh,unlisted,0,0
Mkb5YDv17DtS2hY9,test,0,0
MkcRThMSNfI1U0SO,train,2,0
MlTFN8fO0YtwAaJp,test,0,0
MmKKPPIlXswuRGFX,train,2,0
MmZJZmCpMz7uVkt5,train,5,1
Mo1HjeruiIC4ZHLM,unlisted,1,0
MoYaJxmA4JBzpkTV,test,2,0
ModMWfT9r71Od6gR,train,0,0
MpDLqM2NKu23k7lu,train,2,0
MperhIhRJAevOfx6,unlisted,4,0
Mqjf9xk8KhaTHBX6,train,2,0
MrDIddE0O11KlVrW,train,5,1
Msau6OaqEiWAbNE3,train,6,1
MtCWEd4yKS8U1pRL,train,3,1
MtCzWngHTnPqlTKb,train,5,1
MtfiGvpET1dcYy38,train,0,0
Mu3q1uOG2qUt6AwD,train,6,1
Mundfi8Tdo39pKGb,train,2,0
Mvlhl0gRwyc0pGCe,train,2,0
MwELaF3pEhc0bKRs,test,2,0
MwFs6Wtw7Trb2BL8,train,5,1
MwUzVCGmj8nKSPVY,train,5,1
Mxl7fgXVOU8RurZl,test,3,1
My0ALCzdVlimyrtK,train,3,1
MyC7cBaxxJPgE3o0,test,0,0
Mytb5Udd0ULjuARG,train,5,1
Mz0jYpJoG9ssdW67,train,5,1
Mz64yedh1WyGmefQ,test,2,0
MzHQVvX9NcPLBSQt,train,2,0
MzQuRiUbPFsq6Azy,test,4,0
Mzk8N5UXVbRfb7CN,train,3,1
N24hTAqPMFahzLmV,test,0,0
N26CjmzZhd1IdK4j,train,2,0
N2i4iAM1Qh0xyKRQ,unlisted,3,1
N4IuDZuixyOnFq86,train,3,1
N4LF7PbziTN4HecK,test,6,1
N4QEtRt64ALFcFhh,test,6,1
N4n0AEU28HgpZBC2,train,0,0
N4zbOHsgUSwRJXv4,train,5,1
N50J8aGUyuu2haHA,train,6,1
N5ETbB8PkM4Bkdgv,train,2,0
N78M3v6GKmUzF7sk,train,5,1
N8OAXNKZy3XQs1JP,train,2,0
NB4HmJSixjx3sncN,train,5,1
NBeJqqyP5kzDf8qR,train,4,0
NCMmv3Htnq5kmgqK,train,1,0
NE87QeXu74dBz0Bj,train,2,0
NEPwl39BHzA7xdIn,train,3,1
NEgQ2WPxx6RCNmkX,train,0,0
NFlInwg3R6jMxKl5,test,0,0
NGbPQJvgmnUgoPIW,train,4,0
NI3oKisI2sGeobat,train,0,0
NIFyIj2NK6BGFT2j,train,0,0
NIVZ19ou1tg6UfOz,train,0,0
NIq9qq9YUM7ye6Bp,test,6,1
NJGgnIwJurj8TZsK,train,4,0
NJuFVII4CYk5J7jd,train,2,0
NLRY0aR98J4GWWH7,train,3,1
NLfRiuhpthlxSjGy,test,4,0
NMIsYI3b8ki56c2v,train,4,0
NN3iWefN1lrCq9nP,train,0,0
NNgWeQWHXFYDmsQF,test,4,0
NOTlft16xFsTsujd,train,2,0
NOfaAxCp4Zu2fEtv,train,2,0
NOr4ncE2T6kZg5RG,train,3,1
NOvwLWkOlFRCy24q,train,4,0
NPmWeXRB0rDC44Vj,unlisted,2,0
NQAD74cvanuAX01k,train,1,0
NQJ8xfzwjlQHF4nu,train,1,0
NQbsNwD73PC6Blu2,test,0,0
NQkBsbunTjO0CmP9,train,0,0
NRC3nf5giWhLUyw9,train,4,0
NRc7PytMYtNpvBPw,test,6,1
NRsUkHKPQQUtAtkb,train,4,0
NRwXsudbLci1xwZV,unlisted,4,0
NSLqdxoMTea76nPF,train,4,0
NSQD5TpJutr32lZr,train,3,1
NU4wDSLEfgs3MfD6,train,1,0
NU5Mv17Kc03bfc8P,train,4,0
NUwdIzDjUjAQOBlI,test,5,1
NWc2ehWnqItnoKgm,train,2,0
NWgPy4CJ74OCuVS7,train,6,1
NWyuJVscjSKpDAqu,train,3,1
NX744bpnegMcCMRT,test,4,0
NYZyrSk7iLDhiu3j,train,4,0
NYnRfpiNtckREYxL,test,3,1
Na07mYk5z0FgrLsN,train,2,0
NcwXJrJkJhCmNnnW,unlisted,1,0
NedVWfKopxWmINli,train,4,0
NfdsbCyT32YkMy3N,unlisted,7,1
NfvpaxFUVZOn9UtF,unlisted,2,0
Ng60Uy50i5tre9bA,test,3,1
NgU23cGHw1osJ6Ip,train,1,0
Nh4R5G0Ke71h6EME,unlisted,0,0
Nh7qyZapCIkJ84bo,train,5,1
NhigzxYvJ8xWjmMG,train,4,0
Ni8dhjp9FzmeEDtL,train,4,0
NiDMC9AhD6GShwLA,unlisted,2,0
NkSnbEIhrhi7XXvD,train,1,0
NkcjtOYq05XraREp,unlisted,6,1
Nkho8hB08VJliyPd,train,5,1
Nkxx6syAXvRMdYOP,train,2,0
NlBOBfcGvDRoPRTj,test,4,0
NlKMdDkiTAENrcBQ,train,1,0
Nm5HMMlasx2ESS15,train,2,0
NnO9n9tGQKfsdizL,test,1,0
NnpEVX80vZVynzl0,test,4,0
NokGg6Y1z3BvYVfF,test,6,1
Np8FBQxef3H4iuBW,unlisted,3,1
Np9cR4uy6Y8hyqIU,train,4,0
NpNvpK8OY841fby2,test,1,0
NpuUeQ9I0ymHRFXJ,unlisted,0,0
NqRJ4Da8BPR8Pd28,train,2,0
NqkzLskbnTSLIR9Q,train,4,0
NqrjP3Z2cZofw6HM,unlisted,0,0
Nqv4bpCZ0wrJ38cX,train,0,0
NrMKNoMooRbwfSXE,unlisted,2,0
NrkJehwID4U6zvcK,train,1,0
NsgJafSyRKOw6NNh,train,3,1
NtrVjAYSfIr20vun,train,0,0
Nu4Q7knmgrpkrfO5,test,6,1
NuNdjR6DVMKarzmz,test,5,1
NvGXQiMqIApYZdMK,train,6,1
NwEJ0QMb2ouSSua6,train,4,0
Nwtv0mTWQZIf7WWD,test,4,0
NxZR8SZ84em54Dff,test,2,0
NxaNW56UrkHPeBIo,train,3,1
NzLhww2DNl0RTZt6,test,4,0
NzoRleD5sn4YYUxC,train,4,0
O04urCU8xG51D1JS,unlisted,3,1
O0YfVSIrZ6xGe3yo,train,6,1
O0ewj05Inff7XKDF,test,1,0
O0zeLKdBQ9ipsq2u,test,2,0
O1MRN1WeBLwo8w7W,train,3,1
O1PfDkb8p9uELyw9,train,5,1
O2qGFq562dfOB1rc,train,4,0
O4NvcCsc91FgWCTm,train,4,0
O4kWZMuLVIzCDESd,train,5,1
O5EVdjDUuhaa49w5,train,0,0
O6lNrKRW2Bu4knYN,train,3,1
O6zqyg55jSb4NBhC,train,4,0
O7JgYo82YpaN5Ipg,test,1,0
O7aCNAAg7HBKvEjW,test,0,0
O7jjWrI8DbLUVJEj,train,4,0
OAGbSSJrB0MUaagv,train,3,1
OB07He591st3fB5O,train,3,1
OBkKEYlyyKW2jnZ6,test,5,1
OBzB9EyacImUx8a5,unlisted,2,0
ODIlyY41BgiHCSuG,train,4,0
OEK432MiDgO67vSz,train,0,0
OFGbN8zruZJoErUr,test,2,0
OG85kutgFZAIK9jS,train,3,1
OHKJ13lyatfJ2aW8,train,4,0
OHnq7mr0KnApuBHd,train,5,1
OI6ZiHyocrb61iMB,test,4,0
OJhRQ83sCjOmDnwA,train,2,0
OJtuqPDbTO1uaObw,train,5,1
OK6oTLNp00pFKE4b,train,4,0
OKIxmT0Dkdpowcu6,unlisted,2,0
OKnxmKgOapGPXLeS,train,1,0
OLNzhhW11ECHuZrx,test,1,0
OLTEKLa7ovZW3MDg,test,2,0
OLhf68vcVSgcezT1,unlisted,0,0
OMxuf8T4JqUiA5Ns,test,2,0
ONac7yn5Sh7sa5pQ,train,4,0
OOT3KVdDZMTYK9Bx,train,0,0
OOTo1bjmAqWhSOBM,train,2,0
OOkbONklvlhlXX0o,train,6,1
OPirApb1YBhVAi22,train,2,0
OPkstD33wAm3eZZg,train,4,0
OPvCz8eVVpc2r3X8,unlisted,2,0
ORKkWTLEdtXunH9B,train,1,0
ORoApKjBt6MvCIin,test,4,0
OSD7Ybmxq6DBy70Z,train,3,1
OSYQZaQGaaTqO8wG,train,5,1
OSyR7XSivlOW4Su2,train,2,0
OTSXjEyKuRG4JFd8,test,5,1
OTYAxvEZLi2Xicpa,train,0,0
OTnJ8Jg8ekaW6KNB,train,5,1
OUq92PlJ8EF47pHm,train,4,0
OVBc7wZUOfLgEYak,unlisted,6,1
OVXBQ6bnKlbO8vgs,train,4,0
OW8LN9cCzfLhWOGh,train,1,0
OWzUr6NEjY3YVZGn,test,3,1
OXOydtHcuIKjuGSo,test,4,0
OXn3RB1gnI1S4VXB,test,0,0
OY1h9srBAf4MQMvq,test,1,0
OZ9JEEEyvqaiot8E,train,5,1
OZIW7t7vNxIW98CB,train,1,0
ObmAo8tHCqvgiZVy,train,1,0
ObzTNx6ou067rS8f,train,4,0
Od5TSJCaiEjI9l5c,train,5,1
OddwPjSIYgiFouJY,train,4,0
Oe6rOAaBAVVLyhUb,test,3,1
OfLougfEQ57tw1wu,train,2,0
OfuQgiRM8vrxWZJM,train,3,1
OgAZKYjCwNkFtA7d,train,5,1
OgKEf6IPNVRaheld,train,3,1
OgnbsKNw2dtp7GKR,train,3,1
OhHtHgXOMEoQCt0h,test,0,0
OhT9hf2MiyQW5PKZ,unlisted,2,0
OhXmAkpnVVPY9OtC,train,2,0
OhbVrpoiVgRV5IfL,train,0,0
OjZ3YibcJTPhbYbg,train,3,1
Ojj6uX95vgCZre1M,train,2,0
Okd2gABmprXdhqS4,train,5,1
OkjmIPbenQC9clb2,train,6,1
OkvzTDVGSFe2GXGH,test,2,0
OlEiDLuxKyQL5cuS,unlisted,4,0
OlZieTX8DcsmcYm4,test,4,0
Olicgej41Y1E0ZaU,train,5,1
OodgAvTEgRXia9J7,unlisted,4,0
OpEIfYoh4P1NexgG,train,1,0
Opq31fbBxXD05iNU,train,1,0
OqCVfww1OZVpr2C6,train,0,0
OqihiGiBwGw9MEXd,train,3,1
OrXXHFOprCeTsprv,train,4,0
Ot4GJnPQD8vx0d0o,unlisted,2,0
Ot8ighVGEtTLPbbr,test,6,1
OuEGYmMT09IcmEbn,train,1,0
OuThWwJELK8QTARV,unlisted,4,0
OukUe5SC1KVcOYb3,train,1,0
OupQzUicx5r0tMmX,train,4,0
OuptI0Bsc2gd8tQ9,train,4,0
OuwKbsQ35zh4cdDM,train,2,0
OvbXV946cT5L2fSx,train,5,1
OwAlLzxDwXsj0RW4,train,0,0
Ox1UmDPioFzAcres,test,3,1
Oy1Km9n4pWkLLJBw,train,0,0
OyGc8pctU92ba3uR,unlisted,1,0
Oz9tea1ybokBWZCw,train,0,0
P08eVRjbDTvcfedl,train,2,0
P0Q6Yx0ZDGyJRad4,train,0,0
P0tGZtBQIumAzqNG,train,2,0
P1bdShACyhJqESjn,test,4,0
P2QVXduX4SWC2b9m,train,0,0
P3BeMsw0GJEc732E,train,2,0
P4chgRiCnIo2fQ8H,train,5,1
P5QNCc66w9iD4UDr,train,2,0
P6MbinkagywgMHJ7,train,1,0
P7fTt1XLkAjEoOxa,test,1,0
P860HlkSqTCpfiAe,train,4,0
P8HwYMKT1VzWqH7A,train,4,0
P8LxYNfU5Z7NbvpW,train,5,1
P8ovS8revI48MWlN,test,0,0
P9dRCYPZewPXgNN8,unlisted,5,1
P9tEpZZRztDeSdkC,train,4,0
PABzZFZd1Hd6GxbK,train,4,0
PAGFQarUDULAzQP2,train,0,0
PAXZNJnQ1Pqtp3UB,train,2,0
PBQMm03hngY2z53t,train,6,1
PC5P9rdb2TxNFxXH,train,3,1
PC5itSrXBdN8xZ9E,train,3,1
PDj1S5WmTa5YGZgF,train,0,0
PEDuA2X7UMMTNVaB,train,3,1
PFgjIXBnNPg6CTqg,train,0,0
PGrsVzaCJNX1b1E1,train,0,0
PGzR1Iv8bh4qlL9q,train,4,0
PHC1OR1kc81LyjIK,train,2,0
PI50DgflUg697zXB,train,0,0
PJbM7Q1SrblrSWt6,train,2,0
PLCIN5unDEde9krK,train,0,0
PLqjnK87s0mJRnUE,test,3,1
PM9Cego1hxZWSAZH,train,1,0
PMR5TI9MaDsLLpZu,train,2,0
PNOo6fDmqS2kdzNB,train,2,0
PO7QQLWIFOT65BTz,train,4,0
PP4XJU3nBC4oAv0D,train,4,0
PPMTvjiJTEPRufia,train,3,1
PPYJ92BZooqhsfhf,train,4,0
PPgdzUvZ3gpmmICi,train,0,0
PPlOCYPiazmOtuKf,train,4,0
PQdfn0i4L5WOZaWj,train,4,0
PQgZR1DD9yg46RO3,test,0,0
PRPetSBU92pdpf7B,unlisted,2,0
PRy965of9uSwOwRH,unlisted,1,0
PT3AenHi7AYJEcNX,train,2,0
PU01tMPGFSrMTmSl,train,1,0
PUdqLhSHFl5Cs2kc,train,2,0
PWwZ5CUmbSywUiq5,train,4,0
PX16sL1XAxNMbv2i,unlisted,0,0
PXvT71pCgiAV43HH,test,4,0
PY2Ka6Dsi19zc5I6,train,0,0
PYzSjJ0f0nCkhW63,test,2,0
PbN7AgFVWN7IgOCG,train,4,0
Pbsmeb3Zo18HPvAL,train,4,0
PbzKB8660JdeIyTC,test,4,0
PcMWlGkaz1BR84DJ,train,2,0
Pcxkzmwedc12Zqyl,train,2,0
PdY5Y9pFyhpFOMeH,train,4,0
Pdzyj8sGeolOmvQU,unlisted,4,0
Pf0K2YKuhDew13k9,train,4,0
PfRV9WDohymoisPo,train,1,0
Pg8vHX272R3vRh1g,train,1,0
PgDdVwXzrDO3RBVv,train,1,0
PgIXXqXpKDzSpdT6,unlisted,4,0
PiLIRZm3itST5H6i,train,4,0
PialOd5t0YgDNk1L,unlisted,4,0
PjXTk9GHUMPH7XvC,train,0,0
Pjhws4deTpf6vnvd,train,0,0
PjiSkDS14CiBgbvr,test,1,0
PjwPUKvDT2YirYWQ,test,0,0
PkrWMEQ7lyuvW4De,test,3,1
Pl11tq5T0vtV08Eu,train,1,0
Pn4INYNPCSw4ZYPz,train,4,0
PnSZuAxgjBPLqq2I,train,0,0
Po1wfI6VRSW3AAt7,test,0,0
PofHNMxLpe0fUBRL,test,0,0
Pom37V7sjiunLo8N,train,5,1
PozUoS1fWwKlV8jX,train,4,0
PpQEV1bgqRUb4NwT,test,5,1
PpgsNe5muFCvNQtS,train,2,0
PqQ3smZXin4z9lk0,train,2,0
Pr1jVL1Oky1SswWz,train,4,0
PrXfNbXGCGPGBvnG,unlisted,2,0
Ps2OD0Hv3x6aOhen,test,4,0
PsbTrCQPwccc31tv,train,6,1
PttjCGFp1VTuuqQ8,test,0,0
Ptv0MD6KJ8LIll7Z,unlisted,1,0
Pu2f8rpvIUc1r1Ef,train,1,0
PuDCCRnGEY59YVkQ,train,4,0
PuQrT7KQ0b429iKt,train,5,1
PuaT3RHXVKUKo9Q3,test,4,0
PukGWHlmh8njNNBF,train,6,1
PvBgyjl1vyTTRrSF,train,2,0
PvelPKvDHXSV08B4,unlisted,2,0
PvlYs1Sdbp1nSc4Y,test,0,0
Pxm5ccCmaKwbQ7xP,train,2,0
Pxv0ih2mCAXXap1Z,train,0,0
Py1yoqfBOpHWZ6NZ,train,4,0
Py5wM51mQnSGcsgT,train,5,1
PyFjlhbZ0qu37TXr,train,0,0
PyJG3m26kDxU3plE,test,4,0
Pz6xt3fTfT158osa,train,0,0
PzKYZmjAuDp3ViW7,train,2,0
PzcdUej0BA3s2yO0,test,5,1
Pzi0V4r3feeGUTWU,train,2,0
PzlsOc4M7ASOs1Ny,test,2,0
Q0AFcQt2rYCE9E60,test,3,1
Q28mhBbMto9KSYhX,unlisted,4,0
Q3W4miBvCja9XFMH,train,3,1
Q3ak7HJZPfsfhi1I,train,0,0
Q5MDWH6FUhnFT50u,test,4,0
Q6GobLKKErSVgYLl,train,0,0
Q6qaOjwc8bArljDA,train,3,1
Q7J2NKZ7H6lOFHaj,unlisted,4,0
Q7mbEbD5MZgNcYsT,unlisted,6,1
Q7pgXKzl396CvzSt,train,3,1
Q9rLR6s8hEVSk3me,unlisted,6,1
QBIdQtcIWw7b6MW5,test,4,0
QBptvWq3587sVotT,train,0,0
QDlaQ1nj5UrHMm1X,test,1,0
QDxZxZnFDLoY40Jw,unlisted,2,0
QEDO9rMQavcPN8Cu,train,4,0
QEbyZCRRweBNShpK,test,2,0
QEevbM6LCyGOVoGL,unlisted,2,0
QFCtC8AXmLCQUe9b,train,1,0
QFUEX2KfDtne6iQt,test,4,0
QFruXUEofqXsTfwJ,test,0,0
QH8gKPh45OKsJ06R,train,1,0
QIHnpNiZm1IQWMHy,test,1,0
QILQnLlF2BWU9WTT,test,0,0
QKMcE1qzz4TAMWF1,train,5,1
QKjjvTPSroFSAmAz,test,3,1
QKn9CBlN1YCruqMn,test,4,0
QLBPXteenwa2CSBY,unlisted,5,1
QLFUZZ0SpshJwTuK,test,0,0
QMPdumGR3UKXPavU,unlisted,3,1
QMbwu96JFxnbSOjL,test,6,1
QMg4og8fgDXG8ygM,train,4,0
QOG2yyNniEW9ITqg,test,2,0
QOpmX7bZjB92Ow7V,train,4,0
QPQ8Ez5EnWAbXHAo,unlisted,1,0
QPaLbzTPwX096gN2,train,3,1
QPtDu7W7eaDNKgeI,unlisted,0,0
QQQbOZQOqg2757I8,train,2,0
QQbkSrpZ1WxaSMtC,train,2,0
QRfP8SEpVyMaDVGL,train,0,0
QTgEFV12KmioGiZ8,test,0,0
QToSMEeIeMcwPKCq,test,3,1
QUi3QTPXo3RN2M7o,train,0,0
QWC54fWKNanGbnvh,test,2,0
QXsgKYaACO5YQ3eb,train,3,1
QY0TKRiTyHVpguHL,train,4,0
QYGDQDZeRUB87KLg,train,6,1
QYjkphcuKiCqxlnJ,train,4,0
QYlFnDLwDjoHUOgB,train,5,1
QYpZdSjY3SR0VeDU,test,4,0
QYsSWuLlouRh0ATn,test,2,0
QZ4lZa4SjDxwHleq,train,2,0
QaYo1SNJahmoZODO,train,1,0
QbfPBi3DldqyunDu,test,2,0
QcbHemnW2Vt0VLbj,train,3,1
QckoVZX9xGNnDDXh,train,5,1
QczOg8vGerJ9I2VI,train,2,0
QeV7TK1FhLMDuJg0,train,2,0
Qf11l1myKftMzfWP,test,2,0
Qf7kG5FR0LrYkMQB,train,2,0
QfmOcnbCXy2yeEay,train,1,0
QhBXR0hfvOxOyBfo,test,3,1
Qi23YZHBmahei4Y0,train,2,0
QiKpnXS0gnizGKmE,train,3,1
QirrDMYOugoobTuo,train,4,0
QjCIsyNKCmnR4utK,train,2,0
QjQCogGz9JXVnTci,train,2,0
QkHbw72ZQQSHDD0F,test,2,0
Qkew66HYhHK6FUaR,train,2,0
Ql3OxzSnD10FQVng,test,1,0
QlEWkrsPNxlcCyKL,train,1,0
QmMjkMOxcfTRQ87t,train,3,1
Qn3hwL8FxCT6kM6T,unlisted,4,0
QnEyR9t7ukOUcV7J,test,2,0
Qoavw1O9ZsJHxSgc,test,4,0
Qors7XZio5ZJg1Bl,train,1,0
QpKsaF13fWCpQsor,test,4,0
QpO9iM9FDTrsPXso,train,5,1
QrEjY256VfDhW7ks,train,3,1
QrldR5wwRPwUvWoR,train,0,0
QsoYWbDpit1yQBXH,train,0,0
QtaVFLNiZRVfy4rw,train,5,1
QuRVyODa5n6kCg8I,train,6,1
QwEzG6p674ihbkfK,test,2,0
QxeGPva2A0FgB9xO,test,2,0
QyExylDxWqvR0qao,train,3,1
Qym0HswizLA6Lsrp,train,0,0
QzaZgLhcMatJHBzU,train,0,0
R0NHAtbNqzzxZ0rK,train,3,1
R1R4jXmZHuKv7Whq,test,2,0
R1uViiAitMYfviRH,train,6,1
R2KvElU31GpMCHma,train,3,1
R2eJMJB0xOPL2XRH,test,3,1
R2pIu3TFBVlWy31t,train,2,0
R37EK4pEtfz52TcG,train,4,0
R3i1amI9QDkg6ihX,train,4,0
R41U5iE6Fh4ACceq,train,4,0
R4HYMre7U7aFUKhh,test,2,0
R65XbBlJVWGfuUSU,train,5,1
R6Fry5gVhVpU1KMW,train,0,0
R6HfPQBGxbxtl8nv,train,2,0
R6iYPb7MHFiHtXH6,train,5,1
R76mFVmpVp3qnom1,test,4,0
R7FWnEsXrMyzy8aC,test,5,1
R8XpdYjnNL7oqryb,train,4,0
R8rOSVbQCIIajzuk,train,4,0
R8xqGDtHEcvzyjob,train,1,0
R9gl1wyBnGoAhWuh,train,4,0
RAalP94Vy9npUxzr,train,1,0
RAinDyd6aGHrtDqb,unlisted,4,0
RBJFdw8PQyYHuSAA,train,2,0
RBOsSN8752gfZ1gf,test,4,0
RDaFP9QzBXdtBqVO,unlisted,0,0
RDgz1CfOrHQKwDNj,unlisted,3,1
REJuXkfOTLDLoozJ,unlisted,4,0
REsL1mjwfhqSYLDH,train,2,0
RFqJwRN2Kszre9Gm,train,2,0
RG5s0f4GlIO78Aur,train,5,1
RGhk1U3NC8ThYLiQ,train,2,0
RH0NzLgaGQ911xJP,train,4,0
RI0lmXgWontGtuXH,train,0,0
RJX3ivxVZxVXLHMx,unlisted,4,0
RK0I7kFhJjASu94X,train,4,0
RKApfojrRdQ3U7rL,test,1,0
RL33dClGaflmqj4I,test,4,0
RLhX5CDQL9Gi9FaH,train,2,0
RMdJncAONlxdSTLW,train,1,0
RMmejeBpD6PzgUHi,train,2,0
RNBSl5DBIAflFps0,train,0,0
RNbd8CGjttzBzyMt,train,3,1
RNcQi1G6pEFlDb2k,test,4,0
RNlcfaRlN54Ex5NY,unlisted,0,0
RObestZArY9gN9Ek,train,5,1
RPZSqNEm9prJto8t,train,2,0
RPc1kN6KdWZor7IP,test,4,0
RR6wd2umsF4FR2qf,test,5,1
RRNWVqQPkdsfzshw,train,4,0
RRxTIJunZDLHlhUU,train,4,0
RSvcsROd2spn6nnW,train,4,0
RTy4HuL6ai9Y9Ryi,unlisted,0,0
RUO8fBFZguBdwHCK,test,0,0
RUT8sy3VsPkdgGgW,train,4,0
RUZ2Cx1WPPduu9ES,train,0,0
RUhF8H0w6kj7hfxU,train,4,0
RUoYv1AfhJGSWja9,train,5,1
RVRqLy0O8xgRoEbN,train,2,0
RWUXQR1iOg5OPctY,train,4,0
RZzUk1D6iNIb6zLK,train,2,0
RacYylK7G67FCOHE,test,4,0
Rb4vL1OWJciQBakT,train,0,0
RbSQPjqMD8RjqpML,unlisted,2,0
RbjvZsT8CRydRSlk,unlisted,4,0
Rd3AXiWC4ATFlM8o,test,2,0
RdNVod7qToOCABfp,unlisted,0,0
RdhJeV3xJKgmzIjL,train,2,0
ReBRTkFNSBW4nOzu,unlisted,2,0
Rfjicl9WevPgiPRG,train,1,0
RgB6rNIlHWRWpHXP,test,0,0
RgC1xAoKqLa8q0yu,test,1,0
RgWKQPGfBVlx8sMM,train,5,1
Rhv4PHL3WW56dgyP,train,4,0
RhzxL78g1ujbfD1T,unlisted,2,0
RiqyocZf3UMIV9yT,train,0,0
Rjcz7IiK8PL5UqvX,train,3,1
RjevXoIyhg9vhhf6,train,6,1
RkBY1IMdbNG2B9Rd,train,3,1
RkqQpvdPL1FKgT7o,train,3,1
RlSZEwc1lFOeMjyt,train,3,1
Rla5fQilC5uYY5Kw,train,4,0
RnBNbzS6guTYSwcQ,train,3,1
RnfSxbpkgMGxWL0R,train,0,0
RoG6xCT4KjHkzZjV,train,3,1
RpF6LjoDOqDqQa5Z,test,4,0
RrIYgsc0KIZSqfUd,train,0,0
RrXJ9FqEGhhlJkzL,unlisted,0,0
RrjCwlnTc5RInCSd,train,2,0
Rrl3pBVpCqUQnDpI,test,6,1
Rrnqco46d1vVQEKk,unlisted,1,0
RsYERcai6whKScz5,test,3,1
RsYyA82b8YB8IUKO,train,1,0
Rscke5x07F8infT8,train,0,0
RtN0sw4gr6FQx7qZ,train,2,0
Ru61iksVggsYjbzA,train,2,0
RwFT53hWAzwF236G,unlisted,3,1
RwbG7xTjBf8dAGNA,train,5,1
RweNX3umYRCFqNS5,test,4,0
Rwwsv9fqOWBcZM06,unlisted,2,0
Ry5cShMNVLhX06VB,test,0,0
RyHhUXOAoA1apIKR,train,0,0
Rz2FDwjEXaChj4CK,train,5,1
Rz92ZJxfYzaqIhDx,train,4,0
RzSn6EQy1DTpW6gy,test,0,0
RzSuwJYATGT7SeOK,test,2,0
S2YPlHHC25tUevTL,train,1,0
S3AJk4kwHIvQ8H87,train,1,0
S3NkJ5R1Zo3n66O0,train,0,0
S3UKNP7OPY10G2Z0,train,1,0
S40LubLi0Kf10HsG,train,1,0
S53fuvLquZQdhhNi,test,2,0
S6aKv717N68tGf0v,test,4,0
S6yTsKDfNACRbAR4,train,4,0
S7HFCNO6W96psFjs,train,3,1
S7OuVZxAFBMuM6DN,test,5,1
S7gyRUzJUr2AtYSI,test,5,1
S85S7ZRxRttXtJ2t,test,1,0
SDRwtOeITUjpYBIG,test,0,0
SE5lrkQlE2R5Ps4U,test,3,1
SEYEZ7fwp3MbYkkB,train,0,0
SEZ3udqaYKnEbf6V,train,3,1
SF5k1sIEFsDyp859,unlisted,6,1
SFZCsbViLZU3iIzs,train,4,0
SGCXZg4aa9O0AAIM,train,0,0
SGoNc4BiqzEjWHCM,train,2,0
SHu0IZg2GThcsud4,train,0,0
SJ7RMMQYKiEvfSFv,test,4,0
SJoB7R0aR9KOtnHA,train,3,1
SKhpew0yOvm20TyB,unlisted,1,0
SKkYSrPZ4uSb7ue3,train,3,1
SL9zBwTQiNt0Hm2c,train,3,1
SLtjPnq75cnVCarm,train,0,0
SM20g2b4LTyOgKWz,test,0,0
SMl8HuuRgz5TjhVZ,unlisted,0,0
SMpib8fiB4SWwD29,train,4,0
SPJhiXny2jrTlsNP,train,6,1
SPUs4Tds25E8DiqO,train,3,1
SPgftpfVdDvo3MG3,test,1,0
SPmViU8ir3MyEnDf,train,5,1
SPpbhWrFeMVxLEKB,train,0,0
SQEtziWuNeybgflr,test,4,0
SQGRLf6d6wY0rI5X,train,5,1
SROatAQgQHrNMSiA,train,4,0
SRTdky9OaZf0jE7M,test,4,0
SRrsPVIZrAm2elis,train,4,0
SSRwj26r6fQ8BM0q,train,6,1
ST1nH2w8W5BhBlSD,train,6,1
STLPL4LdzH8kSdhW,test,4,0
STTTEll5jgZuwpju,train,5,1
STzzzgoU04SrFnkY,train,2,0
SUHOikQqiZVhzIjA,train,2,0
SUfGVwdgBo1evMXN,train,4,0
SVluJ44eOV1581q1,train,2,0
SW7TaOdDOjk649Cz,train,6,1
SXNZ5kUCcAxRUpCN,train,4,0
SXsuy7Issi0yomn0,train,2,0
SYFuvRIv8aLvKWgt,test,4,0
SZdxKEnW7BrVSXlr,train,0,0
SZu1PTAaTIMS28OF,test,3,1
Sb3ZUbfukWVZOLff,train,4,0
SbthGBN0yaNxyz31,train,6,1
ScMutGShr2TKEO1n,train,0,0
SdPy7BVppEc60xOT,train,4,0
SgPLOWVf8Dy3v194,train,3,1
Sh99qfmrYlFPTFmj,unlisted,6,1
ShUE5ciRJhtbzN1o,test,4,0
ShpU8GFf3WyjIopw,train,2,0
SiBSBJihCh5N5xwm,train,4,0
SiLqnAOfc9YNbKH8,unlisted,1,0
SiWiEJmFzPKmJNVH,test,0,0
Siu30SpYILig6YGT,test,0,0
SiwMin5HBUG1EMdA,test,0,0
SjnezRybcFB1DAla,unlisted,0,0
SkJ1eJj1XL1hk2FW,unlisted,5,1
SkRyqzcQ2K9fOFJw,unlisted,4,0
Slh3EWcEut52Hwms,train,0,0
SmE8ZgCY5IPxdYOV,train,4,0
SmPrS72Ia4Wc4jjQ,train,0,0
Snya2vORqM6s5B46,train,4,0
Sq9NjdoeEOwNequa,train,1,0
SqEFJ5IqaCaZSSMr,train,2,0
SqMIKWIOcII96Ua3,unlisted,0,0
SqmwXVUhg5diyNnK,train,5,1
Sr3AHbfZSXmh035r,train,1,0
SrgUdoOFiGWedj6W,train,1,0
SsUMZI4AqEJBY46G,test,4,0
StN9q7WeNT3EhvSF,train,2,0
SuH6wMIGnSgQ0cpc,train,4,0
SvAC1gLOvd0Z1YUp,train,3,1
SvXxXpqawYbRH81M,test,0,0
Sz7jfKGZzxxdtLsX,train,4,0
Szcz44vSpdVE6r5x,train,4,0
T14LCfZIMuzLcF37,test,2,0
T166DhJU0j1gO2Ik,train,1,0
T1q6KGtToB7krfHy,train,4,0
T3Hhat7cR2M3fvD4,train,4,0
T3gCkSt5bcuYdswx,train,4,0
T4LY22JDQcGQGtaF,unlisted,6,1
T5PNDHJGtw2GOTUF,train,2,0
T5uJz9A7n8LXKQiI,train,0,0
T72grVtaadVUrcYC,test,3,1
T74IZPeQ36gvNsJ7,train,2,0
T7GOPCBYhgj2qW0L,train,4,0
T7RKTt7RYlSyNgw2,train,1,1
T85PtmjHWp5dZ2ZZ,train,4,0
T8SgyApXyBlWjHrx,train,6,1
T8ftJyPYv0iQS18V,test,4,0
T9JS47NYwoQL0lyt,train,4,0
TApu5dlcadQVunsE,test,4,0
TB94EpdVwJvIleNB,train,1,0
TBQu96WK3Sla3Yk9,train,2,0
TBVUAtdu7OM4KEOR,train,1,0
TBkSCwCcU36wNBrO,train,2,0
TBl3UE2gqnWxNmqh,train,3,1
TC9hPEleDRnmCYTU,train,4,0
TD9rf9ReTOsHyR47,train,2,0
TEoon6HlCyu0n8Ws,unlisted,1,0
TGpukDGd2OG546C6,train,5,1
THBj9wz9PD3Bggkx,train,2,0
THZWM5WJ8LJFTJ52,train,0,0
TIJIlzcofCrILbpb,unlisted,0,0
TIp0Jzc6m8LdnBFs,test,1,0
TJLr183kV4PB0zbp,test,5,1
TJPsDVZFBG8z7mql,train,4,0
TK1QseQdnBFuH8ay,train,6,1
TKYZwRg2spCQaVrm,train,5,1
TL99t1Mw8fyRUvNL,train,3,1
TLAGVSRZQzY0I1bc,unlisted,4,0
TLAeSfxO9PMTwRRO,train,5,1
TLbq3fOGULGvBz9S,train,2,0
TLcJtwqHYjyiCE5n,train,3,1
TM0lt6kgSM4xKDV1,train,0,0
TMnam0Ozh3rKGFkJ,unlisted,4,0
TNj9e2WZsERqMUIr,train,0,0
TOrixRp7KSS0UZ2z,train,1,0
TPYcy4OqXINdMdQg,train,4,0
TPdI4dn8HUGKOWUV,train,4,0
TQGfLR45O0CZnxqY,test,0,0
TQTPEL8sAVCPCHQY,train,1,0
TQfADx2befxm2iO8,test,3,1
TSyFzpjPSa5W3X4g,test,4,0
TUr9y9pDkhAl4U9z,test,2,0
TVSDgCBnV9uaA3YW,train,5,1
TWFPaotiv0QhT9MC,test,2,0
TWcUdm9Ie0q3ymqi,train,0,0
TXLLrWYZP8zwEQM8,test,4,0
TXxdUAseaneIteOP,train,3,1
TXyLhv8XEnTqMq4m,train,3,1
TYxkNBqpOuiigEmi,train,3,1
TaMBRpw36g11RuNe,train,1,0
TaobNW5htpVBWpNf,test,2,0
Tbs70EM6qfiZ6Pp5,train,2,0
TcMpwgeGChGepnuK,train,0,0
TcQuwjxCIkIth6bz,train,2,0
Td1i9ewd7Pgn4q12,train,0,1
Tdug2Ir2mPNVbv1R,train,4,0
TgNODagxcUgKBFM2,train,0,0
TgXMCiOard173KR8,train,1,0
Tgfx62G09qIZHOyd,train,2,0
ThIZXP18o2OYgpFF,test,1,0
ThfnPfGddjfVrMHd,train,6,1
TimFlG8hCK0nlmdV,train,2,0
TinLv9xglg30AMGo,unlisted,4,0
TjTVl32ifA12hdCO,train,4,0
TkXLDVTuKfT2r61t,train,3,1
TlAiuect11Kry8hF,test,6,1
TmR8M3EyTpvkNsAe,test,3,1
TnwF5fMlgsKzEKf0,train,0,0
Tnz6pJuXsyDIPwtq,train,2,0
ToCVujlK1zVrHqOi,train,5,1
ToKAwatPMykDmi2k,test,2,0
TokuOhC3LQattCcG,test,0,0
Tql4pZFUpnent0Oj,test,1,0
Tr3zBCjTdgdJir4P,unlisted,2,0
TtFzl8vV3RmMxcXg,train,0,0
TtNZPHaQ0Jt7Qg84,train,0,0
TtPFBElccbwifqST,unlisted,0,0
TtTnSy5eeAIyhgty,train,0,0
TviLw2mCVDYq403b,train,0,0
Tx3bgo4Kh6KmHDdC,train,1,0
Ty9qUVxngRZuS86D,unlisted,2,0
TyBLQ7BMlXkKwooI,train,2,0
TyhaJf0smxyYfsd6,test,0,0
TzmZGQwO2YZ8z49Y,test,2,0
U0Atr2bqDPJmXRWk,train,2,0
U0QBZZLLcOl9gXpe,unlisted,5,1
U1KWodXFqAtVv1jc,train,2,0
U6l8avRSbQ01uEI9,train,6,1
U7LSnA46aSv9MBlS,test,0,0
U7aZFNSmheajM4hH,train,4,0
U8LVwQbftmErP3VG,train,0,0
U9msClRel9lVGhyc,train,4,0
UAS7vx8koKgEXRb0,train,0,0
UBCsB4Nv6GYG3hLO,train,5,1
UC6BfBqworx6qEkk,train,2,0
UCmTes0kh1EQvyir,train,4,0
UCpW7PBTYDEk4Wqt,unlisted,0,0
UCrRfeeERnz97Dan,test,2,0
UDOQSw2eYIzn9B0n,train,2,0
UDTjHvuSOrhCLnS1,train,6,1
UE3Zpe2PhIdrzRYF,unlisted,0,0
UHc5tYHkN5scE2RI,unlisted,3,1
UJ6Fyqg6lAg5nQ3K,test,5,1
UJWwVHbmobHAOq0g,train,6,1
UL4uKVDSEkTSgyJH,train,2,0
UL8ikhp4e6Ec55fN,train,0,0
ULB9xY3uYT1NslGi,unlisted,0,0
ULr8XgotFvdKH5HL,train,2,0
UMRld2RXExpS7y4S,train,4,0
UN8CA1yxAWk8TXc4,unlisted,4,0
UOOvQ0nyj1KihWSp,test,1,1
UOWwkVNgrJpVx9Py,test,3,1
UOgcxLnMrURIguaX,train,3,1
UP0tYruDR5PQq3Zt,train,4,0
UPDVV4FokZzsp8bK,train,4,0
UQdAdYYp7KH2edCK,train,2,0
UQtvTDQLHHK4rW5i,train,2,0
URoWXipJITCRADy2,train,7,1
URtapn2aqxr6qe8b,train,2,0
URuJIbnKRvZ64Ywe,train,4,0
URzF35gxkcEDPgU8,train,2,0
USCuetcZThb2vPgR,train,2,0
USsilUa8S8Kz2X9K,train,4,0
UTTiFe7eijgHk8Tp,train,2,0
UU7WPdZZtEcX37xS,train,3,1
UUMGGElAnTqRKlfO,train,4,0
UUOrjjW6mfNyrzoc,test,2,0
UUwKH3mzXkdD0ZrN,test,1,0
UUwipoTjKC1a1rKP,train,0,0
UVGvkqDt3t0iamuM,train,0,0
UVu6wa0r5HN6jSzC,test,2,0
UW3knVk6bn3B8yHB,train,0,0
UW4zAGqT0M94a6Rv,train,5,1
UWZaMgyybh0aW1P7,train,2,0
UYExopv1vlBSkdiM,train,0,0
UYN9Yx3NPymueZXJ,train,3,1
UYYE0ehKB9Urjfui,train,4,0
UZcwP3NEABicHt0a,train,1,0
Ua8V8v0Du2jPKzzV,train,5,1
UaG2IBt0aAVFxWA2,train,0,0
UaH2buGIZLM3av2P,test,3,1
UbOz7iyQnlCzl7qT,unlisted,3,1
UbVCn2VjAtt7WCXX,test,0,0
UbZiTXI6fSGj6iPo,unlisted,2,0
UcMlIrzDkU0adDmr,test,2,0
UdE5CPd1tOOxv9nb,test,3,1
UdLEkHOUNX1yj0Rp,train,2,0
UeTpyZLZbbr5CMdt,test,1,0
UeukGvrDOVGRXeTS,train,4,0
UfYEYQNekGyW4PWG,train,4,0
UfdjyjoCbxcyYDRs,test,5,1
Ufx0vlhzz9Dr1yS2,test,4,0
Uhhw3YQkiojJjllJ,test,0,0
UiZgW7cVcDXiRQa7,train,4,0
Uj98PNlgc0gFiF5r,train,1,0
UjSSQbyL5QHcqkds,train,4,0
UjaMqlcCMp5EqhxP,train,3,1
UkcAGg0uuJOmNn7I,train,2,0
UlKTlFB6s2bur1ER,train,0,0
Um15UG3VeAFtTUiS,train,1,0
UmfAca6qWdl6EkJ7,train,3,1
UoyBxnNCPHHwHCZt,train,6,1
Up5Js7uPpP8fLGWd,train,0,0
Up8ac2bW8HgGzYFc,train,2,0
UpD34LSJrrbSKEeU,train,0,0
UpNwJuTRuJuklLQt,train,4,0
UpkDyr7OSJoRu1XX,train,0,0
Upl3lRzFMeWhe0FG,train,1,0
UpwQWMO0k03nTAgo,train,4,0
UqjctOv1FHWhpgsx,train,3,1
UqvpH9ZvPQBxpv9l,train,0,0
UreeKX6RvvBrbK7Q,train,0,0
UsOvbSo4KJzmH45m,unlisted,3,1
Uv98CHMc6JGvY4cB,test,6,1
UvBCw8Q6znxxXGs4,train,0,0
UxaESJBF8KzKKMKn,train,1,0
Uy3WIdDJw0Okxq8G,train,0,0
UzE1pqUxMvERztc7,test,2,0
UzW3AQiMiwbJZfV3,test,4,0
V0FccxjiMfHrwD51,train,0,0
V1BsWESiUlUXL607,train,4,0
V216R7BJFcBLauD9,train,0,0
V2I3IbflQXkvWzZi,train,6,1
V4HcQv4XNiMyjkl1,train,4,0
V4fBfllhZvcWpUK0,train,2,0
V4i3erXY2Av7YGr0,test,4,0
V4lGCqOjZxAuz956,train,1,0
V55tN4InAFHqNapi,test,1,0
V5HiAcnoPxNUhdgQ,unlisted,2,0
V777NhBeCava8k5k,test,4,0
V7pi6arZR8rfpXIs,train,0,0
V9IA3iXoue794aS1,test,0,0
VA3my5oeELFd4Bjn,train,4,0
VAD5q7U25gBBimRK,train,0,0
VAYhFhKkJZ9eE1aD,train,4,0
VBMl2YnpKvZp77U1,test,1,0
VC4fyNsDO9j3kOZ7,train,2,0
VE514TqfK57aRAzM,train,6,1
VFwAvCFLKZ2dyhG5,train,1,0
VFyiB2nMn0sURmAl,test,4,0
VGgGZXjbLYyEL32c,test,2,0
VHiy1LCzKr9hpRyy,train,5,1
VINtrXfmNZXKKxPf,unlisted,6,1
VLB5LzxoiGFfWd3h,train,0,0
VLSw3TNOBkNiYn0n,train,4,0
VMKc8djCE7SkK1ha,test,2,0
VN7f4JE8irUcgcFG,unlisted,0,0
VNOGfi8f2oadRVJG,unlisted,0,0
VO21eVMkK6yYPNjh,train,2,0
VO4KBHOOIt6wEIoZ,train,4,0
VO8WpcESrIkQWSUa,train,4,0
VOBXTUIBGh34hetY,train,2,0
VPBr1xiRUv4EDCwX,train,4,0
VPPCogsXKjQ9BBlj,unlisted,1,0
VPbgzAcJJa0fYM9N,unlisted,2,0
VQsxNA0kAll7H9jV,unlisted,2,0
VR9YIJM42zELiqaR,train,2,0
VS25P0G8c6RoYPzn,unlisted,3,1
VSC9FEb3CLpmsK11,train,0,0
VSHrAVFZysd5XIW9,test,3,1
VSeVo1Q76XFJXDyu,train,2,0
VSh0HB1QVB9D2KOd,train,3,1
VTISw0JTAOeUHHGf,train,2,0
VTpogIeR9jmoxCRA,test,4,0
VU5NsNdRsYsqDrlD,train,3,1
VUtgnHpAF9djTrfc,test,4,0
VV5UwnA5P2GjkloN,train,2,0
VVIZM5oForBFbyvQ,train,2,0
VYFQGk6lea1kOf4F,train,2,0
VYrfGXnqnDqc7hHQ,train,2,0
VYwKACuCFMM2fgRm,train,0,0
VatdLIm2yBuXxZR7,train,2,0
VbZcY4RkcIKyFzVc,train,6,1
VcHSghViBX2b8c8m,train,2,0
VcJyHWO9dmsCz4tX,train,2,0
VcLTK0mvUToRIOYE,train,4,0
VcwPYC2DK3Hc8z0Z,train,0,0
Vd7IlkYbFGhe5pUC,test,4,0
VdJ7B1LE7GX66lSL,unlisted,4,0
VeEty3Mc38kLV9Hn,train,2,0
VepwukO49f0TQOU4,unlisted,4,0
Vf0sgib9T70aFqO7,train,6,1
VfA8Rllc17Tz2PUR,train,3,1
Vfm69yOg9r4ORI56,test,4,0
VgJNIQg859aBeFnO,train,0,0
VhMl6LVjQCxZlqYS,train,4,0
VhbM48YoB1aLPeLr,train,2,0
Vi5E9Eb8QiBdVtKD,test,5,1
Vi6GSbdZStQeDE5T,train,5,1
ViUcPo6dyL1x8eBu,train,0,0
VitdyTslriKuAo1m,train,4,0
VjpvcFZ0OM1TONpE,train,6,1
Vm7Q6GOmR4tJ01PK,test,1,0
VmfbvwCFeQc7nRdQ,train,1,0
VmrEALeZiP1Y6nF9,train,6,1
VnKwZVEYK4Bu8BkJ,train,3,1
VoCYS8kgnGzYvZJN,train,2,0
VobrWstyKDIOLsjY,train,1,0
VpWVquLTlmlZxSHd,test,1,0
VqlG0AQAMdzlufuF,train,3,1
Vqy8yMWbHhqsMHzc,unlisted,3,1
VrPf3kTbKOYXTtJP,test,2,0
VrjkaBeRSJxScA4M,test,0,0
VruDceE3Z999Cpo1,train,1,0
Vs0ckUinRP7TW9sQ,train,0,0
Vt26SpkuReklv5Dj,unlisted,2,0
VtAbbsulTf3i7HMM,train,0,0
VuCtBKzWAaW8zd9A,test,4,0
VuKEPOjl7rjiHrWI,test,2,0
VuSbNCLXnqR4r3ie,train,2,0
VudjpcG3KPL1Ryrz,train,4,0
VukuiT4GWGIQZzty,train,1,0
VvrB5JPIFV9pTQdW,train,5,1
VwIqQFqxDa0wtTv5,train,2,0
Vwtp8ezOoKeuGtAr,test,5,1
VxfYLzkJkll3waWg,train,2,0
Vxp4vOYLzGkGLagY,unlisted,1,0
VxpU98eVlkxkV3Xz,test,3,1
Vyq37KAnllxfF1tY,train,0,0
Vz2mzcaqhT6iuQVD,unlisted,2,0
VzbeK94gp5sqZpW9,unlisted,0,0
Vzg5jk3j6IPpPTOb,train,2,0
W0fOJITtl2OXtypG,train,5,1
W1SKgBiqEXo62fsM,unlisted,0,0
W1r7QG2FQgvLb1uh,unlisted,5,1
W2I9c2ExNuF545K3,unlisted,4,0
W2KNy3XndBz3Dbaw,train,0,0
W4WIYQeAgw3oR8Gf,test,2,0
W7WkmmiHjNYoaibi,train,4,0
W7hYYAfRyLnR9AZl,train,1,0
W84Lw7FYVOL8tFrx,train,3,1
W8r9lhWCvhGX1XID,train,2,0
W8tTDPj2Gg6io6xy,train,4,0
W8wdFrxaW9VMnV3p,train,3,1
W98g7gKXgYs3I4w4,train,2,0
WB2IhXfKpNF1Ifr8,train,0,0
WBgZGXZznkmNOEXL,train,2,0
WC9VbFYSLIUOBzR7,train,4,0
WCiBqTYnMnm2a6tU,train,0,0
WD8hbF1crrLyt09f,test,2,0
WDbUz3HEvBWEdEfO,train,4,0
WEXnPXndNLdYcPTc,test,0,0
WFM0BApCMYPuHfRS,train,2,0
WFsBqumW7og8BW3r,train,5,1
WH1seRr5kdj4sHtm,test,3,1
WHjio81dPB54siVe,train,5,1
WHyB8LgfZiRi9mYZ,test,0,0
WIPmsuiCWms8OBzB,test,0,0
WIRPtCHUrGmZaoqH,train,2,0
WIcw0CgN3RVJ3oVP,train,0,0
WIrVADRlBqtRde3M,train,5,1
WJDW1zDD3QB2dayr,train,2,0
WJfZtonhA58eBzV3,unlisted,6,1
WJmMffgx1nlckzsd,train,2,0
WKFGgvxqjy28OcWQ,train,0,0
WKQjvXvHXpdamZ1w,train,1,0
WKyEa8wtWy2591AI,train,2,0
WL4295AOCQhHHpKE,train,4,0
WL4KziGK98paXPlJ,train,4,0
WLhHuqJIdyttWi11,train,4,0
WP6UP9Xs22atpY8t,test,4,0
WQDQfvJci37NaVKb,train,2,0
WRoSDSc7WAiElI2g,train,2,0
WRzgL43XMwPnb698,test,4,0
WSMdtuELSi1Egr1C,train,0,0
WSedRwUx50LfXyMX,test,4,0
WSlmnVErULWHMsg1,train,4,0
WUUq2HLZWuUpJk8T,unlisted,2,0
WVTqEoaOJblHk8gn,train,1,0
WVnhzb1mQF9PGUef,test,0,0
WWAUg2dUnMjF1GHG,train,2,0
WWHAYoiZBA6A5D82,train,4,0
WWPel8XOFDWKWLCR,train,4,0
WYOvdBMQEI5kdKLV,train,1,0
WYYOoWYNXmpGmUmH,train,1,0
WYhUkxAQvj6pYEnq,train,4,0
WYqtPcC9BzmRtMXm,train,2,0
Wa3GYoo8H4i1VywB,train,1,0
WaK6yyeR7xNkN4mk,train,5,1
WaRyvzKsjCPAOmJa,train,1,0
WbD9vSK9HINEPIAw,train,0,0
WbWUD9VaX1QumiRz,train,4,0
WbtlTp3iF2uHIJf3,test,3,1
WcfzyyJEdOaSkfF2,train,2,0
Wd1XX89oQ8UkE8n9,test,4,0
WdcgOY1Dbh72kCDa,test,4,0
WdinJ0Uv7WQ64dpF,train,0,0
WfgqNjfP74ytopVs,train,4,0
WgOCLhfd6cyu42Se,train,4,0
WgVRi0DQ8lzCaGz2,train,2,0
WgYh6MnL5mlQwbfj,unlisted,2,0
Wh4XLWfNqZPtxq7x,train,0,0
WhALleExeDgpxSQj,test,3,1
Whswh4mCrQ4aXiIP,train,5,1
WiGfAv4dAqzmaR0d,train,4,0
WivHrN13bDm2tjco,train,0,0
WlJbvcpqvxoJVHlG,test,2,0
WmWzF6lNRPeVzNZO,test,3,1
Wnh8FVMwVuAmnfZG,train,2,0
WoMRbyY6qYZKc9KU,train,4,0
WoNq6jFJK4f3TOeN,train,3,1
WoR1KxfyO5ycoUkQ,train,5,1
WoXZ6UYpg54lU5yW,test,4,0
WpIvFoB9JbSegK5i,train,4,0
WpauETXxStmDS3da,train,0,0
Wq65em75pe7gwfMA,unlisted,4,0
WrT5rjljg2lRti9P,unlisted,3,1
Wt1rQEyS4dTLq0Jn,test,4,0
WtbRElZ6GfYN1wNG,train,1,0
Wu4T3ZEd8XWWUKtn,train,5,1
WuDkRr2vbcWaXbXQ,train,0,0
Wuo90X5U6WqtyUc4,train,2,0
WvRMZ0cyEWnKAntR,train,2,0
WvicwIv0Pl1XRDSE,train,4,0
WvmfZUU5ghjpQwKb,test,2,0
WwlTCykxjP3c4kfo,train,6,1
Wx97WLWmyZa7hLXs,train,3,1
WxGJgupDhrCpjgds,test,4,0
WyB2fW66tMIjJUlq,train,4,0
WyjGNFSmwgHMZykj,train,4,0
WyrZsvhkOu7yj8kj,train,5,1
WzfnjLtbzp8xElqD,train,3,1
WzsPgzrwcHyj4UT7,train,3,1
X0qJrVwrVkk5xLvv,train,4,0
X2L58x0LT4tZEA1h,unlisted,2,0
X2gN0LD6a3F2UVGn,unlisted,5,1
X3NAdmnvJ4kQy7HB,train,2,0
X3OwvQCMDOZbUDMY,train,6,1
X3YabLNZL6GBB5R7,train,6,1
X3bkLvY2EmYHag44,test,0,0
X45z2YGR6He46kFL,train,6,1
X6kVtDUXpzuacUmj,unlisted,0,0
X6rKyqYLpctBsZdd,train,2,0
X7vsPotXC1wKgSzb,unlisted,0,0
X8eYlgiffdhHD9Gc,train,4,0
X9iBG63d1hHjtkku,train,4,0
XA7nBLSQ2Gv5YeyD,train,3,1
XAzkI6PbGYZfiiRO,train,4,0
XB8v1iKQMbvT5oyZ,train,3,1
XBS5QXXuqkXerXdy,train,0,0
XBolZ9SHDdJp62hD,train,0,0
XBosP1YYbKqflZTf,train,2,0
XDODdFdx2bCbNx8P,train,3,1
XDoVOQ0ikJw07ZC7,train,4,0
XEDB0ULru2p17fr4,test,4,0
XEhKI7wvRtzdO9Pf,train,4,0
XEhx6eusUFtBNhhD,train,3,1
XF8jrspPCTA8suye,test,6,1
XGeUUg5qPoDsqDdg,train,2,0
XHjtzIvq24L5kUFQ,train,0,0
XHtvcSDP11Jybspx,train,4,0
XIFI1G3tlZYbWVYQ,train,5,1
XIMZRt7YnoPiFA2m,train,2,0
XIxVoy1WiAJKcrSD,test,2,0
XJDQgQ2vWHqeYxBP,test,2,0
XJOANO9yBTa2NAnw,train,3,1
XJUVKGe9j70yvQTC,unlisted,2,0
XJgJexw5nQLlxSGI,train,5,1
XKA2mP9zjbTLeAa8,train,1,0
XKlA6epXFRg4vbsR,train,4,0
XKqPnXKANObF4OIs,test,4,0
XKw400HQ6W34DdXa,test,6,1
XLMb1ZcLXoEIeqRB,test,2,0
XLgjgkCDuAhIw9Xn,train,4,0
XMFgTIY72Kkq9gMu,train,2,0
XN6E32VUdTiHnJuQ,train,2,0
XNt6oft5KThqk6ew,train,6,1
XOYtXMQdFLnIQJsX,unlisted,4,0
XPKkgwQOJ3U4eLjD,unlisted,2,0
XPY28ckUybV2lHPt,train,1,0
XRLSGjwbEgsA69fh,unlisted,2,0
XRRpqOq44BAzgcwg,train,0,1
XRSdH1cm8ft5LV5K,train,4,0
XRaE6iPlMZaoqMZ8,train,4,0
XRiZ1QYwCM4upYwB,train,1,0
XRqbvEn65zI52ULg,train,3,1
XSLlriCKpqyIRi2P,test,1,0
XStGH8IjmVWF0Oju,train,0,0
XTMKfAR66xcIhemA,test,0,0
XTv6wXXJePdHnxIm,test,2,0
XUA0j3jLtKmJfCpu,train,2,0
XUKICde61dNmQihv,unlisted,5,1
XUnCsc8YYR2xf55m,train,0,0
XV6n8iWFQH9zzH2B,train,1,0
XVYxdHAl2IA6Iuys,train,7,1
XVZP5lXyctlov3RL,train,0,0
XXOVuB5tyIAyDzXO,test,5,1
XXVo8pxx2HGwD29j,train,6,1
XXx4gUdJHwWGKTSL,test,1,0
XYRMCyIhVR5yX6a1,train,0,0
XYfcXwlDyNH8hSLH,train,0,0
XYpz5ZAUieKxmA9I,train,4,0
XZC2JW76PJyswv1x,test,5,1
XaDB8eucsjduMJQy,train,2,0
Xb7GCeGlDrSKyZ7I,train,0,0
XbEoDnd9Z4rfwaU4,train,0,0
XcdqvnvHwTLEnd8i,train,4,0
XcwLLZrZsSDO4XzL,train,3,1
XdEpoOauw0NEJjYr,test,2,0
Xejl0WsGNYcuyEcG,train,4,0
Xeym5MC4Oxbx4C0V,train,1,0
Xf2WjCJKyMvf9ZNP,test,2,0
Xf53GrwovECETF4H,train,6,1
XhZYGhcnbZ6VYAJo,train,4,0
Xhf29bJraRpNbVKl,train,1,0
XiXPUP9Ax5yC366y,train,4,0
XjDvKAcJ6OILWvJy,test,1,0
XjEmKAVf95uM2CB8,test,4,0
XjFjREzxmZe8s0x8,train,0,0
XjXPcxrzrDPZ6vt1,train,0,0
XjbjE7dBhxNkEoJF,train,2,0
XjuCV0kFpO8tT04A,train,5,1
XlZDXyB9uqWUIOsi,test,1,0
Xll82lhMavpn7OPQ,test,4,0
XlvBkU6EnNBYrmRX,test,1,0
Xm4tfcIvyUUV4iHI,train,4,0
XmIJfHjDpa2QBoto,train,2,0
Xmv7RLL129SILBPl,train,3,1
XnivpIhPEV8WL39S,train,2,0
XnmyTHMXyda6GmrD,train,0,0
Xo1u0E3cUeCb9pAm,train,4,0
XoxyBGQZpYVdnjwW,test,3,1
XpRMATDlCwZDGsr8,train,4,0
XqBPSd9fZO3GcraY,train,2,0
XqTCnNsS6Fmhi2eC,test,4,0
XqV5OM8HpKeb9nla,train,1,0
Xqbz7HRIqemmmDof,train,4,0
XqfD3c0ys8Oykw8W,train,4,0
XrinnJgazc6VZGNe,train,0,0
XsTnSTFuEwJ77YUr,unlisted,4,0
XtLO9GWKpMCxNwvp,train,3,1
XtShO68sxNoo9iEj,test,4,0
XtSzA1aS8OyoGTY0,train,3,1
Xtv1ilExMqiyFoZi,test,1,0
XugdMomszXxUpoAm,unlisted,0,0
XujX3g08HRinUcDy,train,4,0
XuuDAV1TBpVZtu4t,train,0,0
XvlEjHDVybUpjaG6,train,0,0
XwfESp9Qk3ILwfrw,train,0,0
XwgzmvieqOWVfVla,train,2,0
XwlpP5otmI1pUXZY,train,4,0
XxPL1BKkQWc5zzQ9,train,4,0
XysIsriRDpLJouUW,train,5,1
XzaMRNbKDwFTHIZY,train,1,0
Y0s6iwlrTSEFFEqs,train,0,0
Y1oYwoioBBfGwcEz,train,2,0
Y1yJ4jTNbVxTixzv,train,0,0
Y2GQ9XJj9fTrjUmB,unlisted,4,0
Y37SB65kGhN7ewal,unlisted,6,1
Y3d8Lu1ROCbYLmqb,train,0,0
Y3oobQmzvr3e9Xrw,train,0,0
Y4HzzVFg7wuqrA4b,train,4,0
Y5Ij44OZzZD6gly4,test,2,0
Y5uiZta8r58h7uOD,train,6,1
Y6Rt687BT6wfLaNG,test,2,0
Y8deQOzxGZVRk8bj,test,4,0
Y8q5eGRNcW8Qiss8,train,3,1
Y9GsTDYv2epVWqXc,train,5,1
Y9vUpnwyAGZkiXWH,train,1,0
YAVMsUxqfQR1KZ4h,train,1,0
YB3a4Ms8eDvak9YU,train,0,0
YBaHhzYrXg8S4JXa,train,0,0
YBq5vdNLKLYbSchd,unlisted,4,0
YCLZJobTtWvDAjC3,train,0,0
YCP9HgrBKwpLup0X,train,6,1
YErAYWX2JPimutA3,train,0,0
YF9X2xNrRsPp8s1G,test,0,0
YI2tnJ4VlIQW7e75,unlisted,1,0
YIR8LOsatnLpXxhz,train,3,1
YLsuD6VqcvWhMQOK,train,3,1
YLyQ5b2Rzf6QBLrh,test,6,1
YOB1qMVWwkwqKYlb,train,2,0
YOttqoUT2oQRXC5o,unlisted,6,1
YP6Oku21gFEsOIwB,train,3,1
YPIKZj1vZN3tzWWu,unlisted,0,0
YRAEPchzxyk1FVF0,test,4,0
YRXwkzhuHD86HNT6,train,3,1
YRdcTS1AprPDtOXR,train,3,1
YSTVu92x5XCV4nlu,unlisted,2,0
YSgy3c2Eom06Dwt0,train,4,0
YSwlGEJSovDmp0Z0,test,2,0
YT9l79SoiGWSa38W,train,5,1
YTd0NrHcUe1te8n9,test,2,0
YVntXQMkEyAJdKOH,train,2,0
YVsAxBXQPxmeEdGF,train,0,0
YWBu0r3ZTIOOCdQ4,test,0,0
YWyEgdzAuVBbksLk,test,3,1
YXihu6wNMB3Eiu7B,train,4,0
YYARFiOtpqQjTBYy,train,0,0
YYLWa2J8KZyrX9Ly,train,0,0
YYf3GK1Vh1g0LZZN,train,0,0
Yb9n6tH3kXWpBFIJ,test,0,0
YbLF36erPdJAmpln,train,0,0
YcEaOlP7sFsG0u5P,train,5,1
YdT9WKs00ed4fblO,train,0,0
YfB6GqzdoHZ88MZw,unlisted,5,1
YgTh7pwQb028Xumu,test,0,0
Ygw4FZuGvNm6KgXI,unlisted,0,0
YiHQMLogzaI2Duj0,train,0,0
Yid6ZCdtNOBegRdJ,train,2,0
YivsxN28Bc5TXRyp,unlisted,2,0
YjpQXPO4PiryJFil,test,0,0
YkA0wZ0PXB9vlKo6,train,6,1
YlBIWy3Rfjav87TL,train,0,0
YlfpHOahhuP2vEzM,unlisted,3,1
Ym4TxN8Eu760LQIb,train,5,1
Ym52Rv7MP6B1iCHp,train,6,1
YmeS19PzytE3K1xO,test,2,0
YmlajOc1YpkzuaKE,train,2,0
YnPXRYqletsVGn0Y,test,6,1
YnsU9IZCwkxAbs5J,train,3,1
YoSOfHjNCeBUOIfV,train,4,0
YpMnRwcHjsmUiyiu,test,3,1
YpjAEkCppj4AiCC6,train,3,1
YpoQ37N3votJffau,train,0,0
Ypp3CcdYrULfU3QF,train,0,0
Yq1dCVQMbtOtIRf8,train,3,1
Yq54XCcVRGgagrHS,train,5,1
YqJeK0o6qAyCOzBu,train,2,0
YsJV2oQ87wPJ8BOk,train,2,0
YtNexCLRXwxsB1l8,test,4,0
YtiOsfU0cOEYTtUd,train,2,0
YtjD7nVrqLTFK0VM,train,1,0
Yvzd34vuEnHTOW91,train,1,0
Yw2t4EqC9ZzSM9vc,train,0,0
YwshaF7RjDRjH9sN,train,2,0
YxLyO8KpjvKgsbXG,train,4,0
YxzUYU3dJmlc4cqW,test,4,0
Yy1NKXy9jbHmOrFK,train,0,0
YyXllz6GRNEumfeV,test,3,1
Yz0T4b1288yKqToR,test,0,0
Z2YeH6FM9SOcyvaB,test,3,1
Z2eMYy9p0cqvTOmc,train,0,0
Z2mR1OD41ELWIjS3,train,0,0
Z3HJAl4nmxDcsrrx,train,3,1
Z3ZqVvHCPVyyNq0L,train,0,0
Z4CqRvTH9cFAAtID,test,3,1
Z4R7IsiBH3x1hF9L,train,4,0
Z4ZaIsRlpVj5qlnt,test,4,0
Z51vTfGPlcpTCCHH,train,2,0
Z5MPAtF8kAHQt2VF,train,5,1
Z5tVCCfLH7WIGpCr,train,2,0
Z6EiolVSRmaaEaJA,train,6,1
Z6pSLzSNJCt7GyKt,test,4,0
Z7TfVaawKoiQZOO7,test,4,0
Z8LokcFZ1YWTcK94,train,0,0
Z8vLvdiAnTvBaFFF,train,2,0
Z9qqFBfLnCIZXUJ9,unlisted,5,1
ZANKTAgUUXmhv1kT,train,4,0
ZAySEi2vlgtwlTB4,train,4,0
ZBVJjAhegVsDy75k,train,3,1
ZCIugzN076LrXNEc,train,0,0
ZCyRu9HR9cg6IOw9,unlisted,2,0
ZDExHEa7G5MspkX4,unlisted,4,0
ZEKHXEk64HFm0ZSe,train,0,0
ZHLPXyvKX2LMr9ZV,unlisted,4,0
ZIgj7KPYIHPy2PYW,train,0,0
ZK9abZDnNDfmWXcP,test,4,0
ZKDmqs25MncvoFGI,train,0,0
ZM8Okq7otX3owqHz,test,4,0
ZMDkoUybjsYsBWV1,train,2,0
ZMTVZcaqGNytzQxi,train,4,0
ZMZG2thADps1DH8O,test,2,0
ZMbGQqENZ81IUcUg,test,1,0
ZNIAY93G9oOih7ld,train,3,1
ZNQNAyo5zvIc9Q4C,train,2,0
ZOGCwHC0vdYLJ3cQ,test,3,1
ZOatEE55qiuQIx9N,train,4,0
ZOu2b2QOtKii1hSD,train,2,0
ZQqFCBamJjZR9GdE,train,1,0
ZR293TuA3pgAm1gk,test,0,0
ZR3eQvmfCyzbZSks,test,1,0
ZRSUoM3yHulCOae3,test,2,0
ZSPjdaElcis1xRR6,train,2,0
ZSUU75O17YylVFGP,train,3,1
ZSYq25WX8bpr0HOq,train,0,0
ZSpefT1x2QHFzbxU,unlisted,2,0
ZSvUdINVIobMX3rV,unlisted,2,0
ZUQupPMhjID9GGQq,train,0,0
ZUQxCgjLb3UgvTdD,train,4,0
ZVLKT58OQI2Mowts,train,4,0
ZVVPaZ7nTQKMwiXS,train,4,0
ZVVp7BnjglnrCAq3,train,4,0
ZVpObjxibMqvkSmX,train,4,0
ZVy4yTSrn8cJybZs,train,3,1
ZWQvkNtxBmFO2Ye1,test,2,0
ZXobaKLkQV4I5ru3,train,0,0
ZZQlx47hYkbFntzO,test,4,0
ZZdAR6plUpBut5ag,train,2,0
ZaZibqkBkQaeN3PF,train,0,0
Zaf6ddUcLdH0MLpe,test,0,0
ZbeyngGWxlbaOjpL,train,5,1
Zc8MSUoQ1IBUMTSq,train,4,0
Zd27TtDPkKiCSEs5,train,0,0
Zd5zAeuS4twN3GvG,test,0,0
ZdKwIrMIkuTssKr8,test,4,0
ZdMEQHHCurm1Ks6p,train,4,0
ZdWqtrewB211XyRp,test,1,0
Ze7TDLIMTNrHH66w,train,4,0
Zer3bZ5I7YFGoqS6,train,0,0
Zf2tTj1d1jJzgi0j,train,3,1
ZfIICfPh1tHBcd3P,train,2,0
ZfpxRSWNKGMG4XLC,train,4,0
ZftMcbn729Y60Jua,unlisted,2,0
Zfz7mC4Xc4vRa8cs,test,0,0
Zg0QfulBfV4cVxo8,train,4,0
ZgfgTMDHDU4YhIdM,train,2,0
ZhAsYXrTBA0GrZEg,train,1,0
ZiITMkcEXPsROvLw,train,4,0
ZiZWgpelxejKZpXf,train,2,0
Zisd4xdC04UA61qQ,test,4,0
ZjCUgHoi2j7Rr5bk,train,0,0
Zk12mycgaFhjzgwP,train,0,0
Zk7VpHlJkvJB9DoZ,test,2,0
Zl9hBJ9QnnxY7QES,train,4,0
ZlB14AiurFXG5dRc,train,6,1
ZlaiXPyVZHpJFJNc,train,0,0
Zm0oK05VdxM8yBRB,train,3,1
ZmIM3yRRVbJEdyXy,unlisted,0,0
ZmJD8hjNwfsvl5TZ,train,4,0
ZmicBfRBm0Oj1Mqu,train,2,0
ZnAFa9tOkvOtRNBN,train,2,0
ZncYZQiEOyWN4qDm,train,2,0
ZoMpMLXsnebLRwfI,unlisted,6,1
Zqqe0TRAec5gNSD9,train,0,0
ZrwZjN15lBC381BN,train,0,0
Zt4a1Tcn2VkEnbnW,train,3,1
ZtjbmOqZ2QaexnuW,test,4,0
ZuBYlwpenQxxjXuh,train,4,0
Zw0jrVn7VzStak0F,test,4,0
Zwez3VcBbD6e3uKB,train,4,0
Zy4Eb89rUP5ucj2p,train,4,0
ZyAi3AlpuSWKy7ax,train,4,0
Zyb8D6ntsYy2ETqy,train,4,0
ZyrsKODZ6sEaTdai,train,0,0
ZzumkDpuSQTvZhsN,test,2,0
a0OmZk9rRV36jDfy,unlisted,5,1
a2LAc8hxmvmZOYbw,test,1,0
a2bNd2a8r7atCyUK,train,2,0
a2vobEfkl6Ac3d5J,train,2,0
a3LjapofU1qVBxA9,unlisted,5,1
a5GFgyOnH4JhLnTR,test,3,1
a8xYoGsr4Qqt15Y6,train,4,0
a9ALiKAuyI7v2hj0,test,2,0
aBHuNbYWZUjppdNY,train,3,1
aC6fjed0jT2rjmsR,train,0,0
aD3SzU147ibMh3Hr,train,2,0
aDbxSsEQpAdWhvFY,unlisted,0,0
aDiJ7RTt1oGPTSwH,unlisted,5,1
aEiaeNC2bJsiIEq1,test,2,0
aEtfO1mvKORAAvpp,train,5,1
aFm4oxbaATq2SuXu,train,3,1
aHHKXXKfhqhzZabL,test,2,0
aHIcnv3tANsyBa5t,train,2,0
aI94QnYrXA1qRrZi,train,6,1
aIaPtN8jM2nTkW18,test,0,0
aJcHi1bpNhDdOWZl,test,0,0
aKGQO4YP15A1mzDH,test,6,1
aM59jb6dv2YVQzlz,train,3,1
aM8opMgTozVNsfl0,test,0,0
aMaN6h88wmG0O3Ab,train,4,0
aMuFbh7x41Ztpdp4,unlisted,2,0
aNZKsgtFwmNINTe5,train,2,0
aO980ubOx3cZVuRC,train,2,0
aP49RqsWkedeFw5U,train,4,0
aQHPYQFW9ktqEGp1,train,1,0
aQp29ZNRkWGiCklK,unlisted,4,0
aSv0h3BSiEeoyfUZ,train,4,0
aUjA3PjeEYqvNSzP,unlisted,4,0
aVTe6fJsU1J6Lww9,train,4,0
aW5IagELHzETFJim,train,2,0
aXmtMHirZ8z4JM6O,train,0,0
aZKam2wJRwGTEiym,unlisted,1,0
aa5C6EJqlGsxxDBg,test,6,1
aaKuoDlmrBfC0BQj,unlisted,2,0
abufSclHFtvRfj8b,unlisted,0,0
acVQO5iPwVw8mMv3,test,1,0
adXyXm7px6pmfbAb,unlisted,2,0
adrW9aQLYcgnHYay,unlisted,4,0
aeekTnoSbhADL0yv,train,5,1
aeg5vszhEwY5HTS5,unlisted,2,0
afkiOepoPW7S9HFw,test,6,1
ag5EcEZxzIgqkL8J,unlisted,0,0
agEX0GmnjvRQ2VVG,train,4,0
ageXSAHAPsUBklxl,train,4,0
agqoGVHJLSKoCxzD,train,2,0
ahHQrLHat4Ziu6p3,test,4,0
aicOndr7TSjo2iiT,test,2,0
ajJvgyjk7wLWp0OA,train,2,0
akF8wHHY0UqkxiVX,test,2,0
akPEDSz3Q9VMUFtN,train,2,0
aks7LkPFI7Yvk2ms,train,5,1
akwG23Gnw5THyGel,unlisted,2,0
amRVEa1WVL1bCcZp,train,0,0
amRikgUPCDvNNdiw,train,1,0
anS5Lharwi8c4nBc,test,4,0
anULjkyJ27zGEbPR,unlisted,1,0
aoscld96F3oBeFtu,train,1,0
aptc88H5YsQICiKF,train,4,0
aqNPEFTRLSuSElsa,unlisted,5,1
aqTw9otCG3kCDQiu,train,6,1
aqypCWr9vtLUKaqP,train,4,0
asALbOgCqNQvmG1O,test,3,1
asUt1LLQF3jCIEwv,train,4,0
asYXwUZniVof9yPO,test,2,0
asclvS0ZVIPNVGJe,train,6,1
atIr5I2cLtS3CUZn,train,2,0
atbDgqzZLCOTgqUF,test,0,0
au6o6wuP8GHi2n6q,train,3,1
auSaTvnDKYu5oJey,train,4,0
auoVOlrkOPhS3AKr,unlisted,3,1
auytbZ5KKx2e9lmO,train,4,0
av0mRQeo94gZ11Qk,train,4,0
av6SGXaFLeWcOZWz,train,2,0
avXiOqkVCJTBJahe,train,2,0
axSi9Ixeu1x5dhmv,unlisted,6,1
axaewbJhjsCmOL6W,test,4,0
axdjwQsKEkRW7OoT,test,0,0
ayQaqwTUhRNNdGf1,train,3,1
azPlROYpxdSr4bQ5,train,0,0
b0LWNTNL1OnV08EH,train,1,0
b0h4Wr6FAqXjFG0Z,train,0,0
b1G2xPxSDBvFI5Kn,test,1,0
b2nLtjLaqxUGV3Hz,train,4,0
b3x2DXQwUBnNJ468,train,4,0
b4Yi2rwLsdGwYMOo,test,3,1
b50NpKGzQBmTMZHt,test,3,1
b5jNeP7DlyuXgPPp,test,5,1
b5vRxXTxTw87Uy0j,train,3,1
b6Kwt7eFxrRcgypC,unlisted,1,0
b6oqCngDugcQlL7x,train,3,1
b7A7jpiDUjoPEhCN,train,0,0
b7HjDFQcuzrzh7RV,train,2,0
b7NCryXe9NeUOQDF,train,0,0
b9IigoD1hhJTsi3w,test,4,0
bAYgzUIjsKELOpNM,train,2,0
bAznl1dWezWkK79R,train,4,0
bBErv8GtFUzd8LtZ,test,2,0
bBULwtEmuB66qiZC,test,1,0
bCE0UdsZz10UXcxz,train,0,0
bCasC3OjWA56zbim,test,4,0
bCnqDIE4YWoUwthr,train,3,1
bCxApn8uSo635uO6,test,4,0
bDk3xqZwUmMBcfWB,train,2,0
bE4V6crlP4ow56DX,train,0,0
bFdTs3v5xMsJ1tKS,train,0,0
bGQWFIHtTEC2KIG6,train,1,0
bGUXJjt8dm0UxR2p,train,2,0
bGWsFbQTSAJecmLc,train,4,0
bGXbA2Pne8UpLvNP,train,3,1
bGnOHxbCzvZNDwNu,train,2,0
bHUrIsbG0SRBZ86l,test,4,0
bJEjzOhDWA5bPClV,train,2,0
bJHypYsVTzDpLhNa,train,2,0
bKBlwI3HRwCBTBMq,train,4,0
bKIWV7uLhMJfCWtF,test,6,1
bKUPLyT0lhJ5mAyC,train,4,0
bKk2xIClHMYPOszD,test,5,1
bLzCmd337L170Yjs,unlisted,3,1
bN5LAkx2qmGrH56b,train,2,0
bNAsFtiMOmizHpUt,train,3,1
bNjpiEQhK8nDSqXx,train,4,0
bNx65z9FK6XOCxB5,train,4,0
bO9QgncZi5axXAKI,train,0,0
bOI6uZuHCjnvFGsW,train,6,1
bP7FUhvfg8zKS8Ry,train,0,0
bPsisEL3A9dObUdK,train,0,0
bQAC5dDF1NTRUUP0,train,1,0
bQr93mpSCZaPc3K1,train,0,0
bRgyFQsqK4URlnsS,test,2,0
bRwiy8MOzm07A7tk,train,1,0
bSfxx9sqNscO1YNS,test,3,1
bTAWmN4PRvOeTpAJ,train,3,1
bTSw8KKjK8m1Z4FI,train,4,0
bULwSPh7raudVeJg,test,3,1
bVVhhKpYLfap92Ii,train,0,0
bVoSB9e6pmkvteOO,train,2,0
bVsOqm5fH2TmPtpB,train,0,0
bWa40fopd11ROkUh,train,1,0
bXL3Ts602c4URgrt,unlisted,5,1
bXNXO8827HliedrZ,train,4,0
bYPQI1MuglnDaHxf,unlisted,0,0
bYRLk0bwp2yubsOw,train,3,1
bYlkwgDyBB1INNlh,train,6,1
bZwxYanfxUHGDJuc,train,3,1
ba633dv2fu75wmVj,unlisted,2,0
ba751a1ShnW89Cqm,unlisted,3,1
baTY3OlGskirWgFc,train,3,1
bc9PQD62rJvNFViq,test,0,0
bcqSpAqCxHtAA5Zr,train,0,0
beAivJwhwcRiSSOa,train,4,0
beFmgX7qgjEl9wLl,train,6,1
bel2sZw2Dg9If6xJ,test,0,0
bfI2CRQ9fGzmFuMM,train,4,0
bfU4V6lm5iKV7OBe,train,2,0
bgVd1eFRblyMRujt,test,2,0
bguXqgoHkCT77oJA,test,1,0
bhGDDXaopkuDXdSs,test,2,0
bhgU4jvOaePGz1Oc,train,2,0
bhpUnYkbW4pr8ZqL,test,0,0
bizMXTvECxiS6BAJ,test,6,1
bjz8XDwvqCwmZTXN,test,1,0
bkGk7t4M9S8Hm8KW,train,2,0
blV7vY7AZQ3VZprk,train,2,0
bnoPNHifsCJR1888,train,2,0
bo08s71qyTwe33k9,train,0,0
boIwO1S4a8vaWQy2,test,2,0
bomhHnAf3YeSmp0P,train,0,0
bpTAtJ8xTfRc6cie,test,2,0
bpciKLkiOGc5Kjdk,test,4,0
br16vIpIFxca3VFV,train,5,1
bs1zaeaOshmhpvxv,unlisted,0,0
btXc5htjqD774Z6n,train,0,0
buiofUS8irrEm9fw,train,4,0
bv0Yttr1F2SRg3oi,test,4,0
bvBlAb3HuyqfhgIk,train,2,0
bvNtQfVwBFheDCun,train,7,1
bwKVVIPohi19YrWr,test,4,0
bx2sjjhylyRuRZqL,train,0,0
bx3M3TnlqSeIoiRV,train,6,1
bxiK3it8VaFZQ1wv,train,2,0
bxutUNqPYTnO1toX,test,4,0
byHetRR2JOtZKNOh,test,1,0
byJmrXlAbxmp3HIk,test,1,0
byRhIaPUNeWVLcS2,train,2,0
bz85EFygPcBWOUx0,test,2,0
bzKsaN1ybaouBjq2,test,2,0
bzXoCxEKgPtvjZOf,test,2,0
c00t1LtFJVDobYaj,test,2,0
c0halol4abeSHyDB,unlisted,0,0
c0r4BZeEu2vgGJCb,train,2,0
c1OFprS2BcRpgAgo,test,5,1
c1xObXYvpF7zBB9Y,train,2,0
c2Lj59DkdNrGcUYm,train,0,0
c3uXzbmQU7xzCM13,test,0,0
c4BFkOZHFiV3JAza,unlisted,2,0
c4NtZ7rj6nGPAdlc,train,4,0
c4scbsTAq2wqNDyH,train,5,1
c6UBKLZPmMMqvec8,train,6,1
c7ij8vKOZM6MK3zy,train,4,0
c86nnhkklo3MuqJc,test,4,0
c86xUC5kFxBjZ453,train,1,0
c8ant67E0hpgWSFV,test,4,0
c9yaXO2Fyo1srnnr,train,1,0
cAiIWPKQlkmHqnx2,train,3,1
cBwSeId75e7EcsAl,train,4,0
cC6ZKPmuMEGj9dCg,train,2,0
cD7bYtU7yrqvapbQ,test,3,1
cEUXGcBHzEZZS0gC,test,4,0
cFTCJsISFmKlIwuU,train,4,0
cGi8g0iraD1XQyBs,test,1,0
cJTod8TqqbR222wI,train,4,0
cJdOKPGNYChD5oPo,train,6,1
cK8ShmbCuAjASnAG,test,2,0
cLOVrvJExKwdGSlw,train,5,1
cLZBesMYcK62fadM,train,5,1
cLc5dQBnOivGU3BP,test,6,1
cLlvehrjWAkSxJkC,train,4,0
cMC9kR74WH5olex1,test,4,0
cMKCJsslNGkLKpey,train,3,1
cMV0yUuzN8VKMIHP,test,4,0
cMevR17AIpP6bN65,unlisted,5,1
cMjRC8xxCWeKiHxz,test,0,0
cNNNpPsFA4JEdfry,unlisted,4,0
cNTmRRUpTn8KBpFL,train,0,0
cNVpvVWGlEVRh64F,train,5,0
cOEdAnpAM2NJDNwY,train,4,0
cQBkqiyhdTppjrJS,train,5,1
cQKL6J1nK2FzODpH,train,2,0
cQyrjSv5zKaGT8XF,train,4,0
cR2XuCR5cwiPfHEN,unlisted,0,0
cSEMvVffGhkQ5gY0,test,3,1
cSHBo8ZEYXywLZV6,train,0,0
cSKdrih2DDAkWvo4,train,4,0
cSTqrOdK0b3T7EMO,train,4,0
cTdWXv6pEIWZSM2n,train,2,0
cUWIqCRu02vxCRFp,train,1,0
cUeUcgis1sHXaxzM,test,3,1
cV7NRWoBFjWP8v5c,train,3,1
cWz5e9hoNbarxPH6,train,6,1
cXLEK9Fv9XyGTYql,test,3,1
cXQyS96TFprMLydg,train,2,0
cXcUcqwnL68TJbrS,train,3,1
cYe2z3PkTdVPzTpD,train,5,1
carfcUWJrCMZhox4,test,0,0
cb50eDMQ1lWueoz3,train,6,1
ccPugT9HO1r1VqLI,train,4,0
ccb6jE2RlUietluD,train,4,0
cdPxsnBqvNZ4WDcg,train,4,0
cdgE4H3r2ziPV3FU,unlisted,3,1
cdnL2nqtNcDBME5k,train,2,0
ceeKUqXCb5FjPOa7,train,0,0
ceneHqmsemw3RETh,unlisted,3,1
cf143agQ48sKkAke,train,0,0
cfbIMzPvsAYgkuoz,train,0,0
cfzujCAf7oAQJetL,train,0,0
cgHXQVtbKWtO5num,train,4,0
cgMBwUYuBMGhy5Km,test,0,0
ci0TV5q5lYJBeE1S,train,2,0
cipXfrj8OMaY9a9Y,train,2,0
cj4DY6Qgz5MHSJPT,train,0,0
ckVIKetfzSh1iUJr,train,4,0
cklXe5xX08t40pNc,train,0,0
cl6aQQ4pIJOCHk8P,unlisted,4,0
clMu6Z9NoOKg7Fjv,train,0,0
clfk04xtmQVrfZUl,train,2,0
cnlk9UBbEpsW3DGV,unlisted,1,0
cntBfvyPlBjstyR0,train,0,0
codmfxeVYH3AfCwL,unlisted,5,1
cp7HtvFzVkbwRwwO,train,2,0
cqrUsf5t5rViN7qX,test,5,1
crAhhCkMuLypKbsb,train,4,0
crGEocrxhLquvVGA,train,0,0
crMmSGAlOV118atr,unlisted,2,0
crVxevBLM61nnZXj,train,6,1
csqOedsdrpewzy5G,unlisted,0,0
ctEQyedj9N2BQWPP,test,4,0
cta9imAKmAZ04jBJ,train,2,0
ctrKB2ty7ejUNoKd,train,0,0
cu7tGz0IEqcWPmsw,train,4,0
cuwMP4psiMzEQhQe,train,0,0
cvRG47ZPbT7j6O8H,train,4,0
cwheEfBRUdo1MIWX,train,4,0
cy7sbdrCs8HzDMt4,train,0,0
cyPN0uLTNaUUROhK,unlisted,1,0
czgP2A9uaOq9S3Fl,train,3,1
d00R3BVGH2lGxRSc,test,4,0
d0GDhxyZqWPEIPWo,train,2,0
d0KvUoiQUzFaZJq3,train,0,0
d0ZninoI7QZwZqpC,train,1,0
d1J5GmKIjku2HChR,train,4,0
d3IR5RXi6O5mfCWe,train,4,0
d4HvOGYYwVHHm1VI,unlisted,4,0
d4ns4lm1Ak7QVic2,test,4,0
d4qfiedDcQ2rR9ne,train,6,1
d5CLsmj3gTHocjrl,unlisted,4,0
d6XfPKoIVU27c66l,train,4,0
d6ZWfj6IpmfKvxG8,train,2,0
d75t4snl0VFahJwe,train,2,0
d7h3zq1Hh4J6HVaq,test,4,0
d8RInvCiQIMb8Ng2,test,6,1
d8woPeX9PcWb8pm1,test,4,0
d97kwy9Ydcshm5gA,train,3,1
d9EJFpa42vRmLb2c,train,6,1
d9LxBmleE1sPcbTo,train,2,0
dAzOx3yB1d21xbwN,train,1,0
dB64zH7GewwVDhSu,train,6,1
dBKofM1BpbY2p7NM,train,4,0
dCixtrvUjEJAedMv,train,5,1
dE0sdsooBJLxUCMy,unlisted,0,0
dFwgBDVr4ZUHAOEm,test,0,0
dG5rP4H7lSaCkEej,train,3,1
dGNYoOwfTS34omVW,train,1,1
dHlov1obK7FBBM8Z,train,4,0
dInAgVa3JIcjwF0Q,test,3,1
dJDRZtUbzq0aVnLe,test,4,0
dJDrNA0e3jjM37Go,unlisted,1,0
dK1N20oj1OVqDbCK,train,2,0
dKrQOkQZYnQgx6KA,test,1,0
dNDMkewOJ4owOa7m,test,2,0
dNOQ7N6EQFbaIJAa,train,2,0
dNW0BfRW5TCaVRfu,test,4,0
dOTZQ4HsAz4RSJ3t,test,4,0
dOvrIxC7shEi4Veu,test,4,0
dP4QSznW5ofgKYeT,unlisted,6,1
dPbGExFXvDvg8Snh,train,1,0
dPesfr1riqzaPEo1,train,5,1
dPod4u6iqggrWkcU,train,1,0
dPqW0hdkDzEtEV8W,train,4,0
dRrZWgFiIjaEAkmG,test,0,0
dSgQLeE1M3kbjxjf,train,4,0
dT6slPphzNFMjUTV,unlisted,2,0
dTlQQMrb1oFxnwOS,train,5,1
dUX2tnyHkZEuzGqL,train,3,1
dUZL8wpBWDOQEO53,test,2,0
dUkR6ecLp7AFUU7A,train,5,1
dVBC8xZ3r8KoNmt9,train,0,0
dVeJ8Myfzqlp9X3z,unlisted,2,0
dWaAi1OoeTjanGDx,train,2,0
dXgzN3LmX3lK76Cq,test,5,1
dZ17WY0Xcmbrtp7y,test,4,0
daVpziQl8f73e7TX,train,2,0
db1IlrI1qwHgXoaJ,unlisted,2,0
ddLEG62Hkd9Gf2le,train,0,0
dftQVyYbufLbJXvr,train,0,0
dgUSIE9pftnLfuf8,train,2,0
dgyquq7AyjxCohj3,unlisted,7,1
dgzOvMMwo7daS7RB,train,0,0
dhReAHIbNUkU7uxc,train,4,0
dhyxDNcxxlPJTeJT,train,2,0
dixFsmjynPcp7UM8,train,2,0
dj73p6IJp4zKRE6a,test,1,0
djN5Xq04IWatSBGH,train,6,1
djbsbqeT5aDZgKei,train,6,1
djhZbZbYckFHBtQN,test,3,1
dkyayq7YYDsBS9UY,train,0,0
dlZjFxaNmSAQ0brE,test,1,0
dmrWYksRqj1dSYsn,unlisted,4,0
do0cZuzren68K4Tu,unlisted,0,0
do5x7vNw44NguhzC,unlisted,3,1
dolcEqkTDBh57FcC,train,4,0
dp8N7j310savSZht,train,4,0
dp8j5O7gsxdwD6y4,train,2,0
dpCnRq1gzEIg7j5D,test,2,0
dqP2JBWSWeI3zRUC,train,2,0
dqUeRw4uk9Y9HVY1,test,5,1
dqVFcEGNYV2PpCM7,test,5,1
dqZ9oGgZDCNM4VG7,train,0,0
dr2NyFb3yyCconyl,unlisted,4,0
dr2pGIv5Uj33HCe2,train,6,1
drXzeIElm51q0y1a,test,4,0
drcLwoThq5YfYLBh,train,2,0
droYLsVQT54zTeB9,test,1,0
ds2yzgNWAo3MYQNa,train,0,0
dsgpzFDE9yFMxZLQ,train,5,1
dtF2POAVgsoDG96H,test,2,0
dtU3kxkIRryuG7bB,test,6,1
dvKdrhhDQ1KO2REC,train,4,0
dw9ge8uTEMsjpH8F,train,4,0
dxilqtenpLutCKqd,unlisted,2,0
dxzGDJdDYeiS2Xzv,test,3,1
dyV6PZfMsMKXLhm6,train,0,0
dyz70bKtDHmd0Aj7,unlisted,1,0
dzNbQOPBggN8YUwX,test,3,1
dzgSkdn0qE1OgCVv,train,2,0
e00ghFMZNoeZmBvZ,train,4,0
e0OLdiBPAWRipFCm,unlisted,1,0
e13Lg8XT1rXdbZMN,train,4,0
e1JT2bYc9tvdf5uV,unlisted,1,0
e1hq4Eu4sQz8Bjr6,train,5,1
e2XrCfwLagg5kuai,test,6,1
e4upqQSFsmM7iFaH,train,1,0
e5uqF0vLwbhZm2WZ,train,1,0
e6T87shXCg58XyvE,train,2,0
e6UEWHDzajGFtMaE,train,5,1
e75E38DWZci4jQnJ,train,6,1
e9D87KLAlm5wyNL6,train,0,0
eA99xKMTmSaRiVOV,train,2,0
eBdSEKQgF187Lgn6,train,0,0
eCMELzIG763SAIcY,unlisted,4,0
eDVxDAVagGc9HBTC,test,3,1
eECXxGLgCGo8NcUY,train,4,0
eEMNnCTYJgaPRPW6,train,0,0
eEvPnphCdiQ2w5np,train,1,0
eFnyuqi5zlsgDIql,train,2,0
eGQgzKJeP18s5goY,test,4,0
eGVxwMtaUCLNZ5jo,train,7,0
eHKaNPkCwUnOVj6A,train,0,0
eHWKHYBnTAV6f3o3,test,1,0
eHXjJq4nNKXCtHYy,train,5,1
eHgLzPhmIPC23xPN,test,1,0
eHrCUjyzGdz8nV4M,train,3,1
eJDgcNQzOHuBtivW,train,2,0
eJyM8jG6LE5lZGrv,train,2,0
eKfJXhIkZG22fK7D,train,2,0
eL3PhVbva2F4gLDc,test,5,1
eLf2p0U4w5bwTVoU,train,2,0
eNeHAUkUmpMXWl1l,train,4,0
eNsUTM0DLAOMvIyE,train,2,0
eOFGeaNaFhKxEPgQ,unlisted,5,1
eP32fNMGyDLJ9YV5,test,4,0
eQQ3IQx58TBpuia3,train,2,0
eQYfd8CWpwhiJMAl,train,4,0
eQfb4hUuGtxzC1o9,train,3,1
eRo7qYYOLQZ7mBhI,test,2,0
eS9OCLAp5mbOvaDW,test,1,0
eSC9eMR9O9e5yo7Z,train,3,1
eTLeR7GdZtoG5tSp,train,3,1
eTzOlLZJQ8FcZkvj,train,1,0
eUShQ5BYDx70aC2B,unlisted,0,0
eVTSLru10zQstBqX,train,3,1
eWB1JesEihS3rvHA,train,2,0
eWCKNzFbJaJYMDtR,train,4,0
eXelfSHf2yD3SMmZ,train,0,0
eYtIDzLApNpJkEye,test,4,0
eZ8K5NS1WZcwe8AM,test,0,0
eZG1CxzYLlB5S5Li,train,0,0
eZZrI05I8AbG38UY,unlisted,4,0
ebtj2FXVLEqNmwr1,train,0,0
ec6qdyV7RjLgfICk,train,0,0
ecQoXsf2o3gyrDO1,train,0,0
efq7cSV2UsiHIA8V,train,2,0
efyk6edTQSzw32Wf,unlisted,1,0
ehwrX4Q5pKEI6gxF,train,3,1
eiYnMIfIKoNDPOZk,train,0,0
ejAgBoS0krTHTJ4R,train,4,0
ejDLHm5h4lWWqiJR,train,4,0
ekBrAtEYexq8pUOF,test,4,0
ekNUUuwvfRTbb9x4,train,2,0
ektv7klLjqZxyCRb,train,3,1
eljuMcZ9LYSvyzWI,train,0,0
enMaW6tmJmO7cprf,unlisted,2,0
enrQLaLXBOe0MEMF,train,2,0
epPndgbEvmx8WRcl,train,3,1
epWJEJncuPzHiGZV,test,0,0
eq8InFTV0w562oCT,train,0,0
eqF93vAKYa4aOeHr,train,0,0
eqQHpmpurd5ghlCk,test,2,0
eqoBEIAkOg8ZaFZJ,unlisted,2,0
eqxocQnH6YxyE6D4,test,4,0
esXaLJlfkFclphJM,train,5,1
euYlcqNMGcZLtP1M,train,4,0
eulhCStAu1Qn7uUo,unlisted,0,0
euxcjMUOZ4gyGUfv,train,0,0
eventWQyxdITQAuS,train,1,0
ew7GgsYRtMfsW7Cy,test,2,0
ewYlEIEmas0JBluR,train,0,0
ewvmt7GkagjVTJrd,test,2,0
exmvmM2zho1BUFrW,train,4,0
ezdip0iug0bFTfx8,unlisted,2,0
f0A4hGIcHgKaq7JQ,test,4,0
f0hic7FbgHSQbSvO,train,5,1
f12FNNKmltSlc4ks,train,2,0
f1ffBgVVxZiJdL9J,test,4,0
f2v2R2Iy9uOT4WF3,unlisted,2,0
f5cMjlBHvMlRBj5Q,train,2,0
f5dCzCDVCZXI2A9C,test,3,1
f6dJDcGlyMFY9hWG,test,4,0
f7JWK1HEvxFL3QI2,train,1,0
f87j9oDxpalJ6rKC,test,0,0
f8QIolG5Xe3f2ZYp,train,5,1
f8wxH47w7Ko3L5Qk,test,3,1
f95LPcmWwMt3VaKs,test,5,1
fAakGxSK4wmT159J,unlisted,5,1
fBM0lIsugfuQstCM,test,0,0
fBZpq2PTo2Rco8gd,train,3,1
fCedv6dH2OdxtMfq,unlisted,2,0
fCtxAqjtaaH0W2iw,train,2,0
fET1V5dC4o1h4Ctr,test,4,0
fF5kCkDPMCp7UiJl,unlisted,5,1
fGa0q4XicRjkmauX,train,3,1
fGd6OPCnL7jbUciw,train,2,0
fGsiykQiyt1Ps6gH,test,3,1
fH6m4Bk1BqStG9IQ,train,4,0
fH7IpSeltPK89Y6E,test,0,0
fHfmC6iWjLVmHVat,train,3,1
fIqp2aZPgKlkbMxB,test,2,0
fIuNZkbAnb2qhywi,train,3,1
fKKE01yCwLVTHmQm,train,0,0
fKUyLnLuCJFwZldE,test,0,0
fLLq60ebem5PCZif,train,4,0
fLTAHKXSZVoSfpxa,train,4,0
fNdKPYY3938VlsJE,train,0,0
fNmdSy5qBOKhjyZF,train,0,0
fPQsGsRu9rt73mba,train,3,1
fQDlYl5wEDuqVxJO,unlisted,0,0
fQt5V9uSMYrx8AJW,test,3,1
fT6kfNSJdqfH7qCj,train,4,0
fUVZgu51CqrTZNzQ,train,2,0
fUpjRJ2XxaEkwgEJ,train,2,0
fWKWQl9cjSv1NV1L,train,0,0
fWvXFg7Bc5rly880,train,3,1
fWxwvfAvWeFzIdHA,train,4,0
fZm2cAMACleXiIgu,train,3,1
fZyQb4BQmKk9oeH7,train,1,0
fa3UH8zgZ7yX060q,test,0,0
faEi3uSzRnTyTBVM,test,4,0
faKkl4iufUqvwE6L,train,3,1
faal7fTPL4sASZYX,unlisted,4,0
fb2nkyXzsPW9Pjht,train,2,0
fbEQtkTD2KVLbDDX,test,2,0
fbWcVnYOtostMMFx,train,2,0
fc6OFtNhQyhYKskp,train,0,0
fcGhNtSIXqTiiB4l,train,2,0
fcbzOM6P0CEsdaMS,test,3,1
fcyUXAVcVQYdl3y5,train,3,1
fdbPL2qsoaciDFoi,test,1,0
fdgAlkRsNQSSMKYJ,unlisted,2,0
fdoxzxFrPJdJ6tmF,train,1,0
fegDvq4KqsKvEPsk,train,5,1
ffYZ8XBo1lJjVjxh,test,6,1
ffuyWOTIut9bkyV1,train,5,1
fgkXxGbttS4odzuR,train,6,1
fh6vXk0uuGRB1lDC,train,0,0
fiPZA3D5YSM7BNlD,train,2,0
fjODbAygJXuQoAcT,test,5,0
fk4LdCXvWMzu63NM,train,4,0
fkLVLXBtkzco91pA,test,4,0
fkgRJlc0SMFblme6,train,4,0
fmGcACgpdDTovfd0,train,4,0
fmUhGrx6AbvN91No,train,0,0
fn5XUXecqvcjwXJQ,train,4,0
fnVHxtsWuCRDbjNL,train,0,0
fnkzgge74EJdbXzH,train,4,0
fodrt1WJWI62fZTJ,test,2,0
fotfkvVpPZH1S75X,train,1,0
fpCCURZhSWRGGAWj,test,0,0
fq16XqCf5Avc2qqX,train,1,0
fqDKWuwqVZekK6Z3,test,6,1
fqSf79prKmYh5WE6,train,0,0
fqpdmfISmK05pp0b,train,0,0
fqqvJi0lcBF21niZ,test,4,0
frwEdBu7SI5SBXGB,train,1,0
fs5MBpnB2bKINTg7,unlisted,3,1
fsGQONvf08WpRtoZ,train,4,0
fsfyhrevbLpEFRWg,train,2,0
fswCOIGD9ZW6cSPC,train,0,0
ftCq5R12ClNKdTwx,train,4,0
fufQMJPxSqvGjWK9,train,2,0
fvHJi4UUe1H39D9c,train,2,0
fvj7AEm0PCheaCWa,train,6,1
fw7lp5IzCyEmIXQl,train,0,0
fxvhF26uHWz5n576,train,1,0
fzsFAqLlUEmJSAJZ,test,3,1
g0xyNgrB8RgyR8te,test,6,1
g1CakP8AQ3EhMKye,train,6,1
g1y81vo215Do11Ya,unlisted,3,1
g3MD4XDApGxG7zTZ,train,6,1
g3nKhimFDqxMPLH9,test,4,0
g3stqtASZxFtHeZs,test,1,1
g4zPkQjRO6GO8smU,test,1,0
g5KRUhoVGac23apc,train,4,0
g6gHjpmNHq0wrYzf,train,4,0
g6x6qG6aMrcPrPEz,train,4,0
g9NIE4MigAvag2H9,train,6,1
g9R55WWmaPaeVyfO,test,6,1
gAIy40YDaZHIuubz,train,4,0
gASAKtAb4i9Oek69,train,1,0
gBzw1QL3utv8t7Up,test,5,1
gCQ1CkiwVBaw43Tm,unlisted,4,0
gCVc8yDKYPrKcFIB,test,0,0
gCijUesXvSuLpTEB,train,2,0
gCt4cjdN5GPtStBN,unlisted,0,0
gCzrW8fFkBHcIaHg,test,4,0
gEiPmQy7GxcqUVYQ,train,7,1
gEkVz95jGXap8nS4,train,5,1
gF6UADzi73k24Ccj,test,3,1
gFjcsIH2HzJdQtgG,test,4,0
gGBAgDQUK0qwqLfX,test,4,0
gGXi0ZbP0Fa6zyTW,train,0,0
gHqA1DLdJDEZSoEn,train,6,1
gICNJLE4AXopRWci,train,6,1
gIV0v2TfmiEWK5C0,test,2,0
gIX5r3F8fqyQikb8,test,4,0
gIsgG41Aja6oboBy,train,2,0
gJPJgkjtYXyyh7q4,test,1,0
gJkn38FLpfjzN1EH,train,2,0
gK3m6hYNjlUK8rfX,train,5,1
gKHu8KyFeHojgm9a,test,5,1
gKVCQDEsIBDxNx98,train,0,0
gKgjPAdqSUIwVHKA,train,2,0
gL0DWPJAcXVg4OWy,train,4,0
gLJpzK5eYuCnRDBX,train,0,0
gLNNqSwlMuV45WhF,test,4,0
gLu3GbSabYJtgzjR,train,1,0
gMPtcUZKyfXd6Xvw,train,4,0
gN8qJ5Nzi68K80XI,train,0,0
gNSav5n4F15yMnkU,train,3,1
gO6QA6eQGbLZG0Wb,train,1,0
gOSvNjpr6SBzuje2,train,5,1
gOYJSj395B9Pg8YX,test,6,1
gOlKOJwyCSiqdxxv,train,3,1
gOw35akAEvvP5gl6,train,2,0
gP7kGWfDFYMbZ8nO,train,3,1
gQBGXxj18x1peQZ1,test,3,1
gQKyaXjubNUTQjFb,train,6,1
gQXDFOuz5KSSaaSa,unlisted,5,1
gRqzKjUeHPX7leKi,unlisted,4,0
gSRiLOj8cDjjmcYn,test,6,1
gSRuO29rOsFt1Fpp,train,3,1
gSXt2RMZhYKYcwIB,train,4,0
gT7S2CnDnp1MEZOQ,train,1,0
gWRa8FIM2RcOEIBK,train,5,1
gWy110rXUX1cmt8n,test,4,0
gXd9E6aDhBprJx3Y,train,0,0
gXzGIuLlzzoEOUba,train,3,1
gYA8FtpnJdbw4qwR,train,4,0
gYNNY28g0JcGgkOh,train,4,0
gZGtGKEtjipu3rZn,test,2,0
gZTYL1EmGfQU3ZRK,train,3,1
gZau8VWOQ4CE5Qiw,train,5,1
ga3ULsRukuu4pSKy,train,6,1
gbEBZbLZO7v1qpgE,train,4,0
gbIcQ6ecZn0bkl4g,train,0,0
gcYQGLdEh6qcetQa,test,4,0
gce4p1JQiCled3Wu,test,0,0
gcoZoTE0XUST4daI,train,0,0
gdw5AT8NFrfn6i1H,unlisted,0,0
geaVYcKcP55A1Rcw,unlisted,2,0
gf0V3JlJKi3fTbEu,unlisted,5,1
gfJDEHzpqOersJ5E,train,1,0
gfSAUvLw7xV0JZOT,test,0,0
gg5hfS9d6SHxZS3e,train,0,0
ggKvBPPXVM6ztBb9,train,2,0
ggdE9KEzt4CxsRVw,unlisted,2,0
ggux4tiyX0W3iPRj,train,4,0
gi3c1BbSkeiG3H6y,train,4,0
giUQfjte8mKpWTB5,train,0,0
gkLUCeNJIrcX1JM4,test,3,1
gkYlJzGvQkIMC7w5,train,2,0
gkdDIcW0TbnFIf2a,train,1,0
glE5NMc4YIGWhfEQ,train,0,0
glh7OYQMbO2vVfJ4,train,0,0
gllj5F8yVqpoJDlk,train,4,0
gm020mTcVuNewsgL,test,0,0
gn4o7UEPi4SkOFZS,test,3,1
go0QNU5TCq765p0U,train,0,0
gpngEb1GCzd7htzE,unlisted,4,0
gpprydgItkjagpIQ,train,0,0
gqcZXJ1prBKuqrK4,test,0,0
gr2NL02Qt9clZmim,train,4,0
grnUXigLOgtpQ1dH,unlisted,4,0
gt9vOLbWeYhdCLFQ,train,2,0
guOhV0tt0GEBkg77,train,3,1
gvPSeD5TFWpWqvsS,train,4,0
gvtuikU8BYO9FPul,train,4,0
gw3N8dkvDTIQs9Br,unlisted,4,0
gwDKldJlQpYByf1T,train,5,0
gxLPauNi31vAGDat,train,3,1
gxUU4frRO9Uo8w23,train,1,0
gxa2gi146XRXUo6v,train,1,0
gxjne7mp00zOWRnR,test,5,1
gxlBqs9wRQGVOjM5,test,1,0
gxsJERja2gjqQdi9,train,2,0
gydfBzlTM5LO1SSC,test,4,0
gz5YGPmSDfbpbFZn,unlisted,4,0
gzUVxuOtiDLpmQLK,train,2,0
gzmjFOb9mPrKhqg3,train,5,1
gzpmWl4xo2Y84pTB,train,5,1
h0Hx8gW7g0huVBE5,test,3,1
h0bSm2bnEPjPpB1O,train,0,0
h14ckzi9DczzsJM5,train,2,0
h18ybC3V2VnydCCz,unlisted,2,0
h1mqRdoFFNeDaX8n,train,6,1
h1oa0yGP99A3lqcY,train,0,0
h27paD3ripxXTLhr,train,4,0
h2R9mjajbzfSnNZO,train,5,1
h2p7yJUvlIPmaRBf,train,4,0
h3MoGH1SV6NP3x9m,test,3,1
h3qSpQ0BmETYZgSU,train,4,0
h3s3bpBSLzOuTyzy,train,2,0
h3xuAyQHRrCQm2Oj,unlisted,0,0
h4sjsrlBXaEYWHeL,train,0,0
h4tpGDZBEnJPtphX,test,5,1
h5xekNhh6ArWFPNl,train,3,1
h62ysfYeMN2fSmBx,train,6,1
h64exAJZziTiS6p3,unlisted,0,0
h6K4p3CNd3kkPV5M,train,1,0
h6OV8RYb477Elahf,train,0,0
h7fwVXHgOy1jnewp,test,1,0
h89NNviMIb8UbZyf,train,2,0
h8AgBbJSGhXNE1ji,train,4,0
h8Ybqp19VI0reNyz,unlisted,2,0
h945WWsACupQBhlD,train,4,0
h9U6A6a4NRnzxNYw,train,2,0
hAVcYnIsL8uSjzb0,unlisted,3,1
hBYdzQXYqQ2VqZLc,train,1,0
hDESdz38Fp5zHXZj,test,4,0
hDNMdtQVQVlhaTiS,test,2,0
hDfca31A6xA1j6zz,train,1,0
hFN8PwCSBbksUmEw,train,4,0
hFmP9k3P70RbSHAY,train,4,0
hGPvLBjOUzpchpzF,train,2,0
hHuNzJKSCrPbVNwk,train,3,1
hJcomjtiVSzaxdGY,train,4,0
hJhJW9ceZH2VErDk,test,6,1
hJpm4uTMFqOQJDzJ,test,2,0
hKEIOZXLyI4eiyzA,train,1,0
hKfKA9LKmnxpRcnO,train,0,0
hLTKyQruRKWWPylO,unlisted,3,1
hLiEFJJUWvhNZcY1,train,2,0
hMZZ6CGxXETv2Ixh,train,0,0
hMdKnDx1CWDa12C1,test,5,1
hMiHsvUxZS3ixKEe,test,4,0
hNzCHMBp7Ua6ZdK9,test,2,0
hODNCrSNFmubjdIb,test,4,0
hODPLpMM1yNEMpQ3,unlisted,1,0
hP4s5A01V0Yw3gGn,train,3,1
hPJfm9NIKWd9KHmW,test,2,0
hPRgPskKL6MrGhsh,train,0,0
hPSlK2tA5qcpegIj,test,3,1
hQHVQyXkT7SG6OyL,train,5,1
hQteG5BVr6RHUkma,train,0,0
hRbpxFMCl93ELJww,train,4,0
hSFPDAAww1IBHWvh,train,4,0
hSIzoKMqwqg0nUXJ,test,2,0
hSOmrgF67O0ddvs9,train,0,0
hTJMywOwHns412sW,unlisted,4,0
hTfSt1GltO42f1Vt,train,1,0
hTxIj3BIAIFzt5ag,train,4,0
hVXWhHlTd5anQ66r,test,1,0
hVrPXG7vv5lqvZ3F,train,4,0
hWddOaByuIsGs999,train,5,1
hXTpyXCpVcmDVXgH,test,2,0
hYJVlMLgjA8N25Mr,test,0,0
hYRAqHUaC812iOCO,train,4,0
hYoADSs2yfBgB0au,train,6,1
hapOjZ3aGj2pq6g0,train,1,0
hbDOYhV2nZNAAcvw,unlisted,2,0
hdFtaBwQ1adqiw4s,unlisted,4,0
hfyzCoYiN7as5Rv9,train,2,0
hgBDKwUskH95Vnk4,test,5,1
hhyzgi6lchNUcCiU,train,0,0
hiIXe5C6FvZgioLx,train,4,0
hihszYmLXtYXCzlu,train,4,0
hivTJmEWOKLbdUZw,unlisted,4,0
hj9Q0hD7LvMi4JjX,unlisted,7,1
hkpHTX1PWi2MRAY8,train,4,0
hmMbIbHGWjn3xh5n,test,4,0
hmscizAVv5ckQm8E,unlisted,4,0
hocBeaMWj54igzJL,train,0,0
hohd5cKrpeIgro4N,test,2,0
hrcwZC22D87dix8V,test,3,1
hsUdV4mHZGspYyBS,test,2,0
htKQu1q2lCDbCaDc,train,0,0
hu97IL71fkZBI4zW,train,4,0
huKYbaDS0hn3iQSa,train,4,0
hv7ntDpxZxQk8HZN,train,4,0
hvNUrsBpooNMKWr7,test,4,0
hw0y0Mwyl1XZSahD,train,4,0
hwnxLDDhdQdhh8vP,train,0,0
hx3bcgefoNgvtH9a,train,0,0
hxcWILug6sySoYP7,train,5,1
hyCu2yCDcclJQ3Xt,train,4,0
hz044m8fJ2FmiHcE,train,4,0
hzLcYyMQWyJw2Dqz,train,2,0
i03hSSaeTpo5LIK0,unlisted,6,1
i0AOuJC9iHa7kpJ4,test,3,1
i1ibtfADI7Xl5hwR,train,4,0
i2VyQ85qwk87x8Co,test,0,0
i3TzlY3xODTOa3Oe,train,2,0
i4detMeZh3HOXKsg,train,4,0
i4jGoPDCVrlDXdus,unlisted,2,0
i5FrbRP3BEYWxGkB,unlisted,2,0
i5MI0a58XRPBHAx3,train,0,0
i5YtkYqoExsX2djw,unlisted,0,0
i5o3HO09xOK1vS30,train,3,1
i6NZonvNHVrCZtkk,train,0,0
i6m0LHT6t8Ftl047,train,4,0
i7bEwtSxi0C4MHWv,test,4,0
iAVVihsqum6EgvPc,train,1,0
iAhuhbCaVwQxFax9,train,3,1
iAmP4ZHpOZIYbyYT,train,4,0
iClGB9vgI6hsXSic,test,2,0
iCxG2N8uxfRAGCq4,test,2,0
iDXxVd22E1AZ3NEW,train,5,1
iEnCexRHzLJHXz3q,train,0,0
iFPHKbk2DBqxhmaR,train,3,1
iFSqEaAMW62x9pZe,train,3,1
iG2METPxl2yFEikm,train,2,0
iG8KbQvyBw6fJmCI,train,2,0
iGkrEhHmbfIhCSLX,train,0,0
iGw8dBFykxhv6Rp1,train,4,0
iKSyoundSxLDUalx,train,0,0
iKhtB3YQx5aljYms,test,2,0
iL3MbCrOEjWNABLt,test,2,0
iL8J86HpijbZRWgi,test,4,0
iMTzYvolRJT5o3ew,test,3,1
iNQk10SMt207jQJA,test,5,1
iNpUUWp8zUK39Gnj,train,1,0
iOGqwAEUNClpiZcd,train,0,0
iOenISaFI2lJ5FIW,test,0,0
iP4040hZu3uenauv,unlisted,0,0
iPWaWN5GgJcRrdPK,train,1,0
iPWmH2tQy1KNdWRR,train,0,0
iQqdWwQ7uXrATwei,test,5,1
iR5t1pHBsKdJe6cG,test,0,0
iRQ4fjw8x8GGNHmV,unlisted,1,0
iS3ipjTu1pW1RzFj,train,2,0
iS4Dj0rmbVBFEFNH,test,1,0
iSq0yjrv2AeHxeFt,train,2,0
iU8taeqTJQtn7UNM,train,2,0
iUo1aWbtDRUIBIy0,train,4,0
iUu28y9QRMj4tUFA,train,0,0
iVqUZJW6l8R5vPfo,train,4,0
iXSdabgmiCH8MkIQ,test,3,1
iXpnSDdbFgVRuH0a,test,0,0
iZ6dtH3hYScKp69d,train,0,0
iZDQHJMu8W5CN0U5,train,4,0
iapgXHACB1UY0Drt,train,6,1
ib10LmS2x9wUy1Ye,train,4,0
ibAnWfHUz0shEyeO,train,2,0
icFv4Q6icqzY5L6d,train,3,1
ifxzSmq4Svl3Anzk,train,5,1
igHczTSQYaTpWApk,train,5,1
igyGLtke0ct8sDUH,train,2,0
ihXhjbXkNf4STnGf,train,0,0
ihad1Xoim0zxRO8P,train,0,0
ihy0YATKtHf6S2Od,train,3,1
iiQvY9dftYXjZwDz,train,4,0
iiqix4WFECXlDDqx,test,6,1
ij4U4V6qzl8zE1fO,test,0,0
ijmRFhIwLje3iy0O,train,2,0
ijwP4qBPGVAlKA5B,test,1,0
ik2J2jh39lYRPIih,train,2,0
ikA6SEyeFtPCLarZ,train,3,1
ikdEj2ip3M1xKYrD,test,4,0
imjJw6qgqi7kA0oO,train,4,0
iozyUdXs24YEqgja,test,5,1
ipGgmFa5VuETQsec,unlisted,1,0
ipLd6mFhuPx77Hza,train,6,1
iq3B7MtOEAT8kLmz,train,0,0
iqh4gVJjrsMnTvnR,test,0,0
iqu1kYCW0EcxcYIZ,unlisted,5,0
irdmkTgewSo3vwau,train,4,0
isacZcS4VRQjbIzQ,train,4,0
isjAKVuE4uo1SIve,train,5,1
itLBG9PWwtL4IXjj,train,0,0
itXHlTCt3SynVYui,test,5,1
itnTDnze5v7SYYHF,train,0,0
iu5vQ2tjqvJYBzDl,test,1,0
iu7NukzNV1tLvG1G,train,0,0
iuW7izXu5s0RU3BM,train,2,0
iv0hfiMQH7cV3n9W,train,5,1
iyP13zd4RJ63A8LB,train,1,0
j1RoXbmUVwHMXjK3,train,0,0
j2LurOY7wQORapJ7,train,2,0
j2lCOUfDjyziWPxz,test,0,0
j3NPdohPclRG3CLu,train,0,0
j3m24ehi8mj7TCsX,train,0,0
j4K1LcTmu3jfSYXX,unlisted,1,0
j53xhZ2P6MESmZAA,train,5,1
j5P0RRt8vztefLNk,train,2,0
j5gRoayaKd0yXKh2,unlisted,4,0
j5pSJnzITPaBdYf3,train,0,0
j69inCHPIPEdvQI2,train,2,0
j6AcIyWMUHkkgaw5,train,2,0
j6eS8tpWzt0nIOg8,train,0,0
j79CYx6adancRwUy,train,4,0
j7BtndlN2EcIeoYF,test,3,1
j7uMdX7ON1QtFYKJ,train,4,0
j8DBSkipAIpfZlEv,train,5,1
j9U67QUbLrtV0CZ1,test,4,0
j9o9HyZLE6rRiSgP,train,0,0
jA2oQjwFbpKVSBxn,train,2,0
jC3LYWViPYtzpjb5,train,4,0
jC6WFSWEdIuKt2Rk,unlisted,5,1
jCc70omRxjWU2fhV,test,4,0
jFMqnDB6oGiF5sL3,train,4,0
jHZaupCAWtixvZbE,train,0,0
jIz3HVEOkYUP2Ojd,train,5,1
jIzCSPkd77jXccMv,train,4,0
jJ2QpgzFini2ty1V,train,3,1
jL5kxXQ8QIQl34kH,train,2,0
jLqgFZBhhg42tGok,test,5,1
jNsuAPuhgHQec18i,train,0,0
jOblj0VQpkGVSImE,test,2,0
jOkYRBMeyyMDHqJ3,train,0,0
jP8UlChLQ0kAbWi7,train,2,0
jQHoAtrdJ8L4V6lO,train,2,0
jQR1TLHRrZMX5po0,test,2,0
jR7pBfY2FL6qKAUq,test,0,0
jRDeu8Vng8lXnq5v,train,2,0
jRkUTPWafU4Fxtx8,test,0,0
jUcte2XP5euTtIGc,train,0,0
jVMxaEAPES1eOAl9,train,4,0
jVzFYObHIdSw2cev,train,5,1
jXENNwW0up5VdlrP,train,4,0
jXIRLu3aNdTWwLhX,train,4,0
jXQqoEzxtxB5lIZr,train,2,0
jXpmCPU4jSd7KSTr,unlisted,2,0
jYXRd00TByCBzusP,train,3,1
jb081d54URHsG6ri,test,2,0
jb4nf88FSi0QABxj,test,0,0
jbNTI6fKybVUiDOO,train,0,0
jdRUzCWMKGfoBsYz,train,4,0
jep8MgoXBSMN8Fvq,train,1,0
jgYDa19VrCdh0lvT,test,0,0
jge53Fb3Yj0uq2tY,train,6,1
jhEZHlNvY9LJI6e6,test,3,1
jiqx4LpoqZtfKzK6,train,4,0
jivfEKVdJzqfzGBX,train,4,0
jjZK8tfphJWAMMYN,unlisted,2,0
jkE3aue5diGZCBQE,unlisted,4,0
jlLJjhbNXmxOWjt5,train,5,1
jlsaq14SPRnlAggI,train,4,0
jmVKhLTfIqzv7x3d,train,3,1
jmvoyK1pFJP8RvqW,test,4,0
jnFs8dFEKrpo1lWu,train,2,0
jnnZVmVPaxU2KgRY,train,0,0
joGrGDCxy50eY26N,test,4,0
joPD57E6xAFEN7r7,train,1,0
joQfVgTzs4Ngpoql,unlisted,2,0
jq6tz2NHrwKINUbM,train,1,0
jqDuvvjAD8i5dRpz,train,0,0
jr1bvyOI1kKMylMh,test,4,0
js22NsYIMeGwkZUM,train,5,1
jsaIrEu3jHmwMLMt,train,0,0
jseNQND294DUffHa,train,1,0
jtylWIEp2ot2TjZD,train,2,0
ju1xBfrrg7jQ9TWS,train,5,1
ju2U8QRISooEBXX5,train,2,0
ju3TlXfFvOluOdaC,train,4,0
jujrl9mvjv0Vy1ca,train,0,0
jupdOYr3i2G9L4Fn,train,4,0
jutAafJ5Mf99YhnZ,train,0,0
jvfLQj6wt9PSQziM,test,4,0
jwGaXRpdR1vBMVaB,test,4,0
jwGxmr58AXuI0fwn,train,4,0
jwPso64RyR4T05hF,train,2,0
jyJM5oor5TGQ72BQ,train,0,0
jyTYOjVyuxgfa8tC,train,4,0
jz8ixQ85YgTEsmhR,train,0,0
k04ROPaoST3scpdh,test,4,0
k0DWB7p2ol2J4n43,train,2,0
k15qV1Sfsbydk2KX,train,0,0
k1Iz3TosZk6xvAnJ,train,2,0
k1SCciAzaq615v01,test,2,0
k1X72nCGxSWCDgR4,train,1,0
k1bMglshIVzkeQWa,train,2,0
k2H9BCkGFEqFYIy6,test,3,1
k2kNQku9HEPMYAXU,train,0,0
k2lhljsl9WZCB94E,train,2,0
k3Ludj3zsGc0gBrs,test,2,0
k56cjHJ14A2A7hz6,train,0,0
k5gFmMjN6v8D7QJ1,test,4,0
k6FEJMsYQ28peNg4,unlisted,0,0
k8EYEED6V8Whh4WG,unlisted,0,0
k8Jx68hM2AhhxKsc,train,2,0
k9icK383XZqcQd80,train,0,0
kA6SRqHGeavSbpLf,train,5,1
kAP744EEPmW9susP,test,4,0
kAW0Q6xqLnd9Y0Ww,unlisted,3,1
kAeE3cUu3bvInxmq,unlisted,0,0
kBCuWh1VPhYNNFBq,train,2,0
kBF5EofZMXliCPyR,test,0,0
kBogTZiGhOKYz1WO,train,2,0
kDa9U4UqGWlG6g3O,train,0,0
kDaQjm4lttflp2nB,train,2,0
kFsilu1CNd3w8aFi,test,2,0
kG2FiZcneMx1thM5,train,4,0
kGAO73ocDQVbDHfV,train,6,1
kH0SImE7WOwbv2yY,train,4,0
kHaLisghwau0bPN9,train,0,0
kHylxVwHCVlKm3UV,test,6,1
kIvmIzm3gauOcuZl,train,2,0
kJPtwnLFqNVOLxbC,train,0,0
kJyoGf9h9bwa8iT3,train,2,0
kKdTvlVZtLlkf0L3,train,0,0
kKpK12yR5IvyWViY,train,4,0
kKylVAokTEnk9q8o,train,5,1
kM0IDYRoPHBYRrcd,train,0,0
kMM9VThX0k9tgLb7,unlisted,4,0
kN4Ixhsr1JzKJocx,train,0,0
kNHxbkpQQbwO7Vb1,train,3,1
kNwKBAWbWsJVFpy6,train,2,0
kON2zsrtDX1F36lu,train,4,0
kOO2No17WTjI89NB,unlisted,0,0
kPAzLmp1weo98ri5,train,0,0
kPNcKPRPz9Wv9YBg,train,2,0
kPUj3nUprvchvrhE,train,4,0
kPkV28rgSNH4Y1Uo,train,2,0
kQKse0luKCNNV0Lc,train,6,1
kQq367x1H50H34pB,train,1,0
kR1wiT2ugzhGuFxN,train,4,0
kTow0eQib7NW3qxL,test,3,1
kWhC844wHGV7oKCG,train,4,0
kWkdfO4v2jN97SFN,train,4,0
kXCBCqNUYbythYj6,train,0,0
kXEHE7Ndk7wKgSjb,test,2,0
kXXIcMZFakaMW1DL,train,1,0
kXXVzJAwWnA5MruX,train,4,0
kXuSBTYEizYlbVGr,train,4,0
kY87HT8iCX75AFEY,train,4,0
kYjEpv3o1p2t5a8y,train,5,1
kZ0lJWotL3hqna8O,train,6,1
kZLBPQwB8giZdY18,train,1,0
kZU5BU5Ai1LMfjnt,train,2,0
kaACSMEscosTsS3D,train,4,0
kcOVsxdSTK9JaBV1,train,0,1
kcSwAD4Du7Y28zD3,train,4,0
kdmH1TvLprYcf1xn,train,0,0
kdnHqoVW4EvoBwSL,test,0,0
kepw0KAhGQnd0QDU,train,0,0
keqOQku3kZyf7gLF,train,0,0
kfKbYWoscroIskXD,test,4,0
kgD4Y6cFo6aOoSoD,test,4,0
kgTfIMAQHs5skPsy,train,0,0
khVKvyU1NmYldxUa,unlisted,6,1
khog99sweNvhx776,train,2,0
kinToK3L1ZH5106k,train,0,0
kjKfZ3m8hAFaGdxz,unlisted,2,0
kjcw3052hnxzp27U,train,4,0
kjguwKWzp6RCsnKR,train,0,0
kjsHRnZN8TxHMqED,train,2,0
kk0JN8rBzvlCWvU3,train,4,0
kl035GcZevBhNohJ,train,0,0
klGWOini4uRn1tGQ,train,1,0
km5oTMjgRI2GUow5,train,2,0
koeGPrnjlkxMT0hQ,train,2,0
kpDU9eaVcRRA3HE3,train,4,0
kpM67MJQOJ5F8Dno,test,1,0
kpOWA1Ox8o0qAdWB,unlisted,4,0
kpbnrT68YiciIsDe,train,4,0
kqDffZCJGERWXwaU,train,3,1
kqudPHhqTBQtCcj1,test,1,0
kr0ZKsTx1hbtAOiu,test,2,0
krt7oCM0nzyB9dst,unlisted,6,1
ksDFdORDxgHS7zig,test,5,1
kstboOXSpcrVh0Yy,train,2,0
kt1Dff8Loy2aScA9,train,2,0
ktvEjpdISrOIhb0c,train,2,0
kv5dJq6wdVReP348,test,6,1
kvuoMrQBOOaWCVt4,unlisted,2,0
kxIlIqHXJM5fLQ40,train,3,1
kyElHcaE8jTFk0aU,train,2,0
kzjHkM8AJlP3Xs1t,test,4,0
l04NvnxPd5yp15OY,test,0,0
l063vbDUyBBc7yKP,train,5,1
l0EQAaTZFsQRhtBq,train,5,1
l0NUsQW9lcByevQq,train,4,0
l0p12Iq0NRC2QNhB,unlisted,4,0
l0wktxHU1FZchogV,unlisted,1,0
l1FKZyakrkxCdpWn,train,0,0
l2jg81lYexVsGQ64,train,4,0
l3cmgFmgcKP1yQFH,train,4,0
l4xQdxIpopq8m80c,train,4,0
l5TCfZR92uQwTeJI,train,4,0
l6NAWqqtRHrW9pZ6,unlisted,2,0
l6WMWmKcSDCo6VF6,unlisted,2,0
l79C3NFSu3D4pBzX,unlisted,4,0
l8CbSnyKQlrVRKXj,train,2,0
l8g1B9LanL2Zllb5,unlisted,0,0
l9DVLx7cfXtux5y0,train,2,0
lB45GZDqr2RP4RFd,train,4,0
lBYF2immMMaRZF2z,train,4,0
lD86mhBbp1wdjSt5,train,6,1
lDVMU2eHEuT8WV8S,test,2,0
lGFgeDZh9ZBx3n9O,train,5,1
lHrsin9tFQeMLHj4,train,2,0
lHvpiPOdj7utAf2A,train,6,1
lHzpLKSzktZbQkoG,train,1,0
lI7LJVeZlTjPYXoQ,train,3,1
lIiziwqYkc7qeP2k,unlisted,4,0
lJnNsIiO71oiQ8jd,unlisted,2,0
lKaiHjiSEWcdMZn3,train,2,0
lPqvHR04F5aflaVV,train,2,0
lPtejBQACA5PGbYP,train,6,1
lQYcAI95P6ksmkom,test,0,0
lQmCQIxJqEeYQlLA,test,4,0
lR7Lj8nHox79kjnD,train,1,0
lTIZ0gVim1eimMj4,train,0,0
lTlN2e9SksIMvwID,train,2,0
lTtbV0hoi2SjSoti,test,0,0
lU0igyQMM4uG4yAM,train,0,0
lU7fYkVs4saVSlLm,train,2,0
lUMhpAMytVHcS6rZ,test,0,0
lUfluLO9bXkYanOx,train,4,0
lUhwVOKwIsPf6OFr,train,4,0
lVA9KYJag4rlRzrF,unlisted,0,0
lVZvveUUn17Y9rXs,train,4,0
lWw0KUfBqipa8hiE,test,3,1
lWzMjuY8xKyzt2Cl,test,4,0
lX9s1LYu4gomLBB0,train,5,1
lXywuFBESAMYOviZ,train,4,0
lZWmq53ACO6Ng3Ok,train,4,0
lZjt38FJOMij779v,test,3,1
lZoOTKZwgbI3P92U,train,1,0
la9kpwecjZx5PZvw,test,0,0
laBNyxyNmlxQ6MAZ,train,5,1
lbTdtygujA5uqy80,train,4,0
lbkhCuIKl06JnKSb,train,1,0
lfjerzft3TC3AHnQ,train,0,0
lgDYH0XMt2aQRyNX,test,6,1
lgsriTCUaofjaFnv,train,4,0
lhValpJXC0k72H91,train,3,1
ljdPwcj2cQK1Mtv6,unlisted,2,0
lknYFo1BN2udq1nj,test,3,1
llGIW2r8NGDWr3uW,unlisted,4,0
llVd1G8jl4dtsHsQ,train,5,1
lmHBUTrePa9aMvoG,train,2,0
lmKF8UlPsbtk4l0z,test,2,0
lmbl1q6gb1RiyPY4,train,4,0
lmdl9GB3vPS8v6Sb,train,2,0
ln0bZbLgvXAhJi1M,unlisted,2,0
lnlfVMq3RgBIbazh,train,4,0
lodqBAbdfiJpHjDf,train,4,0
lpR1anAayCFHEhM3,train,5,1
lpRvSSp87iW3FEOP,test,5,1
lpxZYmKZoWS6obO3,test,0,0
lsm936UbQfEytAYr,test,4,0
lstgZJk54jkAhI6N,train,2,0
ltihQJSWoGu4qxZW,train,0,0
lu14jUbWu4A9AtCV,train,2,0
luDC7yIL1KOSFTEZ,train,5,1
luN1WcPsuKWKc4Gd,unlisted,4,0
lvQwexfEZW8L3WCS,test,6,1
lvqXWzRHzj5ClJH1,unlisted,0,0
lxjfPzajvln6LrWf,train,4,0
lxumDhqQ3FH9OuMy,train,4,0
ly9oRp3bIX6dY8V6,train,1,0
lyBrG2tNPgHPzgty,test,1,0
lyh70sdQ9qPILmpY,train,4,0
lz0SbzJ0IYZHFeH1,train,4,0
lzBOQnk84MVuAorl,train,4,0
lztinz3lU1tvZGIU,test,3,1
m07cCHgh74eCgKTW,train,0,0
m0Nv002bd8eyHdNP,train,4,0
m0XxDgjTB1AffdB4,train,4,0
m0y9JGPFARFAT1CF,train,2,0
m2d8euocmdZtsaCC,test,0,0
m2hBfXjaPMNj7JAQ,train,1,0
m2vJ0ZU473onTHCG,train,5,1
m451q8QlFktCZDgh,train,3,1
m490RlnO0IhiHfCe,unlisted,4,0
m5UbUbjPg2toyAuW,train,1,0
m5l4DakhAqWJT7EV,train,4,0
m5xky1qivKQPNnhC,train,5,1
m6lTRzmvwYrANRcn,train,1,0
m6uhyIpia80lkZ4D,unlisted,5,1
m7jZdNjlu3rxcZJ8,test,5,1
m7zsK1AE8qSxgSVt,train,3,1
m8CXchEd7MjAOtcC,test,4,0
mAMn0hOJbyk4caY8,test,2,0
mAaCshFdYBaklxkv,train,1,0
mAfuiEzNu1JZZ22s,unlisted,0,0
mAl2HLzOK45yVqTY,train,2,0
mDcut1Oit1ufRONd,train,0,0
mG87ulUknvMbyjFR,unlisted,3,1
mGTRDrmajCe0zMZp,test,4,0
mHxNWFOCWdnrJi7s,test,4,0
mKiOby0TYbri3Lsj,test,4,0
mKm83UQYNx5DJ3WY,unlisted,2,0
mM0ygbeDwNRbQ2cW,train,4,0
mMd6IDI7nQQsWFzD,train,5,1
mNop846dXWAvpmx4,train,5,1
mObNoiNNGfMKUA8b,unlisted,4,0
mOtmO4v3tN5DHFkM,test,0,0
mQVKRRMKleLiVeiq,train,2,0
mQVgQmjTqVvi2SC8,train,5,1
mR24Tr9zgLYXLtkY,train,4,0
mRU6i096dnfQaBzz,train,1,0
mRWOIsDzWyMf4MZw,train,0,0
mTTGusap5mALLMvi,train,4,0
mTqwzHR4GSr68Hzv,train,5,1
mTy0VKTmfc442vCf,train,1,0
mUYiTCH9nMAXVLlf,train,0,0
mUep3DpDetxco8e1,train,0,0
mWB9qX6WUwGTFOSx,train,4,0
mWMqvmu5qzhPsCbC,train,4,0
mWkFGDF4tFbf8zGD,train,4,0
mWwqCOfSw3q3np7O,train,5,1
mX81tbPnKN0EJnID,train,3,1
mYSNrdDP8aeyQrQ2,train,4,0
mYipYFbxJKxDZJiN,unlisted,2,0
mYzcwd66EZ16QTW1,unlisted,4,0
mZMi3qdPE3xJ7gT2,train,4,0
mZivTl6Z23udbjLT,unlisted,4,0
maBFo4aUQIoZdoJ5,train,5,1
maPDcMdzp57pydiF,train,3,1
maSaoMIFGOWcAY9s,train,1,0
maYQjXjJX3TlM7oZ,train,3,1
marjZ0np0oSHHOWp,train,3,1
maxqMHk9roJ6GVXr,unlisted,4,0
mcgz829sFiHOzhEs,unlisted,0,0
mctn1udjoIYY1x8d,test,4,0
mcvDVwDSG0yz3dDd,unlisted,5,1
mdN0m6aKAEfnRLFf,train,4,0
mdWyeq36zbfFQqXf,train,5,1
mdluwL3VGXFLU6id,train,0,0
meHIC2X90lFF3K8A,test,3,1
mesbSOn5eKS1hzBA,train,3,1
mfPIBCibEwLgrr1V,train,6,1
mfQxfOmeRmwBh0g8,train,6,0
mfkOCoTBwW6sIwjl,unlisted,2,0
mg6tupUAvgmn6H9B,train,6,1
mgILnMFtKaLB35hU,test,4,0
mgMCJ0LNM69dffZr,train,0,0
mh9qL38iGOLALgHR,train,1,0
mhHgNx3WIGoDXOQn,train,0,0
misDdQCoNichU6Un,train,4,0
mjbcpEN2XeDA4OKm,unlisted,2,0
mjt21n9iMJnLwriU,train,4,0
mnXyL0hflG6LUHhk,train,2,0
mo4WmRhOOI4ZGnIr,test,0,0
moorrnE6QA1EQZn9,train,0,0
mpLfORmFnizPuoc4,unlisted,2,0
mpu5A2P6nyMTW15m,train,0,0
mq4nbqN0IlbYD2ca,test,1,0
mqG5V7vtJq4jdnum,unlisted,0,0
mr2Tuv1CMNMb6cEl,train,1,0
mrggexMX2vbpskIg,train,4,0
msOTKPhl1nkhyQRa,train,3,1
msWeoXCpqvrisE13,train,6,1
msffsUzfmpfv4Pwx,unlisted,0,0
msoxltaTIircdJsS,train,4,0
msrIuXCQhrjkrha9,train,4,0
mtvWiWjdlBlzNodn,test,0,0
muGf8gk9XIIaOenQ,test,0,0
muPFoSF3ql6YgR5t,train,3,1
muQbPOaFGInyLkjm,train,0,0
mwMsIlO63Yi6qxis,train,3,1
mxOVKp3s77h9FREV,unlisted,1,0
my726KxTj4xuICUV,test,3,1
myFAGP8XEN9BEQty,train,6,1
myxl7VamCxHmaLtv,test,4,0
mzlMrHMFHBgRdPp9,test,2,0
mzveuvMFnSVEhrDc,train,0,0
n0Wl8s2tHpqnY3G6,train,5,1
n0jF4hz9PmUd4PSU,test,0,0
n12ujfTp9wzGdRtq,train,0,0
n1l3vnF8UyUuDzMW,train,0,0
n1oDC215ogiNEm48,train,4,0
n2bxJE9i6hd6wx22,unlisted,4,0
n38Ncug2Vch791eW,train,6,1
n3U7l64w9ZPRRLqC,train,4,0
n3UK573fbXjPKkX7,train,4,0
n41hBVrwRQMHj75q,test,4,0
n4bMPSssn88eRkfY,train,1,0
n60mMgDiV7L3ZLO5,unlisted,4,0
n6FAWJhxeWgGXXuA,train,2,0
n6pAa6wFqmlgV4gh,unlisted,1,0
n7KPL9l917bulljK,train,4,0
n7rsVUNPzQyH9BBC,train,2,0
n7t779PG05c7D5N2,unlisted,4,0
n7v7VU27ikHT1Eau,train,2,0
n8XEtol1BK3TlWXr,test,3,1
n8zeIymEgvK9CO5t,train,4,0
n9U0XQH6I2PWvTlp,unlisted,2,0
n9UFB4CBMVr0uNgM,train,4,0
n9xN4OBKHub47ruW,train,2,0
nD0ymFgvn0LWHG2u,train,4,0
nDGewLeuFMdJLtxG,test,0,0
nDdGD05I2kgfAd1k,train,2,0
nDoeQ0rPNxce4nAt,train,2,0
nE3Re77EFxHJwyjT,train,0,0
nESgBfgxH7yBZHBh,train,0,0
nEUA5avlpc6quJGg,train,4,0
nEnN2tNfiPuI0eKo,test,5,1
nExxVYFIxY2suETS,test,4,0
nFsnJ4OFpsudu9kh,test,3,1
nGAF6tT4H9uFGpd7,test,0,0
nGCj2sVLZZpEMENc,test,0,0
nGEi3hgi7bnGjULN,test,1,0
nGqi7w4e4pxskC1I,test,2,0
nH8ObsARI7iEwACV,train,2,0
nHG8uqzC6WToOtUF,train,5,1
nHb3j9bREzfjpLzR,test,0,0
nINb9kfKVNrZFhgp,train,0,0
nIn82gLotIW9KfJ5,train,0,0
nJRIommgPuYQ84Ug,train,3,1
nK3zsqcl3J6iupWk,unlisted,4,0
nKV1PcUwCTNIyy7i,train,1,0
nM7Uza2siqbI9fDs,test,1,0
nM9nz3Q6iEygDA60,train,0,0
nNMe9jKOFgZajX3t,train,4,0
nNTsRw6RiTP9lGIS,train,4,0
nP0aFeBFwmYRSkhy,train,4,0
nPFz46PDjqipVJIq,train,4,0
nQCtISRtvoKZ4G8A,test,4,0
nQmK2stLS9x3obaz,train,0,0
nRJwPrEJWCW3SlAH,test,3,1
nRXVpa3NBF7mMCNG,train,4,0
nRvxGECsX83w3iAn,train,4,0
nSBwPZRYsnvS9GJ1,train,4,0
nSVUT4xQGwlpOIz7,train,4,0
nSdanAaCiipucjVP,train,2,0
nT1wzUkuESziedUO,test,1,0
nTLFf5GCZdDiGADK,train,4,0
nTh1SaAgvnCjjUPY,test,0,0
nUeUuYElF05SSK06,train,4,0
nUoxp6a47WdtNSZL,train,0,0
nV9uf9nuPBUmRTso,train,3,1
nWVWouw5rGRBrdex,train,2,0
nWx0gk0IqY3Jny2M,train,3,1
nXZoDfDV67aIB01t,train,4,0
nYRfN4vV7dG86Rx4,unlisted,0,0
nZEsC0lF0KoLlOjR,train,1,0
naKaradpF703AwJt,test,6,1
naWsP6G3xj635TFD,unlisted,2,0
nbdPzmyjT7hYdwRe,unlisted,3,1
ncdjV2fbQjVZ8D8n,train,0,0
nd6iA4uyrOD8TEg0,train,2,0
ndloBtg2ljsWE7qb,train,2,0
ne0uZN6X5NHUD8wh,train,2,0
ne1WJnLn03ovXjY5,train,2,0
neyVriWyz17oohyg,train,3,1
ng2CmSayzl1LnQ9P,train,0,0
ngbzEjrvmbFzkt19,train,4,0
ngetet4E8dP6SgWj,train,0,0
ni0Uilo2k6cJEYpH,train,5,1
ni3ntB0TQEkMK8tL,train,4,0
nifBSWYhebXEWBcm,train,4,0
niiVoLq5ygigkTJL,train,2,0
njIa6OVNsrJxGyk1,train,2,0
njasp9b2NE1CAJJK,train,2,0
nk50DlEWyBLJZPoq,train,0,0
nkJAR26WhraTXiOs,train,3,1
nldTll8PjEggWe1D,test,0,0
nlsjrXm0OX12c3bN,unlisted,1,0
nm6tJae12v3oCVpx,train,2,0
nmASJU7UIqQstpgd,unlisted,2,0
noLFawSfL4xG51kz,train,4,0
np9xlohQDOusGCF8,train,6,1
nq4AeeHMFHFmCjHl,train,3,1
nq6RswMVrkfbTtkb,train,3,1
ntB4yKk71xqJfiWf,train,4,0
ntJ8UoHMouQQM6xP,train,2,0
ntPunwpG7SeeSvFw,train,0,0
nvIX2ptLkT4ymJLX,train,6,1
nwOsTMsUaglG6SNE,train,2,0
nwVG0ld1hzYm1cfW,train,2,0
nxyNrHatu6cDnwWX,train,0,0
nyJJX9oabrIoFRM6,unlisted,0,0
nyWzi6CfnSwGUMzK,test,0,0
nyXJ7Vqx9CC9zaUc,train,0,0
nywm3Q28QpFF8rBd,train,0,0
nzB2pspNZkvkMuLy,train,2,0
o0p4rYL7CkNB1NDb,train,2,0
o1YG0U9btnFqfOkB,test,5,1
o2LPHMHZm2cyxdWo,train,2,0
o3SovHMYRxgo38Gg,train,0,0
o4sQFFYOzMwIEsgo,train,0,0
o4tac263SYOVgGeT,train,0,0
o4xKxTst8TkKOtET,test,2,0
o5CqFzDTDx4nDiA9,train,2,0
o5bo2OIsyMgRlJgx,train,6,1
o5qhInNVMTWw9vOE,test,6,1
o7KX7MePvy6TVVUy,train,4,0
o7ecVjFPbE66NcpS,train,4,0
o8eSPJcwF78zpfR1,train,0,0
o8pqnExg89VHyB5N,test,2,0
o94Az7TpRpEV11xA,train,3,1
oA3cnDAIVegRJCTi,test,4,0
oABRWzWXSItuLbKY,train,4,0
oAZvUhEREEnLkP1A,unlisted,2,0
oBGBpAO21tQtUt5L,train,1,0
oCK40JXjhs9UKktf,unlisted,5,1
oCLrZ3aWZkSBvrjn,train,2,0
oEgEpa34BSmKc19H,train,3,1
oEmdHRDf7rWmLbmN,train,3,1
oF7ZFBBxMN4wNMck,train,1,0
oFBwvqCzeCiCwE8o,train,6,1
oFaaXI35CFExeNdW,test,1,0
oFqvYwXcX4Jr5j2S,test,2,0
oK00i7IpX6ARLQiM,train,4,0
oLJuSloJQgZJkY7G,test,0,0
oLRXuIDPQmX0K7w5,train,2,0
oMFzVNYfwB8787EQ,train,2,0
oOpKdBkEN2VINP4v,train,5,1
oPj6r0jedkYtMV0K,train,4,0
oPlxlHy9hYnkpUMq,train,2,0
oPwBEtY24ob7dbXY,test,0,0
oQW1edazs9RNntXU,train,4,0
oQjNYvRMswl7o2fu,train,0,0
oQyDDGeaFaGS5iq9,unlisted,1,0
oRKzLbru2nVXQL3l,train,4,0
oRldxGZyKKCk5r6x,train,0,0
oRxVhJu3kjMQfB0w,test,3,1
oSVd73Xl2FUzt0Q6,train,0,0
oSxx4iSIuJFQb35B,test,6,1
oTWJalmBS9kgPYMU,train,2,0
oTdHbBKuJer5PA4E,train,4,0
oTlS8jzwjCHkwsyp,train,3,1
oV6iEN8YG4AP3WOk,train,4,0
oVnnxgcqa6LAhrPL,test,4,0
oWOcKIebP06E7KPy,train,4,0
oWo8j93iGuuyWOQz,train,4,0
oXHyC6Ct3LBtKNdN,train,0,0
oXQdbbLfsoukNtN7,test,4,0
oXTjLStwRDHB866F,train,3,1
oXxLTGasmnphZWxR,train,6,1
oZSmA6hZ1peEN3Hv,train,4,0
oaiVyeVItbixF0J6,train,0,0
ob5ZXrdZEHwXLokg,test,4,0
obFSTrgCKK9PAurA,train,4,0
obahhnesBt1tlfsp,test,3,1
obam73lv8yK6ZArC,test,1,0
ocAWa7r8AoVQmWne,test,4,0
ocfsL2tJckNH8MdJ,test,0,0
od0SyFJbeRKryFcf,train,5,1
od6jHCuZCrcwGNW6,train,6,1
odG0xssfHPtpAPZ3,unlisted,6,1
odVih9STjyUbS9Bx,test,4,0
odr6AICuazmvf4KZ,train,4,0
oeOhhk5YFelIuk8V,unlisted,4,0
ofAeh9EDA25ICi2M,train,4,0
ofCPDGBv57aYpKPr,train,0,0
og37lvHgiQX81J6D,train,3,1
ogDvw4kKCEzchqwG,train,0,0
ohbaT1zYspnRjlXW,train,4,0
oiUl0McOXb6duLau,train,3,1
olYXw9BVl7tRJIV2,train,1,0
onoiFNXJVZ8UJ8iZ,train,6,1
onqijI8wSzkX8XHo,train,0,0
ooUVnEoHLYJWDU0D,test,4,0
oocBqbMTHbuJFEf1,test,2,0
opBh4gU1p8Cf7gH4,train,2,0
opDwjrm74UWhcZQA,test,4,0
or6st8qiMM8czErQ,train,4,0
otCiJpLw4f9VAEnO,train,2,0
otGSflslVXzBsErj,train,2,0
otVJnhxU0YjcpSCP,test,4,0
otu89P1T7LZTDROQ,test,2,0
ourn8QsAJvGVBpQK,train,2,0
ouxQdxt0kYKyUcJT,test,4,0
ovBEdGBPdthrxr8w,test,4,0
ovO0ctCAoK4kInXO,train,2,0
ovoSk89GVB6eDJQa,test,5,1
ovrP9UOFtgzIv4Px,train,0,0
oyyigbmH36GRA0jM,train,2,0
ozPB5CPGnWlcmezh,train,5,1
ozyA3WwzaaR9Cy9T,train,2,0
p0qwcM0zGuNnGczk,train,2,0
p1IaR1B20RTULvGQ,test,5,1
p1NwjXgh6fR9QFNa,train,4,0
p1O7n8ORK56SStmh,test,0,0
p1T82qrLCsoK4r4A,unlisted,4,0
p1uHuXV9yOzs83zV,test,4,0
p2TWZYKo9bWarBdo,unlisted,5,1
p2adDuZhqx8PeZHo,test,3,1
p3B2yAbKFQKFGZu7,train,3,1
p3bhTzdtNV8HBa08,train,2,0
p3z0Sr145GIjhw3T,test,0,0
p43kr4OIsQ6eSUU5,train,2,0
p4AWTixUU2HBngt9,test,4,0
p4fRXp9utROMSbhs,train,2,0
p58HiQ5JWb10s0a5,test,2,0
p5UEZL8qTXZej4G3,train,0,0
p6OtVV5wymSp2nXI,train,5,1
p6dG2MI4epIJfvHI,train,4,0
p7CIarCascEOLmyw,test,4,0
p7LcigY2ONyXkb4F,test,0,0
p7ZUex8qlTVmazcd,unlisted,2,0
p7eThK8uN965960O,train,1,0
p8C0lWrzQrXuZzas,train,1,0
p9v1d0vHYp8eXMNC,train,4,0
pAtIveCHkSCRxVFE,train,5,1
pBGmu6ONLeA2DBra,unlisted,2,0
pC3ngYHSSpwL6tgk,train,1,0
pCFPBBgGmdSHZxGd,unlisted,2,0
pCLLIEaHb3ZS2vpG,train,3,1
pD7XNXo3CYBYWzVK,unlisted,0,0
pDlThTpkOMWceyia,train,4,0
pEA7klA2UvMrhTui,train,1,0
pFjgTUP3GyddmkdS,train,2,0
pFlZH3cvf9jM70j1,train,4,0
pG6SDBl3f6w5ETFZ,train,0,0
pIQHhKd6hgW82r06,train,3,1
pJB2ymjZ9VjEZalA,test,4,0
pJSGHl1rvUiDN1Sd,test,4,0
pKSYxuDQ6f8sZlfY,train,5,1
pLFKlwwY4hgyspz9,train,0,0
pLl5zyMnE21azoi0,train,4,0
pLlCfRKuqb8AoHu2,test,0,0
pM7YTIjlfZIbRnLy,test,4,0
pMHsFXeBMbAeJfT5,unlisted,4,0
pNIBl6jeqdwen4fI,train,0,0
pNMVEq12VgJwA3pa,train,2,0
pNQq47BRKT35Otn8,train,4,0
pPSeCTZbyKwxybFB,unlisted,4,0
pPrnLyf4giOVMhcL,test,4,0
pQprI0Y6VdW8oK2Z,test,0,0
pRIf9rapdPFuu82M,train,3,1
pRM6LJW1hjE2rUnM,train,2,0
pROMG7Hq8r8jDJKw,train,0,0
pRWM3YfHCHTxe6Kh,unlisted,4,0
pRlbKgqSaeBNmoWZ,train,2,0
pSwSJAZ6VNdQ655e,train,4,0
pT2TyeF4cac9rG0w,train,3,1
pTGrA7IKxccKETxh,train,4,0
pTjsBaNwpKAlQQfH,train,4,0
pU1TO7gDyVvpMEcu,train,0,0
pUAFJWpSEPTFCYbf,test,2,0
pUIuo5O3ovG3QsKM,train,3,1
pVGFW0NPc1GUemR8,train,6,1
pVcUeRzi9nr9hKaP,test,0,0
pVgXk1ZQ54nguvvO,test,0,0
pVsqjvhfGcMuqvue,train,1,0
pW2d1LV7gleGujE5,train,0,0
pWrOUWOn8lVNk4yj,test,3,1
pXkaiup719W4qkpI,test,0,0
pYau2kXrG0bGG5dz,train,4,0
pYoI3weuDBsVAFcP,train,5,1
paN6TWcDWX0qXWcU,train,0,0
paOW9IJ6AGqpaj45,train,2,0
pbRmgyFSJEgLYk1A,train,2,0
pc45xQeZU8vgnoQi,train,3,1
pc7lfmzFeAdPppGt,train,5,1
pcDd6xTmrx0DGzO7,train,4,0
pcV8GSjK9kOqOJiG,train,2,0
peaK10AjWlEViVHS,train,2,0
penyQ9dAPi47i1Lb,train,2,0
pfQo1Rk0NIJ35DfY,train,4,0
pgv8bC3172eXFqeO,test,5,1
pjsm46TWyF7Ljtgv,train,4,0
pk57nExaGWnNFphD,train,3,1
pkA82uLGrvammRFN,test,3,1
pketN5vICdibE5Rd,test,4,0
pm4ks2pz6kLBiaZI,train,0,0
pmtDslqAnPgbtoQC,train,2,0
pnwpZNdTaOvIu3W1,test,0,0
ppLPLXWGkskyzQjg,train,0,0
ppPtLf6Se3thvkbI,train,2,0
ppS6VVU9l0Ufcgkv,unlisted,6,1
pperXBuR7KfhQABx,test,4,0
pqE1gi1ZqDBahcJd,unlisted,4,0
pqZf3uLZfbRyXBaG,unlisted,3,1
prAAbCuy8KMMqsL4,test,2,0
prlZ86ciY21iiRSo,train,4,0
ptsKC9Omr3YEf8xz,unlisted,2,0
ptuXstzPGsZ5p9Wl,train,1,1
puBLo57L8j6K5aAc,test,4,0
puiTYVFR8BZlYZwv,train,5,1
pvc9AiedHsceu3E2,train,6,1
pw3M1tBJKvmODslv,train,5,1
pw8jI2CHNFgxU5mw,train,6,1
pxVJjooKINRwegSh,test,5,1
pyseFPAu9SKib610,train,1,0
pzETr7KDIvjqMeqh,train,4,0
q1HmwTAskcJF6nS7,unlisted,2,0
q2vcbApwuSoEmcLV,train,0,0
q3Oft3cwVOIdyOEb,train,2,0
q3uPcTOiqbXxpCFk,train,0,0
q4kxVbBZtjcDAT4I,train,2,0
q5OgYhVQd5W3xwVA,train,3,1
q69wZ5I5ZGaTWLEh,train,0,0
q6zjgF4yqQm7sM3m,train,0,0
q7i5BfOXzAQArEeb,train,3,1
q7lH9zMKOb4UUQ0s,train,2,0
q8AUesKCruMFPLng,train,2,0
q8h3Sxwe1aKQwr7i,train,3,1
q9RT7SzsIss2KqgW,test,4,0
qAEKZsb6Wo0XBU2B,train,4,0
qAfF4vjc4ipGMF9r,train,4,0
qAgNY1M73l7qdyxO,train,4,0
qAk5BnUkxgW7stIS,unlisted,2,0
qCDqo1rKdjWSQgfQ,train,2,0
qCjSOq60vlxDnCJD,train,2,0
qD0PkJEr5dDuf3Np,unlisted,5,1
qD2tmy2EgpyKwKsS,test,2,0
qD46xbgDZuavAR1z,unlisted,5,1
qDD2oXsN9qpQe05Q,test,0,0
qEjF0lUFsimO4f8H,train,4,0
qErfwW1f1BVojNuB,train,3,1
qFflqzmowPOfvCWg,test,4,0
qFknTJDwbIkXEzHT,train,4,0
qGewAMU0JVuDSbWd,train,4,0
qHW40pv36jAHdz3r,train,2,0
qINa3LHvMjCgqoRA,train,4,0
qISmAlIf3V8mshoY,train,5,1
qIlP5XM90ZsmSxcd,train,5,1
qInYhsUF8G64KX3S,unlisted,2,0
qJ710OOaI4SGTB4S,train,5,1
qKrzkt1xutbC2F4a,test,3,1
qLAsM04P89Hwzbhl,train,4,0
qLe0dQXUdCkSmSeU,unlisted,3,1
qLwEhZWcZsjQ3vNL,train,5,1
qM5q4bWpR7YWPR6N,train,3,1
qM6httunpFS9w1lb,train,6,1
qMBQQmXN4YiZXSsm,train,4,0
qMeLwoX0Jb9JPIZt,unlisted,0,0
qNxW3f6K7nxd0P43,train,4,0
qNyOLpOwEHQ9l4t1,train,0,0
qOGvAQ1qwfagTZFp,test,0,0
qOOGssDas0hSStxc,train,1,0
qQb7kITN4Sr5tnJ7,train,6,1
qQmJra9K87T1jXFC,train,3,1
qQqHhFR48D8OpOA2,train,2,0
qREY4lfqBfDlFvId,train,0,0
qRMpzphjmbpZ0tDF,test,2,0
qRbdLkX6UWngKw77,train,6,1
qSC9yKEXpWv9XDRD,train,4,0
qSE3ZyWIXgBSLN4w,test,0,0
qSIEilw8xD9Gvzqg,test,0,0
qSZKCxpE8YVOsbSZ,train,2,0
qSiKl0PLh9QpiTco,train,0,0
qTlaVvYsKRWmlN2O,train,0,0
qU4OeUe5b2GOb0LL,test,4,0
qUcGBXZxZslspUJl,train,2,0
qWTcMzVv7Wi7RA0e,train,3,1
qXad4owzobm56kGj,test,5,1
qXaumRPVuACdVEGM,train,0,0
qYeY5tNhzK7MLpWM,train,0,0
qYhMWpQKAayfbqD7,train,0,0
qYsvuhfAAGjKFO4X,test,4,0
qYvuLyRZ64uRXCQz,train,2,0
qZkZtKxZAlK0hE6Q,train,0,0
qaBDkdY41dVDHsnA,test,0,0
qabXtpX1I6B7yBGt,train,5,1
qae9B2XfQCd51PQy,test,6,1
qafwbRVqn1ODNYdT,test,3,1
qbHWR1QSJkjodLvG,train,0,0
qcTBaH7ZIRU8VVQm,unlisted,0,0
qduxCj27tFWDkfYo,train,1,0
qegJddv7pE6wM8Q9,test,4,0
qelRraRW1qmKBHsG,train,6,1
qfrrFrPnUi7V3HVh,train,2,0
qhNgBuPc3mSsrbYK,train,4,0
qiA3SF1GYZD399cT,train,0,0
qlMHylk9AKNiayAz,train,4,0
qlri5n1JPoLCkHpp,train,0,0
qmG0NU3DBdDsch3F,test,0,0
qnW8puo8BDxRCREF,train,5,1
qncg5yvO1wBZioGJ,train,2,0
qoBxKEjQ7oMVPYDz,unlisted,3,1
qoL3WcLueOM1vz4z,train,3,1
qomJvZp4iU99s8D9,train,2,0
qopdPRJbdP1SoEcc,train,4,0
qpbdzpSeKg3c0B2K,train,3,1
qprE9NvxlFBnASWx,train,4,0
qqH40JvsIEX8vpgh,train,0,0
qqVYZA1c4ISeSNF6,unlisted,0,0
qqn4uC3PxrT8EHLn,train,0,0
qrEhcydYzdBD9PpF,test,5,1
qrPO3YNO1TAzSpQM,train,5,1
qrnDdzUyfIWC1P92,train,2,0
qruBu8TCVSUIXf0U,test,1,0
qsATscp6vbC72AM7,train,0,0
qsNVyBKvsi1fVWSE,train,4,0
qsTf9Bti8mTgywr5,train,2,0
qsgb75V3Rk6UoYGE,train,0,0
qt9O1OEhPQ5sAlF6,test,0,0
qtU33cLzD1yjt6jJ,train,3,1
qtpAdj0oWts2Y75i,train,0,0
quX3RgfyaJK52w9H,train,0,0
qugjl5q3tqeXGLNE,train,0,0
quoguynXdMpa5XZE,train,2,0
qvCMjoizFerVQIvG,train,0,0
qxkpFI6XYantynZm,test,1,0
qxxJJ7ZqwbAhw3R9,train,2,0
qyp5TG7AOy2sR1pZ,unlisted,0,0
r02oKdpvZBVb3iHw,train,5,1
r0JLbq6affU05p1Y,test,0,0
r1aNILha3nLcLhkd,train,4,0
r1dHVHXv3h85PPBo,train,1,0
r3kzwl4D0qjJB1Ry,test,2,0
r4mlsqSCqfFwLxwX,test,4,0
r5IlXVv2xrql7HzD,train,4,0
r6MgBlq8FxvthgQa,train,4,0
r7VJrwvUvTQPEy81,train,3,1
r7ir3YdPp0nIhaPw,train,2,0
r8fVtHvd5XkRSDQ6,train,2,0
r9dIh2iSpvBoZfzF,train,1,0
rArRxucDRj5HpgWa,train,5,1
rCYduDSOqXYknJX3,train,0,0
rEiyj3K8cujNfG0X,train,4,0
rFAa2KA0S0bPB418,test,2,0
rFCo4ks86qMWg7oQ,train,4,0
rFOlvGEGs8Ptq3Ip,test,4,0
rFe6WX3tlqRPokfg,train,1,0
rFlW6GrzoWKidHZB,test,4,0
rGBrC88cGkhoK9HA,unlisted,0,0
rHWImyiAL68AfASm,train,3,1
rHz4HLN7NmBX8UZc,test,4,0
rIIiaG9K9YXorIzI,test,2,0
rKq85UbTMFBTW8iz,unlisted,2,0
rKzVbgEcKjYgCBtv,train,5,1
rLCsCJDdBCPOQyss,test,6,1
rLcW2ctSM1dpERkM,train,4,0
rLqc1cK3lAlJ6XHz,unlisted,6,1
rMNmYemAFwO4Fk31,train,5,1
rNLIce5nUCBJo5AF,train,2,0
rNbtGWDVowUMFxro,train,3,1
rPBrSY95z3BVcpn2,train,0,0
rPC4VZoIhgoYnCdQ,train,3,1
rS74xD8FuLa3X2Uf,test,2,0
rSoxP1P2MEpBWMEc,unlisted,3,1
rTIOND7IIUfQOqgS,train,1,0
rTbXQrcrU7yvQxgf,test,2,0
rTe2jJ4aqsCg43kc,train,6,1
rTkMSz6oYAqe4lkZ,test,1,0
rV8GXHtNW851QNUD,test,0,0
rVq21aDeZeP7aRDW,test,6,1
rWL8NcKADIeMtx0Y,train,5,1
rWglsEilo32D6jcC,train,1,0
rWty69pfjUHRrYiR,train,1,0
rXgR9x3gnNIW5xxZ,test,5,1
rXvkVgkwT397JBcB,train,1,0
rZvzuCiBEzxRrfXM,train,0,0
raBSw7wWCJSkbVgO,train,0,0
rat7Ymfb6NaDEgQJ,train,3,1
rb5FCCMszkdT8C4i,train,4,0
rbXWNtFWehYlszgS,unlisted,4,0
rbon27CqqNOLN6HC,unlisted,0,0
rdkMNdCUU9fBB3Lb,train,4,0
rdmhYjR296EFlkQ7,test,4,0
rduDJAeEbAOo64br,unlisted,2,0
rebdTSFSL1TrgKnk,train,4,0
rezrHFNiQ3Sed34r,train,0,0
rf6C6QfZQ6u3G5hb,unlisted,2,0
rfsOMe2VudDAXl3O,train,4,0
rftfG6nZjIuzLOW1,test,2,0
rg0paFQuo2J8tXhP,unlisted,2,0
rg41PsSpNebVnl8p,train,3,1
rgRBuzyADgvDXY8h,test,5,1
rh29cCzL51kVBiyO,train,0,0
rh8o7bdCGOIBFPwH,train,2,0
rhTVeFdGjKjidLj0,train,2,0
riOtNIfGPkL8LjkQ,train,4,0
rjgnJ1GWkbM5c95I,unlisted,4,0
rlkjM8EvGLeCdZT4,train,2,0
rlnNnuSqn6Wo0O4D,train,0,0
rlswAbCutOcMhwUc,unlisted,0,0
rmAMD7qwDT9Hnue7,train,4,0
rnWXkKWkFYWXfiNB,test,2,0
ro7qE721txjtvUw1,train,4,0
rojv5zQifUyH9RN3,test,4,0
rp4H5pJTa7wJSk7A,train,2,0
rpoCRbEWQYS1pyEf,test,3,1
rqIK6cLol5kw9mpn,test,0,0
rqyI7OubgQmOIfpG,train,1,0
rs063BLUtxNXz7qJ,train,2,0
rs7ehHgZXSIQ2W5S,test,0,0
ruh1NzFI3CFJGZcX,train,2,0
rx3DXUy6SKRrFvYD,unlisted,2,0
rxXp1JPedNETNtg9,train,4,0
s0e1tG2uTDQlydkK,train,0,0
s1GGIPfYr7oghexc,unlisted,4,0
s1KOlhvfvBLttoJF,unlisted,1,0
s28IDBKUKXHqk9yD,train,2,0
s2MsNg2IwhtVDwB8,train,6,1
s2iXzUdT53CJ09j2,train,3,1
s2tr2CsJMaXrFBbC,train,0,0
s3QiiaePbjU4FQBi,train,2,0
s4ZRrORurv2KwRAY,train,0,0
s5BSxg18G7rEGYGF,test,1,0
s5t2kTT7SOlYxGoh,train,4,0
s6HN2J1KWvNzw7sA,train,0,0
s6xHicEjZgzl1rCS,train,3,1
s8J7dnQVgBmzEHeD,train,6,1
s8RheZDAXgRtlOQg,unlisted,0,0
s8iWji42Mj7wpIqe,train,1,0
s9Tfw7CPqVEnm0Ir,train,4,0
sAyihMNSFGQu1BvO,train,1,0
sBYwHvRVCJxz0txf,train,1,0
sC2ZI1VF9gxPvVom,train,3,1
sCHwoLcDGNvBCDBA,train,4,0
sCYbqFtE5ytIsRYu,test,4,0
sD9kN7kTIsll1TS5,train,4,0
sDHZFRWzJIUz4HD9,unlisted,4,0
sDv5SOS4LXJpxQGY,test,5,1
sE5s8WKQjZKU67Cv,test,4,0
sED1fQkLdOnxacA7,train,2,0
sEIaS7F8WEtaXBZs,train,4,0
sFn4R9dwVQE20SQC,train,0,0
sI0k0KH347E6YJ3g,unlisted,4,0
sIT2zuknXcIasu1n,train,1,0
sJAPp1iLPcGuZbvd,unlisted,3,1
sJaRUTJxYwD3Gcak,train,4,0
sKNIHFHiLJGFjDxt,test,0,0
sKl7bTCqLZkzWMTK,train,2,0
sKmByvnIaQlDP4QZ,train,4,0
sLPTLQQfXbd2tP57,train,0,0
sMbHi4taton2ubX0,test,4,0
sMkYYO8N5kKJ2ofA,train,4,0
sMnHngJrTM84Z3Qe,train,4,0
sMtwgKGnjQEo2gw2,test,7,0
sMvBhRj91emEFpay,test,4,0
sNNyCkSCTzmnKAGb,train,5,1
sQKNNY6zmYwDyGAT,test,4,0
sQjpjiUTThaMf4j6,train,0,0
sQzoK1UEQxyeuUrY,unlisted,0,0
sRNyC6VpRFNqwODE,test,4,0
sRPnjJlo4MemiQTe,train,1,1
sSxyMDSLfGfsnoWS,unlisted,2,0
sT9Md8X0lOFCam2Q,train,2,0
sToI2U57rdoM3Di2,unlisted,6,1
sTq6GUVj8pFpOmCK,test,4,0
sTr8Gq7XwAD7YEex,test,4,0
sTrJhkocIpscOj84,train,2,0
sTrMPzr4CX38xVLH,unlisted,0,0
sTyVL2nCeZrDPJFw,train,6,1
sU7KenthbnHZKFuj,train,0,0
sV3vZhD9ejW9o3RU,train,4,0
sWVYCoIpt9ZYE51m,train,4,0
sWbo2UvvpnId66Qp,train,2,0
sX9K8N4FRDKfTEJO,train,3,1
sXe2iqnAezdxaSlM,train,1,0
sXj4y0x0vKtANJL1,unlisted,0,0
sXwMKiGgz0TYguJP,unlisted,4,0
sZDZiwrlBws4eBVZ,train,4,0
sZQ7QjtkQ4xnAMbL,train,4,0
saMeASwEoEAis4kz,train,4,0
saWfn0G9xSTz5KLm,test,0,0
sawYdJwaQfTpRrEO,train,1,0
sb1QzraK3RXVd6MV,unlisted,4,0
sb6H0XxGZGCFcs5P,train,4,0
sbDHoUUTXb9IodXz,train,2,0
sbFk0Z9or8ZAgxUc,train,1,0
sbRLoaNNWNIBGMfM,train,1,0
scTZGPheD0mbRyKY,train,1,0
sd5J9jmgaeEfSChM,test,3,1
sdxjeGwduy3dJ7mV,train,1,0
seIKp2H7NGtzNdIS,train,0,0
sehA3rnrWSlt9QT1,train,5,1
seyHdySeUmSUqKPx,unlisted,2,0
sggAEJI29exYLAOY,train,2,0
shBsU74RrHuN4xKP,test,2,0
shKRIy5z0w9XZjsc,train,4,0
shdKzaXbVB7y0hA4,train,1,0
siYC73VEIyiB8ISQ,train,4,0
sigJLhVtiQBMoEAU,test,4,0
simfQ8IiScWS2y7H,train,0,0
siuiSUEPG6ymaXMd,train,0,0
sj2Br36loAtkHeo3,unlisted,0,0
sji9Sx7KUopPT6in,train,5,1
sjlqXfjt8ARkdN9u,unlisted,2,0
skjRDf4Of8To4nZR,train,2,0
sl1kVG0rK5QLnLaH,unlisted,4,0
slSDkKUM6bSsnGJO,train,5,1
slw5ce48zxCxxuEt,train,5,1
snMtxO2mPr5MFnid,train,1,0
snfGJtHvWOkbb4YI,test,4,0
so06UKuKMXR0upt4,train,4,0
soHgfUM9M3xp32QF,train,4,0
sozSptQLxEJHwBVJ,train,4,0
sp2zWKo0KOcJMrgn,train,3,1
spdp09SWkxcVWkFq,train,5,1
spfNiCspZflABAwz,train,0,0
spkBD9q4ItBrOoeX,train,1,0
spu7CIVYP6r2uNbV,train,3,1
spyui2W5StcwwoSW,test,0,0
sqYXrnZ1FiXh1mlB,unlisted,3,1
sqkfI0jMQKIEsFH6,train,4,0
sqmcbNfd8MQ51n8M,train,4,0
sqn0kVXKZYALfqjk,train,6,1
sr3yFfVECVy7kLZz,train,0,0
srFK68qa6HaQmbYZ,train,3,1
ssQSPmbHgGmApkSW,test,5,1
ssS7mS2JzgiuWYL3,train,0,0
sstC451btG1HFGML,unlisted,4,0
st089FdSqKJAEfhZ,unlisted,4,0
suaYMkQOGZz4au9k,train,2,0
sunuMg13EzvcqDhZ,unlisted,2,0
svwSsbUP8rjhbaht,train,1,0
swVhCoyuJxscuUKe,test,5,1
sxdZHLh4CWFBWGcQ,train,2,0
syVe0NKvUpKrA4YF,train,4,0
sykKz2eoy3DQfwDD,unlisted,0,0
szL6TXahFyngWMfK,train,5,1
szWYOSUb1CWsv3Ak,unlisted,3,1
szlj0eznqXAvfIUz,unlisted,3,1
t0UrASljcgzvBAnO,train,3,1
t16GgfnVPxW35Wm3,test,3,1
t1OGMmjxWkI9X7H6,unlisted,0,0
t1aVuqx1GBBhHjsW,train,4,0
t2NMe6OcqYTFhAt0,unlisted,6,1
t3WPSkZ0a6Pul0Ti,train,5,1
t3e59A5xQQ4fz81U,train,4,0
t3kiFTvGvV5QrIOv,unlisted,0,0
t53BWSlhtSFOb3A1,unlisted,3,1
t58smyJCfQUO025y,train,0,0
t64AfQvrVdieg88L,unlisted,0,0
t69EeRfGfn65iQaD,train,5,1
t69q7vZgYrY7nBFW,train,0,0
t6eMEwn0Ed8Rd2Bp,train,1,0
t6ltJZD0pLAkyiwM,train,0,0
t78qy0NnYKNTvpfZ,train,2,0
t7ze61PEy9EMQlKT,test,2,0
t8xXJs3PpH5ruSIG,train,0,0
t99rGQ75qVQBFVon,train,2,0
t9DPbpsrZAOnolTs,train,5,1
t9N6h9fZSBvbi72a,test,0,0
t9RgSV9n66pFA7GC,train,2,0
tBL3M2yCnog2fATC,train,4,0
tCBJ8f93Glz084Gm,train,4,0
tDuwGdmcNOag7zH7,train,0,0
tFI91ZC9bcvdvYUc,train,4,0
tFJglPMf1r20i5Im,train,0,0
tFx6nWCB2mWCWJ6T,train,3,1
tGw27fQsPjdjxM0p,train,4,0
tHwnSdDqHD8JeZmq,train,5,1
tIxkydO4Wj0UpvsP,test,3,1
tJBAEfHAq8rj9BiX,train,2,0
tJTuSsoZPjZKHDAL,train,4,0
tJXT2CnNAgaRiL3R,train,0,0
tKR69yz8TmeLS1Op,train,0,0
tM5D6cpTucAFuDGN,train,0,0
tMAnF6JGefK15nH2,train,4,0
tNCBYalqLGBBmrlV,train,2,0
tNKegMSjTH0wACVO,test,0,0
tNUzHGfrrLNcGdn9,train,0,0
tOjgQGfuqqXFJGLn,train,3,1
tPl5jCAo2Oty09bg,test,2,0
tQAuzSsJimAQ8yRV,train,4,0
tQunpDjTjcfdL4hj,train,2,0
tRD66zb6Fu2fZkfd,train,3,1
tRXSGpSDjz9JTDWT,train,5,1
tSM9lPVyXSYQQfXD,test,4,0
tSNq1DnYN7zUxRYs,test,1,0
tT9TPrB5y2wDqnDt,train,4,0
tUEWmIUjcimAJTq5,unlisted,4,0
tUQgU2X9ViRmQqG7,train,3,1
tUWBqSZrLmOzQ19M,test,0,0
tV9UoqZGTxEemnMX,train,0,0
tVCX0urUAMPfmCn6,test,4,0
tVvovXkeGOhHGm5X,train,4,0
tWpSZxUWaKr15ux9,test,1,0
tXHgjWYslgfsbYJR,train,4,0
tXRZz0pfWEXEeHzl,train,3,1
tXVhMBUinsQlhNjT,train,4,0
tXu9omYGZMbBip2Y,train,4,0
tY96oPJrWQu6cR9S,train,2,0
tYrLdwGetDCcdx1s,test,4,0
taGghVXrqZfxClIh,train,0,0
taRKyhVCdKLG8Cne,train,6,1
tanz0KqG2QfQhlPA,train,2,0
tbsyltEIBRUmYw1C,train,4,1
tbykGkGuYaCkwuol,train,3,1
tcCABqiaCP5yRnjE,train,0,0
tcWjg7hB7HjofnFN,train,0,0
tcozMdant8nXiWqs,train,2,0
td8YAjp8lg1xhS91,train,6,1
tdtUA4VWyJj8hjfv,train,2,0
teBDKuOQkPclDMX6,train,6,1
tes4OChZGK5E30zk,test,1,0
tfERZ78vnP2bs8Ra,unlisted,6,1
tfy2VxeJwOVqIpLB,test,4,0
tgFBS1wtAgZqggPX,train,3,1
tgsptsz5klZGbVFq,train,3,1
tiUBVkbrdGwjbzYp,test,3,1
titBJr7Epjx4Y6ud,train,6,1
tkBro76nXwbi458C,unlisted,2,0
tkVYQ8Sis6avNTPj,unlisted,0,0
tlFcfdoMobHEav6N,train,4,0
tlIG4kS1IsC4cvjc,train,0,0
tlvXyybaLIYU2a43,test,0,0
tmbcb8VpD1vX6pKW,train,2,0
tmcLHSv1NhBYDK9Y,unlisted,0,0
tn2bZWzv4IXFss4S,train,0,0
tnojrMXUYhPmwFDK,train,4,0
to9WMYqr51WiJbSu,train,3,1
toObHFUJa1SnCHl7,train,1,0
tpGrZdOq4y40b8J8,train,2,0
tpY19KLKjwD4a4LL,train,5,1
tqRqYGyvDrmb5zj0,train,1,0
trQe5eMPRmws6XCS,train,1,0
tsVliOumuhe5DHRJ,train,4,0
tslVmAqFNkWeqLMa,test,0,0
ttjajkZqSJjqII1z,train,0,0
tuB3xFWCvI5bKCY8,test,2,0
tuLUDWQCNZqv963Z,unlisted,0,0
tufJDaxmsKYtVNpD,train,4,0
tvbQl9Jgtnvo4ei6,unlisted,2,0
tvgRo3Z7BozWwUMa,train,0,0
twBcwQMYx0zntp7W,train,2,0
tx4t9ACne6R7nCe7,train,6,1
txw5M81dnyvowV72,test,3,1
txyZ63mYz3ENGGRZ,train,5,1
tyandiRngieFHhCY,train,3,1
tym5EyycSRrSyvxZ,train,2,0
tzQPxC5HChpoevbL,train,0,0
u2GmKpt49cHoxrO0,train,5,1
u2fOfeUp8fkKdfVs,unlisted,4,0
u39hfeqkUqhksSZG,train,3,1
u3b4JNo5bqpfE7Js,train,1,0
u57cBg7TYHum1JQ1,unlisted,4,0
u5IfijoySjTneAAv,train,0,0
u5k0ujRTojrpqSjg,train,3,1
u66mQQfmqVfCAllI,train,1,0
u6FvtEn5IGXaIslF,train,6,1
u8LBpW2F50neftM1,unlisted,2,0
u9PpuDTEGJ2VUf6g,train,2,0
u9eClqXYrq3FioOl,unlisted,0,0
uA9wHIaS1qpsfzRV,test,4,0
uAH8MMShR5bJPPxI,train,5,1
uB2ArhRHDFxHWc4U,test,4,0
uBxQjLV72cV5ZyOd,train,2,0
uCE3ViqlRL0uZsmf,train,4,0
uDMih4ThyivbzSZL,train,0,0
uEi8WjDuQEMrYdDU,unlisted,0,0
uF4YSfZPWrtz8Q9M,train,2,0
uG4NCGRkTtiVx2Ax,train,3,1
uG4gyWjNufHFDM55,test,4,0
uGI8F9Er0c5XwdnX,train,1,0
uGSrSZjDBHA2fPZl,test,6,1
uHagaJ5PJ4R0AFMF,train,5,1
uIxytW7in2bq8e4V,test,4,0
uJExju1UyJbOBPuz,train,2,0
uJif6kylAqn8MxzE,train,0,0
uJu2xAWOB0UuMpKI,unlisted,0,0
uKAotL71WbWb7fLC,train,1,0
uKzDWM9cJLIXRrpB,train,2,0
uLvgq3LXWWcKSzCg,test,3,1
uMfcaTr1qmzq4nzr,train,5,1
uNFOlWymq2TFwvZC,train,0,0
uNpkKOERf8xbVM4Y,test,4,0
uOcRLyNteinukJHI,train,6,1
uPeCDRHwi41XJOLl,train,4,0
uPrp9hbVlFHy6Jhq,unlisted,4,0
uRZg77qeRotmb5Cz,test,3,1
uRaa9Eq5S1Pf4GKY,train,4,0
uSAyapZAgZA1itIB,test,4,0
uSKMA3arSnWJYFIF,train,2,0
uSaaRnyLguxN3qlJ,train,4,0
uTHBjqhuciF31rVx,train,2,0
uUl0TMCWNKnTqM2A,train,1,0
uVFW8jJ27QOZCdmj,train,4,0
uW1HmbRaOUpoS4wt,train,2,0
uWJVE3zJGDTFCNlx,train,0,0
uWQSLzoBpDQUZjPA,train,4,0
uWdEVoTirV6Meo4M,unlisted,3,1
uXBhh1Ag9RuQWNKT,unlisted,0,0
uXYxL1xIkFDVdSAL,train,3,1
uXahRvvzUKN9b1lm,test,4,0
ua3sMSZQnj0AX3Bs,train,2,0
uaHqGukJsA7FCdoY,train,5,1
ubNuWFXRs0qoamtO,test,0,0
ucDQ3BKG5ArbSELb,unlisted,2,0
ucKa8jv38q6lwDm5,test,4,0
ucb9Nr82jS3PZgs8,test,0,0
udO0a0woU9rlqbIQ,train,2,0
udnQeatTPLCMfqaE,train,5,1
ueOxZVTdkui3Hx8t,test,0,0
ueT7zFzXUCazmAOo,train,2,0
uf4PQjnhe0vqgOeh,train,0,0
ufWSnNbalLSwceYV,train,1,0
uhaFVBliyIToGJ1Q,unlisted,4,0
uipEGmSNbqN96FwE,train,0,0
uj7Pzt6jW4VrnCtj,train,3,1
uj8SZ6BXvpjZji2R,unlisted,5,1
ujp0Labqe9xkt3j4,train,3,1
ujq1PJepvpFy4rkN,train,3,1
ulWPFVt5eaiOxsFU,unlisted,0,0
umDbhVoPETzSVb98,train,1,0
umLHe043IINRc1CV,train,0,0
umQeiAbxuS2Ftdi6,test,1,0
unP6NNH4FxWPKZhx,train,6,1
unX43skIMa8FTHeO,train,5,1
uoCwWlwCUtZtRZ80,train,3,1
upH1gx2fIkFj3RmW,train,0,0
upJmmz4skwua2o9x,unlisted,3,1
uqN7JeJrr9aM3pI8,train,1,0
uqRuAzZCBzq6drFU,train,2,0
uquhXz3G0aQ3IDAd,train,4,0
uqz0CmMpezqUMaL8,test,5,1
urBljT2akekmVUFR,train,2,0
urcjtqDGna48C4va,test,6,1
urs7W2cCW86HTLRA,test,4,0
ut58uPdIwEV0amqa,test,1,0
utGWhpJzyXyTEwt1,train,4,0
uvHFuxiSswjKzgve,test,4,0
uvZBztPjmNra8jOy,train,4,0
uxKzFbF0hBWN1qqJ,train,3,1
uxnp0dINUWimSpmP,train,3,1
uyKyuKgZFgSRnvFG,test,2,0
uyr0Yzxh7KmLIlRX,train,4,0
uysChF10CJqcf97M,train,0,0
uzxpvkZrPpEXDWU8,train,5,1
v13ARsvintlGztXZ,train,2,0
v1v7RE6EZcPiEjOD,train,0,0
v2PiLBtv4u7leFxd,train,4,0
v4NN5l9IwwWWp6xR,train,4,0
v4PkGHbvb7ZFuc3F,test,4,0
v4V0jo5CDCiKBzRu,train,4,0
v5Blm9Pi2Z21CFPT,train,4,0
v5OKo8WdXJ5j99Yl,test,6,1
v5RpLnZXKV3iMrlD,unlisted,5,1
v6FZInAPMcS9nbm5,test,2,0
v716qZWLnWbvU1NB,test,4,0
v7ZtMSV5wTNw1DUG,test,0,0
v8KlPPDOrfeAIaB7,train,0,0
v8eBVF8dtvcTvUN0,train,4,0
v9BJ57z06xkt8cyj,train,4,0
vA5PxE8sNbkxcs7j,train,4,0
vAONKz26efkvouuP,unlisted,2,0
vAV1au3Dfi1gMHJX,train,2,0
vAw9ZsskcS7MVtUY,unlisted,4,0
vB6dpofLaoAVW4ZY,train,0,0
vB81Nt5jbfJrqYuC,test,3,1
vBmImBFABwXDdnfV,test,6,1
vCJ6TAC76h8jyuZE,train,3,1
vCaqnpSewqYgUady,train,2,0
vCvB003PMituM8Sm,test,4,0
vDIxSlm9ujMGdbYN,train,5,1
vHHSSNgBQUpEwQRP,train,2,0
vIO1Vk2ZKi0Yn0Sz,train,4,0
vIrJvJdvkZzplQhh,train,4,0
vKzcNrxrQqYPZXMa,train,4,0
vLcpd7GhKBUU21Nv,train,0,0
vMWvwmMr7xZdBQKH,test,6,1
vPPYuFLQSH1JCDtK,test,4,0
vPp8Ebgi7VUqkQsQ,train,4,0
vQKErCCBwyXuL5cE,train,0,0
vQRJKG75DR70mdFX,test,5,1
vQV7HWC7pm7NVUnc,test,4,0
vQVynWmEcBM6vPg2,train,2,0
vRLYsG33GZlUeHHr,train,2,0
vRMEm8wGy9E31061,train,0,0
vSAFYSzDCA5eL3vi,train,3,1
vTZOfFoop6wHhoAG,train,1,0
vTuWmSJZaxmVzvNO,test,6,1
vU7El68vyk9Kkz8L,train,4,0
vUAimd7mMDtq2bG6,train,2,0
vV1FYURMCoWB30o3,test,2,0
vVClo8Ov9OdfNrDn,train,5,1
vVL7mV8hKxi2u9yK,train,2,0
vVaj1wCJFcRV0ZMc,train,6,1
vW4yrW81Aq1fEbVI,test,0,0
vXFhjxy5Elej2pab,test,4,0
vXrj3Zoragyoy8gY,train,4,0
vY34uDFbeEhwED2k,test,0,0
vYAQ2FhjvxLov5b7,test,0,0
vYL4qR1bbp07IgGZ,train,2,0
vYble4e3h47GEaRc,train,6,1
vYfu2mBX8SAnCC2J,train,4,0
vYmG0yKqCKWakw3s,train,4,0
vZnKhBXKj29Jb3Mh,unlisted,2,0
vaPoaX5PHYVorKhP,unlisted,3,1
vaY4WdRPsrxQcCTi,test,3,1
vb5ScBB5QyBrfea5,train,0,0
vbmmszaTEtLA2O9G,train,3,1
vcHTnF8sxTXzchDb,train,0,0
vcsN16Cl5pzANsRz,test,4,0
veRn1vmHOPgrGPnE,train,0,0
vekk8v80VJ1sADYL,train,5,1
vevgJRysqU2Q96M3,train,2,0
vf4xeliNtRz6jh7Y,test,2,0
vfQY5KSK8gMGeDEx,unlisted,0,0
vfny6CmG9bRvjdnJ,unlisted,0,0
vhlwMTkRDlY9LezM,train,1,0
vjCXuOzdakipcio5,train,0,0
vjDpg8ThWDl0lzt6,train,0,0
vjSQ7VMxTFJC9Y97,train,6,1
vjdAtRf7N6UZgbAg,train,0,0
vlohjckhLew1bXwF,train,0,0
vn0SLBYBKYvISplQ,train,4,0
vnv40Oq0lvOT90Bi,test,5,1
vnzULIZIgysXLIbq,train,2,0
voWkMuyhO8FAlLr5,test,3,1
voqbaSelRCBVS64k,train,2,0
vorNAwYueXwXPBt4,train,2,0
vpZXxoDuVhSpCU94,train,4,0
vq3qKZ8XFNTUhl5C,train,4,0
vr8RbWnLaMGq9RyH,train,2,0
vrRJGtOChW8lFau5,train,0,0
vsRXWvWYDsKGHTOo,test,5,1
vsVAVmvhDuFnuWe0,train,5,1
vsVI78ZmmaK9xG8F,train,0,0
vu0p8xQzyNdw3vZg,train,2,0
vuSwMRQYSdXO6yS4,train,2,0
vutJ7gsD8gl6yABg,unlisted,0,1
vuzXkBdzWcQ7Pj5K,train,4,0
vvvTOryw6qlVzGpy,train,0,0
vw6FcJkzFVJy29u4,unlisted,5,1
vwSDrtqohUmuhVI8,test,4,0
vwal3jKQzejVObfV,train,4,0
vxS3klyteViqy95x,train,5,1
vxbSQYcrm0FvP3mV,train,1,0
vxkSpSkiQYJ7duG1,train,0,0
vxtHLLTXcEflSL6M,test,5,1
vzKgnn4aobomqADC,train,4,0
vzyY22WJFi8pdyPn,test,1,0
vzzk3kMYRxjhFNFd,train,4,0
w0j0C7Ieb77xuPHQ,test,4,0
w0jVvKm71xDbQF28,test,2,0
w2SeLJdCa1XR5iDU,train,5,1
w41jGxUP98J3NGzG,train,0,0
w43RV4s4kHGtypEU,train,5,1
w4Aq5A2DiR4yWozJ,train,2,0
w4EomEB5HraUNfmr,test,6,1
w7QWdNwzmARUdnGv,test,3,1
w7evzbKwhrUi7DEd,train,3,1
w8ny1LcQUjyWPf9e,train,2,0
w9A4Qhj5SKNBvbJZ,train,2,0
wBcF5JPplFsR5ZSJ,train,2,0
wCDuJpPowlhQMFaR,unlisted,1,0
wCFGH1hETIR0I5sC,train,2,0
wCJDmEY8Ifv4Ah14,train,3,1
wDSNp60517U0HKDc,train,0,0
wDZbfK5Fs3n9WQQu,train,3,1
wE3tpLX7EPpJr2ZC,unlisted,1,0
wEIYFw6KGuyrlbuM,train,4,0
wFDxzNUskXMHtZea,train,5,1
wH9GBIhd2kvngi9L,test,3,1
wHyWEd5nyuAjd8mV,unlisted,2,0
wJfMMYu3yasAyXfU,train,4,0
wJxLo0wGdSn8QV7O,train,0,0
wMf2hH5ykPUrFMWp,unlisted,1,0
wNVbgE3CNeujOtr0,test,2,0
wPIeLwBuCTjIxpx8,unlisted,0,0
wPZiDXrb0TmnQTqs,test,4,0
wQNLK8FDXoUD6YKm,train,2,0
wRUgP3zZZakuiKGy,test,0,0
wS2VRJFFMZ9TMozs,test,5,1
wT4VIBQqeDPI7ju8,train,0,0
wTJFDFh2U3jhwfn3,train,4,0
wTYMo71CDDwz5LgN,test,2,0
wUNf4UaoHvltj2Ey,train,0,0
wVI1b4FQlb1dJOQb,train,3,1
wVsxHXvGovSA5903,train,2,0
wWHi8HVh1LdljeCV,test,0,0
wWcnh1oLkGctIX80,train,4,0
wWv8kWjsUWkScxMY,train,3,1
wXKNACbyMleNv0IC,train,4,0
wYYpLublqdiVAHhV,train,4,0
wYuHMWNO9VcPzuI7,train,5,1
wZIAWLoJd1y0HA9I,test,4,0
wZNLBsjAdOy0dTbN,train,6,1
wZexGxbex9mRaeCo,test,2,0
wZqvr4MS4rJaH8mf,train,2,0
wagBFmfHG5jAh6Fa,test,4,0
waljcAgQLdgKpPpn,unlisted,4,0
wb0zaLRZ2Vv166Gc,train,0,0
wd0BGJlBKgFO2FBW,train,4,0
weYTuHo9lHeYGkAI,test,4,0
wfibP5q8ITxaFVBB,train,2,0
wfnyGrcus1gTyQvk,train,1,0
wgj9qlhb3yVpDJRf,unlisted,0,0
wh4zzfKbF4zqtr5M,train,1,0
whKg2IDhBi2IKCtC,train,3,1
whOi8uoG5Pd3PYAm,train,6,1
whkHkDARnBtpf2uN,test,0,0
wm4M9eIcloIsJCAf,test,3,1
wmYBFpx4RYwTHMAc,train,4,0
wmuwMPbXtkwN0ZCN,test,4,0
woAgiCzLGCzlX3kY,train,6,1
woV3tAY4vxqLsD2h,train,4,0
wof8rRYnr5llcF0c,train,6,1
wpLj5zcN4BF2r7V0,train,4,0
wqzPqv2ppsCNGwiL,test,5,1
wrWfGnmXFJHgtPFW,train,3,1
wsD1jQ5WdsFqY1ti,train,1,0
wsi7QIOqPYTlwOeg,train,5,1
wtkDIlWbCZNDLKSB,test,4,0
wttU1SjgxFQSIYoD,train,0,0
wtvN4dnq59GhNvZ3,train,5,1
wuI2FdZL99rOSdrj,train,2,0
wuKrklKH8gQmp47P,test,1,0
wuRkfzR3QxaXvIC7,test,4,0
wv2LBCroooQQHtQK,train,0,0
wve2Vi6zOVEPBqOq,test,0,0
wvyfJmj08BUj1fnI,train,3,1
wwU90P0jpgjqmlMj,train,4,0
wwtC3JfnU4CVAZCs,train,2,0
wx8t1eB82PtoSfPP,train,4,0
wysgJqXKm0CIQ25s,test,4,0
wzfJXuFNdztSDF2P,train,0,0
x017XxFquIzhGVaS,train,5,1
x0nnDr1ZmuzDbiOP,unlisted,2,0
x0x2fiuoGZ0c8FXH,test,2,0
x10RAePB4sjbuMYx,test,4,0
x1ARAf3AAJL5tcKp,train,5,1
x2ebSR0ZWMT3F96j,train,4,0
x2zrClKiKRo0gUrZ,train,4,0
x35d6f2uroRISVZv,train,1,0
x4YLIDiOr6UcJVNM,train,2,0
x57Y3c5wnRpQgwXJ,test,0,0
x5ARX6FqdUyI5FYn,test,2,0
x61qNubYbvb4EcV3,test,4,0
x6JKQw64SWnIhuE1,train,4,0
x6eyEUxWZTJySszT,train,0,0
x74YInHwfZBouFHe,test,1,0
x7SQuAEZraKYldhU,train,1,0
x7mCaoVbWrR6Twmf,train,4,0
x81dzDMUXLA7r3ve,test,5,1
x90svubQdvsLcGVU,test,2,0
x9BUUW3VkWBq4glW,train,2,0
x9Sv9SXsQUxM4lcu,train,0,0
x9hcmQJIaiFnaqjF,train,0,0
x9pBxKE2rzy7UMXG,train,2,0
x9zDKpSotR02fP2P,test,2,0
xAB86eNAZzUDRyYa,train,6,1
xAaKVrYdZ5yDgsQ0,train,0,0
xAcjpX3hdUBtXcCX,train,3,1
xBb9Feq5HEXzwd0T,unlisted,0,0
xBe8Q6vNuQ2hU5tG,test,2,0
xC7aIldZbqIcAEuE,train,2,0
xC9unHtYG4OegfuT,test,0,0
xCNvwfx9zknKlU0a,unlisted,2,0
xCSSbM0dGxKLTeZs,train,2,0
xCVjCMXcQ7GXmXnU,train,4,0
xD0EIkxQ5xUJIjuV,train,0,0
xDdPOoK441qnGbta,unlisted,0,0
xDeAtzW0QHigXTa1,test,0,0
xEqGh8DbayZAz92g,train,2,0
xF1aTKb8UdeOzo7T,test,4,0
xFHDluTxHSET9FEr,train,4,0
xG4FDgZUEW1u6nxu,train,2,0
xHKVc0qg7H2OkX3G,train,0,0
xHncAJqR6Gn3BX7W,train,3,1
xHo3ICOLBnm5s7zD,train,0,0
xI29vf1DWXsPmlJc,train,4,0
xIhJiUhFUFqGC8sF,train,0,0
xJ4ep9Hc9vColhoy,train,5,1
xK7qkeNpFKWm6gnW,test,0,0
xKgBgXhGBnIxvJJf,test,4,0
xKiSNr9vGoAeIR7Z,unlisted,3,1
xKrZEZzhXkgJKp7Q,test,2,0
xKtIOnYzb5Kb44eA,test,1,0
xLFXXmU5IWYpja7A,test,2,0
xLZXpQJXY7LBCzRp,train,0,0
xMO15SbHjAITbaMd,train,2,0
xMdyFadbMPPKtZit,train,2,0
xMoMBukg200oIoua,train,4,0
xNoFMFfMdadPblTL,unlisted,2,0
xOW4Wt1RBjSe15kE,train,4,0
xOgQ4R9OWOuGIIzo,train,4,0
xOyPD5ploJUPZmyG,train,3,1
xPtq8xoqvUeryPB5,test,2,0
xQ8VS8IALVUj4APg,train,4,0
xR8KCDXsXyGHA9k0,train,0,0
xS55xsBVei0QZdoW,train,3,1
xSiD5pSpPOOgOH1Z,train,3,1
xSpdQhDtkzRG754T,test,4,0
xT5Rt2gJ8tlNok8z,unlisted,1,0
xUHrHjzyKhpAjZrG,unlisted,0,0
xUJyTNWrkDA1Es7H,train,0,0
xVD4mUiLPEEtfWdv,train,6,1
xWrgiflBCJJGAgbf,train,4,0
xWs33clzYoURxvIR,unlisted,4,0
xXWTizigQPcE1sT5,train,2,0
xXcaTMlqrMTOlH8C,train,4,0
xXrBXDDjcweCgbDn,train,0,0
xYBEndn3b8WRBrqO,test,0,0
xYEOjcHbjs8hbYsf,train,3,1
xYmeMHrXedQvbCuY,test,3,1
xZFuryblCoqPew5f,train,4,0
xZThV64P8tnr3s7j,train,5,1
xZZqBxx577puIwe9,train,2,0
xb5vu5PpSOyiKTOf,train,2,0
xbJeM5Taa11W0vAX,test,5,1
xbltczueeREOT1r2,test,5,1
xbqy3aEbQcfs2P6r,train,0,0
xbxZLBlxD2eKD5yb,train,4,0
xcbmmslo4qUlv2Jp,train,4,0
xdQAW32IaMImGVne,train,3,1
xdYDV87WtLphzyaH,train,3,1
xe9HIGYGJby3EcOy,train,4,0
xejKRSrtgYtMXkvn,test,0,0
xfH9BNTuAZfoQtrd,train,3,1
xgILw0jaiHsxXFAv,train,4,0
xgRxI5Pwdzrm9h82,test,0,0
xgfTQzv0SXYeBaIz,train,6,1
xhn3NVSh4HOrfGbw,train,3,1
xiVS42zcHPIwmlMZ,train,3,1
xjTeM1SRykYznnuw,train,4,0
xjk701s8iRyRTxmX,unlisted,0,0
xkxwnQrS7RPeMOkI,train,0,0
xlsGohMzIVAn47Aq,train,2,0
xmDTodTYrnD5AnhH,train,5,1
xndf85l6oVLJXq0F,train,4,0
xoUzi8B28rEujQ2G,train,0,0
xobu7g1TPvYjics6,test,4,0
xpMQh6zdPF0Eadsa,train,4,0
xpPakfrXzwQzzLmH,train,2,0
xpxRRrf1zYbfKMfN,train,0,0
xqVbwYewpUQOgXLV,train,4,0
xqZz4yYi2OlXAvSs,train,4,0
xqfxQ5PkdzOtUSWo,train,4,0
xqsfLVcWYqmFD3ck,train,1,0
xrHsULSu9f33AvE0,train,0,0
xre1INkuI5H476pf,test,6,1
xrke6aylMX3rPfKn,test,4,0
xrsbWjDCydhQ3iog,train,3,1
xt4nbL41NbnP9P8t,unlisted,1,0
xuMBOp6cWNLm2IsY,test,4,0
xvDyStDxA2P2X17z,train,3,1
xvG0aNMWz6ePoiFm,train,0,0
xvJpYswwN9v41x7B,train,0,0
xw32VniyWqFr3gPT,test,3,1
xwYwMSZX7nx3vGGe,train,0,0
xwp4hCvuZaqz1gBh,train,6,1
xyFtPLeA4c6hy7Kk,unlisted,4,0
xyssAJSwpQa7qxxu,train,2,0
xzOX9fixPF5JO7ar,unlisted,0,0
y0Koco40Qky2tPvY,train,2,0
y0fN5ASPOufNzzkE,train,1,0
y0qX93InnWnB2CRK,train,4,0
y2vQp1Nj3EQZyJDQ,unlisted,0,0
y3vKE8CoNygX7cQm,train,5,1
y3xaKqzl3aEI4PuB,train,4,0
y4cX8NR9p3eQRAcH,train,4,0
y4uO6CZklta5lQKO,train,4,0
y5SvHcsBWrS8NIKY,train,2,0
y6DBNH5E1ec1hsNt,train,6,1
y87I77YXxaEedYw8,train,4,0
y8N8iJvvbCrnv01b,test,2,0
y9CQ9E4eD6TDulMA,train,1,0
y9ZeBn5riflvsxbI,train,2,0
y9ettYz4ylFBnUna,train,4,0
yAQZHe95hQIl1iKY,train,0,0
yAaXBC9ZwPhrhqHo,train,3,1
yBmKwx5O0eCk4c9G,train,4,0
yDOQHhRfQZ0bIZ87,train,1,0
yDtDsyJMEeviTEmj,train,4,0
yEHt0ntRcF19SndC,train,2,0
yEPSBtKigueT63YI,train,2,0
yEvswCA0LOdLsfqi,train,6,1
yFRbgVWfzCGhhZB7,train,5,1
yFxcfTtBHpPhrzxa,train,1,0
yHtAd32jimvAK56D,train,4,0
yIpUq7NBbrCGtjeC,train,2,0
yJpJCYb07lE38H7v,unlisted,3,1
yKZgZHtxrrg3RZLI,train,3,1
yKywAOe71naJEZBg,train,2,0
yL4qQVSGAWhXUWFv,test,5,1
yLAsxW8PGM5WlqRt,train,5,1
yLS2xCPwAl4NqmmK,test,0,0
yMH37QycMgL1YP9g,train,0,0
yMWM7gusTJl08Ead,train,5,1
yMYouUIG1jrN5ov2,unlisted,0,0
yMewBNEHdENGjndE,test,6,1
yNwwTjHXzl6UbMPl,test,2,0
yNyf3Tp0zc7DFj5F,train,6,1
yOFIIsuE37o20j6e,train,5,1
yPkbfC06jLZ9uUhR,train,1,0
yQ2HmHUjNjeyjLHU,test,6,1
yQyoRVkwVyQYDnUT,test,4,0
ySU4ONT9JONcITCz,train,6,1
ySXS1iixqMj7coAY,train,4,0
yTWmHPezrpjRejSz,train,0,0
yUQOVojodPtF6Fjv,test,5,1
yUYGN8kyJycXk6vK,train,2,0
yWSFtGaKuFOO9oKq,test,0,0
yWbHef45aDgsMVl6,train,6,1
yXPPcN2dGvCvoXVD,train,6,1
yXqQdrf7jObOL3gh,train,0,0
yYC8hQJevpxjp90F,train,4,0
yYRvosFyWsfqsYjU,train,1,0
yZ3MOApVC6tMg4Zj,test,5,1
yZEitA39BmLcpkZ3,train,0,0
yaAYjlmaAmwAEnPV,test,5,1
yaIYUvtI18f8236J,train,2,0
yaTnnrWTZYeKgZ3I,train,4,0
yakxcIlR15AgfWkn,train,4,0
yatSlFGxSFYZgWdp,train,3,1
yb8YGk8SIMzFUVOf,train,4,0
ybHdxwIi0RiAjWm7,train,6,1
ycsirrualw12yFOd,train,6,1
ydadQfY9Y0hQXVdf,train,2,0
ydxAmAZcCfjt102h,unlisted,6,1
yeUdyvADpoCWrxC5,train,4,0
yeYA9q4TIhTXMPIT,train,0,0
yfFbFguJENytFYXs,unlisted,4,0
yfKqf1eO0IYWmMRb,train,2,0
yfR9Q3IiP3whlIzH,train,4,0
ygBzqLDabRIssYVv,train,0,0
ygD9G2AXJU3H5aa6,test,2,0
yhc6bG1OMQ3J6ZRE,train,0,0
yhmnCe5QIstqLdU9,test,4,0
yhoWBp0GQuiDFIKw,train,2,0
yiB41hfs9jqnYAQi,train,2,0
yiv1Exfbcbny3AWI,unlisted,3,1
yj10J5NdaP7kG2E2,unlisted,4,0
yjk5KweW1gOaGtHB,train,3,1
yjuEwa1rkltz3qWd,train,5,1
ykECBGNVBWj09YEb,train,2,0
ymjFz1FQB4ZW3wMz,unlisted,0,0
ymqcM0eJYwGawwIV,train,0,0
ynlZTq1bugcZV4jA,unlisted,0,0
yovfBGvjPjrDzVEx,train,0,0
yqdCGD3V99ZT2Pd3,test,3,1
yrKBNl9DCfh4OKPw,train,0,0
ysDMVtR1CoJAs2Bm,train,4,0
ysa9Bsfjm7S8YVPe,train,3,1
ysbJ1m6Jx9VIbub7,test,2,0
ysyrUA18EyqDJ0wy,train,1,0
yuAlAcaJaxLIbQ3h,train,3,1
yuGDloAptWehcqI2,train,5,1
yuNrlVKLlcO9lpEy,test,2,0
yuOHmE0mTFMTlEsU,train,0,0
yuhilhxWZdc2ergJ,test,4,0
yvdq90qlCeF7mNzl,train,0,0
yw712llpLuZVSw6L,test,4,0
ywlRQxdJRhxKvMbt,train,6,1
yxCgB1YGLTBPifmj,train,5,1
yy3Iun1lrh9WsGsj,train,1,0
yy6d68ZN7v17qERd,train,2,0
yyNLgR7PiUIu92Vz,test,5,1
yyctFtC3pnJL1fqD,train,0,0
z007TdpNyPWCai6W,train,0,0
z0QbEkIoiVzYZ2Is,train,2,0
z0XzFCRbN3RxjeG6,train,1,0
z0pfDCZKCf2FCuhF,train,4,0
z1uffJgR4uGnV9CY,train,0,0
z2EBoCk8bmPCosXq,train,3,1
z2i2sdx5J9daTJ0w,train,2,0
z2nMJwEWjZzQSHuc,unlisted,3,1
z3LF3YVTTikmkslc,train,3,1
z5ls99egkrhSjFj3,train,2,0
z6PLTV0idHlI4oZi,train,4,0
z6iIdvvdC0C7rTdz,train,4,0
z6xB4ti3Zy0dhJyp,unlisted,2,0
z73Vmy2diXxp3yGF,train,3,1
z76qtf70Wptn34k6,test,4,0
z8BhongwulazPuay,train,2,0
z8z0LWPaEPGW8j3z,train,2,0
z9B6NB4pQnZ1ITZK,train,4,0
z9yfA30TQ8l4K116,train,3,1
zAUguBuQqx9jR7Ee,train,4,0
zAi3DuPVbXgwkzRR,test,0,0
zBqPlEpI7TBOM2z1,train,1,0
zByzozPU8NtElGeP,unlisted,7,1
zD1JjgrfCrAH2gYo,unlisted,2,0
zD9aDrlh9v7peMpO,train,2,0
zEiQLXkxt7n3XO3u,train,4,0
zF6Y0Q8CW0z7x0EU,train,4,0
zFGrjXDghqFFoO8i,test,4,0
zFbyRBlwn6lrrC4j,train,4,0
zFqR3L87KNdjd0oQ,train,6,1
zGccciTvZEHDjM5G,train,4,0
zHBNAMcc7fMk4nmf,train,3,1
zIewFQVLbo4MlXpx,test,4,0
zIfY4PPeIb510QCR,train,4,0
zKJ1FjdxaBfs0QOM,test,4,0
zKyUQ01j89B47Kbl,unlisted,4,0
zLT5UZrUX856Ov8m,train,2,0
zMKau0vJu9w6FYxL,train,0,0
zN7PENLV9H7CSlwz,train,5,1
zOHi7v3aKQuijMsy,train,0,0
zOSiFidOvVnz7S2Y,train,4,0
zOYUxc4wvhKgQ0VZ,train,0,0
zOllOQBzbVN4mCLB,test,2,0
zPFZuMVMRpc7beo4,train,1,0
zPZ7BDPjBs8fGCNp,test,0,0
zQ2uFZs132mLAFEc,train,3,1
zQCYidSLC38V8wc0,train,6,1
zQSrZsP0fXhgQTNF,train,2,0
zQtO8klRd2LqCcvq,test,3,1
zRqAVHYvO7RvVhKb,train,0,0
zU8QfueY59khW0BF,unlisted,3,1
zUbnjmuGteIYalNu,train,2,0
zVa0H7MAcfby85B3,train,3,1
zVt078wWbVRvIhPa,train,6,1
zWgUa9oCUAnWkLsa,train,5,1
zWnpQsPPRVkFkbm3,train,0,0
zWyNM0OW9CG4qkc7,train,3,1
zXLn6cJqI5IEPXjx,test,4,0
zXdnixdP0oVRSXLt,train,0,0
zXkX8VUcpGx60IJz,test,4,0
zYRwiTpMeJUJAQDz,train,5,1
zZTlJHYkBeDnqSyc,test,3,1
zaba5estdPQSD7zj,train,0,0
zbZycsJblY71lqaA,train,4,0
zc4rIwoglmqP6qnv,test,0,0
zcDkyvkTd914RgUr,unlisted,3,1
zcdNTIBci39Dw608,unlisted,4,0
zdpPXdraMXUYnrAR,test,0,0
zdvagO2TBA2FVLMU,train,4,0
zeYNe5xRDEag6t4f,test,1,0
zecb2UkogQgF7REu,train,2,0
zfmS5d1CVZpZNG9C,train,3,1
zgadFFFmPkeFwdoA,train,0,0
zhQEuPzIBnq5uQrZ,unlisted,4,0
zhUVL8RjnCjRrWua,train,0,0
zhnZPQHD8R33IjVL,test,4,0
zhrsbNknpX2weDt2,train,2,0
zjv8CFlfbSGFlDs9,test,3,1
zkeVFny7E2fpVHUF,unlisted,3,1
zl54SNMfCkgFs8kM,train,4,0
zmjkSQH1SVVb9fkA,train,2,0
zmntcSQlQNnFH7gU,test,5,1
zo5XLU2siDGGfzxG,train,2,0
zpB1axciUH4PfPOB,train,4,0
zqNBDtgLNfzcuT5R,train,2,0
zqaHoco80CpzaBd9,train,4,0
zrpTs5oyM4E9bR7K,train,4,0
ztDVKMI39rzbWRuG,train,4,0
ztMdG0ZsY4QFsKfO,train,3,1
ztfusDgu0umgnUlx,test,0,0
ztxc2RjJlYUpgpqi,train,0,0
zu7WyNEAqHCGsLBk,train,2,0
zv90WTRrFyoZeBMf,train,5,1
zvX1Sb6kx69rWtFj,train,4,0
zwIfjZMibPxKU7kj,train,4,0
zyPHbI8bELxAvpdb,unlisted,1,0
zyowBuT1sfH7bkO2,test,0,0
zzoraqZgNC3Vqq6D,test,3,1
